1 75.8866958618164 54.34227752685547 113.05303955078125 76.79499816894531 7 40.503150939941406 62.686973571777344 75.1548080444336 89.42994689941406 5 47.18135452270508 44.421348571777344 73.12557983398438 63.57059860229492
4 25.735950469970703 40.946044921875 83.07401275634766 76.5738525390625 3 15.91525650024414 8.698948860168457 69.34027099609375 41.57429122924805 1 38.04583740234375 83.43587493896484 90.85134887695312 107.05567932128906
2 8.701196670532227 3.5615689754486084 26.93830680847168 15.157608032226562 2 9.492384910583496 20.21604347229004 29.297441482543945 31.207008361816406
5 8.899672508239746 33.100276947021484 41.161678314208984 51.62465286254883
9 29.337797164916992 2.618910789489746 81.40959930419922 36.05353927612305
8 6.886391639709473 16.37044906616211 32.11629867553711 34.8333740234375
5 18.746076583862305 34.180973052978516 80.24725341796875 62.08567428588867 0 26.811508178710938 63.460323333740234 78.68928527832031 93.26626586914062
1 54.08916091918945 33.96721267700195 134.24951171875 59.84980773925781 7 32.954071044921875 77.55718231201172 92.51424407958984 116.85112762451172
6 16.722251892089844 31.086956024169922 64.00627899169922 66.78536224365234 8 22.021703720092773 42.239261627197266 60.32847213745117 63.90571594238281 9 22.990182876586914 58.88499069213867 60.08305358886719 75.99836730957031
4 24.00567626953125 38.70972442626953 65.46829223632812 66.0977554321289 5 9.256573677062988 14.645007133483887 50.23564910888672 42.829708099365234
2 11.563761711120605 7.864100456237793 38.88970184326172 23.479450225830078 5 12.391271591186523 23.992496490478516 39.175636291503906 39.64817810058594
2 7.267817974090576 10.535686492919922 32.79509735107422 24.27973175048828 3 10.568607330322266 25.350364685058594 35.640960693359375 39.340904235839844
7 12.626199722290039 36.41876983642578 38.70230484008789 51.43071746826172 0 14.10405445098877 19.926532745361328 39.9066162109375 36.70155334472656 1 12.46388053894043 4.475826740264893 41.96694564819336 18.976333618164062
7 14.526596069335938 19.4217472076416 45.381263732910156 35.0036735534668 0 12.133505821228027 35.3855094909668 45.667625427246094 53.619140625 1 15.749762535095215 14.513236045837402 48.40671157836914 27.994598388671875
4 17.436792373657227 13.688201904296875 73.61864471435547 46.172462463378906 2 27.03069496154785 66.78907012939453 80.90186309814453 94.49821472167969 1 21.354337692260742 44.752906799316406 75.96458435058594 66.96491241455078
4 39.09628677368164 40.481101989746094 128.43568420410156 120.14312744140625
2 9.150137901306152 8.63550853729248 28.432235717773438 21.611234664916992
6 37.47570037841797 18.869064331054688 61.138763427734375 31.3829402923584
1 14.073690414428711 33.66965866088867 47.23090744018555 48.47556686401367 3 13.145623207092285 49.834442138671875 47.610137939453125 68.44049835205078
3 28.41749382019043 8.948281288146973 114.04655456542969 53.3387451171875 3 43.746368408203125 34.410667419433594 102.82964324951172 60.72228240966797 5 57.885860443115234 12.506192207336426 112.52456665039062 49.28037643432617
2 19.673465728759766 31.443645477294922 49.660072326660156 48.285614013671875 4 26.69571876525879 54.79711151123047 56.244571685791016 69.5155258178711
2 7.9725661277771 9.147719383239746 34.08203887939453 27.058326721191406
9 11.689189910888672 7.740366458892822 69.56777954101562 41.29268264770508 2 14.399415016174316 39.231143951416016 67.81140899658203 73.0146255493164
1 17.175342559814453 44.38218307495117 56.03316879272461 60.29513931274414 3 16.305150985717773 57.22788619995117 53.61707305908203 78.15773010253906
2 21.753734588623047 27.147062301635742 63.42467498779297 52.59485626220703 9 24.000133514404297 49.95931625366211 69.81346130371094 76.77605438232422
1 12.7673978805542 39.30989456176758 35.11763000488281 50.95284652709961
7 14.23249340057373 29.92008399963379 42.592926025390625 51.76115036010742
7 30.990402221679688 18.100143432617188 54.52264404296875 30.596168518066406 4 30.022912979125977 28.215789794921875 55.72312927246094 42.04331588745117
2 7.798418045043945 8.752143859863281 37.03257751464844 26.07929229736328
2 6.992630958557129 1.3281253576278687 27.69857406616211 12.23474407196045
3 8.01955795288086 1.7513236999511719 35.17470169067383 14.427781105041504 9 10.395237922668457 14.68571662902832 36.423980712890625 27.49957275390625
2 6.696227073669434 6.724311351776123 26.568056106567383 19.976964950561523 5 5.392465114593506 20.00812339782715 24.93480682373047 32.7587776184082
7 90.70552062988281 20.599271774291992 157.70347595214844 64.44734954833984 5 78.72344970703125 22.08452033996582 122.60311126708984 59.439796447753906 1 31.440013885498047 156.98440551757812 147.37754821777344 190.8514862060547
4 138.430419921875 36.510223388671875 209.6184844970703 81.23733520507812
6 7.669877052307129 13.71663761138916 50.82997512817383 38.7230110168457
2 7.3545122146606445 7.544666767120361 39.79253387451172 27.36356544494629
3 14.427556991577148 34.137237548828125 48.182777404785156 52.12594223022461
4 9.288180351257324 52.38456726074219 92.03022766113281 92.30079650878906
2 52.507713317871094 43.404762268066406 76.44339752197266 60.11093521118164 2 52.50413513183594 59.935550689697266 75.91026306152344 72.93037414550781 0 52.38289260864258 64.62042999267578 79.90413665771484 83.89722442626953
3 8.056340217590332 14.416789054870605 62.802093505859375 47.330223083496094
1 42.129878997802734 45.36623001098633 227.84860229492188 96.63533020019531
2 12.791318893432617 3.996809959411621 38.71205139160156 22.648345947265625 0 12.659947395324707 23.0684871673584 37.45792770385742 37.90937423706055
3 17.185060501098633 47.57258987426758 40.76644515991211 60.32005310058594
4 8.476057052612305 12.394521713256836 29.8791561126709 24.606000900268555 8 8.922828674316406 1.1949937343597412 26.722965240478516 12.38227367401123
6 30.122020721435547 33.551231384277344 69.4822998046875 57.960365295410156
1 34.15968704223633 57.937320709228516 61.13249588012695 74.07299041748047
3 3.719296455383301 9.324954986572266 33.20744705200195 26.50033950805664
6 12.5675630569458 44.27256774902344 45.16091537475586 63.92104721069336
2 55.88125991821289 9.054957389831543 106.62255096435547 45.3790168762207 3 34.52811050415039 40.75560760498047 89.2967758178711 72.3652114868164 0 19.550031661987305 69.65849304199219 73.52660369873047 101.37918853759766
2 9.93122386932373 3.382249116897583 27.346864700317383 13.82880687713623 9 9.599005699157715 12.240202903747559 26.35346794128418 21.841115951538086 0 10.07349681854248 20.972412109375 27.100370407104492 31.445846557617188
8 29.780492782592773 28.3842716217041 76.73464965820312 55.563255310058594 7 14.934050559997559 50.02828598022461 62.80512619018555 79.49359130859375 2 43.33018493652344 0.0 89.0434341430664 27.998123168945312
8 66.65362548828125 69.48360443115234 100.96971893310547 89.10372161865234 6 67.17384338378906 67.19384765625 97.90392303466797 87.93938446044922 1 65.97551727294922 55.57759475708008 98.0870590209961 75.14749145507812
4 6.634844779968262 20.63083267211914 31.576080322265625 36.24451446533203
4 58.826087951660156 121.74949645996094 108.16893768310547 155.9934539794922 1 53.17961120605469 53.67787551879883 103.85079193115234 78.56693267822266 2 54.85663986206055 91.71456146240234 111.24421691894531 131.09425354003906
2 25.04851531982422 40.73432922363281 67.89209747314453 70.10795593261719 1 19.34238052368164 20.823444366455078 77.11266326904297 43.524940490722656 3 31.63919448852539 93.01664733886719 80.86508178710938 119.19023132324219
6 8.2776517868042 28.624347686767578 36.38718032836914 44.67133331298828 2 8.867598533630371 13.194317817687988 35.732940673828125 28.814083099365234
9 120.52873992919922 39.93600845336914 203.54356384277344 87.26446533203125 1 83.44972229003906 193.2036895751953 213.9251708984375 233.0696258544922 1 114.9852066040039 32.85543441772461 164.79098510742188 62.843544006347656
4 5.617922782897949 1.9102652072906494 29.00909423828125 16.322328567504883 2 6.0171709060668945 17.564983367919922 28.543190002441406 30.26004409790039
0 37.90446853637695 17.301769256591797 64.0281753540039 33.39671325683594 3 38.07992935180664 3.774017572402954 61.944576263427734 18.94839096069336 9 37.23269271850586 31.837635040283203 64.36013793945312 48.9512939453125
6 33.68061065673828 37.754638671875 64.97445678710938 56.681884765625
9 6.159512519836426 19.123821258544922 26.535762786865234 32.372623443603516
2 15.01865291595459 36.58184051513672 34.92826461791992 48.590309143066406
6 32.30989074707031 23.212810516357422 57.33796691894531 37.20158004760742
4 19.363210678100586 50.877769470214844 89.20184326171875 97.06514739990234
3 3.616879463195801 26.256702423095703 39.58594512939453 46.94596481323242 1 2.7424156665802 13.875563621520996 41.778648376464844 28.707006454467773
2 18.563873291015625 76.04180145263672 45.24046325683594 93.8673095703125
5 35.17148971557617 35.724613189697266 67.54310607910156 52.531532287597656
1 10.074407577514648 3.633557081222534 48.922119140625 18.91924476623535 7 8.8499116897583 19.06546974182129 48.72730255126953 46.187713623046875
6 58.907569885253906 164.1382293701172 139.3820037841797 222.03579711914062 9 57.582645416259766 158.26364135742188 141.11041259765625 219.99740600585938 0 51.50594711303711 157.8459014892578 140.76666259765625 222.809326171875
7 58.479026794433594 92.88886260986328 112.5443115234375 121.6907958984375 7 61.739044189453125 55.87933349609375 113.59050750732422 81.90473175048828
2 7.870690822601318 3.916159152984619 40.324058532714844 23.076810836791992 5 8.386975288391113 22.03837776184082 39.665000915527344 40.6630859375
6 20.638168334960938 31.06261444091797 78.93054962158203 63.95869445800781 8 28.575702667236328 68.5047378540039 90.51587677001953 101.6941909790039 1 10.481382369995117 5.524458408355713 71.21855163574219 29.363147735595703
9 16.77721405029297 22.811809539794922 50.58816146850586 47.55882263183594 0 12.858275413513184 21.932083129882812 48.40989303588867 48.832794189453125
8 8.64295482635498 7.72287654876709 28.110130310058594 21.11760139465332
1 30.68414306640625 0.4592304229736328 58.8582878112793 17.376142501831055 3 23.836299896240234 5.5637383460998535 60.993202209472656 28.420608520507812 6 18.883392333984375 0.004666185472160578 63.59402847290039 29.84564208984375
2 9.515524864196777 22.747053146362305 43.166343688964844 41.01616287231445 1 8.64007568359375 39.08876037597656 41.02886199951172 49.946388244628906
9 4.572544574737549 1.7062422037124634 27.298372268676758 14.998995780944824
8 36.92211151123047 38.859161376953125 112.1393814086914 66.22409057617188 8 43.40708923339844 59.6959342956543 114.10318756103516 86.02438354492188 6 41.42145919799805 18.168437957763672 115.65589141845703 50.92051696777344
9 8.06428337097168 25.26578140258789 28.163583755493164 39.17482376098633
3 5.6353864669799805 5.4775390625 26.879785537719727 18.36229133605957
6 17.26380157470703 16.188892364501953 47.96556854248047 37.61783981323242
9 7.421375274658203 15.768000602722168 28.075908660888672 28.191652297973633 5 6.508103847503662 1.3329235315322876 25.84502410888672 14.560120582580566
6 13.995357513427734 51.8077507019043 57.357601165771484 67.47684478759766
2 5.302704811096191 6.181885242462158 36.47431564331055 22.486473083496094
1 9.638092041015625 31.88774871826172 40.831295013427734 43.701751708984375 2 11.287980079650879 15.814708709716797 42.0150260925293 31.784961700439453
0 41.100929260253906 49.95256805419922 76.5885238647461 71.20545959472656 4 40.272464752197266 23.615497589111328 78.30136108398438 46.50102996826172 9 37.26469039916992 72.86307525634766 73.46427917480469 95.12103271484375
6 52.448856353759766 73.63459777832031 129.95704650878906 121.56426239013672 1 52.137657165527344 39.223262786865234 131.96343994140625 73.3711166381836 5 47.25989532470703 118.08403015136719 122.16155242919922 168.995361328125
2 17.15656852722168 29.53884506225586 44.933006286621094 51.627105712890625 1 52.61174392700195 45.75224685668945 108.7751235961914 67.91529846191406
2 14.844525337219238 1.940494418144226 33.00471496582031 13.83934497833252 0 15.26268482208252 13.775981903076172 34.2455940246582 24.858177185058594 3 17.069873809814453 24.856420516967773 36.654850006103516 35.90202331542969
4 72.09391784667969 9.550681114196777 111.07433319091797 38.853363037109375 3 73.92206573486328 12.692158699035645 112.82286834716797 43.272544860839844 2 75.2176284790039 12.592483520507812 110.39763641357422 40.712623596191406
3 15.193557739257812 5.235957145690918 44.49120330810547 21.00766372680664
4 28.806612014770508 59.15871810913086 89.44083404541016 89.51486206054688 6 22.286731719970703 87.11202239990234 80.42572021484375 121.06619262695312 1 42.01372146606445 28.560894012451172 101.8451919555664 58.07258987426758
1 14.584689140319824 2.5855772495269775 38.416080474853516 13.989757537841797 1 17.565305709838867 14.333052635192871 39.368595123291016 25.671985626220703
0 15.832132339477539 55.51877975463867 64.7867431640625 84.32962799072266 2 18.610288619995117 32.964786529541016 64.48011779785156 57.70413589477539
2 4.202644348144531 0.9498850107192993 27.895009994506836 13.858954429626465 6 5.906861305236816 14.926122665405273 27.114803314208984 27.700971603393555
7 7.056919097900391 2.240201234817505 24.13868522644043 15.011177062988281 0 7.605205535888672 15.228424072265625 24.44904899597168 31.37904167175293
3 10.183487892150879 22.305522918701172 42.35127639770508 42.175994873046875
6 12.528914451599121 26.36454200744629 51.62669372558594 50.52202224731445 1 12.44933795928955 10.271429061889648 52.747859954833984 26.52630043029785
8 17.508853912353516 31.546506881713867 44.80091094970703 50.48721694946289
9 33.452720642089844 22.38039779663086 66.70948028564453 39.632896423339844
6 19.364490509033203 60.39390563964844 97.94883728027344 99.97407531738281 1 20.364273071289062 31.135643005371094 100.03157043457031 61.545265197753906
6 4.436383247375488 13.9947509765625 26.580469131469727 28.8113956451416
4 6.802842617034912 1.3770103454589844 32.30012512207031 16.90704345703125 5 6.4471330642700195 19.678619384765625 32.230037689208984 34.81758499145508
9 4.7227630615234375 13.23973560333252 26.749847412109375 27.122474670410156 0 5.597064018249512 12.755290031433105 26.69724464416504 27.185546875 6 5.613334655761719 12.399989128112793 25.637737274169922 26.223247528076172
9 30.379724502563477 10.822685241699219 66.2820816040039 31.909515380859375
2 10.707554817199707 29.285497665405273 29.915124893188477 41.507843017578125
2 11.367619514465332 31.353208541870117 35.964229583740234 44.581398010253906
7 19.670055389404297 40.390254974365234 52.942264556884766 56.96818542480469 2 19.89464569091797 19.53191375732422 52.885868072509766 38.40794372558594
5 16.490833282470703 34.52845764160156 51.08727264404297 52.57941436767578 7 19.584060668945312 51.83343505859375 47.23808288574219 66.95231628417969
1 14.094181060791016 30.206985473632812 36.61668395996094 43.07378387451172 4 13.43077278137207 25.4627685546875 39.47671890258789 43.63798141479492 1 14.0037841796875 24.095470428466797 38.4323616027832 35.5238037109375
3 7.372717380523682 34.41979217529297 47.82763671875 52.36956787109375 4 5.7362446784973145 32.97110366821289 41.20744705200195 51.58690643310547
1 33.780208587646484 7.041435718536377 69.46427917480469 23.254444122314453 9 30.8089599609375 41.88676834106445 65.2908706665039 63.778594970703125 0 30.865966796875 21.24373435974121 67.85575103759766 41.856178283691406
1 10.055438995361328 32.24183654785156 34.30607986450195 41.85224914550781 7 9.40233325958252 18.065322875976562 33.208648681640625 30.9876766204834 1 9.276810646057129 6.2412519454956055 33.64041519165039 17.88225555419922
3 8.64575481414795 0.8481706380844116 53.50270462036133 23.779691696166992 4 11.090563774108887 26.89357566833496 55.901180267333984 53.52587890625
6 16.92516326904297 61.65520095825195 66.52721405029297 84.0
5 6.973947048187256 20.595233917236328 27.91816520690918 32.399044036865234
3 28.551149368286133 12.131243705749512 81.00369262695312 48.494503021240234
8 8.074950218200684 0.8011970520019531 29.519927978515625 15.621212005615234 0 7.493107795715332 14.7742280960083 30.821617126464844 30.869659423828125
4 10.521921157836914 4.341536045074463 53.36796188354492 34.3354377746582
7 33.69086837768555 62.26801300048828 61.14250564575195 77.25618743896484 2 30.829715728759766 77.40950775146484 55.89277267456055 96.10652923583984
2 8.412711143493652 48.25242233276367 48.7943115234375 68.78548431396484 7 17.828472137451172 29.610971450805664 53.54788589477539 49.830692291259766 2 24.177419662475586 14.719141006469727 65.81986236572266 35.97918701171875
4 13.849852561950684 20.398229598999023 54.56062698364258 46.019046783447266 2 14.55968952178955 0.0 52.7691764831543 20.027889251708984
5 22.392911911010742 32.170989990234375 47.9922981262207 49.283447265625
4 11.601471900939941 10.734673500061035 36.6513786315918 26.88206672668457 3 9.5321626663208 27.430505752563477 36.2984504699707 42.45068359375 5 9.531047821044922 26.1079158782959 35.34674835205078 42.15685272216797
3 33.353126525878906 44.686405181884766 100.46121215820312 73.45269012451172
8 111.04058074951172 157.9535675048828 159.2337646484375 196.0
3 19.578672409057617 26.07215690612793 103.0927505493164 54.2314567565918 8 53.19411849975586 26.338062286376953 102.67622375488281 53.8823127746582 8 16.06528663635254 25.52522087097168 85.02117919921875 52.153045654296875
8 42.94233703613281 122.12735748291016 90.40668487548828 151.5291290283203 1 41.44767379760742 107.13140106201172 89.55388641357422 132.47695922851562 6 41.488121032714844 119.35163116455078 90.60040283203125 151.55316162109375
3 10.310644149780273 9.95254135131836 43.59064865112305 30.57539176940918 9 11.122936248779297 30.5344295501709 43.18961715698242 47.400108337402344
8 19.5410213470459 57.43165969848633 94.25337982177734 101.961181640625 2 23.60813331604004 13.506975173950195 83.5225601196289 56.565208435058594
6 22.23969841003418 40.360862731933594 50.33183288574219 60.4068489074707 8 22.453447341918945 39.97400665283203 52.53508758544922 62.77486801147461 0 54.68180465698242 39.798728942871094 137.88742065429688 91.86353302001953
7 9.30241870880127 9.155949592590332 40.04230499267578 24.220556259155273
2 16.890949249267578 30.985368728637695 74.95964050292969 62.00210952758789 1 19.37639045715332 10.946328163146973 78.05707550048828 32.62332534790039
4 50.651309967041016 106.06157684326172 116.44902801513672 134.72250366210938 1 48.092464447021484 107.9081039428711 108.63243865966797 135.86473083496094 7 16.20066261291504 6.683742046356201 123.75653839111328 58.50248336791992
6 50.53366470336914 29.596376419067383 94.50194549560547 51.73542022705078 9 48.7651252746582 50.778289794921875 84.56967163085938 71.23511505126953
9 91.91954040527344 61.212223052978516 148.13650512695312 108.97906494140625 0 92.81294250488281 61.74436950683594 154.99478149414062 109.76014709472656 9 92.12398529052734 82.25865173339844 150.26522827148438 126.92279815673828
2 5.013363838195801 2.3744630813598633 34.31614303588867 20.133201599121094
1 15.49105453491211 2.30257511138916 42.1424674987793 18.108335494995117 4 16.47516441345215 17.39682960510254 42.11795425415039 35.71278762817383 4 17.34425926208496 2.36867356300354 40.681644439697266 17.688711166381836
0 36.580875396728516 79.9158935546875 77.87709045410156 101.94048309326172 2 35.53261947631836 59.71434783935547 79.2552490234375 80.2509536743164
8 9.115177154541016 25.682941436767578 29.444257736206055 36.7186393737793
5 11.685384750366211 7.2997236251831055 44.075347900390625 25.26310157775879 8 11.809991836547852 25.724817276000977 42.888614654541016 42.3720703125
2 12.589019775390625 11.348447799682617 30.70235252380371 23.41097068786621 6 9.261908531188965 22.592182159423828 29.24881362915039 34.13890075683594
1 6.974016189575195 3.243671178817749 36.99260330200195 16.26725196838379 1 7.477418899536133 15.064192771911621 37.781715393066406 27.665000915527344 6 8.980530738830566 27.186809539794922 39.181026458740234 45.58486557006836
6 19.768451690673828 60.57505798339844 55.16739273071289 80.92521667480469
6 15.786865234375 13.632307052612305 44.74331283569336 34.524513244628906
5 13.482399940490723 35.23032760620117 43.97718048095703 53.28060531616211 6 12.61177921295166 33.57773971557617 44.62092971801758 53.67601776123047
1 18.95621109008789 44.63410949707031 67.02167510986328 61.60976791381836 5 19.161331176757812 26.46607208251953 67.62754821777344 46.82722473144531 3 21.257823944091797 6.683112621307373 66.00100708007812 26.358234405517578
4 89.55885314941406 63.44165802001953 149.8051300048828 101.72444152832031 6 87.03304290771484 65.70745086669922 146.0775909423828 98.48965454101562 8 105.70436096191406 46.008541107177734 212.8057403564453 96.9317855834961
7 7.791082382202148 13.615670204162598 28.00786018371582 24.316205978393555 1 8.366805076599121 3.3810083866119385 28.870582580566406 13.207139015197754 3 7.871880531311035 1.9221301078796387 29.96541404724121 14.56462287902832
5 11.130480766296387 15.845346450805664 32.15945053100586 28.89722442626953 8 12.65604305267334 4.513885498046875 32.935726165771484 17.37016487121582
3 8.502424240112305 18.46280860900879 27.987947463989258 29.009180068969727 1 7.908524513244629 23.7047119140625 30.25759506225586 35.26003646850586 1 7.287994384765625 11.878820419311523 29.878515243530273 22.28205680847168
2 15.265580177307129 2.4458234310150146 34.76813507080078 15.043357849121094 4 13.848614692687988 16.262205123901367 34.83253479003906 30.377458572387695
6 12.57918643951416 16.076631546020508 34.908267974853516 31.406408309936523 1 15.050959587097168 28.600128173828125 37.04115676879883 38.54087829589844
5 12.635231971740723 11.737174987792969 35.110599517822266 23.689647674560547 2 14.236846923828125 2.5744051933288574 35.349586486816406 15.259159088134766 9 14.952383995056152 2.6422383785247803 34.76371383666992 14.19644832611084
5 16.173974990844727 41.528907775878906 39.064430236816406 54.092559814453125
8 17.4942569732666 6.7513885498046875 89.46634674072266 41.58835983276367
9 52.25840759277344 58.466739654541016 101.61454772949219 82.85914611816406 3 51.884735107421875 9.002710342407227 105.78150939941406 36.22175216674805
6 9.084147453308105 10.323424339294434 31.34107780456543 24.958364486694336 0 18.745159149169922 25.284635543823242 40.5761833190918 41.24570846557617 6 8.80119800567627 23.25070571899414 38.8399772644043 42.44107437133789
3 40.53224182128906 83.72428131103516 73.43640899658203 101.03153991699219 2 43.160701751708984 85.67462158203125 70.09483337402344 100.61500549316406 3 40.73899459838867 74.08772277832031 73.61421203613281 93.55107116699219
6 20.117063522338867 85.58045959472656 57.288631439208984 115.58745574951172 8 23.650127410888672 88.5367431640625 60.11662673950195 115.83903503417969 1 20.901580810546875 54.8395881652832 63.16942596435547 81.4327621459961
3 28.78717803955078 13.345439910888672 59.213592529296875 30.542438507080078 9 28.628463745117188 26.958972930908203 57.237491607666016 48.021236419677734
2 23.206958770751953 24.507898330688477 45.017086029052734 37.69121551513672 9 19.062110900878906 47.006221771240234 42.633277893066406 62.43104934692383
9 11.152847290039062 11.879274368286133 51.082847595214844 37.51551818847656 8 23.003713607788086 36.163509368896484 57.78605270385742 56.75643539428711
8 7.296228885650635 21.96578598022461 37.935123443603516 39.374916076660156 1 7.0498046875 8.731331825256348 37.998512268066406 21.383838653564453
3 7.2548980712890625 1.052089810371399 37.437347412109375 17.50262451171875
4 29.669185638427734 24.40452766418457 70.22673034667969 44.34911346435547 4 28.741674423217773 40.30220031738281 69.69109344482422 59.4390869140625 1 32.33234405517578 6.482739448547363 73.53597259521484 24.894643783569336
6 9.526212692260742 29.899206161499023 44.89122009277344 47.2423210144043 1 8.868897438049316 5.001699924468994 45.15789794921875 18.558134078979492 3 8.267051696777344 16.559444427490234 43.64175796508789 30.818870544433594
5 17.50779914855957 32.466739654541016 58.888763427734375 52.04302978515625 1 19.335758209228516 16.918811798095703 58.97600173950195 34.2576904296875
9 8.480433464050293 24.92192840576172 39.725528717041016 43.87405014038086
9 46.02945327758789 21.785268783569336 81.02313232421875 44.2612419128418
3 10.451559066772461 16.94423484802246 38.17254638671875 30.193126678466797 2 6.556069374084473 2.2933509349823 38.855316162109375 17.641094207763672 3 10.931957244873047 30.667665481567383 39.54447937011719 44.89115524291992
8 4.283126354217529 7.677766799926758 21.02263069152832 18.965248107910156
7 84.88973999023438 39.21488571166992 143.18914794921875 70.79475402832031 7 78.2427749633789 5.261149883270264 140.06822204589844 34.49009704589844
4 149.41136169433594 78.36814880371094 205.03175354003906 126.96846008300781 1 148.1949005126953 80.0434799194336 201.4749755859375 125.64015197753906 2 147.8845672607422 80.08016204833984 206.49732971191406 127.05191802978516
4 16.79783058166504 34.94866943359375 50.822669982910156 61.90264129638672 7 19.155881881713867 37.70392990112305 51.49653625488281 58.594173431396484 1 21.590900421142578 31.077653884887695 52.123565673828125 48.085182189941406
6 15.28494644165039 48.55027770996094 49.44220733642578 66.21704864501953
6 8.503031730651855 53.607505798339844 44.24971389770508 75.70086669921875 2 29.328622817993164 32.138031005859375 67.43035125732422 54.796424865722656
2 6.566978454589844 10.682046890258789 24.71664047241211 21.34493637084961 2 5.97235631942749 20.494871139526367 25.28531265258789 32.58642578125
1 23.3695125579834 38.4827995300293 48.009925842285156 50.1559944152832 3 23.311065673828125 17.959335327148438 52.39312744140625 35.705265045166016
0 13.659939765930176 21.07435417175293 37.80006790161133 34.75067138671875 1 11.423057556152344 10.55097484588623 38.42698287963867 22.218006134033203
2 11.569719314575195 5.018738269805908 35.08995819091797 22.427295684814453 4 11.21949577331543 22.73197364807129 36.92772674560547 42.02165985107422
4 49.816776275634766 27.901487350463867 84.01361083984375 51.572452545166016 4 52.04991149902344 7.849015235900879 84.89523315429688 27.872339248657227
7 10.43096923828125 23.80524253845215 41.70417785644531 42.24991989135742 4 9.498453140258789 6.90926456451416 39.96865463256836 25.739818572998047
2 22.406204223632812 65.48188018798828 115.723388671875 113.43666076660156 3 22.1768856048584 23.121444702148438 111.23816680908203 65.28044128417969
8 24.968509674072266 86.63147735595703 70.05768585205078 113.75423431396484 6 28.475116729736328 85.9981689453125 67.83272552490234 120.40453338623047 3 70.78483581542969 11.48508358001709 140.36819458007812 54.585289001464844
6 9.029316902160645 15.674818992614746 31.82267189025879 31.24809455871582
5 4.446460247039795 1.3685849905014038 22.67305564880371 12.012255668640137 0 4.839696884155273 13.46802806854248 23.077892303466797 25.02568817138672
2 78.46774291992188 38.10323715209961 123.7925796508789 71.04351806640625 0 7.578784942626953 37.49531936645508 77.1845474243164 74.86067962646484 5 73.26072692871094 35.85661697387695 128.11463928222656 74.17353057861328
4 32.63284683227539 61.4051399230957 77.03228759765625 86.94027709960938 7 12.987224578857422 35.606605529785156 56.38211441040039 58.946983337402344
2 62.609073638916016 22.379901885986328 114.09140014648438 52.162967681884766 9 59.290836334228516 53.6336784362793 112.9389419555664 85.42442321777344
0 13.12067699432373 47.23903274536133 53.94268035888672 61.34909439086914 7 13.736652374267578 35.26886749267578 52.034751892089844 48.64149475097656 3 13.017285346984863 22.032148361206055 53.26887512207031 38.17306137084961
4 6.777579307556152 1.8755953311920166 37.72437286376953 18.649066925048828
7 12.340309143066406 36.87333297729492 39.341915130615234 52.608154296875
9 9.109067916870117 10.307168960571289 35.78639602661133 27.488800048828125
2 3.338435173034668 7.407886981964111 19.621774673461914 19.430768966674805
3 8.752240180969238 3.287647008895874 41.003150939941406 19.83231544494629 7 9.364137649536133 19.58026123046875 39.039981842041016 35.41423416137695
8 15.932297706604004 7.564160346984863 39.23060607910156 20.693403244018555
1 37.05350875854492 49.22248077392578 65.15262603759766 64.61953735351562
2 4.425008296966553 19.569181442260742 23.759906768798828 31.910085678100586 5 6.486397743225098 7.8968048095703125 25.031492233276367 19.59861183166504
3 7.34014368057251 8.528064727783203 43.457279205322266 28.09422492980957 4 10.754901885986328 27.183029174804688 44.66227722167969 46.99130630493164
2 12.336712837219238 9.517366409301758 39.31767654418945 23.09567642211914 1 12.6654052734375 1.04266357421875 40.23332595825195 12.489356994628906 1 12.606382369995117 22.219404220581055 40.477142333984375 32.94340133666992
1 107.4449234008789 53.880863189697266 164.77928161621094 87.1089096069336
2 16.83539581298828 23.2103214263916 62.271888732910156 40.88347625732422 1 24.8591365814209 37.577178955078125 68.34020233154297 52.62554168701172 1 13.05981731414795 11.689804077148438 57.454124450683594 28.568288803100586
9 28.195091247558594 5.5139546394348145 95.05264282226562 51.88648223876953 3 28.13493537902832 4.039340972900391 97.2613525390625 53.42563247680664 8 28.157474517822266 2.571704864501953 94.41829681396484 54.98042678833008
3 35.83625030517578 59.65502166748047 71.38320922851562 79.78266906738281 9 27.025375366210938 29.543546676635742 75.78202056884766 54.69915771484375 9 38.4233512878418 27.2301025390625 66.09215545654297 43.34330749511719
2 14.39714241027832 39.875885009765625 46.409934997558594 57.293216705322266
2 27.748994827270508 37.44654846191406 68.97347259521484 59.49526596069336 8 27.374195098876953 51.05721664428711 68.62615966796875 76.59196472167969 6 27.876129150390625 51.74287414550781 66.68599700927734 76.66566467285156
5 19.86025619506836 45.623172760009766 50.161720275878906 64.82746124267578
2 20.137985229492188 31.548675537109375 51.65755844116211 49.5469970703125 3 11.608189582824707 14.420458793640137 44.19602966308594 31.126169204711914
2 4.913747787475586 4.354948997497559 33.615150451660156 20.15191650390625
6 7.192327499389648 6.019049167633057 31.255422592163086 20.39838218688965
6 21.06110954284668 68.60648345947266 72.91753387451172 101.31889343261719
5 25.81355857849121 42.504486083984375 80.42505645751953 67.85836791992188 3 23.022716522216797 69.59199523925781 76.99775695800781 95.57296752929688 3 20.18454360961914 9.648897171020508 82.3596420288086 36.00896072387695
2 4.676476955413818 0.6781727075576782 37.05190658569336 18.11005973815918
2 20.82803726196289 19.825456619262695 44.867637634277344 31.689516067504883 8 17.06942367553711 28.90680694580078 43.6683464050293 42.21079635620117
3 24.64303970336914 11.182587623596191 70.79752349853516 41.84846115112305 3 17.631940841674805 43.20907974243164 70.48989868164062 73.13284301757812 2 20.6870174407959 42.38319396972656 60.75600814819336 65.79560089111328
8 70.98946380615234 30.78626823425293 103.17381286621094 56.22622299194336
2 36.93113708496094 74.29608917236328 79.03800201416016 97.97047424316406
6 27.896068572998047 25.941051483154297 71.55259704589844 52.08344268798828 2 28.567832946777344 3.136518955230713 70.68587493896484 30.668167114257812 7 25.996532440185547 46.70724868774414 72.78984069824219 76.79129791259766
0 29.979450225830078 42.112911224365234 60.718929290771484 63.081207275390625 7 24.606739044189453 22.965171813964844 56.646053314208984 42.97930908203125
2 9.463765144348145 4.1758623123168945 45.77950668334961 25.72340202331543 0 9.038932800292969 27.684110641479492 42.3077507019043 47.954750061035156
2 80.04029846191406 23.208600997924805 123.7928695678711 48.4815673828125 0 81.35062408447266 61.861305236816406 119.34508514404297 82.57192993164062
3 17.496742248535156 29.828998565673828 41.433738708496094 45.148101806640625 4 18.131031036376953 20.741483688354492 43.98797607421875 35.912132263183594 4 18.624635696411133 27.63187599182129 41.62313461303711 42.97962188720703
7 10.967484474182129 42.455074310302734 36.65438461303711 59.30750274658203
2 45.60335922241211 30.498641967773438 72.86052703857422 47.48993682861328 0 47.00294494628906 44.14388656616211 73.23075103759766 62.22389221191406
3 54.18240737915039 11.701311111450195 84.54254913330078 31.97100830078125
6 78.13934326171875 45.185264587402344 128.69871520996094 83.51922607421875
4 8.71805477142334 8.973038673400879 42.850563049316406 28.236719131469727 8 3.595555067062378 26.44654655456543 40.788639068603516 44.9019889831543
6 18.1351261138916 9.136530876159668 41.429588317871094 24.923259735107422
2 14.362728118896484 22.58501434326172 41.849246978759766 37.10954284667969 1 8.148626327514648 36.424888610839844 36.00885009765625 46.99250411987305
9 11.819805145263672 7.864629745483398 60.99751663208008 37.5753173828125
5 9.738044738769531 4.698269367218018 43.37007522583008 26.124271392822266 8 10.566697120666504 28.28141212463379 44.694454193115234 48.181156158447266
1 27.52840805053711 25.462413787841797 45.654876708984375 34.988197326660156 2 26.07581329345703 23.246074676513672 50.58065414428711 36.12480163574219 1 28.375593185424805 32.17898941040039 44.18416213989258 40.8275146484375
7 100.13068389892578 149.03077697753906 167.46922302246094 186.7038116455078 2 68.65367889404297 34.008392333984375 206.84132385253906 113.27042388916016 4 92.34420013427734 110.00059509277344 179.45211791992188 147.0037078857422
2 36.920860290527344 16.830543518066406 62.9601936340332 32.851619720458984 3 35.82394027709961 17.643415451049805 63.130088806152344 34.08378982543945 5 35.18793487548828 17.47615623474121 62.18157958984375 34.160484313964844
1 12.97536563873291 44.381309509277344 57.023712158203125 61.73088455200195
7 21.764402389526367 40.8008918762207 49.433773040771484 55.89152145385742 6 21.568218231201172 24.424856185913086 47.63764190673828 40.136749267578125
1 54.47392272949219 47.859580993652344 132.9768524169922 81.76598358154297 4 50.86970138549805 82.16384887695312 138.2377471923828 126.1340103149414 0 50.32073974609375 126.04975128173828 137.15237426757812 175.19985961914062
4 18.68798065185547 1.473872423171997 40.64053726196289 13.773061752319336
2 30.170806884765625 2.5645246505737305 53.158084869384766 15.194348335266113 5 31.237712860107422 26.21674346923828 54.42631912231445 41.256980895996094 1 30.435958862304688 16.429332733154297 52.955467224121094 26.254594802856445
6 13.095009803771973 25.472238540649414 37.54930114746094 48.0933837890625
0 8.95341682434082 34.96915817260742 32.55815505981445 47.912086486816406 3 13.882872581481934 23.378578186035156 38.19112777709961 35.54911422729492
5 26.307165145874023 22.406694412231445 50.361228942871094 34.7789306640625 5 26.842777252197266 33.72428512573242 49.84577178955078 46.93830108642578
2 8.595616340637207 27.44382095336914 37.0149040222168 43.1949577331543
1 2.7826662063598633 4.898674488067627 24.558574676513672 15.415160179138184 5 6.765979290008545 11.19489860534668 29.159879684448242 24.09491729736328
5 15.243534088134766 10.85540771484375 41.31801223754883 25.030078887939453 6 7.73451566696167 24.605886459350586 37.85643768310547 43.3592414855957
2 9.738080978393555 0.8782905340194702 50.28211975097656 23.227468490600586
7 64.36947631835938 34.03287887573242 98.29595947265625 55.09364700317383 9 64.29679107666016 58.43416976928711 95.04296112060547 78.26953125
5 14.355903625488281 50.789154052734375 53.80357360839844 72.85192108154297 2 13.708995819091797 33.61241149902344 54.41919708251953 54.14118194580078 1 12.895450592041016 15.913680076599121 55.95314407348633 36.64160919189453
0 52.68104934692383 21.93423843383789 83.57213592529297 42.97285842895508 1 51.468502044677734 5.472174644470215 80.3074951171875 21.07862091064453
2 11.516362190246582 15.21554946899414 34.44020080566406 28.13561248779297 5 11.1365385055542 3.7068052291870117 31.561607360839844 15.007119178771973
3 17.12394142150879 41.2645149230957 96.21849822998047 87.72637939453125
2 21.601058959960938 17.968015670776367 63.64051055908203 41.02648162841797
7 7.875368595123291 1.6625995635986328 35.047183990478516 18.104564666748047 1 9.022316932678223 21.651275634765625 35.137420654296875 33.272804260253906
5 7.795987606048584 7.9629621505737305 33.0362548828125 23.14107894897461 7 10.393106460571289 21.32360076904297 35.888877868652344 34.043853759765625
1 39.24406814575195 46.973880767822266 150.8846893310547 104.01628875732422 1 28.00541114807129 219.17250061035156 142.72640991210938 280.4718322753906
2 22.366971969604492 7.695689678192139 49.36832046508789 26.21442985534668 0 25.240882873535156 23.216249465942383 49.9785270690918 38.391456604003906
1 8.99281120300293 23.334701538085938 33.670196533203125 36.40167236328125 2 7.835943698883057 7.963155746459961 33.85707473754883 21.56037139892578
8 15.119281768798828 26.485933303833008 43.42914581298828 46.33052444458008 0 10.762869834899902 44.441795349121094 39.26292037963867 63.841163635253906 1 15.714067459106445 11.84065055847168 48.957122802734375 27.9268856048584
1 12.43596363067627 30.113651275634766 39.63832092285156 45.66440963745117 2 14.677020072937012 10.392566680908203 39.25572967529297 27.959787368774414
5 4.610477447509766 9.25427532196045 24.946182250976562 20.52962303161621 0 8.360971450805664 19.487653732299805 25.040775299072266 30.656391143798828
2 12.923357009887695 13.951384544372559 44.92890548706055 29.90038299560547 5 13.360769271850586 26.28734016418457 43.5413703918457 42.38911819458008
0 99.78970336914062 108.66062927246094 144.55885314941406 146.83457946777344 0 32.99237823486328 95.38155364990234 64.19207000732422 112.66560363769531 6 103.6436538696289 107.45976257324219 145.7966766357422 148.7500762939453
5 7.1588969230651855 20.305171966552734 25.56900978088379 30.014686584472656
4 38.53231430053711 73.68203735351562 85.17904663085938 102.61499786376953 3 43.70610046386719 14.687829971313477 88.52908325195312 42.14931106567383 9 39.31070327758789 44.87834167480469 85.85358428955078 70.41382598876953
5 11.653910636901855 19.058399200439453 39.732120513916016 36.40790939331055 3 6.845679759979248 2.8037824630737305 36.87538146972656 19.121440887451172
6 20.551618576049805 30.518268585205078 47.951454162597656 48.225379943847656
1 54.951141357421875 61.15951919555664 121.34361267089844 92.63353729248047
2 8.219276428222656 16.792757034301758 40.24465560913086 42.03510284423828
0 19.69657325744629 24.429889678955078 53.96888732910156 44.956024169921875 1 19.429553985595703 9.850286483764648 53.506446838378906 26.217723846435547 8 21.048654556274414 44.29936981201172 52.42939758300781 65.5462417602539
5 94.770751953125 87.1875 119.78766632080078 110.2933578491211 9 98.23199462890625 90.3370590209961 118.41777038574219 105.9080581665039 1 95.28799438476562 72.10320281982422 118.16035461425781 93.74964141845703
4 22.078868865966797 11.778894424438477 80.2313461303711 68.52252197265625
9 19.831985473632812 18.754535675048828 97.73736572265625 66.68508911132812 9 26.910690307617188 43.30106735229492 90.40052795410156 68.54248046875 6 26.425994873046875 18.234817504882812 94.06877899169922 68.66024017333984
2 16.147701263427734 26.04790687561035 59.74264144897461 51.18046951293945 8 17.354642868041992 58.18177032470703 53.12529373168945 75.75115203857422
4 26.82810401916504 19.617351531982422 50.58860778808594 35.403411865234375 5 23.65298843383789 41.912254333496094 47.464134216308594 56.733245849609375 6 9.84499454498291 43.57228088378906 28.803203582763672 57.01604461669922
9 3.3105545043945312 1.3365453481674194 21.312742233276367 12.387868881225586
6 17.155683517456055 0.5272200107574463 53.13898849487305 21.66407012939453 8 12.239133834838867 15.554701805114746 36.67656707763672 31.662290573120117
7 13.485668182373047 32.807456970214844 42.118995666503906 50.31660461425781 4 11.52161979675293 31.773508071899414 48.47405242919922 55.04984664916992 1 9.501962661743164 31.36651611328125 46.111045837402344 52.95819854736328
2 12.554924964904785 21.98481559753418 33.216373443603516 35.48390579223633 7 12.927735328674316 22.990880966186523 32.692874908447266 35.521751403808594 3 11.020761489868164 20.740297317504883 35.0947265625 36.414451599121094
5 18.39480972290039 26.090652465820312 45.503360748291016 44.70376968383789 3 20.485116958618164 4.399525165557861 51.33205032348633 24.199644088745117
9 10.451159477233887 12.765042304992676 42.83055114746094 29.279815673828125 7 10.130899429321289 27.508281707763672 41.917118072509766 44.961769104003906
2 9.741307258605957 4.815217971801758 41.46208572387695 26.80136489868164 0 11.765337944030762 26.72075080871582 42.35049819946289 48.23258972167969
0 11.410788536071777 46.0163688659668 40.1561164855957 63.09173583984375 3 21.697978973388672 30.636415481567383 54.72868728637695 46.574222564697266 9 11.654309272766113 46.33933639526367 43.531341552734375 62.454002380371094
2 14.633055686950684 11.26894474029541 43.82624053955078 28.872196197509766 3 11.011553764343262 29.64142608642578 45.44701385498047 46.53471755981445 1 13.19322681427002 43.06616973876953 44.63610076904297 58.19473648071289
1 8.817123413085938 9.369094848632812 33.443016052246094 19.917776107788086
3 10.998163223266602 24.0148983001709 60.00672149658203 48.25050354003906 9 18.395933151245117 44.24711990356445 58.82292175292969 69.09224700927734
3 9.51805591583252 8.236154556274414 33.55493927001953 20.865100860595703 2 9.898442268371582 19.412296295166016 36.586448669433594 37.21142578125
1 7.20901346206665 2.4270925521850586 34.31315612792969 14.69982624053955 0 8.418227195739746 12.7379150390625 33.233367919921875 29.413616180419922
4 22.70528793334961 75.0346450805664 121.34837341308594 134.6611785888672
5 19.858190536499023 98.12769317626953 74.8393325805664 130.7718963623047 8 63.453731536865234 57.795021057128906 114.74396514892578 96.14579772949219 1 42.3070182800293 76.68199920654297 93.51018524169922 106.7416000366211
3 11.11478328704834 13.568869590759277 29.469482421875 24.26618194580078 2 12.013813972473145 2.273512363433838 31.521602630615234 14.855535507202148 9 8.385993957519531 15.460480690002441 30.07994842529297 28.486907958984375
5 10.668766975402832 25.24760627746582 32.82917404174805 37.209564208984375 1 9.094099998474121 19.41721534729004 26.339996337890625 27.360443115234375
9 47.69847869873047 46.178955078125 89.91230773925781 73.46106719970703 4 51.405426025390625 81.77312469482422 91.14592742919922 107.48857879638672 1 46.375911712646484 16.85607147216797 84.2197265625 36.77571487426758
5 17.853914260864258 22.277393341064453 43.19432830810547 36.45124053955078
5 13.359951972961426 33.35471725463867 43.041954040527344 51.64168930053711 1 12.469528198242188 51.727535247802734 42.53228759765625 66.75408935546875
4 11.186471939086914 23.365711212158203 32.91816329956055 36.58528518676758 3 12.14297866821289 36.51005172729492 34.076820373535156 50.87884521484375
2 18.426631927490234 6.517233848571777 36.111045837402344 16.673858642578125 5 18.752763748168945 16.508081436157227 35.71745300292969 27.672351837158203 3 16.59694480895996 16.579227447509766 36.228675842285156 28.0306453704834
5 131.37216186523438 48.73857498168945 245.82395935058594 105.28707122802734 2 47.45732879638672 66.28052520751953 59.80983352661133 95.66390991210938 2 50.78768539428711 78.90330505371094 57.30875015258789 86.31004333496094
3 138.54576110839844 91.78802490234375 216.3657989501953 133.66897583007812 8 138.72756958007812 89.53507995605469 221.81216430664062 135.1226806640625 9 142.6663055419922 94.01834106445312 218.4407958984375 134.01016235351562
7 27.50213623046875 27.331392288208008 90.52462768554688 65.75242614746094
4 11.658117294311523 16.473989486694336 34.18625259399414 31.1108341217041
6 36.25672912597656 4.936574459075928 63.367584228515625 24.645360946655273
2 48.29851150512695 154.06202697753906 92.80027770996094 194.28286743164062 7 57.336395263671875 153.24163818359375 101.11002349853516 195.06712341308594 1 47.24471664428711 153.60540771484375 91.74581146240234 192.77806091308594
2 6.2802300453186035 9.981630325317383 30.056995391845703 25.447704315185547 3 8.732088088989258 0.0 31.149099349975586 11.522690773010254
7 100.54790496826172 11.725692749023438 153.29832458496094 48.129295349121094 0 107.2916259765625 53.38932800292969 148.1968536376953 76.4605941772461 1 106.4260025024414 9.032191276550293 158.9065704345703 45.940887451171875
1 59.39238357543945 25.458032608032227 155.35903930664062 67.78425598144531 9 62.47567367553711 66.01727294921875 155.69679260253906 123.78462982177734
7 12.930732727050781 29.57672691345215 48.85963439941406 45.73114776611328 6 16.965131759643555 43.71015167236328 51.126365661621094 60.53158950805664
2 13.337438583374023 5.023386001586914 50.28371810913086 25.888526916503906 7 13.190089225769043 23.305641174316406 45.87762451171875 39.23820877075195
2 18.874486923217773 11.102710723876953 62.912391662597656 40.03296661376953
2 11.008696556091309 2.1206982135772705 44.2363166809082 27.87531280517578 4 6.631091117858887 28.531105041503906 38.60044860839844 50.75370788574219
7 10.341838836669922 1.0226258039474487 38.407936096191406 18.816242218017578
3 8.032914161682129 3.071544647216797 36.774559020996094 22.13969612121582
1 42.157554626464844 1.5363059043884277 98.38666534423828 28.991613388061523
0 20.785018920898438 49.50360870361328 63.64188766479492 73.21434020996094
3 8.221391677856445 14.394845008850098 31.182464599609375 25.50791358947754 5 8.042695999145508 24.332191467285156 32.050052642822266 36.29420852661133
1 19.125469207763672 5.906869888305664 60.72165298461914 27.307634353637695 5 17.679737091064453 25.429794311523438 58.77739715576172 49.352779388427734
0 11.152762413024902 44.480003356933594 36.894866943359375 58.755470275878906 1 12.953465461730957 35.15633773803711 38.09547805786133 46.59999465942383
1 30.888446807861328 15.029572486877441 62.85474395751953 30.602357864379883 6 32.2025260925293 43.584205627441406 61.7709846496582 59.330299377441406 6 31.869840621948242 29.846845626831055 61.48550796508789 47.11117935180664
2 17.70098114013672 10.670701026916504 46.404022216796875 24.41152000427246 6 17.68368911743164 24.056089401245117 44.380462646484375 36.921661376953125 3 16.76228141784668 0.5559776425361633 45.99638366699219 12.353806495666504
8 69.40196990966797 53.638893127441406 92.18821716308594 69.59974670410156 6 70.66849517822266 54.49872970581055 89.28994750976562 67.91580200195312 9 71.66451263427734 56.38042449951172 90.78704071044922 68.32849884033203
1 5.095625400543213 6.249869346618652 21.999141693115234 15.293163299560547 6 4.506923675537109 12.620970726013184 22.71829605102539 25.112279891967773
1 16.06949234008789 35.57489013671875 82.55303192138672 63.25556564331055 1 15.543052673339844 77.0645523071289 83.04624938964844 105.71126556396484
6 6.1450395584106445 3.278620719909668 31.59795379638672 20.066688537597656
2 9.86861801147461 11.708808898925781 25.755142211914062 22.81308937072754
0 27.348880767822266 39.05551528930664 52.18052673339844 55.30010986328125 4 26.848344802856445 22.388877868652344 54.41297149658203 38.92455291748047 2 29.068384170532227 20.784221649169922 54.01275634765625 39.221317291259766
1 47.52396011352539 7.486621379852295 96.55841827392578 31.60441017150879 0 48.34981155395508 33.37509536743164 97.26568603515625 68.1487045288086
4 24.158300399780273 28.4150447845459 67.61288452148438 48.79253387451172 4 24.618560791015625 9.285765647888184 64.26892852783203 31.631771087646484
6 14.852781295776367 56.04693603515625 99.5673828125 102.54763793945312 5 15.27037525177002 13.221159934997559 100.22441864013672 58.04576873779297
0 86.89197540283203 40.53829574584961 140.23648071289062 85.56926727294922 9 89.95068359375 35.449710845947266 141.40611267089844 90.19619750976562 6 88.07966613769531 30.8160457611084 139.01165771484375 91.72006225585938
8 7.213996887207031 15.708732604980469 25.828336715698242 29.164709091186523 5 6.961579322814941 2.558002471923828 25.47148895263672 16.295923233032227
9 60.31112289428711 8.144726753234863 90.35726165771484 31.886940002441406 4 11.368481636047363 60.72434616088867 55.32296371459961 96.22853088378906 2 55.80390548706055 8.401457786560059 93.31891632080078 30.240205764770508
7 34.552268981933594 146.58583068847656 119.76799011230469 191.7659149169922 2 140.78347778320312 145.8866424560547 184.2424774169922 193.1559295654297 3 136.42276000976562 147.32557678222656 182.0469512939453 191.29859924316406
4 19.07216453552246 42.35860824584961 44.357425689697266 65.6276626586914
9 10.436493873596191 27.78301429748535 40.29656982421875 45.019344329833984 4 9.709518432617188 5.694639682769775 43.20138931274414 27.569927215576172
5 5.837991237640381 56.75053405761719 26.853796005249023 69.21807098388672
2 13.123953819274902 32.14792251586914 47.19651794433594 46.83424377441406 5 6.165018081665039 18.83525848388672 38.946807861328125 34.39920425415039
2 6.912763595581055 18.60294532775879 29.057031631469727 32.409278869628906 5 8.590289115905762 7.7072343826293945 29.184810638427734 21.147838592529297
4 72.0961685180664 31.21701431274414 95.87594604492188 45.55266571044922 3 71.40206909179688 33.535884857177734 98.86834716796875 56.38743591308594 2 70.84058380126953 30.51207733154297 95.86849212646484 46.92312240600586
7 4.931890487670898 10.276839256286621 31.162067413330078 24.416933059692383
6 8.344655990600586 1.1299153566360474 28.58472442626953 15.241713523864746 7 6.766335964202881 14.483464241027832 29.891143798828125 26.34193229675293
0 11.286483764648438 19.47545623779297 38.142921447753906 33.32417678833008 1 8.413776397705078 32.21248245239258 36.539302825927734 45.61920928955078 3 14.175317764282227 5.7757697105407715 38.62823486328125 20.1783447265625
3 14.166022300720215 5.600747585296631 48.16871643066406 22.21029281616211 2 14.471668243408203 23.365211486816406 50.61280059814453 42.4564323425293 3 13.52413558959961 42.801979064941406 51.3162841796875 60.062599182128906
9 23.922565460205078 14.92704963684082 47.81855392456055 31.438478469848633 1 23.329118728637695 6.6413140296936035 48.853248596191406 19.67936897277832 5 22.21632194519043 12.692451477050781 47.53044128417969 30.875198364257812
5 10.70588207244873 17.965072631835938 33.7612419128418 31.18340492248535 3 13.788909912109375 8.125765800476074 31.555599212646484 20.24509048461914 9 11.512078285217285 17.72258758544922 33.370750427246094 30.886478424072266
5 10.301949501037598 22.844654083251953 43.768001556396484 47.9349250793457
2 32.32847595214844 24.614301681518555 65.65199279785156 48.912315368652344 2 32.79013442993164 11.310577392578125 69.90670013427734 33.7915153503418 9 35.32380294799805 14.417864799499512 62.1510124206543 30.54171371459961
8 30.019508361816406 45.589271545410156 53.01242446899414 62.84186553955078 9 30.503082275390625 28.196374893188477 62.163330078125 47.220462799072266
4 21.24108123779297 20.91724395751953 43.20204162597656 34.269309997558594 3 21.787099838256836 32.69583511352539 42.365657806396484 46.59514236450195
2 6.194157600402832 26.527503967285156 44.86351776123047 48.47660827636719
4 10.80241870880127 4.794085502624512 42.89036560058594 21.644678115844727 3 11.150958061218262 17.255962371826172 41.715354919433594 35.23665237426758
4 9.536219596862793 19.284687042236328 31.53205108642578 34.95144271850586 9 7.769500732421875 2.8377668857574463 27.4393310546875 16.67161750793457
3 10.584014892578125 21.311920166015625 44.449527740478516 40.69416427612305 6 9.765480041503906 6.717981338500977 45.209571838378906 22.55368995666504
2 11.239773750305176 2.790205240249634 56.06211471557617 27.31771469116211 1 7.9266581535339355 26.831113815307617 52.684051513671875 46.19772720336914
2 13.969470024108887 21.848241806030273 33.689544677734375 35.694602966308594 3 6.9210991859436035 7.8030571937561035 27.585878372192383 21.42763900756836
1 6.659466743469238 27.17841339111328 31.840438842773438 39.50914764404297
0 17.303760528564453 28.456323623657227 38.49271011352539 41.51390838623047 3 15.218050003051758 16.508201599121094 39.86052703857422 29.879150390625 5 15.064725875854492 15.478240013122559 39.20078659057617 29.492996215820312
6 9.499205589294434 1.4523237943649292 31.819067001342773 15.04706859588623
5 50.23228454589844 6.338852405548096 110.89056396484375 40.86454391479492 6 40.08469009399414 39.669105529785156 96.61193084716797 72.39217376708984 1 22.924808502197266 73.80387115478516 83.39154052734375 98.57027435302734
9 31.010116577148438 1.0990525484085083 123.07421875 65.58873748779297
8 11.273089408874512 7.064211845397949 42.630496978759766 24.622272491455078
4 17.1072998046875 0.847756564617157 74.14021301269531 29.20822525024414 7 15.007533073425293 24.10999870300293 72.7220687866211 53.86525344848633
0 36.07088088989258 51.76736068725586 84.81168365478516 80.27281951904297 2 37.17504119873047 19.909767150878906 94.3698959350586 47.09474563598633 5 30.399883270263672 80.2682876586914 81.82901763916016 111.44499969482422
5 19.31424903869629 51.08779525756836 43.37772750854492 62.33252716064453 2 21.74408721923828 51.03185272216797 41.19263458251953 62.045799255371094 4 21.893842697143555 66.62603759765625 40.16646194458008 74.20490264892578
6 4.5690598487854 14.246363639831543 25.291563034057617 27.572797775268555
2 38.78956604003906 11.692646026611328 73.80374908447266 32.093318939208984 8 36.80888366699219 30.590606689453125 72.9584732055664 49.64215087890625
9 69.1816177368164 31.252710342407227 114.9073486328125 55.59492874145508
9 27.642202377319336 45.091156005859375 58.21745300292969 61.22331237792969 3 23.02308464050293 29.294387817382812 55.1202278137207 45.42689514160156
8 9.261107444763184 23.7163143157959 40.879058837890625 45.36686706542969
5 7.34091329574585 5.31305456161499 29.948652267456055 18.51944923400879 7 5.805445671081543 17.55862045288086 27.82354736328125 29.32357406616211 6 7.836583137512207 4.3244948387146 30.416858673095703 17.83747673034668
7 16.030014038085938 7.306902885437012 40.936588287353516 21.454265594482422 6 18.323287963867188 27.970291137695312 41.87332534790039 42.9732780456543
2 37.66432571411133 30.98386573791504 67.51515197753906 46.147918701171875 2 29.414403915405273 52.535118103027344 77.26103210449219 74.60233306884766 5 44.36940002441406 78.75518798828125 73.83111572265625 96.86677551269531
3 6.883716583251953 15.861666679382324 24.806644439697266 29.882476806640625
8 6.106621742248535 21.711374282836914 29.741182327270508 38.58855438232422
9 21.984424591064453 6.352090358734131 84.72601318359375 40.9150505065918 2 19.532922744750977 41.88447189331055 80.19219207763672 78.5009536743164
1 37.80757522583008 0.6070176959037781 74.29792785644531 13.311213493347168 6 38.84712219238281 11.379643440246582 73.0648193359375 27.93046760559082 2 41.70631408691406 27.827299118041992 72.04911804199219 44.148353576660156
2 71.65204620361328 40.139034271240234 114.02993774414062 61.65418243408203
2 38.46760177612305 14.869978904724121 70.25450134277344 32.039161682128906 4 39.39583969116211 0.773138701915741 70.33522033691406 17.437026977539062
1 6.33628511428833 5.9836106300354 36.057437896728516 21.626705169677734 7 13.579566955566406 25.608198165893555 39.29222106933594 40.66742706298828
6 33.82413101196289 54.920352935791016 129.0395965576172 108.82880401611328 6 24.910940170288086 8.80536937713623 113.60453796386719 60.20701217651367
2 11.20457935333252 36.4564208984375 61.53547286987305 70.40493774414062 7 16.067358016967773 4.909847736358643 64.77214050292969 29.8432559967041 1 15.46158218383789 4.93020486831665 69.96149444580078 28.510242462158203
2 12.741395950317383 9.815841674804688 32.86305236816406 22.772113800048828 9 9.021358489990234 21.54572868347168 29.453359603881836 33.37105941772461 2 9.522970199584961 21.0391845703125 28.277360916137695 33.38097381591797
8 15.361625671386719 43.65007400512695 88.04859924316406 83.9338150024414 9 15.421760559082031 84.19554138183594 93.53985595703125 126.47769165039062
5 19.31348991394043 20.419431686401367 44.73261260986328 36.57608413696289 3 19.41800308227539 3.3669159412384033 44.81288146972656 19.454179763793945
4 36.922576904296875 33.064964294433594 83.01634979248047 54.826171875 1 34.22914505004883 20.480438232421875 76.98384094238281 36.53331756591797
5 16.09142303466797 11.224596977233887 40.89091491699219 25.109516143798828 3 18.68157386779785 1.1975029706954956 45.5926399230957 13.996013641357422 3 11.830071449279785 23.914993286132812 36.86868667602539 37.1003303527832
2 12.257959365844727 2.662923812866211 35.559959411621094 16.12297248840332 2 11.844049453735352 17.244848251342773 35.095924377441406 31.244220733642578
2 8.972722053527832 5.140152931213379 36.935096740722656 22.586816787719727 5 9.526412963867188 21.750492095947266 37.79683303833008 39.822017669677734
5 13.268505096435547 9.582503318786621 36.705909729003906 22.649642944335938 0 14.947783470153809 22.219818115234375 35.09038543701172 32.99335479736328
1 20.965978622436523 50.74018096923828 46.645751953125 68.68272399902344 4 19.998048782348633 48.81926345825195 46.73603439331055 70.49060821533203 2 18.834075927734375 35.16145706176758 47.86786651611328 54.59714889526367
4 36.181739807128906 36.81620788574219 67.2092514038086 54.827457427978516
8 68.69818115234375 164.17135620117188 156.67218017578125 223.91000366210938 6 70.19763946533203 178.17478942871094 119.96710968017578 212.95559692382812 8 66.49073791503906 177.8721160888672 124.31914520263672 214.03375244140625
3 16.622711181640625 47.92749786376953 54.675289154052734 70.55989074707031 7 14.068349838256836 70.68595123291016 89.52029418945312 104.6158676147461
2 7.20407772064209 27.311649322509766 37.05730438232422 45.116851806640625 2 8.172784805297852 6.669667720794678 37.83042526245117 26.044233322143555
1 65.21488189697266 56.445274353027344 113.40120697021484 85.88534545898438
6 8.334028244018555 5.735273838043213 32.716270446777344 20.275480270385742 2 8.132039070129395 20.685810089111328 32.64671325683594 36.29534149169922
2 6.865843296051025 0.2723156213760376 39.79452896118164 20.265056610107422
7 30.506244659423828 67.86114501953125 57.60643005371094 87.95343780517578 2 28.703155517578125 52.03501510620117 60.092533111572266 68.31956481933594
6 14.1770658493042 30.492366790771484 51.93988037109375 59.75136947631836 9 13.188539505004883 30.95484161376953 52.86775588989258 61.73048400878906 5 13.428159713745117 30.894458770751953 51.854248046875 60.97029113769531
0 30.374921798706055 75.57852935791016 54.39982986450195 93.85266876220703
0 8.932394981384277 15.215985298156738 29.89984703063965 28.637868881225586 1 7.151350498199463 6.844084739685059 28.715686798095703 16.567777633666992
0 30.595428466796875 44.229248046875 83.31324005126953 75.9702377319336 6 51.32029342651367 17.83863067626953 105.49288940429688 52.7716178894043 0 3.496738910675049 65.93728637695312 58.87839126586914 106.24636840820312
9 7.621440410614014 5.836819171905518 33.12822723388672 24.824827194213867
9 26.605228424072266 43.37826919555664 84.43634796142578 78.02653503417969 9 38.74574279785156 6.1028900146484375 94.03536224365234 40.886051177978516 7 22.314672470092773 81.3010482788086 81.94615936279297 113.78241729736328
5 11.854538917541504 23.616596221923828 37.176307678222656 38.453121185302734 4 6.619867324829102 11.546575546264648 35.66112518310547 25.603334426879883
1 14.921204566955566 28.720563888549805 37.376708984375 38.769371032714844 2 15.278585433959961 37.54612350463867 35.376319885253906 48.733943939208984
4 12.16882610321045 9.229059219360352 42.12300491333008 28.410566329956055 3 9.620011329650879 37.79994201660156 40.8275032043457 54.29616928100586 1 8.30724048614502 26.468477249145508 40.39722442626953 39.78540802001953
2 5.0661773681640625 10.70131778717041 25.085002899169922 22.79690170288086
1 21.008909225463867 15.224784851074219 56.07209396362305 30.731212615966797 9 20.02504539489746 45.85828399658203 56.174224853515625 63.361995697021484 0 21.977073669433594 29.538543701171875 57.63138198852539 48.90251159667969
8 14.65402889251709 44.34214401245117 74.00343322753906 78.39081573486328 6 18.294815063476562 6.59498405456543 79.96993255615234 45.79624938964844
4 68.77289581298828 20.25429916381836 116.49087524414062 50.45022201538086 8 60.47347640991211 49.3328742980957 106.22105407714844 73.34164428710938 5 49.68052673339844 70.98426055908203 99.488037109375 102.93514251708984
2 13.092713356018066 14.992070198059082 34.703651428222656 28.656572341918945 9 13.464250564575195 28.59864616394043 34.63134765625 41.762203216552734 5 12.622050285339355 14.703011512756348 36.787776947021484 28.090211868286133
2 47.945762634277344 45.68684387207031 67.97582244873047 57.87577819824219
4 10.02934455871582 27.022945404052734 38.96527862548828 42.78890609741211 2 17.704431533813477 7.152340412139893 44.61753463745117 24.859819412231445
1 27.321474075317383 10.605557441711426 52.344581604003906 25.537866592407227
4 18.66734504699707 7.057153224945068 46.4308967590332 22.746694564819336 5 7.1415581703186035 21.844425201416016 37.23533630371094 40.471649169921875
9 35.272605895996094 30.71929931640625 68.00098419189453 53.36884307861328 9 32.559627532958984 21.53942108154297 72.48414611816406 42.43634796142578 9 22.7811336517334 11.09076976776123 77.07083892822266 56.144718170166016
0 21.316116333007812 56.689491271972656 77.96320343017578 80.82516479492188 7 23.006101608276367 38.74068832397461 80.12733459472656 61.90348815917969
1 30.76769256591797 37.143798828125 63.81592559814453 53.52321243286133 1 31.914152145385742 55.97521209716797 61.5645866394043 69.87267303466797
2 23.395658493041992 17.867158889770508 45.81385040283203 33.83541488647461
7 18.1129150390625 32.57509994506836 59.8790283203125 53.8912239074707 1 20.527732849121094 49.667694091796875 61.67604064941406 67.4092788696289 4 23.86080551147461 62.47910690307617 62.584293365478516 78.88712310791016
7 8.785248756408691 19.146106719970703 37.413997650146484 36.15351104736328 9 9.639525413513184 2.3667447566986084 37.16825485229492 20.456039428710938 4 5.777942657470703 1.8796137571334839 37.473026275634766 20.82731819152832
0 16.38200569152832 29.45940399169922 70.28435516357422 60.72317123413086 6 14.4224214553833 30.817398071289062 67.49786376953125 58.4771842956543
3 5.07564640045166 14.082720756530762 27.758474349975586 29.793710708618164
6 8.014240264892578 21.64845085144043 34.543880462646484 37.85759353637695 3 5.8168840408325195 3.9609215259552 34.166717529296875 21.924150466918945
2 15.777663230895996 4.327159404754639 45.84772872924805 20.223018646240234 3 15.199749946594238 18.924022674560547 48.33687210083008 31.886560440063477 7 21.152402877807617 30.48931312561035 49.919036865234375 46.6120719909668
4 9.817721366882324 22.008813858032227 36.74352264404297 38.08665466308594 1 15.923102378845215 3.404433250427246 41.493961334228516 15.638277053833008 7 12.695686340332031 2.7126832008361816 41.07052993774414 15.270380973815918
8 17.2924861907959 12.611381530761719 52.64267349243164 34.48844528198242 3 14.816329002380371 36.95148468017578 51.898223876953125 60.42024230957031
1 15.781281471252441 49.90830993652344 69.90137481689453 75.0894775390625 1 12.859105110168457 0.0 61.32208251953125 22.84456443786621 2 14.0800142288208 24.219951629638672 64.22280883789062 49.474647521972656
5 29.8436279296875 32.687442779541016 69.74369812011719 56.305458068847656
2 38.66083526611328 54.4865837097168 92.84619140625 82.1402587890625 7 30.649370193481445 74.82267761230469 85.26820373535156 100.37211608886719 0 36.46742248535156 54.28099060058594 82.79313659667969 81.12262725830078
3 6.128660678863525 4.450225353240967 25.686975479125977 17.252260208129883 3 6.931758880615234 19.04060173034668 23.91234588623047 29.060672760009766
9 7.290042877197266 21.82929229736328 33.338077545166016 35.98241424560547
6 19.587186813354492 5.573744773864746 47.83388137817383 25.200786590576172
7 19.183815002441406 23.328710556030273 100.92782592773438 91.54805755615234 7 33.91986846923828 10.029271125793457 147.37054443359375 58.29646301269531 2 43.8789176940918 5.481969833374023 82.3373794555664 41.307228088378906
1 75.1083755493164 15.042994499206543 119.0390625 40.20142364501953 9 77.22391510009766 38.971858978271484 120.9215087890625 73.98992156982422 8 79.48807525634766 71.55731201171875 122.49504852294922 106.22293853759766
1 82.98887634277344 131.3924102783203 132.13607788085938 155.90988159179688 7 81.79340362548828 131.7024688720703 132.50523376464844 160.13026428222656 9 79.62394714355469 150.7233123779297 128.6277618408203 171.16574096679688
0 122.95423889160156 102.46762084960938 204.7508544921875 160.65365600585938
6 7.047757148742676 19.7174072265625 32.67176818847656 33.630855560302734
2 22.255094528198242 24.628612518310547 47.82756042480469 41.00482177734375 2 15.664994239807129 26.92647361755371 46.05965042114258 51.898529052734375
3 14.235028266906738 45.87950134277344 45.47772979736328 62.880191802978516 4 11.659614562988281 10.621509552001953 43.126949310302734 30.982633590698242 2 12.035842895507812 27.78936195373535 44.24308776855469 45.15092849731445
0 39.848350524902344 89.69221496582031 106.73455047607422 126.89976501464844 6 33.41550064086914 42.8163948059082 110.97294616699219 90.95472717285156
1 103.01801300048828 26.924793243408203 135.7999725341797 48.99570083618164 4 100.66969299316406 27.569292068481445 137.5890350341797 50.93059539794922 9 103.83683013916016 37.397029876708984 137.70120239257812 63.469947814941406
5 42.67007064819336 26.431488037109375 75.14460754394531 41.5386962890625 3 22.77395248413086 24.694194793701172 85.18350219726562 44.49991226196289 5 23.79539680480957 23.275907516479492 85.24393463134766 44.165889739990234
2 6.224759578704834 1.239424705505371 27.754016876220703 12.3724365234375 6 6.197710990905762 11.641231536865234 27.810230255126953 22.426454544067383 8 7.036797523498535 21.711578369140625 26.70694923400879 32.6043586730957
2 60.985328674316406 28.62387466430664 84.77816772460938 46.01820373535156
2 6.753303527832031 8.965557098388672 33.188289642333984 25.278905868530273
2 8.377524375915527 14.474618911743164 27.158782958984375 25.519989013671875 4 14.513484001159668 6.428920269012451 32.869239807128906 17.777910232543945
2 10.833439826965332 4.55670690536499 27.718292236328125 14.668157577514648
6 75.70331573486328 130.90481567382812 120.75569152832031 157.9681396484375
0 32.484153747558594 17.767669677734375 54.417213439941406 28.394922256469727
6 59.109981536865234 6.041187763214111 179.0511474609375 54.7738151550293 1 39.413612365722656 146.2808837890625 169.25941467285156 189.82447814941406 9 115.22999572753906 7.977286338806152 177.9028778076172 56.70015335083008
5 6.244858741760254 2.6957924365997314 53.49545669555664 26.919118881225586 0 6.783085823059082 29.29995346069336 53.0698127746582 51.33612060546875
1 12.84408950805664 72.28662109375 52.607948303222656 89.87481689453125
4 44.54254913330078 29.977384567260742 86.65164947509766 54.373756408691406 6 30.895423889160156 49.28410339355469 70.78608703613281 76.65290069580078 0 19.525327682495117 68.78612518310547 56.572509765625 94.14640808105469
6 11.321678161621094 15.834758758544922 34.67664337158203 31.444839477539062 9 9.810416221618652 21.1264591217041 35.46800994873047 44.099029541015625 0 12.205239295959473 26.674121856689453 33.5577507019043 40.882408142089844
6 9.738044738769531 8.74889087677002 35.91936492919922 23.96785545349121 2 8.82335376739502 22.97844123840332 37.216365814208984 38.88518142700195
0 45.8526496887207 20.868396759033203 77.1036376953125 38.7102165222168 5 44.16872787475586 38.04885482788086 77.31474304199219 57.2021484375 1 46.33651351928711 7.647181987762451 77.6324691772461 21.29541778564453
7 17.342893600463867 0.9754507541656494 38.15150833129883 13.817442893981934
7 59.828487396240234 42.35017395019531 88.72911834716797 60.64851379394531 1 64.22602081298828 30.507375717163086 91.93669128417969 45.30341720581055
6 14.576129913330078 1.8039213418960571 33.349815368652344 13.319653511047363
2 18.271909713745117 20.628944396972656 50.90291976928711 38.84161376953125 8 20.16796112060547 37.095584869384766 52.02842330932617 54.963741302490234
1 18.26754379272461 24.64934539794922 46.54532241821289 36.76767349243164 5 11.823992729187012 35.762271881103516 41.59971237182617 52.95478439331055
9 16.895221710205078 18.785200119018555 84.20758056640625 65.54029083251953
2 5.692442417144775 20.334224700927734 33.789527893066406 36.248329162597656 5 7.943636417388916 5.478389739990234 33.44706726074219 19.540119171142578
7 63.494449615478516 81.90422058105469 113.34915924072266 106.71171569824219 2 70.39777374267578 38.74900817871094 116.74173736572266 65.37599182128906 8 69.1928482055664 64.01628112792969 115.22712707519531 85.95565032958984
4 7.516142845153809 22.192947387695312 41.61313247680664 45.11446762084961 4 8.005796432495117 0.31800028681755066 40.41847229003906 20.14240074157715
9 36.662593841552734 77.80840301513672 76.89838409423828 103.83991241455078
2 15.751119613647461 43.532535552978516 52.6950569152832 64.27259063720703 2 19.916563034057617 10.290435791015625 54.91526412963867 30.219003677368164 7 17.271364212036133 27.009597778320312 52.36393356323242 42.94954299926758
1 41.38896560668945 75.09703063964844 199.19970703125 119.14759826660156 1 40.49937438964844 21.304061889648438 200.68417358398438 83.83885955810547 9 36.7498893737793 124.25941467285156 113.10984802246094 179.5330810546875
6 20.08470344543457 48.92177963256836 61.1527099609375 73.37992095947266 6 16.730165481567383 24.358356475830078 62.40913391113281 52.0041389465332
9 21.61856460571289 38.934356689453125 68.96443176269531 62.16796875 3 13.90436840057373 59.246543884277344 65.48609924316406 81.04003143310547
9 12.916409492492676 18.05448341369629 37.79745101928711 34.33195877075195
5 9.375155448913574 27.210269927978516 31.686376571655273 39.327049255371094 1 13.111888885498047 17.65009880065918 30.30332374572754 26.970678329467773
0 14.197386741638184 26.028467178344727 36.663307189941406 39.09391784667969 4 13.734405517578125 13.053027153015137 37.121665954589844 25.921138763427734 2 11.677544593811035 2.372887134552002 36.73244094848633 22.19236946105957
4 41.03792190551758 48.79361343383789 198.77525329589844 145.59677124023438 2 38.653106689453125 30.9383544921875 198.03567504882812 136.62135314941406 7 37.632789611816406 0.0 205.91661071777344 99.92263793945312
2 3.5644655227661133 20.086380004882812 32.06216049194336 37.252620697021484
8 13.2747802734375 31.611534118652344 33.94549560546875 45.04420471191406 1 13.359580993652344 0.6255687475204468 35.13597106933594 9.122282981872559 0 16.48984718322754 11.573857307434082 35.57421875 23.860694885253906
0 27.11917495727539 111.1141586303711 80.54550170898438 143.37808227539062 2 36.02926254272461 82.61275482177734 95.72433471679688 116.48981475830078 1 55.22891616821289 37.76356506347656 115.72393035888672 74.39292907714844
8 11.447212219238281 31.688919067382812 34.45274353027344 45.09775161743164
2 60.58088302612305 67.47140502929688 108.68336486816406 96.95507049560547 0 66.65113830566406 98.5625991821289 111.78607940673828 128.25804138183594
3 10.983635902404785 6.240426063537598 45.54542541503906 25.836885452270508 9 9.840280532836914 31.34232521057129 41.91719436645508 53.469268798828125
1 27.141347885131836 8.287781715393066 65.95027160644531 27.640865325927734 0 28.913135528564453 28.417091369628906 65.72769165039062 49.5474967956543
1 16.324621200561523 32.58794021606445 51.57353591918945 51.06412124633789
9 31.10226058959961 36.36412811279297 103.88082122802734 78.71674346923828
2 15.427651405334473 40.6856575012207 49.947086334228516 60.84667205810547 6 17.231626510620117 23.819515228271484 51.42051696777344 41.704532623291016
9 11.734749794006348 15.091965675354004 75.83085632324219 64.96321868896484 6 16.23394203186035 4.27921724319458 80.966064453125 66.15750885009766 2 21.443267822265625 6.7996697425842285 104.53719329833984 64.5157699584961
4 19.6279296875 45.911094665527344 51.8578987121582 59.89554977416992 2 18.412141799926758 30.704267501831055 52.57691192626953 46.8879508972168 0 19.629560470581055 56.72653579711914 49.378448486328125 72.51421356201172
3 6.121683120727539 7.906379699707031 37.9622802734375 26.130334854125977 1 6.515300273895264 28.53621482849121 38.101749420166016 42.21599578857422
2 19.28385353088379 11.195212364196777 90.4870834350586 54.323158264160156 8 20.24434471130371 52.836158752441406 87.28624725341797 90.55780792236328
2 22.415040969848633 16.712284088134766 49.09830093383789 32.45009994506836 2 21.96024513244629 23.194812774658203 47.74360656738281 38.89255142211914 8 21.38472557067871 36.938472747802734 47.63711929321289 53.884403228759766
1 41.626644134521484 18.177629470825195 93.9035873413086 40.075374603271484 8 32.33318328857422 40.577205657958984 82.86556243896484 68.6656265258789 5 19.931774139404297 71.52698516845703 70.6709213256836 107.61949920654297
5 29.971927642822266 18.929771423339844 71.9563217163086 46.32184982299805 9 46.32568359375 22.030630111694336 78.09282684326172 44.92940139770508 6 37.444580078125 45.6248779296875 75.59400939941406 67.25581359863281
3 10.919761657714844 30.683826446533203 34.176307678222656 44.08858871459961
4 5.62120246887207 13.799530029296875 34.268524169921875 27.39702606201172
9 14.069908142089844 57.288570404052734 43.89496612548828 73.4264144897461 4 15.713410377502441 40.38298034667969 45.198394775390625 57.85615539550781
1 81.70336151123047 126.5405502319336 206.73521423339844 180.05140686035156
6 13.631677627563477 29.797855377197266 51.299102783203125 54.155548095703125 3 10.458703994750977 5.564044952392578 49.597686767578125 27.819875717163086
4 36.77383041381836 51.99117660522461 64.7300033569336 67.50003814697266 5 36.5631103515625 65.97648620605469 64.7044906616211 81.15573120117188
9 3.1123695373535156 7.232486724853516 27.35935401916504 21.456022262573242 5 2.4233741760253906 8.355862617492676 27.842334747314453 20.498395919799805 3 3.4390313625335693 0.0 26.143558502197266 8.715899467468262
0 10.388604164123535 2.716001272201538 73.85057067871094 39.38825225830078 0 9.974711418151855 37.88519287109375 71.7215805053711 77.81172180175781
6 18.218883514404297 22.83214569091797 43.95827865600586 39.89558410644531 4 9.201423645019531 2.734848976135254 36.188228607177734 20.36263084411621
2 22.06540870666504 26.253231048583984 46.51128387451172 41.69944763183594 1 21.070539474487305 39.73625564575195 45.993865966796875 52.003204345703125
9 21.319948196411133 38.65652847290039 53.28345489501953 55.86125564575195 1 20.667112350463867 25.885528564453125 55.844970703125 39.77632522583008 3 21.018461227416992 10.528903007507324 53.5072135925293 27.145214080810547
1 47.7830810546875 79.89289855957031 112.50676727294922 104.96878051757812 9 48.34483337402344 105.47280883789062 109.84294891357422 137.41331481933594 4 51.280216217041016 45.57612609863281 119.51423645019531 81.01508331298828
0 11.761577606201172 39.88994598388672 36.72511291503906 55.20439147949219 7 15.83236026763916 28.045007705688477 41.440860748291016 41.73211669921875 3 22.671409606933594 14.284929275512695 48.860599517822266 31.763933181762695
9 11.064338684082031 4.741976261138916 54.95256805419922 35.15217971801758
8 19.550621032714844 3.457695960998535 50.128318786621094 17.259782791137695 5 17.518999099731445 13.946731567382812 47.81840896606445 28.373506546020508
3 50.734962463378906 0.9560053944587708 100.75621795654297 27.90945053100586
4 1.7446411848068237 9.346982955932617 20.184179306030273 19.507034301757812 1 3.973341941833496 14.658522605895996 19.728071212768555 21.3695068359375 1 2.6981868743896484 6.125411033630371 19.604204177856445 13.773910522460938
2 49.207763671875 105.10177612304688 93.66769409179688 131.80938720703125 2 46.95161437988281 110.18315887451172 108.5118179321289 164.14402770996094 2 38.72982406616211 93.12315368652344 104.48737335205078 139.51998901367188
2 15.29320240020752 21.668140411376953 40.01814651489258 36.367820739746094 2 7.705077171325684 6.500683307647705 27.513456344604492 20.96248435974121
4 37.6953239440918 27.430391311645508 143.18490600585938 105.61045837402344 3 115.29148864746094 82.77287292480469 183.42832946777344 124.1346435546875 3 144.91873168945312 96.21939849853516 183.4755859375 124.10041809082031
3 12.090023040771484 39.45386505126953 47.14596176147461 54.69500732421875 1 7.651077747344971 11.810746192932129 43.40125274658203 24.412029266357422 2 9.188089370727539 24.65793228149414 44.740936279296875 39.8475341796875
2 11.839377403259277 15.368000984191895 50.56122589111328 37.52243423461914 3 13.604578971862793 38.487525939941406 50.996437072753906 60.62222671508789
5 9.196122169494629 24.03582191467285 36.6343994140625 42.28110122680664 9 8.34604549407959 7.121026992797852 36.78510284423828 24.57512092590332
7 13.940401077270508 5.796875476837158 36.49625015258789 18.747283935546875 3 12.109109878540039 18.66292381286621 38.42462921142578 35.57648849487305 8 13.665743827819824 17.499340057373047 37.97981262207031 33.0849494934082
1 27.72290802001953 31.57716941833496 52.2869987487793 44.08860397338867 4 27.512136459350586 43.54875946044922 51.63624954223633 56.495052337646484 5 28.510356903076172 54.503326416015625 47.30202102661133 67.9917221069336
0 12.372676849365234 15.874558448791504 35.0598030090332 30.035852432250977 3 8.362244606018066 2.153846025466919 31.798931121826172 15.543474197387695
1 61.81779479980469 20.060264587402344 121.07991790771484 46.01643371582031 5 46.467044830322266 40.97944259643555 109.64006042480469 74.97417449951172 5 23.143192291259766 66.94778442382812 92.58828735351562 108.19435119628906
2 9.453875541687012 16.478960037231445 37.80317687988281 29.67893409729004 0 12.051371574401855 30.044830322265625 39.37098693847656 42.88206100463867
2 11.601499557495117 2.883685827255249 30.268558502197266 15.30311107635498
0 15.264845848083496 23.237213134765625 36.501426696777344 34.820892333984375 4 12.941529273986816 12.602592468261719 36.6415901184082 24.647836685180664
7 5.262003421783447 16.847036361694336 31.291728973388672 30.319982528686523 1 5.658908843994141 5.1657867431640625 32.8170166015625 16.964506149291992
6 97.60014343261719 34.988739013671875 146.1838836669922 68.59334564208984
2 7.305588245391846 2.0009090900421143 34.04071807861328 20.198341369628906 4 4.9175496101379395 20.668107986450195 31.69898223876953 37.96754455566406
9 69.66299438476562 73.58293151855469 131.0261688232422 127.45083618164062 0 79.49066925048828 73.0291519165039 135.00831604003906 127.2048568725586 9 77.72779083251953 97.76869201660156 127.00332641601562 124.15629577636719
9 24.141706466674805 59.811279296875 94.33431243896484 101.7916488647461
1 8.411968231201172 7.1715474128723145 34.56438064575195 19.455625534057617 0 10.658528327941895 18.63902473449707 38.07423782348633 34.7191047668457
3 8.428524017333984 20.411907196044922 41.45497131347656 39.22531509399414
1 83.23727416992188 8.27376937866211 118.54753112792969 27.429630279541016
2 11.989214897155762 8.060771942138672 49.19963836669922 27.934078216552734 1 9.704207420349121 27.486520767211914 46.467689514160156 39.48666763305664
5 16.881324768066406 36.31873321533203 42.098609924316406 50.66170120239258 1 7.461312294006348 23.80541229248047 33.843318939208984 35.500953674316406
3 24.990840911865234 30.31559181213379 73.30812072753906 52.85553741455078
0 33.18342971801758 21.353479385375977 64.60047149658203 37.39876937866211 9 35.11198806762695 3.6457128524780273 64.36649322509766 19.214698791503906
7 15.81047248840332 9.934809684753418 40.767433166503906 26.897686004638672
1 25.385196685791016 25.309345245361328 49.41605758666992 40.65201187133789 6 22.90583038330078 34.550689697265625 47.2136116027832 52.51346969604492 8 26.88079833984375 37.82332992553711 47.09694290161133 51.37492370605469
9 77.85313415527344 126.82703399658203 118.43646240234375 153.91116333007812 0 72.77185821533203 128.61305236816406 112.12252044677734 151.58493041992188 6 69.31865692138672 127.85894775390625 111.36271667480469 153.38446044921875
3 20.439027786254883 23.608951568603516 54.56932067871094 42.10862731933594 3 19.64322853088379 41.48627471923828 52.75156021118164 59.73167037963867
0 93.50042724609375 109.45499420166016 135.47694396972656 135.42538452148438 3 90.14263153076172 87.98776245117188 136.26119995117188 113.14751434326172 0 93.8857650756836 128.04800415039062 136.93045043945312 155.7271270751953
6 7.517831325531006 17.506454467773438 29.063983917236328 29.90055274963379
7 18.077062606811523 38.51964569091797 60.15407943725586 53.3884162902832 3 18.624866485595703 22.11397933959961 61.72340774536133 39.18492889404297
2 16.85219383239746 27.743925094604492 45.71125030517578 45.15568923950195 8 8.797327041625977 11.124368667602539 33.74460983276367 27.439664840698242
0 30.34833335876465 47.897911071777344 71.01090240478516 67.10712432861328 4 30.153308868408203 32.077964782714844 70.00080108642578 50.04987716674805 2 26.45815086364746 13.625649452209473 68.58277130126953 34.11650848388672
1 87.12210083007812 153.5381622314453 176.09878540039062 200.07125854492188 4 94.29962158203125 153.78982543945312 171.04867553710938 203.2857666015625 2 165.62100219726562 161.07186889648438 226.72625732421875 207.764404296875
5 35.950374603271484 53.002376556396484 61.12403869628906 69.93798065185547 5 35.19175338745117 36.97970199584961 61.807640075683594 53.64688491821289
7 6.168924808502197 21.620223999023438 33.376068115234375 38.670223236083984 9 7.353328227996826 4.725522518157959 33.12843322753906 22.262435913085938
3 14.83284854888916 39.80162811279297 52.178043365478516 58.947505950927734 9 19.18000030517578 40.34833908081055 51.234954833984375 57.72800827026367 2 17.503517150878906 39.3202018737793 48.53226089477539 58.15848922729492
0 150.10394287109375 116.38908386230469 197.35169982910156 144.2787628173828 1 150.11248779296875 88.88174438476562 195.77752685546875 122.02926635742188 2 144.8843231201172 90.86588287353516 199.84580993652344 123.0919189453125
9 7.082118988037109 7.130326747894287 31.048986434936523 19.34218978881836 2 9.54299545288086 1.1913796663284302 27.34175682067871 10.106260299682617 2 5.768523216247559 5.192678451538086 29.654193878173828 18.500904083251953
7 11.251667976379395 6.741466045379639 31.29619598388672 17.06598663330078 5 12.482603073120117 17.000701904296875 32.45588302612305 29.48980140686035
4 31.141555786132812 39.98472213745117 63.38310241699219 62.213863372802734 4 32.327823638916016 14.313982009887695 65.10533142089844 37.68195724487305
9 15.405622482299805 1.951139211654663 44.552391052246094 21.19297218322754 6 12.680838584899902 0.0 44.93186950683594 20.397478103637695 2 19.688352584838867 0.0 42.78349685668945 15.925013542175293
6 22.749771118164062 22.16765785217285 54.286258697509766 41.57768249511719 3 11.166818618774414 3.4567008018493652 46.201171875 22.79556655883789
3 16.153854370117188 32.79376983642578 49.71348571777344 58.62679672241211 5 11.482425689697266 31.417884826660156 52.62145233154297 58.832454681396484 1 20.216829299926758 28.136274337768555 51.60722351074219 46.175865173339844
1 14.49996566772461 13.619868278503418 43.693145751953125 26.31932830810547 1 12.010144233703613 24.83681869506836 41.99004364013672 37.22806167602539
9 8.321353912353516 53.46577453613281 33.15153884887695 66.14749145507812
9 13.029353141784668 28.537479400634766 35.339805603027344 42.15919876098633 2 13.960556030273438 17.694353103637695 35.26609420776367 29.58181381225586
1 55.497779846191406 61.09420394897461 88.38456726074219 77.99239349365234 1 88.80127716064453 94.99778747558594 135.25645446777344 118.43840026855469 8 57.79384231567383 71.21630096435547 88.1438217163086 90.03369140625
1 124.65402221679688 99.2469253540039 226.17686462402344 148.69187927246094 0 68.37212371826172 77.86304473876953 180.6034698486328 172.02427673339844 4 75.05067443847656 130.5725555419922 166.38992309570312 194.6334228515625
2 5.055324077606201 5.003321170806885 27.15373992919922 17.572399139404297
2 4.892815589904785 10.146147727966309 25.901865005493164 24.923643112182617
0 77.0505142211914 68.64753723144531 109.22502899169922 87.66446685791016 2 78.24883270263672 48.843807220458984 110.53889465332031 68.58937072753906
4 7.352672576904297 2.6828744411468506 31.46480941772461 17.661663055419922
2 9.222103118896484 7.352307319641113 33.1340446472168 23.009967803955078 7 8.302478790283203 23.06878662109375 32.41706848144531 37.094970703125
0 17.672603607177734 42.85403060913086 53.58953857421875 61.06174850463867 1 14.37285041809082 30.29676628112793 52.27045822143555 44.280921936035156
4 68.42985534667969 126.6216812133789 105.31985473632812 149.70594787597656 1 67.75311279296875 126.48381042480469 101.72966766357422 149.82777404785156 7 69.23562622070312 126.2431640625 107.41670989990234 149.86265563964844
4 6.642940044403076 17.775667190551758 24.842885971069336 28.772958755493164 2 6.2872819900512695 8.027731895446777 25.093177795410156 18.50381851196289
2 20.01898765563965 15.556374549865723 50.758296966552734 36.35089111328125 7 18.275114059448242 48.1374397277832 48.039676666259766 66.64595031738281
2 36.706703186035156 16.785768508911133 92.50598907470703 50.0489616394043 2 31.424358367919922 35.130550384521484 81.26907348632812 60.06987762451172 3 13.622166633605957 65.69802856445312 56.58633804321289 95.17845153808594
6 66.6795425415039 93.5102310180664 108.09811401367188 127.36442565917969 5 64.70967864990234 92.13190460205078 109.63984680175781 127.48077392578125 3 68.78964233398438 97.5383529663086 105.03253936767578 124.92695617675781
4 19.645631790161133 44.668479919433594 76.22388458251953 77.11410522460938 6 23.28757095336914 17.369462966918945 51.42089080810547 39.704315185546875
6 37.48843765258789 77.49809265136719 103.21664428710938 104.45353698730469 0 56.8958740234375 100.96092987060547 116.71797180175781 128.87478637695312 3 21.023054122924805 43.972015380859375 80.94944763183594 74.82005310058594
2 50.862300872802734 14.36121940612793 72.58258819580078 29.368955612182617 2 50.59901428222656 7.8291754722595215 71.1014175415039 21.977121353149414 3 36.051998138427734 83.0582504272461 85.01903533935547 110.81080627441406
2 27.94200325012207 9.491876602172852 56.87147521972656 26.79295539855957 9 27.09158706665039 26.753816604614258 55.726287841796875 45.29066848754883
1 54.20165252685547 77.78648376464844 88.11490631103516 100.72525787353516
0 40.18785858154297 92.17739868164062 79.8722915649414 119.7365951538086 1 45.88118362426758 60.299034118652344 80.74053192138672 76.98420715332031 0 45.31498718261719 88.77459716796875 79.1986083984375 105.49925231933594
2 38.62955856323242 68.23490905761719 65.86376953125 86.40181732177734 5 40.79737854003906 53.93799591064453 67.66377258300781 70.04717254638672 3 40.90749740600586 53.75909423828125 66.29851531982422 71.78471374511719
1 50.01197814941406 135.2058563232422 124.12805938720703 172.10345458984375 1 88.76698303222656 26.842435836791992 204.2144012451172 73.93365478515625 4 46.152610778808594 133.39698791503906 113.94884490966797 173.12844848632812
9 9.42630672454834 23.751188278198242 30.652803421020508 37.075775146484375 6 8.138368606567383 10.023567199707031 32.5970344543457 26.043970108032227
2 75.80809783935547 81.47037506103516 111.07475280761719 107.72584533691406 6 24.984811782836914 73.87205505371094 105.37698364257812 124.30088806152344 6 58.38695526123047 86.95933532714844 114.40777587890625 127.93328857421875
3 41.18246078491211 29.25070571899414 77.2890625 50.90826416015625 4 41.659080505371094 9.949067115783691 77.7254638671875 30.03846549987793
9 19.3640079498291 69.18968963623047 86.97702026367188 108.29076385498047 2 30.446189880371094 43.98128890991211 86.38553619384766 67.75569915771484 9 28.996143341064453 60.34404373168945 80.83629608154297 90.12193298339844
6 2.628567934036255 16.691532135009766 24.398178100585938 30.31926727294922
6 12.56168270111084 5.1268696784973145 35.62399673461914 21.618242263793945 0 14.030686378479004 20.775402069091797 37.16606521606445 32.56759262084961
2 6.896430492401123 3.3108737468719482 29.82428550720215 19.728715896606445
9 16.176210403442383 34.65609359741211 37.937599182128906 50.0052490234375
7 40.05518341064453 10.536102294921875 78.77738952636719 31.628074645996094 4 42.04681396484375 79.15025329589844 88.37531280517578 104.0 8 37.86199188232422 27.42388153076172 78.56310272216797 52.01669692993164
1 17.007997512817383 2.6240124702453613 59.72180938720703 21.321386337280273 5 17.535884857177734 18.575220108032227 60.91990280151367 39.4652214050293 5 21.8970947265625 39.01577377319336 64.1381607055664 61.78657913208008
2 3.5935611724853516 9.534650802612305 22.219314575195312 19.50019645690918
5 37.78133773803711 28.65386962890625 147.80764770507812 90.09161376953125 1 32.49530792236328 90.64396667480469 149.52737426757812 136.01141357421875
8 8.509307861328125 26.113311767578125 32.613563537597656 41.03265380859375 5 21.564849853515625 26.204906463623047 51.149173736572266 42.18914031982422
6 10.40566635131836 11.92593765258789 66.14139556884766 43.01514434814453 4 14.371613502502441 41.92588806152344 68.09041595458984 76.59840393066406
1 22.445594787597656 46.54241943359375 51.84357833862305 63.0116081237793 4 20.113845825195312 42.04747009277344 50.50187683105469 60.37284851074219 8 21.40607261657715 45.07276916503906 48.95915603637695 64.26437377929688
5 5.122440338134766 0.2863333225250244 28.8669490814209 15.771806716918945 6 4.905515193939209 17.5645809173584 29.902597427368164 32.98820877075195
3 11.618499755859375 41.828426361083984 53.10637664794922 64.9351577758789 8 15.853320121765137 20.566177368164062 54.173885345458984 40.186279296875 1 15.963726997375488 4.074599742889404 56.62483215332031 21.365924835205078
6 36.129329681396484 7.0691118240356445 69.99659729003906 32.95112991333008 5 17.784198760986328 26.01329231262207 55.038612365722656 54.12126159667969 6 5.868846416473389 50.375213623046875 41.80534744262695 73.16635131835938
6 27.013530731201172 45.44882583618164 65.84500122070312 68.21019744873047 9 18.847429275512695 77.26998138427734 59.67392349243164 97.29292297363281 9 20.372047424316406 62.43352508544922 61.13911437988281 79.63116455078125
2 7.6381940841674805 2.0725209712982178 29.816608428955078 15.371208190917969 0 8.257569313049316 14.722134590148926 28.404603958129883 28.97852325439453
4 10.060855865478516 22.25311279296875 31.74300193786621 35.34313201904297
4 63.8796272277832 86.39614868164062 157.1927032470703 145.7880096435547 1 23.23326873779297 47.350982666015625 66.4175033569336 79.2931900024414 5 67.1795425415039 90.79021453857422 162.6498260498047 140.448486328125
2 6.712305068969727 29.252056121826172 34.83258056640625 43.25686264038086 2 12.716014862060547 17.034101486206055 36.486419677734375 34.5684700012207
4 3.803055763244629 15.476317405700684 28.175310134887695 30.05622100830078
8 8.893555641174316 15.245270729064941 38.321868896484375 32.76620101928711
2 83.45367431640625 152.22647094726562 168.9076690673828 211.5182342529297 1 94.21593475341797 144.68006896972656 163.8949432373047 185.55531311035156 6 78.70244598388672 144.572021484375 160.89337158203125 221.9138641357422
8 54.46414566040039 69.51968383789062 89.00355529785156 84.90763854980469 9 38.81862258911133 64.39952850341797 103.28955841064453 99.81607055664062 4 43.167991638183594 53.88347625732422 93.55445861816406 78.00314331054688
6 17.67012596130371 12.831518173217773 42.389949798583984 28.239503860473633 8 9.959675788879395 25.883007049560547 34.61765670776367 41.1761360168457
3 8.336029052734375 16.463939666748047 41.40248107910156 33.86753845214844 3 8.440879821777344 33.86948013305664 42.115962982177734 50.48448181152344
0 21.286685943603516 71.79010009765625 72.62602996826172 116.63504791259766 3 37.16238784790039 37.20943069458008 104.79883575439453 75.11827850341797 5 38.6938591003418 37.58662796020508 106.860595703125 73.99752044677734
5 10.241806030273438 8.17447566986084 34.65967559814453 22.345651626586914 3 6.590908527374268 20.64214324951172 30.782516479492188 33.28842544555664
2 29.458324432373047 54.64967727661133 61.26747512817383 73.91512298583984 0 31.5734920501709 71.45051574707031 59.38264846801758 85.8615951538086 1 29.9639892578125 54.655067443847656 60.15762710571289 72.35175323486328
2 5.363670825958252 3.5967495441436768 24.83348846435547 17.435592651367188 4 5.323739051818848 15.801912307739258 25.430065155029297 29.794584274291992
2 53.97300338745117 25.215412139892578 82.02862548828125 42.86634063720703 6 54.263118743896484 41.751529693603516 78.68230438232422 56.08401870727539 8 53.88799285888672 40.67919921875 80.14521026611328 57.20986557006836
8 36.12202835083008 72.0850601196289 70.72476196289062 90.22966766357422 6 37.876495361328125 88.5103988647461 71.77767944335938 105.64628601074219 8 38.4835090637207 88.73078155517578 76.11717987060547 108.34934997558594
2 6.540314674377441 2.401397705078125 27.588668823242188 15.004438400268555 0 6.144404888153076 14.565093994140625 26.249839782714844 28.921985626220703
6 0.4858546555042267 15.67685317993164 29.176795959472656 32.88288497924805 0 4.56516695022583 15.35787582397461 28.932632446289062 32.9639892578125
1 15.159807205200195 47.17790603637695 59.810508728027344 70.45293426513672 5 26.895540237426758 28.780487060546875 69.43214416503906 51.34272384643555
1 19.296646118164062 45.20327377319336 56.87394714355469 61.75709915161133 4 18.253068923950195 43.85615539550781 55.61326217651367 62.2525749206543 7 26.271841049194336 65.43153381347656 65.71595001220703 81.0728759765625
2 11.586396217346191 0.8198567628860474 41.58000564575195 16.24655532836914 1 8.989493370056152 29.246849060058594 40.416259765625 43.45878219604492 1 9.23598861694336 17.25237274169922 41.20731735229492 30.113426208496094
7 24.915761947631836 23.067026138305664 72.20658111572266 49.560516357421875 5 76.53223419189453 26.317344665527344 130.0566864013672 61.50426483154297 3 77.81372833251953 30.76398468017578 128.41885375976562 60.30617141723633
7 7.382802963256836 7.880239963531494 23.232330322265625 17.472915649414062 1 5.356459617614746 16.482662200927734 25.093185424804688 27.203670501708984
1 29.75324821472168 32.68735885620117 55.26894760131836 47.581485748291016 3 28.138273239135742 13.806538581848145 54.11013412475586 30.883268356323242
5 34.333431243896484 8.358327865600586 79.56300354003906 34.92332458496094
2 38.930809020996094 35.789981842041016 152.62228393554688 66.7995834350586 2 39.486083984375 9.518134117126465 135.56019592285156 45.0992546081543 1 57.334136962890625 1.702461838722229 158.81077575683594 36.42366027832031
6 37.440731048583984 61.112030029296875 103.85090637207031 93.63505554199219 2 47.2670783996582 13.164334297180176 105.58950805664062 40.27638626098633 7 40.13473892211914 34.48141098022461 98.45391845703125 60.259944915771484
4 21.55268669128418 1.0198023319244385 50.91827392578125 19.593608856201172
6 38.76434326171875 77.88045501708984 72.31645965576172 112.89311218261719 0 40.11416244506836 76.54170989990234 75.34722137451172 109.97200012207031 9 37.76461410522461 76.1317138671875 81.70320892333984 108.9772720336914
7 10.265503883361816 39.14572525024414 56.30245590209961 64.82899475097656
8 40.29804992675781 61.54357147216797 79.79815673828125 84.04715728759766 6 34.24066162109375 83.76036834716797 74.85667419433594 105.84432983398438
4 35.09523010253906 41.47589874267578 59.219276428222656 55.03863525390625 4 34.58308029174805 28.053913116455078 60.18278503417969 42.2317008972168 2 33.539573669433594 40.0369758605957 57.76506042480469 56.210872650146484
3 15.322718620300293 16.304443359375 36.47941207885742 28.957956314086914 2 9.007018089294434 4.334821701049805 29.989116668701172 16.30637550354004
0 21.453433990478516 27.82155418395996 74.62367248535156 66.1369857788086 1 36.14897537231445 3.6158127784729004 87.32136535644531 33.79429626464844 2 3.9924659729003906 59.41721725463867 59.417789459228516 101.29061126708984
5 7.044068813323975 9.670644760131836 39.598262786865234 30.14447784423828
2 32.74555206298828 6.645919322967529 69.78744506835938 26.805051803588867 0 34.70540237426758 25.88566780090332 70.93568420410156 43.44108581542969 6 33.546630859375 41.5027961730957 71.41224670410156 60.964271545410156
6 49.599281311035156 78.08346557617188 97.84791564941406 107.3296127319336 6 49.712703704833984 48.754188537597656 102.80144500732422 80.09400177001953 8 53.62373733520508 45.69258117675781 101.72084045410156 81.47077941894531
1 8.654478073120117 14.067609786987305 40.274478912353516 28.647192001342773 5 8.402838706970215 27.04781723022461 39.41940689086914 45.99311447143555
4 32.8986930847168 77.90420532226562 105.81792449951172 120.335205078125 3 34.884220123291016 121.64115905761719 105.51363372802734 160.22061157226562
4 40.10404586791992 86.95216369628906 97.68788146972656 118.79478454589844 0 43.112003326416016 113.72328186035156 90.32146453857422 142.82110595703125
7 8.063870429992676 2.351276159286499 32.679595947265625 16.561168670654297 3 8.574880599975586 13.547189712524414 32.39845275878906 27.602357864379883
4 32.885414123535156 44.51866912841797 82.5618896484375 81.89334106445312 2 33.52803039550781 35.41082000732422 84.57823944091797 70.88800811767578 2 41.67829132080078 51.955196380615234 79.9925765991211 76.10167694091797
5 8.108134269714355 9.720806121826172 43.66597366333008 34.22807312011719
4 6.15386438369751 7.719036102294922 24.313993453979492 20.944028854370117 6 7.216579437255859 20.02434539794922 21.29603385925293 33.281558990478516
4 8.266114234924316 34.00172424316406 34.14875411987305 47.0 1 10.976640701293945 22.698444366455078 37.960113525390625 34.3238639831543
1 92.02924346923828 1.8856010437011719 172.3830108642578 47.1812629699707 1 60.84656524658203 31.806941986083984 148.58895874023438 76.1096420288086 1 30.864328384399414 66.85691833496094 113.85188293457031 114.94580841064453
2 19.6895751953125 25.93065071105957 48.17868423461914 43.793235778808594 2 29.818269729614258 2.655667304992676 56.516597747802734 20.303499221801758 8 10.475300788879395 48.500553131103516 36.26301193237305 65.55716705322266
8 35.015655517578125 18.51335906982422 59.69532775878906 38.813053131103516
3 13.06043815612793 41.45216751098633 46.3924560546875 56.039920806884766 1 12.187437057495117 14.049260139465332 46.80817413330078 25.834514617919922 2 13.878218650817871 25.34490203857422 43.35472869873047 41.35736846923828
1 21.18568992614746 34.072513580322266 59.96027374267578 50.413734436035156 2 23.355653762817383 49.509483337402344 59.432861328125 72.06385040283203
6 16.65541648864746 52.242820739746094 80.46603393554688 86.034423828125 6 14.135873794555664 11.060757637023926 76.93832397460938 47.0249137878418
3 19.156320571899414 26.226089477539062 45.68009948730469 41.13214111328125 7 21.987672805786133 26.6282958984375 44.76228332519531 40.414215087890625 1 23.26527976989746 21.412109375 47.547969818115234 31.908584594726562
8 33.60308074951172 87.2125473022461 84.0135269165039 112.08808898925781 8 36.56122970581055 60.86824417114258 82.94363403320312 88.07147979736328 9 34.42549133300781 87.13951110839844 97.30431365966797 112.41195678710938
6 61.53330612182617 4.858085632324219 109.20800018310547 42.07686996459961 9 69.67587280273438 9.085837364196777 109.08179473876953 36.46326446533203 2 60.91006851196289 4.281936168670654 124.83349609375 45.48301315307617
5 35.74850082397461 22.26028823852539 60.84519577026367 39.50199508666992 6 9.592379570007324 4.2125244140625 33.481292724609375 21.60504150390625
8 7.3555521965026855 2.8475911617279053 31.312406539916992 18.98834800720215
4 58.97703170776367 43.49290084838867 102.5629653930664 68.78527069091797 0 19.819692611694336 84.99618530273438 63.68205642700195 110.39070129394531 1 40.047550201416016 64.8314208984375 86.36642456054688 84.38726806640625
0 14.265680313110352 14.112029075622559 55.64822006225586 47.348079681396484
2 11.237600326538086 29.15325164794922 49.17436981201172 54.11567687988281 3 17.21426010131836 5.465415000915527 53.75973129272461 28.359642028808594
2 56.40047836303711 10.258282661437988 102.35858917236328 33.66712951660156 5 52.25308609008789 29.09834098815918 99.79998779296875 55.64432144165039
2 12.810541152954102 0.8464469909667969 58.17424774169922 26.121707916259766 4 20.493337631225586 25.19614601135254 67.08755493164062 53.62693405151367 0 22.883756637573242 54.087459564208984 64.61495971679688 78.04801940917969
1 23.794788360595703 0.0585457868874073 53.01461410522461 11.3311185836792 1 20.266267776489258 21.485448837280273 50.432952880859375 34.8712158203125 5 21.061635971069336 11.1406831741333 51.87643051147461 24.43610954284668
5 7.852356433868408 26.291236877441406 35.24323654174805 42.20107650756836 1 20.81424331665039 3.135728359222412 49.545799255371094 16.014406204223633
0 28.359622955322266 54.133758544921875 71.0523910522461 74.38011169433594 3 32.318206787109375 34.0589485168457 74.89796447753906 53.103553771972656
2 22.042945861816406 9.793933868408203 53.0006103515625 26.179262161254883 9 27.47105598449707 22.1226806640625 58.3997688293457 37.93073654174805
1 15.971890449523926 5.168782711029053 42.0682487487793 17.462976455688477 9 13.533225059509277 15.288451194763184 42.92698669433594 34.7784538269043
1 19.502044677734375 3.8395185470581055 68.90441131591797 22.8804874420166 7 16.023433685302734 52.874019622802734 64.05868530273438 78.7690658569336 1 19.376953125 29.267139434814453 63.408390045166016 47.250160217285156
0 14.436175346374512 46.79197692871094 42.434574127197266 63.877498626708984 1 13.854460716247559 14.608559608459473 43.84931564331055 30.804893493652344 6 12.406841278076172 29.80946922302246 44.137046813964844 48.845802307128906
5 5.431654930114746 2.4943857192993164 34.187171936035156 20.224777221679688 1 5.03753662109375 18.202993392944336 34.43758010864258 31.38519859313965
7 9.57840633392334 15.305424690246582 33.18440246582031 28.05246353149414 1 11.686575889587402 4.137124061584473 34.487152099609375 15.66214656829834 8 8.265462875366211 28.301687240600586 31.60675811767578 41.4554443359375
3 6.78912353515625 0.9179550409317017 24.0903263092041 13.272114753723145
0 23.684907913208008 102.36959838867188 74.75776672363281 130.619140625 9 22.535381317138672 97.36800384521484 76.48568725585938 127.40752410888672 2 28.341537475585938 93.10227966308594 78.05718994140625 118.39884948730469
5 7.616596221923828 20.10978126525879 31.019390106201172 33.876953125 1 10.130097389221191 9.494394302368164 32.063079833984375 19.10407257080078
0 67.08995819091797 96.56940460205078 96.37127685546875 110.98352813720703 7 34.87652587890625 0.0 122.1789779663086 30.295616149902344 2 65.91764831542969 87.37032318115234 97.69075775146484 102.01131439208984
8 84.29237365722656 24.392637252807617 126.4415054321289 48.838382720947266 8 86.38370513916016 8.677403450012207 125.09640502929688 32.88417434692383 6 87.30169677734375 9.528193473815918 122.62139892578125 31.80844497680664
3 6.743426322937012 16.581697463989258 31.003559112548828 30.60543441772461 8 8.82726001739502 3.141043186187744 31.71929931640625 16.679025650024414
4 6.769333362579346 15.247807502746582 29.234996795654297 25.76030921936035 3 7.32217264175415 3.029331684112549 28.95226287841797 15.966917037963867 2 8.287529945373535 5.995021820068359 27.605920791625977 17.25926399230957
9 8.957558631896973 9.812359809875488 43.31338119506836 41.82850646972656
2 75.10624694824219 32.861351013183594 105.11090850830078 54.01808166503906 5 73.26444244384766 62.019622802734375 104.9559097290039 86.02640533447266
2 15.117603302001953 39.122711181640625 40.11173629760742 60.99607849121094 1 43.306922912597656 0.0 88.2944564819336 18.181026458740234 1 12.8182954788208 39.50457763671875 38.81784439086914 58.97228240966797
8 12.7753324508667 4.127785682678223 34.55605697631836 17.705310821533203 7 11.058075904846191 18.707765579223633 34.625511169433594 32.297698974609375
1 21.47722625732422 33.59833908081055 43.16859436035156 45.12171936035156
0 16.102209091186523 52.236568450927734 43.827980041503906 65.46827697753906 6 16.074783325195312 38.80564880371094 42.95407485961914 52.02066421508789
8 26.195323944091797 32.44562530517578 54.80299758911133 51.71818542480469
9 21.711782455444336 26.189491271972656 42.82082748413086 40.12892532348633 4 16.503629684448242 9.97523021697998 44.14911651611328 26.66455078125
9 7.307750225067139 20.308507919311523 30.87994956970215 32.66216278076172 7 7.257572650909424 8.54648208618164 30.52520751953125 20.963092803955078
8 9.07949161529541 14.543127059936523 42.433692932128906 31.865949630737305 8 9.573841094970703 30.582454681396484 42.5743293762207 48.12126159667969 8 9.413549423217773 21.000263214111328 41.5411491394043 41.38850784301758
6 8.749229431152344 0.10716740041971207 28.565690994262695 13.91551685333252 9 9.205540657043457 11.187503814697266 29.294113159179688 26.139589309692383
7 30.839265823364258 59.6998291015625 69.05355834960938 80.3583984375 6 31.955204010009766 40.315616607666016 68.97469329833984 61.25508499145508
6 22.30329132080078 77.9392318725586 102.14226531982422 127.6427993774414 9 20.404197692871094 80.41033935546875 105.13150024414062 128.4700469970703 0 16.646686553955078 83.52484130859375 105.70521545410156 130.5226287841797
0 23.78736114501953 14.911576271057129 48.27503967285156 30.167566299438477 8 22.32631492614746 0.0 47.08999252319336 15.07320785522461 3 22.586872100830078 0.3329940140247345 47.969581604003906 14.129024505615234
0 15.821983337402344 34.4179801940918 40.7887077331543 48.44934844970703 4 6.66215705871582 21.841785430908203 39.7545051574707 41.20583724975586
9 9.475043296813965 0.1541924625635147 38.51215362548828 18.4251766204834
1 11.933042526245117 23.52948570251465 37.405250549316406 37.43751525878906 3 7.2349724769592285 8.923741340637207 34.859405517578125 23.740867614746094
5 6.651035308837891 10.78896713256836 24.63803482055664 21.750835418701172 3 8.084430694580078 22.332677841186523 25.056989669799805 33.2182731628418
4 9.370743751525879 25.482744216918945 41.001197814941406 45.86402130126953
2 6.925622463226318 4.918539047241211 36.642120361328125 23.611719131469727 8 8.09267520904541 25.402782440185547 38.068634033203125 42.06352996826172
2 27.491662979125977 21.34113311767578 59.831241607666016 43.557987213134766 5 22.366178512573242 39.21106719970703 52.33278274536133 59.30958938598633 5 17.40468978881836 53.389686584472656 48.06256866455078 76.0
4 61.90739822387695 34.724666595458984 136.134521484375 67.5464859008789 4 23.96385383605957 7.693953990936279 136.68826293945312 74.54521942138672 4 15.585836410522461 60.732425689697266 94.02730560302734 111.70722198486328
1 19.03085708618164 21.417612075805664 50.72383499145508 37.48372268676758 0 25.675649642944336 49.99742889404297 46.565616607666016 61.72233581542969
4 10.257862091064453 12.12832260131836 45.156166076660156 35.39247512817383 6 19.294536590576172 31.923749923706055 49.240211486816406 53.174564361572266
2 35.77764129638672 21.218753814697266 62.98725128173828 36.60286331176758
3 25.647119522094727 18.008182525634766 67.817138671875 42.625144958496094 1 29.04642677307129 40.174034118652344 68.14981079101562 56.36408615112305
5 100.26309204101562 50.59059524536133 136.79708862304688 77.7046890258789 4 99.2369613647461 6.407506942749023 146.4314422607422 33.81853485107422 4 104.42642974853516 29.752090454101562 145.24917602539062 55.025875091552734
1 72.7083511352539 27.82442283630371 123.4062728881836 48.78891372680664 9 71.7917251586914 48.808773040771484 118.14917755126953 75.60076141357422 0 77.7213363647461 51.41737747192383 119.28169250488281 70.1319808959961
8 2.862053394317627 14.372146606445312 25.213308334350586 27.987449645996094 3 2.3173117637634277 15.006109237670898 25.343631744384766 27.573040008544922
0 15.556880950927734 20.467987060546875 53.59931945800781 44.49972152709961 1 14.234356880187988 1.749936580657959 53.2597770690918 17.299558639526367 2 18.151020050048828 47.12766647338867 56.868412017822266 70.1480484008789
8 8.108124732971191 23.154857635498047 38.55558776855469 37.70030212402344 4 7.641986846923828 4.866096496582031 40.73543930053711 22.922758102416992 2 5.610671520233154 4.232248306274414 37.6988525390625 19.397302627563477
7 12.025213241577148 33.57207107543945 53.18767547607422 53.34101867675781 1 14.949769020080566 18.471797943115234 56.47597122192383 34.704795837402344
1 26.471216201782227 32.32567596435547 53.1202278137207 42.1041374206543 5 21.60405731201172 39.955299377441406 52.12516784667969 54.967899322509766
5 9.704703330993652 32.728660583496094 36.589813232421875 48.6316032409668 9 8.882044792175293 18.360313415527344 34.500118255615234 34.845890045166016
8 1.3391488790512085 4.978147506713867 18.543039321899414 17.393280029296875 6 1.3406492471694946 5.342231750488281 19.051042556762695 16.980361938476562 5 2.159388303756714 5.982386112213135 19.561925888061523 16.952003479003906
2 108.76612854003906 45.24605941772461 147.27438354492188 74.62320709228516 9 110.96159362792969 44.118614196777344 149.0643768310547 72.3880844116211 5 109.19194793701172 43.03849411010742 141.01246643066406 76.05865478515625
3 7.982622146606445 6.763439655303955 36.116451263427734 22.34640884399414 9 9.440085411071777 24.088224411010742 37.74714279174805 40.15418243408203 0 8.849180221557617 23.09710693359375 36.683624267578125 41.6465950012207
5 3.6717395782470703 10.634451866149902 23.068500518798828 22.261343002319336
1 8.819128036499023 3.8684308528900146 45.06468963623047 19.611068725585938 3 6.109706878662109 18.672597885131836 42.16274642944336 37.52367401123047
4 53.71942138671875 11.780962944030762 80.29273223876953 31.247758865356445
0 22.184459686279297 55.68369674682617 48.05644989013672 71.71343231201172 1 19.785959243774414 47.879608154296875 48.6729621887207 60.7105827331543
9 14.859088897705078 30.434856414794922 36.759765625 45.49763488769531
2 15.586173057556152 22.901058197021484 51.22978591918945 44.4763069152832
7 14.03572940826416 9.561508178710938 31.78765106201172 20.197166442871094 2 12.376490592956543 19.26056480407715 30.453128814697266 30.1697940826416
4 18.79245948791504 36.7447509765625 46.42555236816406 55.092899322509766
2 7.903110980987549 12.779016494750977 28.706031799316406 25.300134658813477 7 9.280692100524902 26.071914672851562 28.262035369873047 35.91167068481445
9 28.6301212310791 29.234962463378906 69.4231948852539 54.037479400634766 7 11.770374298095703 12.286219596862793 56.177371978759766 34.538726806640625
2 12.214197158813477 26.42601776123047 34.527225494384766 39.828304290771484 5 8.159612655639648 12.325756072998047 29.508224487304688 26.43539810180664
7 6.0375823974609375 11.147896766662598 25.168354034423828 24.54388999938965
8 9.92703628540039 30.39650535583496 38.50962829589844 47.334877014160156 7 10.598381996154785 11.640820503234863 44.2279167175293 30.625255584716797
7 11.922808647155762 11.505698204040527 36.588443756103516 24.36504554748535 7 11.309253692626953 2.035419464111328 35.69578552246094 13.042197227478027 4 7.8896164894104 0.9810500144958496 47.84669494628906 27.14699363708496
6 22.24147605895996 28.78048324584961 53.09675216674805 44.14980697631836 1 19.922504425048828 18.09639549255371 53.03789138793945 32.12765884399414 5 20.97457504272461 42.58692932128906 53.134578704833984 57.939002990722656
2 8.1135835647583 19.544736862182617 26.09230613708496 30.383872985839844 5 7.7075395584106445 8.208429336547852 25.098918914794922 20.217853546142578
0 8.016316413879395 35.909820556640625 41.51756286621094 51.656471252441406 3 21.160594940185547 13.152963638305664 54.914764404296875 31.84644889831543 3 14.946072578430176 25.80545997619629 47.585601806640625 38.320465087890625
2 162.22763061523438 60.038421630859375 225.7562255859375 111.66554260253906 5 160.73171997070312 60.558937072753906 224.10398864746094 111.46247863769531 0 167.58035278320312 72.37242889404297 220.45516967773438 119.03938293457031
4 10.806462287902832 13.177314758300781 32.845645904541016 23.826383590698242 3 9.516366004943848 22.307374954223633 33.200897216796875 35.91183090209961 1 9.825752258300781 4.6673455238342285 33.88373947143555 14.952160835266113
2 7.858409881591797 16.532169342041016 32.26829147338867 29.850278854370117 8 8.677159309387207 29.064550399780273 32.07130813598633 40.84266662597656
2 17.945268630981445 15.239686012268066 40.05537033081055 27.71921157836914 2 16.881025314331055 27.14383316040039 39.9661750793457 40.57356262207031
5 42.39866638183594 58.67925262451172 122.18684387207031 94.96963500976562 9 61.958831787109375 79.67152404785156 130.9876708984375 116.091552734375 5 44.19536590576172 75.16642761230469 125.19811248779297 111.72137451171875
8 12.760457038879395 14.699408531188965 61.783241271972656 41.546443939208984 8 12.277321815490723 40.47236633300781 58.946685791015625 71.81741333007812
6 11.951640129089355 6.092469215393066 52.55308151245117 27.767717361450195 4 23.990354537963867 24.626977920532227 61.67565155029297 47.805850982666016 9 25.364831924438477 50.11606979370117 68.97309112548828 74.70917510986328
2 17.564790725708008 1.8584576845169067 83.7966537475586 35.35015869140625
9 11.438530921936035 2.894707679748535 37.338951110839844 24.235063552856445 0 12.162261962890625 17.562349319458008 36.13663864135742 30.405250549316406 4 10.061933517456055 3.657808780670166 39.84020233154297 23.165273666381836
9 19.084138870239258 55.13208770751953 82.39311981201172 93.55998992919922 7 15.979948043823242 22.064605712890625 82.34076690673828 56.02898406982422
2 86.37368774414062 46.97288513183594 224.1619873046875 106.1671142578125 1 97.96674346923828 85.46577453613281 218.88734436035156 137.54930114746094
2 26.09630012512207 11.483245849609375 79.7044677734375 37.35427474975586 7 29.44043731689453 35.09318923950195 81.13311767578125 57.10771179199219 3 27.734899520874023 55.062007904052734 80.7488021850586 82.79991149902344
3 14.989151954650879 16.76557159423828 41.92131805419922 32.155818939208984 1 14.286260604858398 31.48160171508789 45.57219314575195 43.48887252807617
6 13.580734252929688 10.992493629455566 43.93373107910156 36.40879440307617 9 14.71068000793457 14.786810874938965 43.97508239746094 35.06668472290039 8 14.106611251831055 14.36905574798584 43.352291107177734 35.59022521972656
7 17.581972122192383 12.79963493347168 42.71268081665039 28.737058639526367 4 17.32032585144043 28.291336059570312 43.203060150146484 44.76551818847656
0 63.443023681640625 109.42849731445312 108.47651672363281 136.00527954101562 7 70.8895263671875 93.24734497070312 120.07752990722656 115.6854248046875 3 74.77205657958984 68.43816375732422 127.25558471679688 94.76190185546875
1 13.289725303649902 16.794748306274414 37.08893585205078 28.440671920776367 9 10.165994644165039 24.884742736816406 36.33256912231445 40.1268424987793
2 142.8093719482422 124.12923431396484 188.67251586914062 163.02330017089844 3 141.00686645507812 128.23997497558594 188.07908630371094 165.47052001953125 5 139.4946746826172 121.91471099853516 185.06919860839844 161.05731201171875
6 54.26934814453125 37.491477966308594 78.39734649658203 51.523895263671875 6 51.873497009277344 6.744767665863037 83.60221099853516 26.30594825744629 6 53.017154693603516 22.868309020996094 82.54872131347656 40.47153091430664
7 9.277559280395508 8.484346389770508 37.427974700927734 23.42169761657715 9 8.981541633605957 21.981321334838867 38.66120147705078 36.061790466308594
3 86.67845153808594 182.53330993652344 142.4155731201172 208.6973419189453 5 82.20965576171875 167.1214141845703 147.1722412109375 212.80931091308594 6 86.3367919921875 166.06500244140625 139.66244506835938 199.58334350585938
9 8.766499519348145 48.71425247192383 45.009098052978516 70.09986114501953 5 19.978755950927734 34.015480041503906 51.78639602661133 56.27924728393555 3 28.841386795043945 20.252355575561523 64.25624084472656 40.27988052368164
3 7.503660202026367 1.4009212255477905 46.42255783081055 23.92213249206543
4 22.07097816467285 76.04476928710938 80.60010528564453 104.0 0 44.06053161621094 44.32910919189453 73.64511108398438 57.052181243896484
0 31.473934173583984 7.324869155883789 95.71925354003906 57.905601501464844 9 30.526844024658203 7.9041900634765625 98.06890106201172 59.4484748840332 6 29.018152236938477 7.561248302459717 95.0377426147461 61.715145111083984
2 77.90889739990234 92.3980941772461 155.35995483398438 125.93937683105469 9 66.63982391357422 90.83930206298828 145.7533721923828 128.35215759277344 6 38.659732818603516 87.56612396240234 142.80104064941406 127.02101135253906
2 8.172392845153809 13.421183586120605 29.62869644165039 25.403581619262695 2 9.470845222473145 24.457569122314453 31.18535041809082 37.75394058227539 5 5.888666152954102 2.372251033782959 29.486278533935547 14.829489707946777
3 46.67645263671875 35.464385986328125 86.97217559814453 59.086334228515625
2 7.483313083648682 0.3724268674850464 45.8104248046875 22.417560577392578
3 9.647787094116211 20.205528259277344 50.44854736328125 47.925228118896484
7 21.2077693939209 37.180660247802734 47.3408088684082 53.59199523925781 8 12.844991683959961 20.579795837402344 36.679649353027344 36.94347381591797
6 50.53342819213867 48.000946044921875 81.17242431640625 68.77934265136719 1 48.823341369628906 34.68450927734375 80.9142074584961 52.650413513183594
9 33.63405227661133 19.54816246032715 58.29185104370117 34.41908264160156 2 34.023441314697266 18.870351791381836 61.26862716674805 33.768280029296875
0 7.375523090362549 12.75790786743164 29.407176971435547 27.126846313476562
2 134.33326721191406 35.634281158447266 184.1136932373047 65.29896545410156 1 139.51318359375 34.337886810302734 182.8559112548828 64.75420379638672 8 136.9084014892578 56.44400405883789 181.169677734375 88.74909973144531
2 21.389690399169922 1.3375284671783447 60.19087600708008 18.721158981323242
3 11.791457176208496 2.276520252227783 64.83639526367188 34.09642791748047 8 11.496845245361328 33.8725471496582 69.54497528076172 61.26446533203125 5 18.922727584838867 60.06489944458008 65.99334716796875 83.13571166992188
0 20.49771499633789 49.683528900146484 53.348812103271484 67.59711456298828 0 21.451099395751953 63.916988372802734 53.54261779785156 85.64117431640625 1 21.023685455322266 38.29585647583008 53.742923736572266 53.95848846435547
4 15.926046371459961 25.5229434967041 39.289390563964844 39.41353225708008 1 16.35639190673828 15.679655075073242 43.29783248901367 25.43142318725586 4 16.01224136352539 31.764175415039062 39.075050354003906 44.67021942138672
2 22.545610427856445 20.159347534179688 43.84199523925781 34.12685775756836 2 19.026391983032227 32.74683380126953 40.88928985595703 46.63367462158203
1 51.91761779785156 41.981842041015625 107.79292297363281 78.26700592041016 2 49.231014251708984 54.1671142578125 105.8473892211914 96.00347900390625 1 51.32015609741211 58.55223846435547 106.5215072631836 92.12126922607422
9 10.061039924621582 19.979427337646484 33.3719596862793 36.1657829284668 1 11.018962860107422 7.2019500732421875 32.72301483154297 21.295467376708984
2 11.790275573730469 19.779617309570312 62.09801483154297 49.1976432800293 1 15.277679443359375 3.5752291679382324 64.59980773925781 20.12876319885254
5 36.14268112182617 33.99406051635742 73.7412109375 52.522220611572266
4 12.37455940246582 0.6808809638023376 39.324310302734375 14.794722557067871 5 13.02581787109375 12.105159759521484 40.60255813598633 30.715166091918945
5 31.939373016357422 70.8593521118164 69.31468200683594 98.18650817871094 6 35.13828659057617 72.61959075927734 71.14582061767578 97.5069808959961 9 39.02374267578125 76.29789733886719 69.7518310546875 95.31643676757812
4 32.86683654785156 13.872817993164062 91.00536346435547 53.89132308959961
4 9.819757461547852 19.58991813659668 35.20064163208008 33.27347183227539 7 9.16579818725586 6.6186065673828125 32.279518127441406 19.112958908081055
5 7.303024768829346 1.25632905960083 40.87778854370117 19.865930557250977
1 27.8973331451416 18.825881958007812 84.21560668945312 40.37233352661133 9 30.88136100769043 38.103126525878906 83.5606689453125 65.88738250732422
0 7.286833763122559 12.254171371459961 32.24532699584961 25.101003646850586 6 6.735939025878906 0.8724374771118164 32.564361572265625 12.015013694763184
8 9.919930458068848 26.113094329833984 40.25999450683594 41.208892822265625
1 23.089126586914062 26.854427337646484 52.20085144042969 42.210853576660156 2 19.460023880004883 50.92074966430664 49.11418533325195 67.67145538330078 5 22.586082458496094 39.166297912597656 50.616912841796875 54.43832015991211
7 32.68537902832031 32.19498825073242 71.58663940429688 55.37716293334961 4 32.648193359375 31.25817108154297 74.6976089477539 55.38899230957031 5 33.48119354248047 50.75216293334961 74.73770904541016 75.71510314941406
1 54.02137756347656 21.735029220581055 90.05546569824219 45.11028289794922 5 46.192962646484375 52.97673034667969 85.20010375976562 78.14854431152344 4 52.38869094848633 40.09022521972656 86.78067779541016 57.11164474487305
7 61.36646270751953 114.47669219970703 127.43515014648438 151.83702087402344 6 27.678211212158203 109.37268829345703 131.5039520263672 156.23562622070312 0 60.52528381347656 115.79769134521484 127.5396957397461 152.32815551757812
2 13.877554893493652 5.308140754699707 40.167728424072266 17.709609985351562 2 12.766173362731934 17.104869842529297 41.59811019897461 29.530763626098633 7 13.914998054504395 30.88055419921875 40.01011276245117 44.8317985534668
9 49.94059371948242 8.49196720123291 90.02527618408203 39.560951232910156 5 50.16807174682617 19.250286102294922 86.27989196777344 45.12613296508789 4 47.50560760498047 6.6226043701171875 90.02080535888672 38.8478889465332
1 27.33881187438965 53.02181625366211 97.58525085449219 87.57776641845703 9 43.345951080322266 76.5536117553711 91.51947021484375 123.93244934082031 4 96.0649185180664 158.8594512939453 154.0994415283203 192.24136352539062
2 14.07413387298584 70.92964935302734 46.56501007080078 95.78067779541016
2 7.6345133781433105 6.696736812591553 25.073402404785156 16.72502899169922 9 6.548492908477783 15.699641227722168 24.430437088012695 25.096893310546875
4 5.573480129241943 28.307111740112305 45.17490768432617 50.3478889465332 5 7.9493255615234375 5.583657264709473 48.4895133972168 26.989524841308594
3 13.21449089050293 24.60308265686035 34.03925704956055 36.577213287353516 2 13.414319038391113 24.667383193969727 33.772552490234375 36.15630340576172 9 14.26876163482666 36.762542724609375 34.108001708984375 47.892356872558594
2 15.49697494506836 18.54886817932129 35.29027557373047 29.787532806396484 2 15.365638732910156 27.491897583007812 35.623836517333984 38.49531173706055
9 13.994568824768066 2.171252965927124 60.04215621948242 22.938955307006836 7 28.20889663696289 2.6048460006713867 57.37021255493164 19.74775505065918
2 9.256258010864258 4.713274002075195 50.357215881347656 30.4110164642334 4 10.857206344604492 29.17862892150879 54.862552642822266 54.501869201660156
3 48.21765899658203 177.38653564453125 208.3961639404297 242.98631286621094 8 35.01844787597656 133.0124969482422 164.7340545654297 181.28298950195312 9 45.36703872680664 144.4665069580078 58.82992935180664 172.7953338623047
0 30.13119125366211 61.617591857910156 99.15170288085938 96.00138092041016 3 22.77715301513672 31.198740005493164 105.29287719726562 65.66608428955078 6 22.15994644165039 95.31109619140625 96.52115631103516 127.01714324951172
7 3.9798779487609863 11.37242317199707 21.07015609741211 22.7821044921875
2 22.681066513061523 1.9589684009552002 57.4384651184082 18.374576568603516 3 20.700422286987305 19.927160263061523 58.104591369628906 37.04576110839844
2 14.479595184326172 39.291343688964844 43.5604133605957 58.93020248413086 2 13.964604377746582 19.369190216064453 42.96238327026367 37.6551399230957
1 10.475719451904297 3.977708101272583 31.080059051513672 14.1196870803833 5 6.604010581970215 15.007675170898438 29.346284866333008 29.287494659423828
4 27.56125259399414 61.72774124145508 75.81659698486328 91.9048843383789 4 29.470252990722656 28.38058090209961 77.59739685058594 59.25678253173828
5 16.986215591430664 51.81026077270508 49.06159591674805 73.65534210205078 1 24.261404037475586 2.093839168548584 60.06883239746094 19.895051956176758 4 20.319360733032227 24.176950454711914 55.64545822143555 46.08670425415039
6 21.376100540161133 73.17159271240234 77.88251495361328 107.2008285522461 4 25.60682487487793 42.47435760498047 89.81797790527344 75.76284790039062 2 29.897920608520508 9.75429916381836 89.69745635986328 44.3571662902832
0 5.276887893676758 21.903274536132812 28.058128356933594 35.28951644897461 1 3.8026583194732666 9.278075218200684 30.178611755371094 22.051395416259766
4 25.265132904052734 15.89950942993164 54.84180450439453 34.06443405151367
4 7.695298671722412 13.732027053833008 32.647132873535156 30.210269927978516 3 8.885014533996582 0.9525161981582642 32.98860549926758 14.818178176879883
5 86.46511840820312 41.020320892333984 147.3168182373047 75.7203140258789 6 88.58345794677734 74.04077911376953 147.8163299560547 109.07396697998047
9 14.12850570678711 17.377750396728516 32.551788330078125 27.16212272644043 4 13.504889488220215 7.221220970153809 34.322731018066406 17.91193389892578
2 101.56780242919922 121.63860321044922 136.59732055664062 142.446044921875 2 99.2671127319336 104.98091888427734 131.7477569580078 126.26448822021484 4 97.79609680175781 104.00785827636719 136.2034454345703 127.08447265625
2 18.032421112060547 43.0131950378418 65.13641357421875 66.75862884521484 0 14.692179679870605 65.87939453125 61.024620056152344 89.62457275390625 2 22.722139358520508 18.111480712890625 73.46458435058594 46.45607376098633
8 8.68693733215332 31.729881286621094 38.147525787353516 49.80403518676758 2 10.38377857208252 19.121654510498047 38.12440872192383 33.701595306396484 1 11.454278945922852 8.893074035644531 39.04246139526367 22.424060821533203
0 11.330105781555176 23.580780029296875 26.311363220214844 32.38112258911133 7 9.379986763000488 4.9856038093566895 26.978328704833984 15.485931396484375
4 7.514934539794922 19.476215362548828 35.594974517822266 36.56947326660156
2 43.09975051879883 25.25095558166504 97.08987426757812 49.55518341064453 8 36.32415771484375 69.76286315917969 91.76229095458984 98.1955337524414
6 56.05875778198242 92.57547760009766 102.73751068115234 127.79362487792969 9 59.578208923339844 92.71226501464844 106.45491027832031 125.64730072021484 8 55.86030197143555 96.12462615966797 103.84293365478516 125.20953369140625
3 28.531312942504883 23.996095657348633 68.70794677734375 45.19904708862305 6 28.638540267944336 44.087100982666016 61.64657974243164 66.18739318847656 5 29.45558738708496 23.17122459411621 66.96720886230469 46.57989501953125
5 9.287549018859863 17.413623809814453 42.84396743774414 35.409908294677734
1 14.83346939086914 35.53767395019531 67.387451171875 55.89682388305664 4 10.07620620727539 30.82404136657715 69.8851318359375 56.024295806884766 3 19.81839370727539 35.071434020996094 74.2573013305664 55.229759216308594
5 17.827247619628906 17.86259651184082 48.443603515625 37.205345153808594
6 16.215124130249023 51.567604064941406 40.89591598510742 67.62543487548828
9 32.02127456665039 16.472209930419922 85.55860137939453 69.2795639038086 9 44.43058776855469 29.971803665161133 79.72645568847656 55.60893630981445 6 39.58859634399414 26.31127166748047 81.84811401367188 56.48978805541992
8 7.598936557769775 3.3862576484680176 35.49272918701172 19.636249542236328 6 8.55234432220459 19.110328674316406 35.759056091308594 35.34148406982422
5 35.8533935546875 41.133941650390625 62.985652923583984 58.40019989013672 6 37.536399841308594 57.54371643066406 65.28851318359375 76.36614227294922
2 10.204349517822266 7.513010025024414 32.231536865234375 20.514497756958008 1 9.929773330688477 22.818376541137695 31.310182571411133 31.677156448364258
4 4.117214679718018 19.275476455688477 36.047264099121094 37.037879943847656
2 83.5169448852539 43.443599700927734 129.32632446289062 77.96517944335938 7 58.932369232177734 95.90909576416016 109.09186553955078 132.3314208984375 3 66.6114730834961 76.54205322265625 117.72906494140625 109.07696533203125
1 37.823726654052734 34.818748474121094 68.72261047363281 48.71000671386719 9 40.59714889526367 47.3785514831543 68.08566284179688 64.11767578125
4 44.74037170410156 42.24843978881836 76.61660766601562 62.94211196899414 8 44.45543670654297 60.687828063964844 79.40545654296875 82.53547668457031 3 39.29060745239258 22.976335525512695 76.40203857421875 42.097835540771484
2 51.0656852722168 96.76344299316406 117.16983795166016 130.61785888671875
6 8.156003952026367 14.473335266113281 30.4567928314209 28.273595809936523 2 10.133172988891602 1.5172231197357178 30.148971557617188 14.739322662353516
2 43.14242172241211 39.605995178222656 72.04155731201172 58.115848541259766 2 43.824127197265625 54.048057556152344 71.47531127929688 72.61804962158203
5 11.66419792175293 21.193931579589844 52.44667053222656 42.86996078491211 5 1.5926058292388916 41.9224967956543 41.02976608276367 66.46492767333984 1 22.599092483520508 7.568876266479492 64.40666961669922 25.726633071899414
7 137.82786560058594 48.331275939941406 177.74673461914062 85.03336334228516 2 30.090513229370117 84.21183776855469 161.80136108398438 136.39431762695312 2 139.25338745117188 49.83348083496094 175.35940551757812 86.00109100341797
1 99.30021667480469 133.35289001464844 180.17523193359375 166.9176025390625 1 41.97690963745117 79.66068267822266 159.03700256347656 124.28218841552734
6 34.41938018798828 54.90129470825195 101.22866821289062 91.43586730957031 8 32.763736724853516 7.824002265930176 101.89250946044922 46.08108139038086 1 34.938026428222656 101.03453063964844 102.93004608154297 124.63671875
3 9.163015365600586 25.12749481201172 47.037899017333984 45.304622650146484
3 6.4646382331848145 0.6861312985420227 32.161800384521484 15.32176685333252
3 16.45362663269043 73.38153076171875 64.8409194946289 98.36153411865234
2 4.07691764831543 3.3686580657958984 26.94341468811035 18.34183120727539 7 4.534155368804932 17.633026123046875 26.86439323425293 32.10773468017578
8 5.176151275634766 12.733475685119629 28.501081466674805 27.148935317993164
2 3.9164905548095703 17.17089080810547 27.855533599853516 32.082759857177734
2 28.175247192382812 40.843135833740234 56.313758850097656 59.74595260620117 3 27.802520751953125 30.776805877685547 61.44603729248047 48.138214111328125 2 16.062053680419922 32.321170806884766 64.37545013427734 62.854183197021484
6 93.1103515625 55.96750259399414 129.328369140625 80.58809661865234 0 92.6477279663086 57.72654342651367 128.82200622558594 77.89253997802734 7 90.4748764038086 81.4164810180664 124.05996704101562 104.15730285644531
8 8.054733276367188 20.560970306396484 39.37295913696289 41.06077575683594
3 32.6047248840332 31.186311721801758 72.89637756347656 55.02383804321289 0 32.17377853393555 52.622371673583984 67.29607391357422 71.42961120605469
2 37.0807991027832 18.582374572753906 70.9521255493164 37.98116683959961 0 34.32091522216797 36.405277252197266 68.20164489746094 53.5513916015625
0 9.574799537658691 21.418228149414062 33.00537109375 36.95828628540039 9 11.792808532714844 8.128665924072266 35.85094451904297 23.007919311523438
2 18.315101623535156 5.179191589355469 38.48682403564453 19.37010383605957 5 16.625911712646484 19.149410247802734 36.21730422973633 32.667720794677734
7 7.5036540031433105 9.495136260986328 27.971811294555664 20.362823486328125 0 9.350371360778809 18.926286697387695 28.493183135986328 30.16438865661621
2 62.853477478027344 60.176055908203125 147.09170532226562 103.67485046386719 9 65.88919830322266 102.58602142333984 144.4442901611328 148.52760314941406 5 24.32233238220215 74.84274291992188 67.34011840820312 103.72940826416016
3 13.141233444213867 33.27468490600586 54.06437683105469 52.859310150146484 1 13.328791618347168 18.902341842651367 55.51312255859375 32.615394592285156
7 6.3544745445251465 19.867734909057617 26.777433395385742 31.796072006225586
3 12.715258598327637 39.17888641357422 50.363468170166016 57.038516998291016 4 10.277751922607422 23.416706085205078 44.830177307128906 40.258018493652344
4 8.547347068786621 2.9075918197631836 27.96991539001465 17.348773956298828 2 6.2463178634643555 1.7631330490112305 27.893207550048828 14.557538986206055 0 8.959510803222656 14.611104011535645 27.457677841186523 29.427318572998047
2 5.573678970336914 2.3781628608703613 28.13692283630371 16.78595733642578 4 6.119024276733398 16.578250885009766 27.95955467224121 31.71476173400879
4 5.592681407928467 19.068204879760742 25.023441314697266 29.89142417907715 2 4.948183536529541 7.13637113571167 24.768680572509766 19.615026473999023
1 41.754608154296875 51.537742614746094 66.04842376708984 65.9537124633789
2 16.731342315673828 22.818008422851562 40.01576232910156 37.12384796142578
0 25.125600814819336 41.16087341308594 49.294212341308594 53.286346435546875
2 8.892589569091797 13.110316276550293 39.451072692871094 29.76331901550293 5 8.792899131774902 29.156158447265625 39.045467376708984 44.1962890625
2 19.259069442749023 2.8518941402435303 48.14942169189453 21.610889434814453 0 20.52835464477539 22.90291404724121 49.650882720947266 40.778377532958984 1 18.234098434448242 43.22981262207031 47.531593322753906 58.66349792480469
4 11.56875228881836 2.598142385482788 43.130149841308594 21.10121726989746 6 11.813552856445312 21.518037796020508 38.08567428588867 36.44317626953125
3 47.93263626098633 59.909202575683594 84.28068542480469 79.01771545410156 1 49.91324996948242 32.46644592285156 84.08990478515625 48.227115631103516
3 12.027485847473145 6.506708145141602 40.787139892578125 23.759124755859375 6 12.423027038574219 22.182313919067383 41.7938346862793 39.75300598144531
5 13.015209197998047 20.737138748168945 53.36081314086914 45.562435150146484
9 24.696102142333984 29.158212661743164 58.72544860839844 57.8120231628418 2 23.803190231323242 29.871383666992188 62.843360900878906 56.63957977294922
2 4.604616165161133 17.007566452026367 28.872819900512695 30.822362899780273
6 8.242042541503906 30.198280334472656 37.147003173828125 46.301673889160156 1 8.532135009765625 19.402774810791016 35.80426788330078 30.87195587158203
2 85.918212890625 96.13972473144531 146.3226776123047 131.1370849609375
4 16.24532127380371 41.46383285522461 48.5735969543457 59.952999114990234 8 28.116952896118164 56.01702880859375 58.88551330566406 75.37887573242188
6 23.513633728027344 17.781089782714844 55.11763000488281 48.36024856567383
5 4.871851921081543 19.281415939331055 33.52618408203125 32.56532287597656 3 5.2644572257995605 5.901635646820068 34.69582748413086 19.555736541748047
1 69.61474609375 30.103382110595703 138.7545166015625 57.20367431640625
2 20.190462112426758 1.593125820159912 47.09425354003906 17.385326385498047 7 18.903244018554688 16.452760696411133 46.89218521118164 32.63389205932617
0 87.7822265625 24.882076263427734 122.44021606445312 51.79364013671875 9 85.12279510498047 26.62867546081543 126.89058685302734 51.1209602355957 9 82.69599914550781 14.016080856323242 155.27297973632812 53.861019134521484
7 9.610801696777344 20.905258178710938 37.25300979614258 36.20753860473633 9 11.939154624938965 6.471190452575684 37.21169662475586 22.00882911682129
0 31.835338592529297 114.38831329345703 60.21904373168945 136.535888671875 2 27.52200698852539 133.5173797607422 63.07869338989258 148.6953125 1 30.075902938842773 103.4653549194336 59.01655960083008 121.05514526367188
0 81.46222686767578 56.10834884643555 123.20359802246094 78.9868392944336 6 81.2573013305664 52.730289459228516 125.28802490234375 79.74136352539062 1 81.25492858886719 43.22369384765625 120.11151123046875 62.910301208496094
0 9.507185935974121 15.478347778320312 31.495895385742188 31.12407875061035 2 7.107270240783691 3.5942554473876953 31.65651512145996 17.8343505859375
6 18.36754035949707 64.19527435302734 45.32442092895508 81.5776596069336
2 9.024493217468262 19.50301742553711 35.3836669921875 34.89109420776367 5 10.262913703918457 4.470165252685547 36.385284423828125 20.65949249267578
9 16.302806854248047 40.798362731933594 46.43333435058594 56.8033561706543 8 15.404106140136719 25.130887985229492 46.52013397216797 42.978084564208984
2 21.487817764282227 8.698996543884277 54.95954132080078 27.7851505279541 2 24.027620315551758 27.400529861450195 55.534149169921875 43.86532211303711
6 21.206523895263672 46.18008041381836 88.49506378173828 96.17009735107422
1 23.24413299560547 6.289881706237793 45.31029510498047 18.975250244140625 4 20.700687408447266 18.559171676635742 44.52072525024414 31.865999221801758 7 16.547260284423828 29.63584327697754 39.56957244873047 46.335731506347656
1 12.632761001586914 36.33460235595703 44.17161560058594 50.52094268798828 5 17.60991859436035 51.16082000732422 50.472198486328125 71.5467300415039
5 16.159786224365234 36.299015045166016 49.44580078125 56.508968353271484 1 15.827530860900879 18.895092010498047 50.182281494140625 34.0009765625
1 15.076272010803223 2.052400827407837 35.226016998291016 12.656332015991211 9 14.3517484664917 14.344643592834473 35.82499694824219 25.884761810302734
0 12.02971076965332 50.67790603637695 51.977989196777344 74.59198760986328 6 25.242036819458008 32.62615203857422 68.8234634399414 58.02352523803711 6 40.35481643676758 12.423697471618652 82.85041809082031 39.08796310424805
3 8.958715438842773 0.4543933868408203 31.471651077270508 13.25334644317627 5 8.79380989074707 11.05232048034668 32.46033477783203 26.507261276245117
2 26.84123420715332 84.28385925292969 73.20527648925781 108.31809997558594
7 8.041116714477539 19.456897735595703 47.948734283447266 40.97411346435547 2 11.267925262451172 43.441688537597656 50.245216369628906 64.8301773071289
1 15.745736122131348 2.699240207672119 57.286705017089844 19.329692840576172 0 13.164027214050293 39.47950744628906 56.590763092041016 64.6546401977539 6 15.629701614379883 18.613317489624023 58.67788314819336 41.45532989501953
1 17.70675277709961 29.639131546020508 53.68435287475586 46.18349838256836 4 19.582489013671875 45.3462028503418 54.979949951171875 70.27735137939453 4 18.0416316986084 6.686530590057373 53.48066711425781 33.07440948486328
2 6.7827253341674805 27.43665313720703 38.578765869140625 42.15101623535156
5 2.8350963592529297 9.590523719787598 25.59257698059082 24.658897399902344
6 16.73292350769043 22.149221420288086 45.371803283691406 39.30900192260742 1 17.47147560119629 11.523791313171387 45.94534683227539 23.137306213378906
5 28.977066040039062 48.48674774169922 58.22334671020508 67.41535186767578 9 31.762163162231445 49.402400970458984 58.819583892822266 68.08324432373047 4 11.093658447265625 47.244178771972656 70.39972686767578 80.20359802246094
6 96.94580841064453 160.4731903076172 229.89088439941406 213.31092834472656 2 126.73003387451172 70.92716979980469 227.2180938720703 121.40226745605469 7 125.10515594482422 98.43450164794922 224.69540405273438 132.84559631347656
7 160.0531005859375 156.69491577148438 230.84503173828125 237.1280059814453 0 27.90959358215332 61.18855285644531 79.42813873291016 92.98554992675781 0 31.415536880493164 77.74878692626953 73.67675018310547 105.73347473144531
0 45.650299072265625 96.0537338256836 81.03189086914062 116.64154815673828 4 44.882240295410156 74.05724334716797 83.26546478271484 96.16910552978516
4 18.60562515258789 11.18278980255127 42.08918762207031 28.032930374145508
6 17.17720603942871 28.39944839477539 38.9017333984375 45.59942626953125 6 14.659745216369629 13.955456733703613 40.88275909423828 30.252132415771484
9 16.986562728881836 65.61026000976562 94.72330474853516 112.7842788696289 1 54.687660217285156 35.95594024658203 97.97396850585938 59.9598388671875 6 20.055038452148438 66.51646423339844 89.42736053466797 113.58296203613281
5 26.145992279052734 20.036144256591797 49.87870407104492 37.15467834472656 4 25.11071014404297 3.148484230041504 52.45941925048828 20.366085052490234 0 27.960798263549805 36.25718307495117 53.61682891845703 53.402008056640625
6 62.115928649902344 34.940216064453125 114.6819076538086 69.03751373291016 6 42.64277267456055 65.90438842773438 91.88383483886719 98.52776336669922 4 19.251310348510742 102.55137634277344 71.98670959472656 129.0155487060547
7 6.432427406311035 9.867222785949707 34.72704315185547 25.438955307006836
6 9.453583717346191 13.751439094543457 44.430267333984375 32.28291320800781
1 22.747432708740234 28.379356384277344 52.56868362426758 42.524658203125
8 50.4222297668457 42.186431884765625 96.02970123291016 65.73958587646484 0 52.53831100463867 67.45600128173828 96.67131042480469 88.55728149414062 1 43.74222183227539 19.304044723510742 90.39814758300781 40.326171875
8 3.186682939529419 8.395330429077148 22.259416580200195 21.704458236694336
2 6.06640625 13.998858451843262 27.150848388671875 27.995468139648438 7 7.723273277282715 1.1507878303527832 26.738832473754883 14.390149116516113
4 38.83578872680664 5.206128120422363 76.27400970458984 26.015575408935547 1 34.209442138671875 4.838045120239258 73.04986572265625 24.942121505737305
1 22.673280715942383 4.3704729080200195 64.26729583740234 21.41327667236328 5 18.986135482788086 40.79304885864258 62.16946792602539 63.152252197265625 6 20.7012882232666 22.310367584228516 63.31752014160156 41.44527816772461
9 9.305575370788574 18.86672019958496 32.696434020996094 32.82068634033203 6 7.859855651855469 3.7799136638641357 31.32740592956543 18.530569076538086 8 7.373641014099121 3.099397659301758 30.584253311157227 19.321317672729492
9 4.956088066101074 13.084832191467285 28.595935821533203 28.044414520263672
0 20.832111358642578 17.274173736572266 51.80873489379883 31.143545150756836 5 21.093767166137695 31.39558219909668 51.50493621826172 45.49079895019531 1 19.0550594329834 5.721866130828857 48.662506103515625 16.851757049560547
9 15.472770690917969 40.65481185913086 37.32154846191406 55.18936538696289
9 57.59840774536133 63.37028884887695 92.25611114501953 81.2381362915039 9 60.2976188659668 44.69074630737305 93.97640228271484 61.899879455566406
5 7.371169567108154 13.173649787902832 34.55656814575195 26.95781898498535 6 9.6914701461792 26.19281005859375 35.15461349487305 40.79334259033203
0 22.97783088684082 27.02155303955078 71.68181610107422 53.45592498779297
7 109.53463745117188 89.71070861816406 139.31288146972656 108.45643615722656 7 108.18070220947266 106.22460174560547 134.29261779785156 125.65959167480469 2 107.82008361816406 76.32975769042969 143.75819396972656 99.65811920166016
1 95.33439636230469 3.400888681411743 166.64303588867188 40.19651412963867 0 103.4581069946289 122.2723617553711 162.5103302001953 174.67276000976562 1 14.124191284179688 83.47196197509766 99.53460693359375 121.01256561279297
0 135.0670623779297 34.15924072265625 196.48728942871094 77.0719985961914 9 142.32183837890625 36.30699157714844 201.77854919433594 77.65946197509766 6 134.24644470214844 31.864988327026367 206.02685546875 79.71453094482422
3 28.024808883666992 48.58308029174805 68.0308609008789 63.46945571899414 3 29.530284881591797 21.183242797851562 70.00399017333984 38.84144973754883 3 27.892356872558594 34.801475524902344 67.66101837158203 49.28282928466797
7 36.06081771850586 21.28565216064453 58.355812072753906 34.677486419677734 1 38.97027587890625 10.017890930175781 60.59785842895508 23.514408111572266 6 35.771339416503906 33.757347106933594 59.72148895263672 49.89260482788086
1 14.600481986999512 4.450830936431885 39.248924255371094 16.194711685180664 3 17.701026916503906 19.30080223083496 39.54804611206055 32.231868743896484
1 135.2705535888672 84.596435546875 196.14962768554688 119.11672973632812
7 23.406103134155273 48.38161087036133 52.21841812133789 66.80104064941406
7 31.57308578491211 48.24659729003906 68.19884490966797 71.60054779052734
8 9.461957931518555 23.701316833496094 42.39295959472656 41.57938003540039 1 9.662296295166016 5.5267839431762695 43.25292205810547 23.195068359375
7 6.592350006103516 3.0433578491210938 30.587596893310547 18.78453826904297 4 10.372621536254883 17.345073699951172 32.02207946777344 31.591094970703125
2 8.652390480041504 18.932762145996094 29.348739624023438 29.655363082885742 4 8.325709342956543 7.727853298187256 30.708547592163086 20.42517852783203
0 9.308202743530273 29.40428352355957 40.372413635253906 45.53178024291992 3 7.3951520919799805 14.220060348510742 38.42933654785156 30.730133056640625
6 21.007083892822266 15.4427490234375 79.80413055419922 52.94155502319336
9 21.597610473632812 16.194419860839844 50.51380157470703 33.535247802734375
6 7.677321434020996 14.653640747070312 43.25284194946289 38.68403244018555
1 19.31058692932129 43.14628219604492 80.88285827636719 65.30769348144531 2 17.622570037841797 65.81929016113281 72.87042999267578 96.4053955078125 6 30.350526809692383 10.655769348144531 84.77812957763672 43.617034912109375
2 54.64265823364258 72.9124755859375 106.41253662109375 115.62125396728516 1 58.6542854309082 6.670377731323242 111.912841796875 41.589111328125 3 45.633216857910156 73.35089874267578 103.62062072753906 116.73905181884766
2 19.615922927856445 9.095586776733398 53.136268615722656 26.68583106994629 1 13.14414119720459 36.95640182495117 50.978607177734375 50.271156311035156 8 15.00316333770752 23.837520599365234 51.77400588989258 39.79958724975586
0 30.110877990722656 116.2739028930664 102.11302185058594 162.35150146484375 3 60.66836929321289 23.325328826904297 138.38546752929688 67.50088500976562 1 41.30588912963867 72.3447494506836 119.00155639648438 106.6825180053711
3 3.8190784454345703 2.4532699584960938 28.867374420166016 15.907191276550293 2 4.1413960456848145 15.19933032989502 27.905311584472656 29.8519287109375
3 14.389192581176758 25.3592529296875 54.39094161987305 50.8754997253418 1 13.477487564086914 3.6884002685546875 52.31552505493164 22.89628791809082
6 24.211585998535156 95.52519226074219 96.74443817138672 134.978515625 3 35.51803970336914 99.06103515625 115.60411834716797 139.23043823242188 5 32.455142974853516 97.40182495117188 111.64618682861328 138.54441833496094
2 21.34566307067871 26.459369659423828 45.12235641479492 43.168426513671875 8 21.766759872436523 41.967735290527344 43.398529052734375 60.6429328918457
8 93.48751831054688 86.38255310058594 129.45494079589844 108.11905670166016 2 98.912841796875 104.77708435058594 128.80274963378906 124.84355163574219 2 97.49302673339844 87.72220611572266 130.7141571044922 108.79036712646484
1 22.497587203979492 52.419342041015625 66.93455505371094 70.3406982421875 8 25.12664794921875 72.22730255126953 69.6377944946289 91.58982849121094
6 27.738323211669922 43.69636535644531 61.77926254272461 72.3951187133789 4 27.878568649291992 72.28987884521484 61.231414794921875 94.91598510742188
5 5.2990312576293945 8.112241744995117 29.720373153686523 20.229007720947266
5 35.15281677246094 38.27334213256836 84.77285766601562 76.74855041503906
6 6.013922214508057 10.384503364562988 39.47794723510742 25.52397346496582
2 17.96358871459961 26.721580505371094 40.45542907714844 41.13227844238281
7 32.089942932128906 49.856807708740234 75.27897644042969 74.78143310546875
9 11.504293441772461 34.3022575378418 76.6042709350586 73.69768524169922
2 29.247451782226562 44.7680778503418 58.8011474609375 61.51795196533203
2 33.13235855102539 36.345611572265625 64.31180572509766 56.32542037963867 1 34.895198822021484 20.11267852783203 64.28990936279297 35.799747467041016
5 13.854997634887695 22.004005432128906 44.049232482910156 41.340576171875
2 11.998446464538574 3.227809190750122 47.91487503051758 24.287616729736328 2 13.159330368041992 37.75875473022461 44.475852966308594 56.74546432495117 3 12.84642219543457 21.883161544799805 44.04710006713867 39.413734436035156
7 8.983548164367676 15.11571979522705 36.24223327636719 30.017690658569336 1 10.171536445617676 27.539838790893555 36.29918670654297 38.86802673339844
5 9.025785446166992 28.54530906677246 37.88546371459961 45.09065628051758 7 8.10848617553711 15.567720413208008 35.900779724121094 29.784406661987305
0 41.46824645996094 106.48004150390625 88.62309265136719 131.91497802734375 2 42.67546081542969 85.2341079711914 91.11505889892578 110.37881469726562
1 22.219388961791992 12.012951850891113 46.078853607177734 23.660816192626953
4 32.71855545043945 38.49129867553711 54.625831604003906 52.6013298034668
4 3.8360846042633057 3.025010585784912 20.484485626220703 14.40780258178711
5 50.700340270996094 44.00910949707031 99.77845001220703 71.70108795166016
4 10.308659553527832 23.30739402770996 32.95751953125 37.72366714477539 2 10.83687686920166 7.960698127746582 34.999385833740234 23.969316482543945
3 10.260804176330566 4.437341690063477 33.38197326660156 17.345300674438477 6 15.36218547821045 16.325761795043945 35.881351470947266 28.952951431274414
1 88.42713165283203 15.220616340637207 167.23162841796875 51.21366882324219
4 42.32802963256836 33.46805953979492 123.34988403320312 101.3884048461914 9 49.5184326171875 41.056583404541016 128.4581298828125 99.97576141357422 1 43.284202575683594 31.09220314025879 134.22860717773438 99.02886962890625
6 6.147254943847656 20.537986755371094 28.946529388427734 35.0
6 2.7696712017059326 18.781700134277344 28.64459991455078 34.15199661254883 2 4.155050754547119 3.40606689453125 29.41155433654785 18.89313507080078
5 49.825008392333984 16.26516342163086 122.7577133178711 50.390480041503906
6 34.205902099609375 17.93360710144043 67.14698028564453 39.677886962890625 8 35.15532302856445 50.23106384277344 69.16995239257812 71.5436782836914
6 24.12429428100586 27.736650466918945 77.36670684814453 50.96144104003906 6 16.536224365234375 48.15049362182617 67.35081481933594 70.95596313476562 1 33.335357666015625 10.665310859680176 85.97715759277344 34.565208435058594
8 66.78077697753906 86.59044647216797 136.2917938232422 124.10584259033203 0 66.41375732421875 121.84217834472656 134.270751953125 164.01219177246094 1 66.19325256347656 56.74542999267578 137.8822479248047 86.85682678222656
2 8.367470741271973 9.466752052307129 32.310733795166016 22.329038619995117 3 6.174209117889404 23.296300888061523 32.27039337158203 36.652496337890625
8 59.88445281982422 62.02402114868164 89.88765716552734 79.82169342041016 3 62.50105285644531 46.75935745239258 91.36404418945312 66.61566925048828 0 60.9528694152832 62.643253326416016 92.18891143798828 79.46692657470703
4 15.456880569458008 9.837132453918457 71.16287231445312 36.96089172363281
8 7.892523765563965 24.72872543334961 39.43752670288086 36.782474517822266 6 7.775504112243652 15.0368070602417 30.989580154418945 28.516178131103516 3 7.279930114746094 21.187423706054688 39.20017623901367 37.16695785522461
2 8.579977989196777 16.210546493530273 33.87405014038086 29.10260009765625 2 8.65026569366455 29.579607009887695 31.22332000732422 41.08271789550781
5 19.29864501953125 31.67925453186035 53.430259704589844 50.41855239868164 3 14.8392333984375 48.55415344238281 49.45991897583008 64.69239044189453
4 28.525033950805664 61.52027130126953 79.04170227050781 93.34693145751953 1 25.73218536376953 10.899534225463867 76.98808288574219 38.065467834472656 4 31.718412399291992 38.39668273925781 73.0829086303711 60.279624938964844
1 9.540796279907227 2.6350324153900146 32.81114196777344 13.412755012512207
9 10.96860122680664 10.124542236328125 28.465795516967773 21.4559268951416 0 9.391833305358887 20.939977645874023 28.203800201416016 31.356233596801758
3 7.0794196128845215 25.668807983398438 32.56486892700195 41.06949996948242 2 7.113336563110352 14.17550277709961 34.25676345825195 27.865243911743164 1 7.8101935386657715 2.6974947452545166 34.00556945800781 15.189142227172852
3 71.50607299804688 96.59037017822266 113.5867919921875 119.39639282226562
2 8.385649681091309 5.424997806549072 35.265689849853516 20.939804077148438 6 9.058965682983398 19.472930908203125 34.723297119140625 33.67987060546875
2 34.91594314575195 12.737177848815918 110.06552124023438 57.70648956298828 1 32.68290328979492 53.49818420410156 107.85581970214844 78.80406951904297 3 24.870302200317383 76.74433135986328 100.66929626464844 118.96437072753906
1 44.85531234741211 79.49346160888672 93.76895904541016 103.00883483886719
1 7.924554824829102 13.458452224731445 41.13941192626953 34.97647476196289
2 14.545015335083008 13.817456245422363 36.00579071044922 25.81456184387207 8 14.737251281738281 25.827836990356445 35.19218444824219 38.64836502075195
1 5.164755344390869 23.947145462036133 35.30846405029297 36.62452697753906 3 5.92409610748291 9.082192420959473 35.7682991027832 25.72610855102539
4 10.866724014282227 17.345964431762695 31.41621971130371 28.564598083496094
6 16.549388885498047 44.509788513183594 75.29946899414062 73.00816345214844 2 23.28204917907715 11.239815711975098 84.34805297851562 42.64402389526367
2 38.483428955078125 57.89292526245117 113.86051940917969 94.1533432006836 6 15.101827621459961 43.2017707824707 47.07815933227539 66.808349609375 2 31.01898956298828 11.738105773925781 110.7091293334961 51.00943374633789
6 19.606788635253906 8.895642280578613 71.03123474121094 35.49159240722656 1 91.20858764648438 12.563756942749023 125.4289779663086 34.705039978027344 3 19.496185302734375 9.9454927444458 67.47691345214844 39.218692779541016
7 59.728729248046875 110.56200408935547 111.23432159423828 142.06890869140625
2 3.8357226848602295 10.800167083740234 31.839115142822266 26.742313385009766
5 17.927515029907227 13.613574981689453 50.489891052246094 35.42048263549805 9 9.464215278625488 39.92011642456055 46.38801193237305 60.21345901489258
5 41.393524169921875 97.45547485351562 73.23545837402344 119.18939208984375 0 40.03244400024414 73.19995880126953 78.20048522949219 94.34805297851562 9 39.66746139526367 46.78290557861328 78.53736114501953 76.29310607910156
2 6.687771797180176 2.039093017578125 33.34850311279297 18.03627586364746 5 8.908330917358398 18.370590209960938 31.349712371826172 33.79375076293945
1 4.462674617767334 4.18452262878418 40.60526657104492 19.21466636657715
1 6.099677085876465 5.695585250854492 34.15481948852539 17.143056869506836
2 8.867025375366211 7.089909076690674 44.01422119140625 23.570133209228516
8 6.966763019561768 21.25992774963379 33.65398025512695 36.73984146118164
8 14.365762710571289 39.61585235595703 45.3817138671875 58.75120544433594 5 14.039767265319824 15.6539306640625 47.47388458251953 36.93706130981445 1 13.371247291564941 0.0 47.489559173583984 14.518853187561035
2 7.856790065765381 20.873979568481445 42.45053482055664 44.043434143066406
2 63.43317413330078 10.133756637573242 87.08118438720703 24.160564422607422 5 80.12078094482422 18.516435623168945 118.75959014892578 38.947532653808594 2 61.242767333984375 22.25748634338379 87.02391052246094 37.532352447509766
0 10.248117446899414 23.733150482177734 42.030948638916016 43.797264099121094 4 8.662239074707031 6.316254138946533 38.8575439453125 23.767202377319336
4 72.69819641113281 109.9842529296875 107.6155776977539 132.4379425048828 4 71.025634765625 88.41531372070312 110.76525115966797 114.56224060058594 2 70.98872375488281 91.73528289794922 108.15946960449219 114.44132995605469
4 8.889250755310059 6.744420528411865 34.621646881103516 21.443504333496094 3 7.637908935546875 20.104280471801758 34.387664794921875 35.76266098022461
3 2.980088233947754 14.676464080810547 23.61738395690918 25.31159019470215
2 33.8563346862793 71.72685241699219 68.5807113647461 93.16354370117188 2 18.562503814697266 91.55184936523438 54.17536544799805 114.67230987548828 3 47.05903244018555 51.89160919189453 80.78963470458984 76.0916519165039
3 10.362107276916504 16.09878158569336 39.60768127441406 31.137678146362305
1 8.514206886291504 29.804584503173828 34.20896911621094 42.03684997558594 4 7.836289882659912 27.839059829711914 34.9043083190918 42.808509826660156
9 59.40855026245117 77.04570007324219 93.51661682128906 96.84208679199219
3 20.27549171447754 46.724422454833984 53.325984954833984 66.63182830810547 1 21.804309844970703 30.321456909179688 54.28645324707031 45.150634765625
7 36.412872314453125 40.8064079284668 58.46563720703125 50.7297477722168
2 107.28182983398438 50.871700286865234 159.21365356445312 81.74851989746094 3 112.09497833251953 93.40559387207031 161.02566528320312 125.80845642089844
3 6.489240646362305 16.13396453857422 25.410024642944336 26.29518699645996 3 5.50952672958374 6.1758131980896 25.124860763549805 16.918930053710938
9 8.289007186889648 26.30356216430664 28.45274543762207 38.8030891418457 1 8.490859985351562 18.928224563598633 28.502304077148438 28.18096351623535 4 9.28270149230957 16.55586051940918 28.42194938659668 28.8615779876709
2 82.1219711303711 14.479060173034668 148.3152618408203 53.14519119262695 4 84.62559509277344 92.47858428955078 170.91253662109375 158.495849609375 0 101.39769744873047 187.83860778808594 160.7120819091797 219.77796936035156
3 21.33405303955078 32.188018798828125 67.71304321289062 59.5744514465332 5 17.15719223022461 28.387535095214844 68.61399841308594 58.53175354003906 4 13.980090141296387 29.649600982666016 66.30736541748047 55.34603500366211
8 12.975589752197266 8.842653274536133 68.12046813964844 39.95618438720703
5 7.168265342712402 26.89869499206543 34.12773132324219 40.4291877746582 2 8.585742950439453 12.360695838928223 34.09897994995117 27.10903549194336
6 60.04172134399414 38.98398208618164 98.19158172607422 62.01645278930664 8 58.30595016479492 36.720272064208984 97.79268646240234 64.56896209716797 9 62.660037994384766 36.8387565612793 108.8658447265625 65.29045867919922
2 9.040362358093262 2.8513615131378174 29.580066680908203 17.574054718017578
2 12.657327651977539 47.42913818359375 58.46297836303711 73.51221466064453 6 11.810262680053711 46.386871337890625 41.61632537841797 66.73056030273438
6 2.793346643447876 21.109697341918945 37.20597457885742 42.328712463378906 9 4.528909206390381 2.0464370250701904 38.326297760009766 22.246294021606445
3 3.639939785003662 14.749774932861328 29.099750518798828 30.44981575012207 1 4.353775501251221 0.18191519379615784 29.645381927490234 12.830124855041504
2 34.62272644042969 0.16573314368724823 60.70975875854492 16.439090728759766 6 30.557228088378906 16.360074996948242 61.063865661621094 35.167789459228516
1 11.784759521484375 21.40950584411621 48.58650588989258 35.609397888183594 1 10.071825981140137 38.132328033447266 47.74198913574219 55.55868911743164 2 11.784430503845215 2.366957187652588 47.6971435546875 22.669492721557617
2 36.41162109375 27.207704544067383 66.01837158203125 43.718650817871094 2 34.248619079589844 16.455463409423828 62.60847854614258 31.52912712097168 3 30.568878173828125 3.5591278076171875 60.71144485473633 17.90325164794922
4 42.56269836425781 2.705777406692505 138.553466796875 73.68757629394531 9 25.214914321899414 79.65724182128906 131.0347900390625 153.91004943847656
2 54.09831619262695 42.414363861083984 93.54378509521484 67.99185943603516 8 55.845375061035156 46.37615203857422 92.0484848022461 65.90265655517578 3 56.208213806152344 47.688377380371094 90.90106964111328 65.27530670166016
5 12.463423728942871 18.808950424194336 34.32120132446289 32.69864273071289 3 13.537972450256348 6.065525054931641 35.90576934814453 19.01502227783203
6 1.8457748889923096 11.703902244567871 22.319337844848633 24.21394157409668 5 8.746520042419434 0.7729068994522095 28.360321044921875 13.342547416687012 3 7.455552101135254 0.6065948605537415 28.530567169189453 12.95519733428955
8 8.791534423828125 28.56113624572754 38.923465728759766 43.69963836669922 3 7.946014881134033 11.317811012268066 39.3521728515625 28.258058547973633
2 12.821048736572266 21.811872482299805 45.91765213012695 41.92216873168945 2 10.83459758758545 41.15721130371094 42.7898063659668 60.47930908203125
6 14.56419563293457 66.0045394897461 74.46935272216797 90.37688446044922 5 23.256227493286133 68.775390625 69.85494995117188 92.22063446044922 3 21.200260162353516 71.37712097167969 68.3348159790039 93.76375579833984
1 10.793004035949707 4.669589996337891 40.311058044433594 16.640544891357422 6 14.920633316040039 16.313343048095703 40.009559631347656 28.83989143371582
0 20.422611236572266 26.537200927734375 39.63373565673828 40.26629638671875
1 7.206187725067139 11.574535369873047 41.42792892456055 27.50286102294922
5 44.36220169067383 0.6845337152481079 108.05660247802734 37.561279296875 9 50.35462188720703 5.17305850982666 102.4238052368164 35.549896240234375 1 29.215383529663086 37.864681243896484 123.52598571777344 67.52168273925781
8 16.11311912536621 35.66341781616211 43.115943908691406 51.44248580932617 3 17.796804428100586 20.712066650390625 45.757511138916016 34.77151107788086 1 19.706600189208984 7.993221282958984 45.7337532043457 20.43227195739746
0 69.72469329833984 41.49191665649414 96.37003326416016 54.652488708496094 7 52.79130554199219 70.55924987792969 78.59632110595703 88.13906860351562 4 54.5695915222168 71.22802734375 81.38043212890625 88.21084594726562
1 33.10610580444336 3.3792724609375 69.59725189208984 20.284395217895508 0 31.229644775390625 28.643848419189453 68.53329467773438 46.517181396484375
5 12.214532852172852 25.27417755126953 43.05841064453125 37.468013763427734
4 11.985471725463867 5.813562870025635 35.235294342041016 20.897850036621094
2 32.300376892089844 3.7596399784088135 96.72258758544922 40.66191482543945 1 19.948963165283203 34.99977493286133 86.29004669189453 58.235103607177734 0 22.90088653564453 55.14899826049805 77.22286987304688 87.32755279541016
1 51.200828552246094 32.95143127441406 92.15151977539062 54.53166961669922 2 36.615699768066406 93.40215301513672 82.26718139648438 121.725830078125
3 26.793853759765625 34.99679946899414 111.71470642089844 77.50193786621094 1 28.194873809814453 8.020347595214844 112.45140075683594 36.67338562011719 0 25.645957946777344 75.8093032836914 112.00373840332031 123.59066009521484
5 38.25450134277344 144.89410400390625 115.42425537109375 188.1830596923828 1 115.01428985595703 121.75440979003906 157.9300079345703 144.48548889160156 2 14.305943489074707 20.20975685119629 85.01310729980469 66.71281433105469
3 8.609823226928711 25.697734832763672 32.135345458984375 39.91386795043945 9 8.533829689025879 11.78491497039795 32.590816497802734 26.504615783691406
0 21.139354705810547 38.68681335449219 49.126564025878906 53.86140823364258
5 6.1289215087890625 23.223987579345703 37.101585388183594 41.86085510253906
6 5.449492454528809 10.02383804321289 23.802087783813477 23.753189086914062
2 7.661070823669434 0.43887269496917725 29.154409408569336 12.96314811706543 7 7.004401683807373 14.099432945251465 28.227758407592773 26.16182518005371
2 63.76343536376953 62.44668960571289 95.05413818359375 80.5396499633789 2 65.63444519042969 81.12128448486328 92.4429702758789 94.80302429199219
1 12.404424667358398 26.236209869384766 35.675628662109375 37.55927658081055 6 12.087686538696289 10.547399520874023 35.85169982910156 26.59140396118164
2 11.526017189025879 19.82319450378418 35.4054069519043 32.52582550048828 7 8.53558349609375 32.58650207519531 31.8900203704834 42.0 1 11.209266662597656 32.483612060546875 32.240169525146484 41.82720947265625
2 26.821788787841797 40.81249237060547 61.4036750793457 63.365421295166016 1 10.802106857299805 27.110469818115234 43.92774963378906 42.47164535522461 1 44.83313751220703 62.04136276245117 78.26197814941406 77.5012435913086
5 6.794991970062256 14.613531112670898 29.184547424316406 28.855884552001953
4 8.153897285461426 29.089637756347656 31.60055923461914 40.49189376831055 1 5.803549766540527 19.806047439575195 30.90655517578125 29.001354217529297
2 16.428237915039062 15.215254783630371 55.38780975341797 36.3720703125 1 11.640876770019531 36.397560119628906 48.512149810791016 51.22117233276367
9 7.321482181549072 15.890095710754395 32.8479118347168 30.612850189208984 5 8.946257591247559 0.2433299869298935 32.389404296875 13.942374229431152
6 14.035551071166992 28.770587921142578 72.50773620605469 70.89315032958984 9 14.982965469360352 31.556798934936523 72.36112213134766 72.97388458251953
2 25.149126052856445 7.842896938323975 46.75747299194336 24.14924430847168
5 9.429813385009766 27.908519744873047 41.06758117675781 48.306129455566406
9 3.9636600017547607 14.425016403198242 33.98213577270508 31.849435806274414
0 109.49972534179688 116.64734649658203 148.58053588867188 137.53436279296875
8 14.948331832885742 31.82343864440918 46.567771911621094 52.118682861328125 5 16.845600128173828 12.297422409057617 49.54065704345703 32.94206237792969
2 13.281312942504883 2.794142246246338 42.04032516479492 23.043119430541992
0 18.663639068603516 63.07179641723633 42.67119598388672 76.24919891357422
6 22.597137451171875 12.34639835357666 48.612430572509766 29.23236656188965 7 22.38397979736328 27.258834838867188 46.88070297241211 46.486595153808594
2 41.518917083740234 24.69429588317871 65.81232452392578 41.825374603271484 9 43.0107421875 40.61845397949219 65.68157196044922 56.151954650878906 1 18.341936111450195 27.319965362548828 37.745941162109375 39.634254455566406
4 56.397987365722656 17.295982360839844 121.28833770751953 60.68412399291992 0 54.45840072631836 56.52775955200195 124.0929946899414 101.59877014160156
2 4.542109966278076 0.8774201273918152 33.21954345703125 15.40880298614502 3 4.985400199890137 15.309492111206055 33.245670318603516 31.55597496032715
2 16.392345428466797 0.0 60.627464294433594 30.72541618347168 6 15.582947731018066 30.236309051513672 61.59642791748047 65.62014770507812
5 28.95100212097168 36.81517791748047 67.12407684326172 56.6486930847168 2 31.011764526367188 54.08247375488281 67.80574035644531 71.27400970458984 4 33.89252853393555 69.8403549194336 72.29827117919922 89.41175079345703
2 29.464946746826172 32.81652069091797 72.44801330566406 53.16852951049805 7 18.932735443115234 61.178646087646484 61.25464630126953 82.93189239501953 7 23.695480346679688 50.22727966308594 65.40274810791016 67.66193389892578
9 9.015907287597656 5.532858371734619 27.14289093017578 18.80601692199707 5 7.3740363121032715 18.676908493041992 27.66974639892578 31.008623123168945
8 7.702099323272705 6.978156566619873 36.56570053100586 27.75706672668457
2 10.563481330871582 2.1276915073394775 68.02367401123047 29.460105895996094 4 11.990560531616211 27.797313690185547 71.33207702636719 55.41482162475586 3 12.840815544128418 53.31868362426758 68.22885131835938 80.40690612792969
4 23.38024139404297 59.77772521972656 60.004783630371094 74.7826919555664 2 22.11155891418457 44.47908401489258 57.28550720214844 60.1649169921875 5 20.178449630737305 28.158306121826172 58.23633575439453 45.90939712524414
6 2.453706741333008 2.041313648223877 19.953933715820312 13.931587219238281
0 11.829973220825195 33.8416633605957 40.0737190246582 51.84465789794922 3 9.039315223693848 12.146686553955078 42.18911361694336 32.49252700805664 5 11.494664192199707 12.030181884765625 41.35676574707031 33.06557083129883
6 99.82540893554688 34.23554611206055 153.40618896484375 75.46442413330078 5 102.25894165039062 52.71685791015625 144.5793914794922 78.94509887695312 4 16.79427146911621 35.744625091552734 138.05807495117188 91.53718566894531
2 9.980224609375 43.71528625488281 35.468658447265625 59.68473815917969
2 11.703478813171387 28.597606658935547 40.61467742919922 44.4844970703125 5 9.298813819885254 17.548357009887695 36.37064743041992 31.277225494384766 2 7.824626445770264 4.416600704193115 35.43929672241211 20.106233596801758
1 33.60848617553711 5.6899847984313965 70.13720703125 29.981740951538086 5 24.90605926513672 20.92148208618164 61.86709976196289 48.602821350097656
2 16.238975524902344 2.8631629943847656 53.31711959838867 20.48381996154785 0 18.83077621459961 21.773115158081055 54.55048370361328 38.842201232910156 7 12.97686767578125 40.168209075927734 52.58059310913086 61.357337951660156
3 97.2756576538086 83.92190551757812 168.2608642578125 117.16980743408203 4 17.53069305419922 58.65864944458008 168.94342041015625 142.4670867919922 7 94.35163116455078 83.22218322753906 163.0147705078125 118.08576202392578
5 7.5267863273620605 12.301727294921875 34.96907043457031 28.340734481811523
9 91.1977310180664 12.289224624633789 142.16221618652344 54.38767623901367 6 82.85385131835938 12.793249130249023 140.20680236816406 51.374969482421875 3 85.69581604003906 11.323625564575195 139.77090454101562 55.022769927978516
4 18.159931182861328 50.420494079589844 84.11135864257812 91.39312744140625 1 16.000873565673828 25.15512466430664 80.53491973876953 51.0703010559082
3 11.791187286376953 40.06173324584961 58.43730545043945 66.35484313964844 1 12.773308753967285 27.14419937133789 61.27627944946289 42.633140563964844 1 16.236230850219727 11.43432903289795 63.06940460205078 31.882144927978516
2 19.90291404724121 14.580451965332031 45.74605941772461 31.471569061279297
2 54.886634826660156 47.39008712768555 88.94881439208984 73.97685241699219 5 56.505882263183594 21.215890884399414 89.19742584228516 42.52056884765625
4 36.77396011352539 36.19032287597656 75.9210433959961 56.02678298950195 3 34.74325180053711 52.784732818603516 76.00216674804688 71.7335205078125
6 3.838250160217285 2.3894104957580566 21.296113967895508 14.415994644165039
1 46.138065338134766 23.507347106933594 138.5340118408203 60.35055160522461 0 50.95848083496094 108.08660125732422 92.52848815917969 146.31997680664062 1 38.794036865234375 4.842404365539551 150.6877899169922 40.59939956665039
5 7.602118968963623 3.594670534133911 26.457080841064453 13.36429500579834
2 26.107112884521484 0.0 71.11717987060547 20.200027465820312 5 29.608102798461914 34.1407585144043 71.78168487548828 53.37393569946289 0 24.30203628540039 16.622251510620117 70.46363067626953 35.994022369384766
6 18.04010772705078 52.93019485473633 69.83151245117188 94.35810089111328
3 10.37537956237793 34.39755630493164 44.17912292480469 53.60303497314453 5 11.99689769744873 17.61087417602539 43.124237060546875 34.941471099853516 1 14.458669662475586 3.932281970977783 46.48993682861328 19.913921356201172
2 36.73637390136719 26.10124969482422 68.51931762695312 43.80191421508789 2 35.71351623535156 8.396554946899414 71.02731323242188 25.39389419555664
3 5.554464817047119 10.939488410949707 25.32215690612793 22.725669860839844
2 27.034067153930664 5.821440696716309 49.292991638183594 18.87473487854004
3 9.169447898864746 25.51688003540039 34.27733612060547 40.40606689453125
4 33.802738189697266 153.8211669921875 96.95890045166016 206.59646606445312 1 7.716066837310791 111.83186340332031 102.64164733886719 150.4295196533203 4 16.036212921142578 108.95990753173828 107.27890014648438 152.8717803955078
5 40.78083801269531 20.985544204711914 72.51073455810547 42.297645568847656 3 39.96797180175781 24.71837615966797 73.25613403320312 51.71567916870117 5 43.62553787231445 33.78657150268555 73.8178482055664 50.80812454223633
7 129.55364990234375 110.99520111083984 200.1846466064453 153.01846313476562 9 41.38736343383789 106.24835968017578 190.84341430664062 168.16378784179688 7 38.67021942138672 103.16641998291016 181.20330810546875 175.13504028320312
1 12.937788009643555 12.231637954711914 37.18550109863281 24.195140838623047
5 17.772844314575195 7.257325649261475 46.40797805786133 22.830570220947266
3 7.2885050773620605 15.078936576843262 28.21918487548828 27.82734489440918
2 17.734346389770508 23.322261810302734 44.889366149902344 41.96587371826172 2 17.69951820373535 14.811424255371094 43.5654411315918 31.661319732666016
3 5.648780345916748 1.1550178527832031 33.677913665771484 17.032928466796875
0 108.58958435058594 22.746021270751953 142.9254913330078 42.07666778564453 1 24.28045654296875 0.0 62.97064208984375 19.893693923950195 3 65.565185546875 8.207353591918945 104.36837005615234 30.99117660522461
0 68.71463012695312 70.56901550292969 147.4746551513672 123.96285247802734
1 25.124670028686523 38.543758392333984 54.92458724975586 52.63113021850586 5 24.642728805541992 55.7271728515625 55.20011901855469 72.98210144042969
0 8.973068237304688 18.91157341003418 35.5140266418457 34.03894805908203 2 7.886408805847168 0.8505930304527283 37.06983947753906 17.727983474731445
8 11.838634490966797 39.408668518066406 40.22692108154297 53.669654846191406 2 11.46636962890625 38.858734130859375 46.73055648803711 53.450645446777344
3 75.11995697021484 175.08493041992188 143.81637573242188 212.40853881835938 8 85.69145965576172 177.64981079101562 139.13333129882812 211.2932891845703 5 80.38882446289062 177.9973907470703 133.71591186523438 210.8307342529297
1 21.52758026123047 10.469060897827148 55.31194305419922 26.91889762878418
5 14.965361595153809 14.002095222473145 32.814022064208984 25.44711685180664 0 15.007979393005371 25.934690475463867 31.75676727294922 37.162052154541016
2 10.773624420166016 22.726598739624023 31.791458129882812 35.23107147216797 1 9.842631340026855 0.0 31.458633422851562 9.67851448059082 3 7.63953971862793 11.025845527648926 25.652284622192383 22.491073608398438
7 12.185500144958496 25.606212615966797 57.895484924316406 52.29515075683594 6 8.461737632751465 0.4964345693588257 53.72294235229492 25.53358268737793
2 61.186683654785156 74.4823226928711 102.77518463134766 98.9005355834961 9 62.38526153564453 100.12105560302734 101.28422546386719 121.79792022705078
4 8.649123191833496 20.484188079833984 37.195228576660156 36.65685272216797 2 7.877323627471924 1.8718323707580566 38.09488296508789 19.453418731689453
6 45.5080680847168 70.3783187866211 73.9076919555664 86.17527770996094
9 7.729722023010254 21.79458999633789 27.789348602294922 33.748836517333984 6 6.355820655822754 12.100835800170898 26.80087661743164 24.027259826660156 5 3.881256103515625 18.43681526184082 29.815168380737305 34.34451675415039
2 42.4005241394043 63.00611114501953 79.25439453125 82.45256805419922
2 27.725173950195312 24.959199905395508 55.68094253540039 43.85734558105469 4 27.5086727142334 45.07773208618164 57.0040283203125 64.87195587158203 1 23.845088958740234 5.667969703674316 55.73550796508789 22.56146240234375
4 4.252962589263916 2.3811843395233154 22.77992820739746 13.22904109954834 0 3.8470358848571777 12.004975318908691 21.7584171295166 23.058361053466797 6 2.615330934524536 12.592704772949219 21.60120964050293 23.901601791381836
1 5.332253456115723 19.813932418823242 27.847942352294922 29.02669906616211
5 15.207162857055664 51.95624923706055 43.79595184326172 69.59425354003906 0 14.990004539489746 37.039302825927734 41.209991455078125 53.58454895019531 1 16.310321807861328 25.497556686401367 42.367767333984375 38.479164123535156
3 16.351505279541016 1.2712757587432861 43.038002014160156 15.780379295349121
1 50.082313537597656 1.222926378250122 106.84806060791016 24.864410400390625 2 25.9310245513916 62.57222366333008 55.43946075439453 82.0956039428711
7 26.126998901367188 19.461462020874023 51.86091995239258 36.317325592041016 5 41.390655517578125 10.000001907348633 135.3151092529297 51.919334411621094 1 26.505475997924805 21.590259552001953 51.896297454833984 35.276771545410156
7 5.415278911590576 3.7271320819854736 25.440420150756836 14.207178115844727 1 5.37042760848999 14.473243713378906 25.483484268188477 24.006513595581055
2 20.51204490661621 12.987192153930664 53.509925842285156 36.118717193603516 9 15.207282066345215 31.522985458374023 44.84123229980469 52.890541076660156
6 24.843339920043945 55.360145568847656 104.67330932617188 107.20292663574219
3 13.576918601989746 24.728683471679688 41.91087341308594 38.37555694580078 4 12.396988868713379 11.286587715148926 43.488609313964844 27.48357391357422 9 13.775887489318848 36.05113983154297 41.327980041503906 50.70271682739258
2 4.38067102432251 5.422379493713379 22.728273391723633 15.781402587890625 3 4.782558441162109 15.185539245605469 22.740116119384766 25.28952980041504
6 32.627418518066406 47.90110778808594 66.82211303710938 69.68814849853516 5 15.508132934570312 22.358205795288086 47.685935974121094 42.25783157348633
2 12.531657218933105 0.0 45.49320602416992 19.044519424438477 0 13.802742958068848 18.552593231201172 37.58026885986328 35.33491134643555
8 10.736357688903809 1.2624611854553223 30.44643783569336 14.465726852416992
1 49.3542594909668 25.306758880615234 88.56989288330078 50.73975372314453 0 46.66753005981445 53.98133850097656 79.8345718383789 76.69310760498047
9 25.471521377563477 31.923511505126953 50.227203369140625 48.294097900390625 6 19.394718170166016 28.334177017211914 50.00465774536133 47.48240661621094 6 10.779972076416016 25.440181732177734 59.71257019042969 61.88510513305664
1 30.58114242553711 49.4715576171875 53.35174560546875 61.64494323730469 2 26.441438674926758 65.47000885009766 50.81171798706055 83.53852081298828 1 28.741016387939453 38.22188949584961 58.5739860534668 57.43502426147461
5 15.225056648254395 34.52385711669922 50.96199035644531 55.566158294677734 2 21.851797103881836 16.834495544433594 55.82076644897461 36.4464111328125 1 12.039800643920898 54.83234405517578 47.23490524291992 68.09367370605469
2 6.469689846038818 7.662730693817139 46.03461837768555 32.775672912597656
4 2.105332851409912 0.7878933548927307 21.93377113342285 11.778792381286621 9 7.385837554931641 13.054697036743164 26.01010513305664 25.14808464050293
5 43.22493362426758 179.48828125 163.10736083984375 231.9798583984375 3 47.037471771240234 183.600341796875 154.14959716796875 231.10386657714844 3 36.138790130615234 67.80296325683594 205.5682830810547 146.92059326171875
5 17.243619918823242 21.655494689941406 81.45133209228516 58.11550521850586 3 11.502279281616211 56.15673828125 87.50480651855469 97.16741943359375 1 12.92941951751709 0.0 79.56674194335938 22.664596557617188
7 18.557024002075195 26.169361114501953 45.91494369506836 43.14234161376953 4 16.686819076538086 8.76014232635498 45.64105987548828 26.823902130126953 5 21.02790641784668 42.683773040771484 45.986000061035156 60.322750091552734
1 13.844467163085938 14.54709529876709 35.36494827270508 25.904247283935547 6 13.020994186401367 28.24918556213379 35.937744140625 42.97910690307617
2 25.53729248046875 5.667909622192383 58.61909103393555 29.250106811523438 0 25.42900276184082 30.211387634277344 58.498897552490234 54.433143615722656 1 23.807220458984375 54.55367660522461 57.85926818847656 74.45820617675781
2 29.78208351135254 18.427358627319336 52.384063720703125 31.45700454711914 9 30.954465866088867 30.455768585205078 52.213619232177734 44.744319915771484 5 28.645753860473633 4.7566752433776855 51.57486343383789 20.025745391845703
0 57.1995735168457 62.108497619628906 146.14111328125 105.49730682373047
2 13.687661170959473 8.961143493652344 43.06718063354492 25.10749053955078 3 15.316679954528809 25.099899291992188 43.820762634277344 40.89944839477539
1 6.382669448852539 0.49822482466697693 33.83152389526367 15.264416694641113
1 9.576041221618652 21.20892333984375 70.89090728759766 46.97700119018555 1 10.28579044342041 47.328277587890625 71.54265594482422 76.70201873779297
8 66.32691955566406 44.690895080566406 123.7344970703125 80.28065490722656 6 64.37638854980469 44.7061767578125 120.06034088134766 79.25521087646484 3 54.88016128540039 40.22099304199219 118.130615234375 84.54167175292969
1 16.582820892333984 11.903726577758789 41.354312896728516 23.008310317993164 5 17.099666595458984 20.955463409423828 39.64155578613281 35.08571243286133
1 23.359222412109375 0.0 109.85913848876953 39.57649230957031 7 30.232925415039062 26.131309509277344 120.30035400390625 82.09130859375 2 22.309375762939453 29.163938522338867 113.25562286376953 90.2302474975586
7 8.342416763305664 20.371858596801758 31.713685989379883 34.0932502746582
2 11.716045379638672 8.253031730651855 48.44703674316406 30.589597702026367 4 11.504268646240234 31.031583786010742 50.10986328125 55.97938537597656
9 21.468599319458008 16.391029357910156 60.074710845947266 41.891090393066406 9 23.183074951171875 1.9346929788589478 57.937477111816406 24.181325912475586 8 22.664081573486328 16.29043960571289 59.18621063232422 42.35451889038086
0 42.45444107055664 78.1382827758789 71.21527862548828 94.5191650390625 2 38.76140594482422 51.94538497924805 73.2203140258789 71.52471160888672 4 38.2027473449707 45.226444244384766 71.72711944580078 72.59037780761719
6 10.892156600952148 0.0 36.232452392578125 13.231714248657227 4 10.884815216064453 24.937105178833008 34.55122756958008 39.22977066040039 8 11.245288848876953 11.70191764831543 35.045692443847656 25.98584747314453
2 19.043188095092773 24.086956024169922 51.403167724609375 42.96681594848633 1 18.020719528198242 13.410146713256836 50.27703857421875 26.22608184814453 7 17.84641456604004 44.574249267578125 50.57906723022461 63.82579803466797
9 17.295799255371094 53.595130920410156 52.33756637573242 73.82410430908203 2 18.360830307006836 12.64851188659668 54.85576248168945 33.57098388671875 3 16.64293670654297 34.08940505981445 53.57924270629883 53.6263427734375
9 23.13275146484375 46.02445602416992 56.6381950378418 66.5824203491211 4 25.65237045288086 30.916353225708008 61.54355239868164 50.16508102416992
0 11.87696361541748 24.14405632019043 46.76615905761719 38.80152130126953 1 13.109403610229492 37.437416076660156 46.43584060668945 49.504058837890625 1 11.59007740020752 13.298667907714844 48.33315658569336 25.510324478149414
2 51.6917724609375 4.985293865203857 77.92845916748047 20.675180435180664
2 6.985190391540527 22.857492446899414 39.52958297729492 42.620849609375
9 16.952585220336914 38.194610595703125 67.23038482666016 60.12047576904297 1 20.908021926879883 22.562870025634766 69.02710723876953 39.841575622558594 7 17.121440887451172 20.675426483154297 63.89336395263672 40.04771041870117
5 11.912160873413086 3.3347103595733643 41.89752960205078 23.96656608581543 9 13.409869194030762 25.102922439575195 40.100440979003906 41.30681610107422 4 13.818245887756348 7.0836710929870605 38.329368591308594 22.905353546142578
3 22.688703536987305 23.41377067565918 51.69770431518555 42.13262176513672
1 96.82650756835938 58.286197662353516 135.04476928710938 79.0302505493164 8 102.09741973876953 72.33318328857422 140.41465759277344 93.54838562011719 1 19.455564498901367 93.88399505615234 104.51011657714844 122.2264633178711
7 21.66288948059082 48.94364929199219 66.90497589111328 76.40360260009766 4 19.61678695678711 25.033143997192383 67.46247863769531 51.02126693725586
1 13.88455581665039 35.39714050292969 59.99227523803711 50.135719299316406 3 11.52913761138916 3.7140510082244873 59.37349319458008 35.422611236572266 5 16.811664581298828 5.416271686553955 61.533878326416016 36.05500793457031
5 10.814024925231934 28.46734046936035 41.15023422241211 49.7123908996582
2 11.785346031188965 2.775193929672241 41.163673400878906 18.36644172668457 7 11.77777099609375 35.12835693359375 38.27800369262695 47.87876892089844 0 13.851900100708008 19.96197509765625 38.63195037841797 35.26055908203125
2 24.504207611083984 14.225483894348145 47.136783599853516 29.876623153686523 9 26.99673843383789 28.718120574951172 46.07577896118164 41.38495635986328
6 9.56928825378418 11.588188171386719 45.20522689819336 34.35189437866211
5 11.92805004119873 21.115436553955078 38.95685958862305 38.979122161865234 9 10.2965726852417 7.496894359588623 36.55650329589844 22.036090850830078
4 44.60513687133789 85.61875915527344 81.25713348388672 109.4708023071289 2 43.3249626159668 61.157257080078125 83.18498229980469 85.65718078613281
5 0.0 1.3620240688323975 24.210599899291992 15.772075653076172
3 53.79050064086914 10.660883903503418 98.89458465576172 33.27078628540039
4 5.837540626525879 1.171273112297058 24.7734432220459 15.064468383789062 7 6.9017252922058105 16.243070602416992 23.186182022094727 26.70969581604004
9 109.53746032714844 21.441274642944336 170.4156494140625 77.9714126586914 6 107.07474517822266 20.022706985473633 173.16262817382812 75.35809326171875 0 119.87680053710938 19.707021713256836 172.74427795410156 77.8484115600586
5 55.85539627075195 93.68025207519531 111.9691390991211 129.53701782226562 5 39.2188720703125 50.9226188659668 94.17252349853516 87.45574951171875
5 4.625583648681641 15.341634750366211 31.778135299682617 30.189531326293945
8 29.529144287109375 29.837419509887695 62.284568786621094 49.58063888549805 1 22.205734252929688 12.421154975891113 61.113014221191406 31.024885177612305
9 17.537813186645508 13.864460945129395 38.38084030151367 25.086030960083008 3 15.761470794677734 26.533573150634766 36.95655822753906 37.19411849975586
7 43.60063171386719 216.58624267578125 190.95782470703125 270.60150146484375 2 101.89805603027344 52.7650032043457 112.62385559082031 62.859161376953125 2 83.1353988647461 42.407920837402344 131.9928436279297 75.76317596435547
2 7.4997477531433105 14.889541625976562 31.3994083404541 29.09707260131836 2 7.27944278717041 1.2677279710769653 30.6275577545166 14.600225448608398
8 33.74372482299805 1.7452137470245361 64.33866119384766 23.981481552124023 3 27.987628936767578 22.425683975219727 61.931671142578125 42.899173736572266
5 5.207352638244629 1.8343348503112793 28.430604934692383 15.711421012878418 4 4.703337669372559 14.473498344421387 28.038917541503906 29.431501388549805
2 25.621089935302734 22.85072898864746 55.943241119384766 36.49519348144531
9 55.3596076965332 49.8179931640625 76.14271545410156 61.42021942138672 0 56.38442611694336 50.07421112060547 76.75782775878906 61.018890380859375 1 55.01338195800781 40.957176208496094 76.49775695800781 53.1093864440918
6 8.15299129486084 17.612695693969727 30.919387817382812 30.26688575744629 1 8.062559127807617 6.867107391357422 33.371795654296875 18.984325408935547
7 15.596348762512207 41.10319137573242 48.56998825073242 64.31025695800781 5 16.02018165588379 24.595584869384766 43.42439651489258 42.99019241333008 3 13.9590425491333 23.823854446411133 44.40692901611328 44.71182632446289
3 4.786808490753174 9.462257385253906 27.160091400146484 23.175378799438477 2 5.794932842254639 8.742682456970215 25.844688415527344 23.2336368560791 9 4.226496696472168 10.651023864746094 26.06508445739746 22.766082763671875
3 31.90915298461914 33.134063720703125 70.8194351196289 51.88984298706055 5 39.502052307128906 35.667171478271484 69.08480072021484 49.58387756347656 4 38.89533615112305 35.0770378112793 67.5268325805664 49.512359619140625
2 16.88113784790039 4.1369524002075195 37.34113311767578 16.837915420532227 7 15.586127281188965 15.593918800354004 35.82605743408203 28.498680114746094
1 32.6051139831543 100.73914337158203 70.31715393066406 120.11331176757812
2 8.547165870666504 8.470793724060059 35.771629333496094 24.822959899902344 4 8.639472007751465 25.255645751953125 37.02865219116211 42.44550323486328
5 25.132795333862305 19.591398239135742 48.26014709472656 32.43902587890625 1 25.25886344909668 7.352663993835449 49.896663665771484 17.705591201782227
9 28.28813362121582 52.29704666137695 64.11112976074219 79.53655242919922 5 32.28059387207031 39.75094985961914 66.6246566772461 60.4559211730957 4 28.79486656188965 39.90408706665039 60.57374954223633 61.225196838378906
4 20.18924331665039 28.1873779296875 43.59765625 42.72996139526367
6 56.18791961669922 21.70275115966797 93.6183853149414 48.89975357055664
2 27.173686981201172 38.624629974365234 59.344791412353516 54.63557052612305 0 25.925491333007812 52.99934768676758 56.80506896972656 67.95113372802734 6 23.574975967407227 67.07782745361328 55.290283203125 81.16926574707031
6 4.87226676940918 8.649081230163574 21.79787826538086 19.87200355529785
0 76.64737701416016 35.66109848022461 121.53247833251953 58.22064971923828
1 54.569000244140625 5.76437520980835 75.0177001953125 15.107897758483887
6 13.557267189025879 9.19389820098877 36.03972625732422 22.953182220458984 8 12.164783477783203 9.330092430114746 37.538639068603516 23.51552963256836 0 14.639581680297852 8.852888107299805 37.89992904663086 24.372791290283203
2 36.9092903137207 21.522886276245117 76.63707733154297 44.852134704589844
3 5.050922870635986 3.220515489578247 26.867483139038086 16.599822998046875 6 5.049546718597412 18.862079620361328 26.940879821777344 31.5540771484375
6 15.494230270385742 46.37923812866211 72.76677703857422 72.4368896484375 4 22.59359359741211 28.00617218017578 77.47073364257812 48.341224670410156 0 27.12608528137207 0.13061589002609253 65.73147583007812 22.166772842407227
0 178.08206176757812 83.8441390991211 222.58892822265625 111.70365905761719 4 40.64297866821289 12.492053985595703 189.66317749023438 87.68303680419922 9 28.210817337036133 21.233034133911133 176.05613708496094 74.8659439086914
8 4.860028266906738 6.143237113952637 28.02094841003418 21.142444610595703
2 8.81563663482666 16.468664169311523 51.747135162353516 29.732295989990234 9 10.175759315490723 27.390113830566406 50.47359848022461 41.03795623779297
0 8.864645957946777 13.997198104858398 27.673137664794922 24.92609405517578 3 6.343082427978516 23.76636505126953 28.632553100585938 33.99884796142578
2 35.2818603515625 76.61383056640625 63.867313385009766 97.86341094970703
3 11.297045707702637 1.3070857524871826 64.7863998413086 34.830169677734375 9 13.898689270019531 31.57347869873047 61.503082275390625 64.27574920654297
8 34.263240814208984 57.04817581176758 80.02963256835938 86.38690185546875 1 13.135185241699219 39.80648422241211 92.3349380493164 61.67628479003906 5 18.07621192932129 58.331050872802734 82.3535385131836 89.2286148071289
5 12.311598777770996 18.98436737060547 45.514015197753906 36.706077575683594 2 13.613371849060059 2.625051736831665 45.655250549316406 19.19773292541504 3 10.473599433898926 36.87127685546875 45.66047286987305 53.593013763427734
4 19.985382080078125 20.73902702331543 45.95243835449219 35.75127410888672 0 19.644683837890625 33.70024871826172 42.37533950805664 47.26102066040039
2 15.134723663330078 17.504432678222656 33.820438385009766 28.488985061645508 2 15.490890502929688 4.963830471038818 33.72783279418945 18.05562400817871 7 14.911398887634277 28.256956100463867 34.64420700073242 40.3095817565918
4 26.526397705078125 55.33079147338867 105.08124542236328 94.22174072265625 5 97.57000732421875 99.06471252441406 124.30268096923828 121.04271697998047 1 29.899303436279297 59.833492279052734 104.1283950805664 96.5616683959961
1 74.29443359375 37.53484344482422 128.73989868164062 65.08409118652344 2 56.14326095581055 63.59962463378906 117.81717681884766 98.29869842529297
2 16.36408805847168 12.955101013183594 46.39645004272461 26.564781188964844 3 17.28818702697754 25.1231746673584 45.84733581542969 40.813934326171875 3 15.535614013671875 1.2555551528930664 45.315826416015625 14.30447769165039
2 13.168413162231445 25.586585998535156 42.00241470336914 39.9965934753418 2 14.354568481445312 12.004386901855469 41.324214935302734 27.354324340820312 7 13.145979881286621 39.99314498901367 41.88022232055664 53.55604934692383
2 18.65347671508789 9.368561744689941 51.92360305786133 25.7323055267334 5 13.93752670288086 41.69717025756836 46.458518981933594 58.13496017456055 8 18.050090789794922 27.011112213134766 49.631927490234375 41.482913970947266
4 5.074679374694824 2.727104425430298 28.506181716918945 19.4751033782959
2 59.88072204589844 60.730567932128906 121.83008575439453 89.62006378173828 2 37.37420654296875 73.19637298583984 96.03681182861328 105.53697967529297 2 72.71559143066406 30.200340270996094 124.03790283203125 60.9931640625
1 39.21112823486328 48.484066009521484 78.43049621582031 67.98076629638672 4 32.45227813720703 75.95452117919922 66.82656860351562 98.96263122558594
9 9.087763786315918 9.600695610046387 28.81972885131836 22.361787796020508
2 6.927880764007568 2.7140860557556152 29.900501251220703 14.957813262939453 1 6.3202056884765625 14.750177383422852 29.10148048400879 25.901660919189453 1 6.568851470947266 3.509917974472046 29.662736892700195 15.2078218460083
2 30.694032669067383 37.395103454589844 65.05126953125 54.2060546875 8 31.70646858215332 50.79990768432617 64.76349639892578 70.6224365234375
2 10.780945777893066 37.76396560668945 50.296661376953125 58.416683197021484 2 9.04409122467041 19.62531089782715 49.51160430908203 39.19032287597656 1 7.648809909820557 3.954524517059326 47.12557601928711 19.213285446166992
1 20.877641677856445 20.809720993041992 51.80870819091797 34.031578063964844 7 15.07448959350586 46.90574645996094 45.29138946533203 62.4597053527832 0 19.485546112060547 33.01062774658203 47.897579193115234 46.82929611206055
4 53.09140396118164 85.71052551269531 103.48330688476562 113.59526062011719 8 51.730716705322266 58.676185607910156 103.57483673095703 84.37165832519531 1 48.8493766784668 34.49067306518555 102.67178344726562 59.32523727416992
2 6.745595455169678 4.0357666015625 34.220611572265625 19.883913040161133 5 5.363213539123535 21.535667419433594 32.12835693359375 36.69769287109375
6 5.299736022949219 3.4008865356445312 26.040199279785156 16.235145568847656 8 3.7925188541412354 15.251978874206543 25.11324119567871 27.841163635253906
7 27.696367263793945 62.80106735229492 80.06653594970703 92.77252197265625 5 31.091556549072266 35.2119255065918 82.31848907470703 65.50865173339844 3 30.422283172607422 3.14259672164917 82.09882354736328 34.97452926635742
1 20.435606002807617 52.959503173828125 63.68809127807617 80.55128479003906 9 20.47829818725586 88.85259246826172 56.123268127441406 108.1068344116211 0 21.15537452697754 68.51783752441406 62.93180465698242 88.79446411132812
1 4.910918235778809 0.9475486278533936 27.419950485229492 12.816385269165039 4 3.7190420627593994 12.330962181091309 26.918636322021484 24.70507049560547
7 43.00577163696289 94.0032730102539 123.82926177978516 145.41966247558594 2 46.366729736328125 36.61619567871094 126.65447998046875 94.04170227050781 1 47.30569076538086 3.630983352661133 121.55642700195312 36.81565475463867
9 9.847431182861328 17.495952606201172 26.612995147705078 26.261871337890625 3 9.307958602905273 8.87157154083252 26.66230010986328 18.074974060058594 8 9.674288749694824 8.330689430236816 27.158763885498047 18.044477462768555
9 5.671905517578125 15.346224784851074 34.230377197265625 33.789710998535156
5 19.621055603027344 106.59324645996094 55.836788177490234 128.6854705810547
2 32.3204231262207 63.89129638671875 66.33845520019531 84.71288299560547
1 47.68387222290039 33.985755920410156 88.05821228027344 53.78630828857422 4 51.10712814331055 75.90489959716797 90.4923095703125 96.51982116699219 0 54.164588928222656 102.32129669189453 97.19286346435547 130.17843627929688
7 6.91711950302124 9.393876075744629 30.989910125732422 24.11583137512207 7 6.3075947761535645 23.111738204956055 31.1787166595459 36.82788848876953
5 9.885971069335938 8.578757286071777 36.32951354980469 22.173254013061523
1 28.727890014648438 25.207286834716797 66.40338134765625 44.20386505126953 1 17.192134857177734 78.64396667480469 84.29296112060547 98.6822509765625 5 31.158201217651367 51.23412322998047 68.81576538085938 72.09835052490234
7 6.240941524505615 3.161952495574951 29.993980407714844 16.84873390197754 9 5.1755900382995605 15.995208740234375 29.606342315673828 30.921558380126953
1 23.9873046875 41.35166549682617 151.11505126953125 82.62528228759766
2 51.43564224243164 35.21086502075195 140.73841857910156 90.976806640625
2 11.97706413269043 5.362729072570801 31.70620346069336 19.29994773864746
3 66.7570571899414 0.0 147.42576599121094 35.2479362487793 1 97.79789733886719 0.34355324506759644 145.4699249267578 31.234390258789062 1 100.97643280029297 0.0 147.06747436523438 10.954445838928223
3 11.666613578796387 25.0784912109375 53.9405517578125 51.300567626953125
9 18.213151931762695 19.61440658569336 41.95361328125 32.16264724731445 3 14.50191879272461 19.26993179321289 41.94700622558594 32.42422866821289 2 16.279556274414062 17.75649642944336 43.74869918823242 33.3027458190918
2 20.76889991760254 4.571798324584961 60.37565231323242 30.13778305053711 4 23.109472274780273 38.5555534362793 61.31065368652344 61.59183120727539
3 33.31270217895508 46.60062026977539 77.3868637084961 69.54251098632812 3 91.32704162597656 82.16588592529297 143.6323699951172 106.46408081054688 2 34.503231048583984 45.112369537353516 75.14221954345703 67.96121215820312
0 100.22562408447266 73.43354797363281 143.31661987304688 93.80327606201172 6 102.06727600097656 31.272703170776367 146.76902770996094 59.57976150512695 0 97.7154769897461 59.02973937988281 144.11514282226562 87.10651397705078
1 13.349220275878906 24.855403900146484 45.341156005859375 42.21832275390625 1 16.999757766723633 7.832390785217285 47.69380187988281 24.359451293945312
5 9.821470260620117 1.671765685081482 37.63896942138672 17.005361557006836
5 18.568647384643555 19.15314292907715 54.931724548339844 42.32816696166992 1 20.214458465576172 2.8337395191192627 55.54722595214844 24.172039031982422
9 4.728672504425049 26.04771614074707 35.296142578125 46.59601593017578
7 16.177474975585938 48.36743927001953 51.987937927246094 69.45578002929688 1 17.762523651123047 16.878446578979492 53.615867614746094 33.154541015625 9 14.784822463989258 66.41189575195312 54.24726867675781 91.61276245117188
2 3.4572160243988037 13.877219200134277 26.403444290161133 28.249961853027344 1 2.9927709102630615 2.826296091079712 26.248620986938477 13.12005615234375
9 7.044434547424316 0.0 25.456594467163086 14.063249588012695 8 6.647601127624512 0.07817143946886063 26.313711166381836 14.264120101928711 3 6.594411373138428 0.8945026993751526 24.255470275878906 13.6650972366333
1 11.596614837646484 3.6527271270751953 40.755767822265625 15.37109375 7 10.912928581237793 16.53057289123535 40.437583923339844 32.49325180053711 7 10.701675415039062 33.97128677368164 39.774375915527344 48.35044479370117
4 49.20570373535156 162.83428955078125 164.8777313232422 239.72682189941406 2 48.967220306396484 151.63816833496094 158.0493621826172 228.4228973388672 0 39.249820709228516 90.78929138183594 160.333740234375 166.41610717773438
8 17.74232292175293 53.490535736083984 44.520259857177734 65.97711181640625
6 14.029516220092773 12.701029777526855 31.136016845703125 23.866256713867188 4 12.975950241088867 23.302080154418945 31.692176818847656 34.98474884033203
5 14.574286460876465 35.51698303222656 46.94517135620117 56.54912185668945 4 16.342138290405273 3.9636683464050293 46.430763244628906 23.642757415771484 1 14.734247207641602 23.374483108520508 48.4532585144043 37.81849670410156
3 7.866343975067139 9.462924003601074 28.293991088867188 25.367931365966797
2 8.923432350158691 10.79499340057373 30.276498794555664 23.121606826782227 9 8.47715950012207 21.509845733642578 24.71062469482422 32.76302719116211
1 10.649741172790527 2.3173694610595703 38.36857604980469 12.467155456542969 0 13.682144165039062 11.795151710510254 37.41930389404297 24.893699645996094
7 16.32830238342285 45.40857696533203 43.46453857421875 65.00595092773438
7 7.550431251525879 26.648714065551758 38.59516906738281 42.69279098510742 1 10.886646270751953 20.70859146118164 39.77872085571289 31.885244369506836
4 5.326966285705566 17.646501541137695 29.666854858398438 30.207836151123047 5 3.514500141143799 7.106089115142822 27.150161743164062 19.217693328857422
7 12.400480270385742 24.548601150512695 33.5867805480957 40.6068000793457 5 13.171521186828613 47.826473236083984 32.7647590637207 62.75223159790039 1 10.873388290405273 7.217044830322266 34.479164123535156 20.126758575439453
7 18.86437225341797 25.378637313842773 49.662452697753906 46.786277770996094 7 18.823930740356445 14.184296607971191 50.333709716796875 35.438194274902344
7 14.626850128173828 45.85734939575195 39.149593353271484 59.9223518371582 3 16.48866081237793 33.34025192260742 40.7640495300293 46.64218521118164
7 13.069668769836426 55.41079330444336 33.09097671508789 72.03763580322266
8 3.57974910736084 16.04932975769043 33.99030303955078 32.33281707763672
6 20.61171531677246 49.878135681152344 71.3041000366211 82.47191619873047 9 23.960025787353516 49.085975646972656 72.75550079345703 81.62085723876953 0 27.12154769897461 49.45307540893555 74.16817474365234 83.31759643554688
1 66.30683898925781 16.53706932067871 114.26956176757812 42.37006759643555
9 11.525050163269043 0.9440386891365051 31.685577392578125 12.812613487243652 0 9.954113960266113 11.60078239440918 31.60138511657715 23.266263961791992 3 8.073097229003906 22.11335563659668 33.12860870361328 35.22119903564453
2 10.888381004333496 0.016461754217743874 38.50924301147461 15.904587745666504 3 10.28312873840332 30.91136360168457 37.757568359375 46.94985580444336 9 12.034502029418945 16.68556022644043 38.50613784790039 31.799644470214844
3 36.19401168823242 54.1797981262207 74.82478332519531 78.5271224975586 6 37.5590934753418 22.86665153503418 77.33961486816406 45.79142379760742
2 25.858957290649414 33.648338317871094 72.14461517333984 60.302066802978516 5 26.40971565246582 60.326820373535156 66.02395629882812 82.85111999511719
2 70.14856719970703 89.197265625 126.34417724609375 113.36405181884766
7 17.04916763305664 17.88892364501953 42.85206604003906 28.3083438873291
7 15.90511417388916 31.605070114135742 37.50775909423828 47.61949920654297
6 15.351469039916992 19.59282875061035 39.360252380371094 34.96278762817383
1 37.88202667236328 9.568328857421875 120.80316925048828 46.84563064575195
4 17.33910369873047 53.00216293334961 64.25396728515625 79.21465301513672 1 29.730087280273438 18.535049438476562 75.96581268310547 37.16501998901367 1 25.83619499206543 35.595394134521484 70.55781555175781 52.593143463134766
2 14.902657508850098 28.115633010864258 37.28982925415039 44.237239837646484
5 11.726827621459961 14.413422584533691 33.10686492919922 24.139509201049805
6 18.188325881958008 36.7332763671875 47.97822189331055 54.73872375488281 1 22.861303329467773 5.001192569732666 50.0780143737793 17.415678024291992 0 23.95193099975586 15.75090503692627 49.30126190185547 36.241905212402344
1 15.437599182128906 29.68498992919922 54.72815704345703 44.530548095703125 5 18.315759658813477 10.780722618103027 57.11604309082031 30.983089447021484
4 5.2013468742370605 15.451987266540527 28.419845581054688 29.419557571411133 1 6.809334754943848 4.424638271331787 28.26187515258789 14.876404762268066
1 31.340909957885742 9.022287368774414 61.70635986328125 19.37881851196289 9 33.66863250732422 18.769268035888672 57.758750915527344 32.66073989868164 2 33.04243850708008 18.877225875854492 57.8881950378418 31.955543518066406
2 14.597339630126953 12.945783615112305 47.60694122314453 29.543174743652344
9 47.54981994628906 2.7715368270874023 152.51510620117188 63.51420974731445
4 6.327141284942627 20.500852584838867 32.9715576171875 36.16303253173828 1 4.215100288391113 8.486770629882812 33.021217346191406 21.00306510925293
2 49.64441680908203 31.689449310302734 74.44779968261719 49.125762939453125 1 13.81186580657959 54.835174560546875 54.44512176513672 74.67865753173828 8 50.546142578125 30.361961364746094 75.09130096435547 49.35627365112305
2 83.78474426269531 16.351503372192383 139.11776733398438 54.080684661865234
6 41.08493423461914 60.93180465698242 66.41133880615234 77.01685333251953 8 39.199588775634766 38.240989685058594 68.05818176269531 58.48322296142578 9 40.35725402832031 39.43020248413086 68.60310363769531 57.844844818115234
7 3.1332318782806396 5.698564052581787 21.685853958129883 15.097900390625 0 4.776905059814453 15.107028007507324 23.558076858520508 26.53452491760254
9 47.06571960449219 98.30703735351562 102.17460632324219 138.13536071777344 6 38.49856948852539 98.17704010009766 98.8318099975586 134.8572540283203 8 43.85847473144531 97.55956268310547 97.74405670166016 139.3540496826172
1 41.04132843017578 103.9095230102539 160.2845458984375 140.4255828857422 5 25.09099006652832 26.37050437927246 154.78604125976562 99.95296478271484
1 13.593814849853516 57.16298294067383 43.44149398803711 69.82432556152344 0 13.515144348144531 65.27193450927734 44.531578063964844 81.71353149414062 3 25.867843627929688 35.819252014160156 74.72252655029297 64.26416778564453
2 10.386675834655762 8.013337135314941 41.30996322631836 25.475975036621094 4 12.500638008117676 25.555683135986328 42.401084899902344 43.078651428222656
8 9.060959815979004 7.263465881347656 57.24155044555664 36.234928131103516 3 12.07852554321289 6.545899868011475 60.13121032714844 33.875518798828125 5 19.097970962524414 3.6320266723632812 60.8973503112793 24.694625854492188
9 7.4718098640441895 26.397199630737305 29.67792510986328 39.79450225830078
1 19.532926559448242 24.555923461914062 70.39525604248047 46.03477478027344 3 19.515180587768555 60.96311569213867 69.49870300292969 82.85928344726562 6 19.5543155670166 40.7625732421875 68.85576629638672 64.42642211914062
2 7.678160667419434 26.866802215576172 33.25999450683594 40.900203704833984
4 62.16182327270508 40.53750991821289 124.04039001464844 68.10016632080078
6 4.0763163566589355 3.4626450538635254 27.88599967956543 18.49365234375
7 7.523677349090576 22.569591522216797 28.42799186706543 34.827735900878906 4 9.541109085083008 11.316195487976074 29.726083755493164 22.67381477355957 2 8.896456718444824 0.0 28.797548294067383 12.196383476257324
4 39.30504608154297 69.59831237792969 75.81717681884766 86.734619140625 4 39.008209228515625 75.5636978149414 79.43775177001953 97.61992645263672 2 44.160560607910156 96.27826690673828 75.63890075683594 115.02046966552734
1 34.26327896118164 1.6409223079681396 71.06329345703125 22.42498779296875 9 23.78321647644043 4.195275783538818 82.5721206665039 50.51982879638672 6 22.01624298095703 4.133367538452148 77.72775268554688 44.890159606933594
7 73.71759033203125 98.82257080078125 102.4759292602539 118.83406829833984 1 75.64665985107422 84.8079833984375 101.79438781738281 95.95738220214844 4 75.16829681396484 84.00684356689453 103.67562866210938 103.03048706054688
4 12.513385772705078 18.74611473083496 34.7040901184082 30.649843215942383 7 12.577030181884766 11.526249885559082 33.178043365478516 23.2229061126709 2 14.506728172302246 3.2351701259613037 35.0853385925293 15.260819435119629
6 11.123762130737305 42.50779342651367 50.39726638793945 73.0 5 19.46434211730957 15.862526893615723 63.685638427734375 45.23685073852539 3 20.190507888793945 16.320199966430664 61.7022590637207 45.305938720703125
2 6.505688667297363 19.062755584716797 29.4462833404541 34.802425384521484
2 7.931281089782715 33.103904724121094 42.45110321044922 51.363372802734375 1 10.72799015045166 20.631969451904297 44.376033782958984 34.222496032714844
2 21.191747665405273 11.2724027633667 54.34837341308594 30.31085777282715 2 23.646495819091797 21.934812545776367 54.20447540283203 43.44118881225586 3 17.526329040527344 23.069942474365234 53.420955657958984 42.534202575683594
5 10.09448528289795 2.6103551387786865 60.53485107421875 36.330257415771484
1 6.323795318603516 7.967326641082764 33.028926849365234 19.269607543945312 7 4.445496559143066 17.80078125 32.681087493896484 32.024478912353516
4 21.704500198364258 2.259852647781372 44.03953552246094 16.23845100402832 9 22.174495697021484 18.374263763427734 44.54596710205078 33.060489654541016 0 23.827625274658203 17.331588745117188 43.805076599121094 31.256011962890625
2 42.55270004272461 37.10802459716797 96.95402526855469 76.53926086425781 6 60.14958953857422 8.076436996459961 113.96663665771484 41.62140655517578 2 25.631183624267578 75.57027435302734 81.49752807617188 111.67799377441406
1 37.176910400390625 28.86788558959961 98.62681579589844 59.78495788574219 3 64.20181274414062 3.243950366973877 119.91525268554688 43.12741470336914 8 21.23167610168457 50.55965042114258 84.00421905517578 92.05384063720703
7 36.29608917236328 47.06082534790039 70.89119720458984 65.59888458251953
1 21.148611068725586 55.09362030029297 47.972347259521484 66.3037109375 4 21.652002334594727 44.89892578125 48.28268814086914 58.08823013305664 2 11.417566299438477 2.5747909545898438 55.46184539794922 24.95572280883789
4 5.029886245727539 16.707332611083984 28.05596923828125 29.837995529174805
6 6.732411861419678 147.66970825195312 110.3768310546875 194.49620056152344 5 15.221831321716309 149.70960998535156 105.14350128173828 199.0 2 130.54544067382812 146.40817260742188 168.68569946289062 173.7356414794922
9 114.21944427490234 98.8019027709961 155.5184783935547 129.25213623046875 3 97.04489135742188 93.79654693603516 154.2416229248047 130.4417724609375 5 107.53677368164062 95.35728454589844 151.38197326660156 130.01190185546875
1 26.20817756652832 2.234252452850342 54.938819885253906 15.384679794311523 9 27.028125762939453 16.251270294189453 56.178890228271484 34.26603317260742
6 26.0080509185791 38.422271728515625 48.989173889160156 53.70139694213867 2 22.388545989990234 23.90233039855957 47.417213439941406 37.78154373168945
3 25.608434677124023 3.5986223220825195 61.79486846923828 21.915857315063477 3 22.004793167114258 20.421106338500977 65.0130386352539 41.37496566772461 2 18.947935104370117 53.26314163208008 50.92682647705078 75.18368530273438
1 17.522441864013672 17.821434020996094 45.445396423339844 30.592493057250977 5 17.860021591186523 41.23515701293945 45.72868728637695 57.46409606933594
6 8.936436653137207 23.563472747802734 46.753395080566406 47.90019226074219 4 9.152175903320312 3.0517027378082275 46.527015686035156 22.746932983398438
6 54.18306350708008 30.200481414794922 84.47447204589844 49.98002243041992 8 16.2653865814209 29.657377243041992 68.95642852783203 50.55140686035156 3 19.30027198791504 31.941057205200195 77.29232788085938 51.18390655517578
0 39.936767578125 54.576717376708984 98.1713638305664 90.61467742919922 1 54.1679573059082 33.66444778442383 111.17145538330078 66.47862243652344 1 17.958980560302734 71.39344787597656 74.58769989013672 109.16407012939453
7 72.60818481445312 115.40835571289062 122.73817443847656 143.0859832763672 1 66.3918685913086 82.72929382324219 121.57466125488281 108.82701873779297
7 48.24653244018555 51.50617218017578 82.13014221191406 73.63623809814453 5 44.83205032348633 28.83563995361328 76.92218780517578 48.68627166748047 3 46.73795700073242 30.401342391967773 76.48003387451172 48.305973052978516
0 4.437415599822998 15.426607131958008 28.382320404052734 29.55010414123535
8 35.31154251098633 2.942023277282715 88.85806274414062 39.446102142333984 3 35.834651947021484 5.004734516143799 83.37866973876953 32.27424240112305 9 31.05345344543457 3.1095592975616455 87.9844970703125 46.95399856567383
2 10.564537048339844 19.07991600036621 31.592666625976562 29.690593719482422 1 6.329460620880127 11.224587440490723 28.73902130126953 21.628219604492188 3 8.118436813354492 18.803895950317383 32.33441925048828 30.75040054321289
9 22.78818130493164 23.407949447631836 45.97834777832031 38.31700134277344 1 20.55091094970703 10.080634117126465 46.29360580444336 23.730871200561523
6 16.533605575561523 32.1065559387207 57.47282791137695 60.415367126464844 5 13.799394607543945 37.417415618896484 59.8149299621582 63.70375442504883 8 12.40322494506836 34.746826171875 58.02104949951172 60.44721221923828
9 9.497185707092285 17.38219451904297 36.532928466796875 31.223995208740234 0 9.047481536865234 30.63758087158203 33.611732482910156 44.02265548706055
3 12.849250793457031 11.9020414352417 36.40977478027344 24.316131591796875 5 13.913229942321777 23.238384246826172 37.32875061035156 37.300376892089844
5 7.733959674835205 25.53876304626465 45.35475158691406 48.936065673828125 2 7.760019302368164 5.304075241088867 47.619503021240234 27.45000457763672
6 23.56959342956543 30.206153869628906 64.42277526855469 58.52204132080078
1 12.505284309387207 17.87354278564453 42.59178924560547 31.307981491088867 1 13.472100257873535 3.813100814819336 41.97077178955078 16.811155319213867
2 15.158489227294922 12.87299919128418 56.2987174987793 39.44670104980469 1 10.997069358825684 38.264705657958984 62.490211486816406 63.76518249511719
2 8.848917961120605 10.791864395141602 48.240509033203125 33.999576568603516 0 12.82027816772461 37.28580093383789 48.505157470703125 57.70230484008789
0 50.75236892700195 50.54117965698242 113.64579772949219 83.86864471435547 2 54.01713562011719 26.103496551513672 118.95301818847656 55.58446502685547
4 21.252925872802734 22.509563446044922 60.413143157958984 43.387752532958984 1 20.747392654418945 23.603607177734375 54.009849548339844 40.877262115478516 7 20.88365936279297 25.336986541748047 54.619503021240234 44.072540283203125
5 11.749157905578613 21.307947158813477 34.136417388916016 34.72557067871094 2 9.613630294799805 6.681213855743408 32.94979476928711 19.429466247558594
1 4.623744964599609 2.3226711750030518 41.3918571472168 15.321342468261719 2 10.329957008361816 29.101654052734375 45.0910530090332 45.35167694091797 3 7.901165962219238 16.373186111450195 41.3616943359375 30.266027450561523
2 9.276631355285645 12.155555725097656 34.01407241821289 24.733020782470703 0 11.17402172088623 23.499948501586914 34.435760498046875 35.493778228759766
3 46.308040618896484 14.739521026611328 87.05414581298828 39.500797271728516 6 18.861736297607422 49.948463439941406 59.371070861816406 74.97952270507812 1 32.872554779052734 35.57319259643555 77.35652923583984 53.42247009277344
3 7.302621364593506 2.570005416870117 34.11198806762695 17.71651840209961 9 8.048164367675781 27.270517349243164 32.558570861816406 40.22608184814453 3 7.703889846801758 16.19318199157715 33.837459564208984 28.298595428466797
3 10.560486793518066 37.59117126464844 47.13522720336914 53.1168212890625 2 16.193500518798828 22.53175163269043 48.66233444213867 38.52997970581055
7 6.007446765899658 1.3003129959106445 26.56632423400879 12.579931259155273
0 24.81291961669922 32.662574768066406 52.48154830932617 44.81201934814453 5 23.540172576904297 21.15968894958496 51.47745895385742 34.424530029296875
3 135.64602661132812 44.19536590576172 185.65524291992188 77.99995422363281 8 34.97250747680664 57.35792541503906 110.26236724853516 112.1019287109375
5 7.939509391784668 25.684741973876953 31.595075607299805 40.640403747558594
8 8.996847152709961 14.019323348999023 37.085514068603516 33.854339599609375
3 11.861327171325684 29.21613121032715 48.059593200683594 53.64936065673828 6 12.200013160705566 25.894960403442383 48.236534118652344 48.835426330566406 8 10.952048301696777 28.631244659423828 48.121158599853516 52.98991394042969
1 11.150437355041504 6.411650657653809 36.85877227783203 18.705751419067383 0 17.721435546875 18.9531307220459 40.58435821533203 34.19233703613281 9 22.60984230041504 34.13343811035156 49.292579650878906 50.387596130371094
1 3.9502809047698975 1.371588945388794 24.746789932250977 10.804462432861328 0 4.139245510101318 11.380056381225586 25.98122215270996 24.943588256835938
3 26.27967071533203 68.67900085449219 86.85945892333984 102.17318725585938 8 28.948877334594727 67.66046142578125 85.47311401367188 101.07171630859375 5 90.75140380859375 86.38687133789062 113.36522674560547 101.95726013183594
1 35.829864501953125 121.40467834472656 104.08563995361328 155.6771240234375 5 31.93935775756836 77.94889068603516 103.14578247070312 119.65492248535156
5 42.10197448730469 47.80424880981445 75.20077514648438 66.38795471191406 1 35.72760772705078 32.98523712158203 70.45630645751953 51.07646560668945
6 3.803380012512207 5.418896198272705 23.650897979736328 18.809690475463867
5 17.799211502075195 18.9743595123291 39.778438568115234 32.15475082397461 6 16.908889770507812 7.5931830406188965 39.53626251220703 21.44295883178711 6 16.972593307495117 30.81010627746582 39.10858154296875 44.420352935791016
7 6.815493583679199 17.87891960144043 24.73611831665039 27.781036376953125 7 6.896021842956543 7.345576286315918 24.712909698486328 17.2298583984375
5 11.379103660583496 13.715107917785645 30.123138427734375 26.58841323852539
1 32.73986053466797 51.144630432128906 106.33960723876953 78.50787353515625
9 64.97923278808594 8.025015830993652 110.78516387939453 44.743621826171875 3 46.82806396484375 39.812408447265625 89.88346099853516 71.59146881103516 4 22.67865562438965 57.156551361083984 74.4762191772461 90.75537109375
3 62.77402114868164 23.07419204711914 128.52835083007812 63.49176025390625
2 6.455559730529785 5.587535858154297 37.226783752441406 21.579313278198242
2 41.20227813720703 23.50072479248047 74.55455780029297 37.992881774902344 3 34.88324737548828 7.731756687164307 70.22530364990234 24.551454544067383 3 43.40890884399414 38.926673889160156 79.96485900878906 56.69334030151367
3 33.91924285888672 20.126310348510742 67.58854675292969 39.526451110839844 9 30.722925186157227 37.429481506347656 64.88455963134766 58.65809631347656
1 7.5440754890441895 4.436054229736328 32.048397064208984 13.442577362060547 5 9.464475631713867 14.749092102050781 32.613014221191406 26.651241302490234
0 74.7411880493164 51.280616760253906 123.68694305419922 75.23783111572266 3 63.48638153076172 5.646928310394287 111.75444030761719 29.750341415405273 6 67.5072021484375 27.103986740112305 116.82991027832031 53.04559326171875
4 22.553070068359375 26.829730987548828 81.42994689941406 78.74855041503906 4 21.406923294067383 65.09414672851562 75.72362518310547 95.53489685058594
3 38.40597915649414 62.60390090942383 134.1820526123047 115.54872131347656 4 22.34099006652832 185.35800170898438 147.56063842773438 232.00477600097656 5 50.39748001098633 46.06871032714844 184.55059814453125 116.15449523925781
2 19.00714683532715 24.5530948638916 43.43152618408203 41.56023025512695 9 17.467164993286133 25.540205001831055 44.698116302490234 41.85255813598633 3 18.0427188873291 24.597721099853516 42.575660705566406 41.740867614746094
5 26.689332962036133 27.481882095336914 87.51859283447266 64.7491455078125
2 60.746219635009766 36.938262939453125 114.7614517211914 65.26913452148438 1 22.265701293945312 96.51764678955078 81.09465026855469 121.00569915771484 5 50.15568161010742 67.7423095703125 103.36902618408203 96.71465301513672
4 1.2759463787078857 13.375175476074219 48.42002487182617 41.08835220336914
3 37.48843002319336 14.615317344665527 67.6714859008789 31.109275817871094
8 7.017495155334473 6.805009841918945 30.462324142456055 21.17425537109375
2 12.51651382446289 11.651113510131836 39.838905334472656 25.634307861328125 1 11.520761489868164 0.9991709589958191 39.4342155456543 13.388940811157227 0 14.492148399353027 25.59255599975586 39.45439147949219 42.08339309692383
1 37.71333694458008 75.25636291503906 78.07620239257812 96.31043243408203 1 29.05375862121582 110.89929962158203 150.55686950683594 158.0252685546875 9 17.256223678588867 0.0 104.9844741821289 24.297710418701172
4 6.996018886566162 13.224947929382324 29.029752731323242 29.646068572998047 5 4.632856369018555 0.42633694410324097 27.58895492553711 13.314939498901367
8 7.009488105773926 19.182817459106445 30.233036041259766 35.9244499206543
7 12.624423027038574 31.785799026489258 50.57172775268555 57.059532165527344 1 12.331151008605957 10.642407417297363 55.79978561401367 32.446956634521484
4 27.123897552490234 72.99105834960938 68.94020080566406 100.38529205322266 8 40.97848892211914 23.217708587646484 70.62513732910156 49.438480377197266 9 39.62238693237305 23.960874557495117 68.62762451171875 49.55352783203125
9 28.283313751220703 24.2434139251709 81.98709869384766 60.494869232177734 8 27.42555809020996 20.896305084228516 88.2314224243164 62.382511138916016 6 24.001117706298828 22.816593170166016 83.63768005371094 60.82905578613281
1 16.758012771606445 25.79705810546875 76.2972183227539 47.70183563232422 3 24.75349235534668 49.60708236694336 86.14376068115234 81.31645202636719
4 59.60810470581055 50.86305618286133 93.83518981933594 70.50926208496094
2 14.854363441467285 5.853795528411865 30.071733474731445 18.366640090942383
3 24.86323356628418 39.400169372558594 49.51933288574219 54.45496368408203 8 8.81810188293457 28.443368911743164 29.53028106689453 40.37982940673828
1 25.725332260131836 6.406889915466309 58.7678108215332 25.004426956176758 4 26.530126571655273 6.7651872634887695 58.77588653564453 27.445293426513672 1 24.893335342407227 15.640857696533203 56.997379302978516 33.4724235534668
3 10.528905868530273 33.85930252075195 56.51234817504883 60.315914154052734 1 11.933494567871094 8.452779769897461 56.22271728515625 30.637981414794922 7 11.885465621948242 7.277504920959473 54.5269889831543 31.27123260498047
3 10.690818786621094 10.06009578704834 39.584171295166016 28.42043685913086 1 6.717337131500244 29.68097496032715 36.98202133178711 43.728416442871094
2 4.645736217498779 5.8812479972839355 22.57434844970703 17.702871322631836 8 3.814046621322632 16.615629196166992 22.727149963378906 27.432437896728516
2 5.532276153564453 2.472805976867676 28.811553955078125 16.91849136352539
8 5.9075703620910645 12.524639129638672 31.129837036132812 30.796066284179688
1 8.733755111694336 20.299068450927734 27.484514236450195 29.95682716369629 1 8.296525955200195 11.622486114501953 27.11836814880371 20.749197006225586
7 25.517658233642578 56.56574630737305 67.4981689453125 79.83702087402344 1 28.79085350036621 39.04030990600586 72.24384307861328 61.70977020263672 0 18.814395904541016 68.6451416015625 69.20669555664062 97.4486083984375
6 20.93010711669922 52.91177749633789 73.12022399902344 96.0
2 22.32382583618164 68.09355926513672 58.08890914916992 91.8018798828125
5 9.85008716583252 35.96208190917969 49.75905227661133 57.04441452026367 1 10.929588317871094 22.28849983215332 46.479190826416016 36.80992126464844
1 29.092805862426758 39.56125259399414 89.45618438720703 62.937286376953125 1 25.843135833740234 5.086664199829102 86.27861022949219 32.618560791015625
4 6.321385383605957 0.4140755534172058 24.22821807861328 11.849918365478516 4 4.455297946929932 12.59178352355957 23.400197982788086 25.388975143432617
0 22.896289825439453 41.27174758911133 54.76463317871094 55.80607604980469 0 21.78955841064453 51.92918014526367 51.18266296386719 67.03288269042969 1 23.342836380004883 29.267253875732422 54.3964958190918 44.496700286865234
1 34.11631393432617 63.51090621948242 69.88285827636719 80.02961730957031 1 32.669776916503906 74.15119171142578 70.0037841796875 90.57393646240234
2 42.50419998168945 23.706727981567383 83.1279525756836 45.564186096191406
6 12.780519485473633 9.490143775939941 53.89632797241211 33.79386901855469 6 11.234437942504883 33.30046463012695 54.91119384765625 59.02374267578125
1 11.853132247924805 47.81242370605469 50.882816314697266 64.52216339111328 3 13.560270309448242 23.039430618286133 56.4051513671875 47.31764602661133
4 19.23219871520996 26.918790817260742 42.26806640625 39.58473587036133 4 19.84963607788086 40.19804000854492 41.22841262817383 56.35569381713867
2 64.64913177490234 6.205232620239258 138.20132446289062 46.72886657714844 5 62.56328582763672 39.89904022216797 136.79769897460938 76.28291320800781 2 67.42372131347656 102.09255981445312 141.65469360351562 146.11297607421875
8 10.952330589294434 5.918262958526611 31.175676345825195 16.882219314575195 1 10.541906356811523 17.562118530273438 31.966156005859375 28.847843170166016
3 14.86861801147461 54.54186248779297 64.60671997070312 75.54290008544922 1 17.054372787475586 36.547340393066406 64.95577239990234 54.57420349121094
3 7.333686828613281 5.320724010467529 28.876998901367188 17.33909034729004 3 7.181753635406494 15.73558521270752 30.092527389526367 27.731794357299805
1 9.141916275024414 4.634771347045898 42.61579132080078 20.849185943603516 0 11.590408325195312 19.584516525268555 39.66088104248047 36.99583435058594
2 24.30964469909668 17.405723571777344 57.31633377075195 38.92155456542969 8 20.3992919921875 37.99421310424805 53.311012268066406 57.2321891784668 6 18.08875274658203 55.079559326171875 49.51005554199219 75.18434143066406
1 21.24053955078125 22.465068817138672 79.1439437866211 44.955055236816406 3 19.604768753051758 50.251712799072266 75.369140625 80.75326538085938
4 19.750099182128906 40.33616638183594 48.58477020263672 57.22709274291992 4 20.331939697265625 49.90192413330078 45.941993713378906 63.38022232055664 4 20.440553665161133 30.436786651611328 49.817562103271484 46.8990364074707
7 20.33737564086914 32.63307571411133 90.09835815429688 69.64762115478516 7 25.94423484802246 69.74497985839844 96.82999420166016 106.81584930419922
3 22.276525497436523 22.900653839111328 45.115081787109375 34.38011169433594 4 24.52006721496582 34.8916015625 47.4670524597168 46.58761215209961
4 6.728024482727051 16.336990356445312 26.625102996826172 29.94573211669922 4 7.135417938232422 1.8785234689712524 26.58620262145996 16.917736053466797
1 15.38806438446045 10.219209671020508 42.30658721923828 24.190656661987305 6 17.284019470214844 39.58315658569336 41.07239532470703 58.01272964477539 0 17.24169158935547 21.835826873779297 42.819244384765625 39.942665100097656
5 74.74739837646484 62.96540451049805 128.27252197265625 99.40326690673828
8 5.256490707397461 19.27375030517578 30.40167236328125 31.77056121826172 5 4.440272808074951 3.8961472511291504 30.566301345825195 19.220476150512695
5 15.444933891296387 73.34923553466797 45.47971725463867 96.24655151367188 7 58.08217239379883 91.36547088623047 102.94989013671875 118.20663452148438 9 14.230365753173828 87.28119659423828 44.04291915893555 107.90067291259766
2 6.709044456481934 22.543861389160156 31.892745971679688 36.593994140625 5 5.741443634033203 6.082740306854248 30.842924118041992 22.79569435119629
1 22.234155654907227 7.044600009918213 49.006919860839844 20.789159774780273 1 21.647024154663086 23.92413330078125 48.029239654541016 38.91623306274414
2 15.885547637939453 76.93408966064453 66.59500885009766 101.54122161865234 3 47.50064468383789 77.8626937866211 110.20690155029297 109.14501953125 9 15.580141067504883 79.93978881835938 53.54597473144531 101.73443603515625
8 27.488529205322266 76.41064453125 63.35987091064453 97.66732025146484 5 28.328392028808594 56.043949127197266 64.0963134765625 78.39665985107422
2 19.735273361206055 22.756637573242188 40.51068115234375 35.87765121459961 2 18.002864837646484 39.090545654296875 40.22568130493164 52.1092643737793
0 20.825775146484375 27.70918083190918 91.30968475341797 68.18180847167969
4 5.623723030090332 22.679475784301758 31.5361328125 38.25968933105469
1 12.628503799438477 11.993447303771973 39.458492279052734 25.00146484375
6 114.74158477783203 40.685821533203125 155.42022705078125 84.2774429321289 8 117.65496826171875 37.77178192138672 156.0449981689453 80.02627563476562 3 34.83472442626953 46.40013885498047 92.97783660888672 82.13036346435547
2 63.813636779785156 28.76070213317871 98.40283203125 50.833778381347656
9 125.66207122802734 159.86074829101562 185.4585723876953 205.9758758544922 6 119.62358093261719 158.95468139648438 176.69927978515625 199.34323120117188 2 122.55117797851562 159.11395263671875 195.2761993408203 207.13021850585938
2 16.245471954345703 41.73149108886719 62.352882385253906 65.00843048095703 2 13.829895973205566 17.277976989746094 60.94191360473633 40.911888122558594
2 6.413912773132324 16.548274993896484 28.91421127319336 30.99262809753418
3 16.042579650878906 16.637798309326172 48.2402458190918 32.77498245239258 1 16.75235939025879 4.347592353820801 47.154903411865234 17.194555282592773 1 16.49524688720703 31.274341583251953 47.68335723876953 46.2944221496582
2 8.849435806274414 8.1415433883667 38.347660064697266 24.394027709960938 2 7.281803607940674 24.696989059448242 37.25986099243164 39.60889434814453
1 17.3194522857666 11.333379745483398 42.59165954589844 23.974145889282227 0 19.7276554107666 40.279090881347656 43.51213836669922 53.025352478027344 5 18.95457649230957 24.311071395874023 42.62994384765625 37.99885177612305
6 16.1556339263916 42.94268798828125 45.029666900634766 57.13582229614258
3 46.04143524169922 29.254648208618164 75.5969467163086 46.305389404296875 8 49.697731018066406 43.12074661254883 78.18110656738281 60.79703903198242 8 49.96026611328125 38.548675537109375 77.0519790649414 51.980491638183594
2 77.30209350585938 69.860107421875 121.08622741699219 98.04180908203125
6 7.157484531402588 22.522018432617188 33.44611358642578 37.35434341430664 1 8.561028480529785 12.025879859924316 33.9351806640625 23.67008399963379
2 17.754993438720703 2.147289752960205 44.156150817871094 18.568206787109375 8 20.034955978393555 23.473344802856445 45.89411926269531 40.81867980957031 7 18.542245864868164 48.02226638793945 46.699825286865234 64.98268127441406
3 9.778620719909668 1.6410183906555176 52.11747360229492 26.184114456176758
9 14.214225769042969 6.036675453186035 47.8830451965332 29.480947494506836 6 9.78911304473877 29.924057006835938 38.52545166015625 52.36864471435547
2 1.7849087715148926 10.190498352050781 20.80718994140625 21.059524536132812
2 23.936534881591797 11.676509857177734 41.35057067871094 23.123567581176758
2 20.121957778930664 18.531892776489258 51.24531173706055 36.492366790771484 9 20.663774490356445 33.424072265625 50.0745849609375 48.5889892578125 5 20.17731475830078 46.89528274536133 50.38311767578125 64.21269989013672
2 13.884726524353027 10.669588088989258 36.28049087524414 23.97307777404785
5 11.345146179199219 72.34593963623047 92.41033172607422 103.90252685546875 5 13.070013046264648 41.938602447509766 106.80216979980469 74.6894302368164
7 15.510616302490234 59.36071014404297 59.86410140991211 76.8929443359375 1 17.013071060180664 46.92589569091797 64.21884155273438 65.54127502441406
2 57.83760070800781 87.3421401977539 102.49139404296875 111.82925415039062 6 58.06021499633789 43.71245574951172 105.62296295166016 73.32763671875 2 56.51369094848633 69.95462799072266 107.20068359375 93.54879760742188
3 33.28591537475586 49.147361755371094 71.82105255126953 68.46711730957031 2 34.19648742675781 30.141830444335938 68.2967300415039 50.90935134887695 5 37.304351806640625 65.08238983154297 69.03662872314453 85.92337799072266
2 27.19043731689453 12.467915534973145 48.75484848022461 26.472518920898438 1 27.666728973388672 4.1468586921691895 47.90009307861328 14.159380912780762
6 17.508508682250977 18.357410430908203 48.84186935424805 39.82685852050781
2 9.41867733001709 10.285806655883789 30.325397491455078 20.830123901367188 4 8.564306259155273 28.25333595275879 29.017263412475586 39.860626220703125 2 9.545418739318848 20.264131546020508 28.837181091308594 29.83580780029297
8 12.012995719909668 22.3686580657959 35.12650680541992 37.28361892700195 6 10.937623023986816 18.164596557617188 35.506446838378906 38.515357971191406 3 13.485917091369629 24.429441452026367 34.240867614746094 36.878501892089844
1 26.481611251831055 157.76455688476562 99.5396728515625 202.96875 2 108.92501068115234 135.74258422851562 172.02316284179688 176.6918487548828 4 107.44879150390625 134.72109985351562 173.34097290039062 177.65988159179688
0 19.944032669067383 22.53024673461914 46.248313903808594 36.850929260253906 9 22.192564010620117 7.164273738861084 49.386905670166016 23.091537475585938 1 16.905519485473633 35.34785842895508 45.569515228271484 49.73252868652344
8 11.896428108215332 34.796024322509766 32.03620910644531 52.29220199584961 3 10.27800178527832 22.55939483642578 33.13386154174805 37.3946533203125
7 20.735294342041016 45.79867172241211 63.77798843383789 68.59664916992188 6 19.808998107910156 25.89234161376953 64.38345336914062 46.38008499145508 3 20.960264205932617 5.256378173828125 67.04864501953125 26.780397415161133
4 28.850120544433594 26.848854064941406 59.63822555541992 43.03936767578125 7 28.920631408691406 29.601057052612305 53.36838912963867 43.011634826660156 4 28.69643783569336 14.739906311035156 57.72306442260742 31.841474533081055
9 11.595268249511719 9.575006484985352 36.749298095703125 24.198326110839844
8 64.44638061523438 137.11631774902344 148.7514190673828 180.63070678710938 6 59.84968185424805 99.60078430175781 149.58441162109375 142.16824340820312 2 61.618988037109375 56.8602180480957 150.28302001953125 101.29558563232422
3 21.38452911376953 11.314779281616211 48.4981575012207 28.764780044555664 5 21.73111915588379 11.086133003234863 49.21464920043945 26.946216583251953 1 21.599668502807617 20.69998550415039 48.52874755859375 34.056732177734375
2 87.55502319335938 26.522579193115234 146.5783233642578 63.425270080566406
9 9.892520904541016 24.53743553161621 41.38083267211914 48.29518508911133 0 7.804089546203613 22.34449005126953 39.36595916748047 47.34084701538086
4 3.3501744270324707 2.33632755279541 19.98682403564453 12.817744255065918 7 4.3380126953125 10.686939239501953 18.592947006225586 20.96367645263672 3 3.030060291290283 9.95871353149414 19.09404182434082 19.092376708984375
4 25.43486785888672 23.83640480041504 64.4248046875 50.129425048828125 1 9.927871704101562 5.554744243621826 47.22592544555664 21.453636169433594
0 14.06437873840332 21.684024810791016 62.04473876953125 49.32724380493164 1 14.431718826293945 1.1368064880371094 63.194091796875 21.655567169189453 7 16.521747589111328 47.915611267089844 63.98713302612305 72.340087890625
2 13.04793930053711 5.564737796783447 41.11092758178711 22.41114616394043 6 12.757282257080078 21.205507278442383 39.517112731933594 34.795753479003906 0 10.603838920593262 33.96293258666992 37.61466598510742 50.51507568359375
1 10.851832389831543 1.6648937463760376 51.62354278564453 16.341508865356445 5 12.187409400939941 18.31437110900879 54.35007095336914 43.79766845703125
2 8.514765739440918 8.224837303161621 29.403474807739258 23.18700408935547 8 8.682378768920898 22.799392700195312 29.908262252807617 35.48270034790039
4 5.925416469573975 6.266041278839111 26.722095489501953 19.76179313659668 0 5.9639410972595215 21.00855255126953 24.387590408325195 32.81982421875 6 4.1170196533203125 20.80940055847168 25.237316131591797 32.33987808227539
6 10.704497337341309 32.976173400878906 36.70246887207031 44.75196075439453 7 9.062871932983398 15.0718355178833 36.945655822753906 28.406652450561523
4 14.793821334838867 12.603114128112793 37.451656341552734 26.83675193786621 4 0.0 41.9420280456543 21.872243881225586 58.12434768676758 2 0.0 21.761083602905273 19.39421272277832 39.43300247192383
6 19.796432495117188 79.89013671875 100.97054290771484 122.52870178222656 0 40.469154357910156 101.6080551147461 83.02066040039062 119.928466796875 9 36.87187194824219 95.1220474243164 94.29583740234375 120.98316955566406
5 11.799236297607422 27.182714462280273 34.758689880371094 39.68437576293945 3 9.270429611206055 14.141568183898926 32.924705505371094 27.968318939208984 5 10.138313293457031 14.310464859008789 33.446067810058594 28.022165298461914
2 8.73643684387207 23.741676330566406 35.268409729003906 40.26735305786133 5 16.933273315429688 38.38959503173828 43.96913146972656 55.0
3 6.156732082366943 6.742341041564941 34.597564697265625 20.084787368774414 0 5.1311564445495605 17.605472564697266 33.46501541137695 29.712080001831055
3 8.226669311523438 12.21078872680664 32.22555160522461 26.86160659790039 8 9.475327491760254 27.002702713012695 32.243133544921875 39.16918182373047
1 24.06500816345215 57.82059860229492 51.78128433227539 72.09835052490234 8 22.467607498168945 41.1298713684082 51.3914794921875 58.6202392578125
2 1.0216206312179565 0.1904979646205902 26.899438858032227 13.705574035644531 0 4.047863006591797 13.527742385864258 27.746450424194336 30.657808303833008
0 7.4980082511901855 19.774192810058594 29.414241790771484 34.556644439697266 5 7.867193698883057 6.015112400054932 30.26436996459961 19.873428344726562
1 33.2831916809082 1.7341301441192627 118.27436065673828 29.370298385620117 6 26.325721740722656 65.30723571777344 96.41252136230469 105.05680847167969
2 32.2459602355957 26.944242477416992 81.65557098388672 48.38220977783203
2 10.52672290802002 6.714064121246338 39.898101806640625 25.382476806640625
1 14.000971794128418 21.86626434326172 45.07830047607422 40.94936752319336 9 13.140594482421875 15.54495906829834 45.60009002685547 41.49271011352539 0 12.138627052307129 15.819474220275879 45.90493392944336 43.68291091918945
9 11.325150489807129 18.180030822753906 42.16482162475586 39.67338943481445
2 78.57421112060547 5.485946178436279 144.55368041992188 46.276493072509766 9 73.06201934814453 60.40553665161133 152.02342224121094 106.64014434814453
2 20.536590576171875 32.44779968261719 51.22395324707031 53.0609016418457 3 18.476726531982422 31.929340362548828 50.26124572753906 53.797821044921875 9 22.099193572998047 54.050662994384766 46.90324783325195 66.2044677734375
4 117.81134033203125 53.85526657104492 175.86764526367188 85.10213470458984 9 114.87407684326172 96.02803039550781 175.96229553222656 136.7503662109375
2 51.925594329833984 154.02757263183594 198.92510986328125 220.96432495117188 4 47.928443908691406 147.953369140625 208.244873046875 220.6898651123047 0 34.41651153564453 147.6982421875 188.95870971679688 221.0
2 10.71019458770752 37.14984130859375 51.01137924194336 58.40066146850586 7 13.613883972167969 17.15782356262207 53.07766342163086 36.51646423339844 1 17.475906372070312 0.8389012217521667 54.032955169677734 18.307851791381836
2 20.4873104095459 26.230228424072266 78.2567138671875 61.34931564331055 0 18.710437774658203 59.748191833496094 73.64240264892578 87.39373779296875
1 14.104255676269531 7.432635307312012 75.84318542480469 29.66461753845215 1 61.07600402832031 56.95164489746094 82.1783447265625 67.6871337890625 4 51.728668212890625 58.25804138183594 87.64002990722656 80.48111724853516
3 30.96365737915039 29.66568946838379 69.98968505859375 55.18731689453125 3 28.836395263671875 11.879837989807129 70.53289794921875 35.12761688232422 8 29.682661056518555 12.248294830322266 73.34739685058594 34.543949127197266
4 10.858256340026855 25.760967254638672 34.4018440246582 44.169002532958984 2 12.476363182067871 6.836180210113525 36.596683502197266 21.42731285095215
2 5.817930221557617 16.08440399169922 30.45182991027832 33.91556167602539
1 5.763516426086426 24.26350212097168 31.41175651550293 35.5812873840332 3 3.2470531463623047 8.287983894348145 29.0883846282959 25.103565216064453
2 19.347139358520508 19.936019897460938 50.1302490234375 37.97926712036133 5 17.431720733642578 10.152548789978027 49.99045944213867 22.65643882751465 5 27.473575592041016 2.0043983459472656 47.59550476074219 15.84356689453125
2 50.02006530761719 7.6934099197387695 116.21192932128906 50.274784088134766 5 29.338966369628906 91.11327362060547 92.5408706665039 133.7867889404297 3 40.696815490722656 50.7271728515625 108.26268768310547 87.4623031616211
6 48.72153854370117 76.88513946533203 116.08403015136719 109.57426452636719 7 49.42808532714844 110.77983093261719 118.18923950195312 142.538818359375
0 84.10480499267578 116.12218475341797 122.15486145019531 139.59579467773438
4 32.5911979675293 39.769805908203125 79.98068237304688 66.74188995361328 7 27.613807678222656 9.440505027770996 76.4258041381836 35.172698974609375
7 22.75697135925293 50.01799392700195 59.88542556762695 70.15320587158203 1 40.43935012817383 0.6318613886833191 75.89089965820312 17.05381202697754 1 30.915576934814453 24.859516143798828 66.31780242919922 43.2271842956543
3 36.9857292175293 90.45144653320312 70.02424621582031 115.0 0 36.170318603515625 68.14863586425781 75.51128387451172 89.77978515625 9 36.27103042602539 43.06704330444336 74.53069305419922 68.897705078125
2 11.958205223083496 10.486557006835938 59.518619537353516 39.25092697143555
4 25.55963134765625 28.430103302001953 58.12744140625 44.23870849609375
4 10.036245346069336 16.15838050842285 37.964576721191406 34.607521057128906 1 8.0789213180542 1.406480073928833 36.08012390136719 15.242619514465332
2 16.728212356567383 8.667098045349121 46.79576110839844 23.454410552978516 5 14.237907409667969 33.221832275390625 43.23923110961914 49.88178253173828 0 15.936152458190918 22.908288955688477 46.66885757446289 35.44763946533203
3 30.814224243164062 6.711236953735352 88.23218536376953 32.98439407348633 3 31.44956398010254 51.24639129638672 86.00697326660156 75.1610107421875 3 30.489212036132812 30.94835662841797 86.74966430664062 57.39999771118164
3 24.084049224853516 3.223839282989502 68.09701538085938 26.123476028442383 5 21.817386627197266 2.076043128967285 69.7383041381836 25.53309440612793 2 19.965150833129883 17.059558868408203 79.67025756835938 43.6148796081543
2 25.731847763061523 16.03184700012207 57.74169158935547 34.017459869384766 9 27.108516693115234 34.351192474365234 57.739646911621094 52.35226821899414 1 14.931641578674316 49.70960235595703 58.646148681640625 64.63878631591797
6 19.853233337402344 14.68093204498291 67.2991714477539 43.061031341552734 8 74.24989318847656 57.152496337890625 120.09745788574219 86.68388366699219 9 50.24746322631836 39.29871368408203 92.968017578125 65.08378601074219
0 19.04808807373047 52.249969482421875 48.47492599487305 76.37886810302734 6 16.257266998291016 50.259883880615234 48.27738952636719 77.19914245605469 2 84.82254791259766 24.484630584716797 111.0 46.79460525512695
7 7.572973251342773 0.0 93.25592803955078 38.17694091796875
3 12.244609832763672 3.5553359985351562 47.519256591796875 23.102731704711914 7 10.976346969604492 43.09214782714844 43.077125549316406 61.428985595703125 0 13.614214897155762 23.935945510864258 49.41506576538086 41.92488098144531
2 16.746946334838867 12.71838092803955 45.07759475708008 26.49122428894043
1 17.035404205322266 27.516056060791016 49.87065887451172 41.80591583251953 4 12.137884140014648 44.58226013183594 43.88753890991211 61.0
5 43.46987533569336 45.05598068237305 103.43523406982422 78.27526092529297 5 44.627960205078125 12.228373527526855 107.32189178466797 49.155696868896484 5 39.608978271484375 72.03764343261719 99.0867691040039 111.16553497314453
3 17.72938346862793 2.7716026306152344 43.57705307006836 16.631603240966797
2 5.774785995483398 4.748679161071777 25.2088680267334 16.611848831176758 9 7.087507724761963 15.09232234954834 25.896240234375 27.790523529052734
0 16.888362884521484 53.29376220703125 84.40290832519531 83.99620819091797 1 18.509057998657227 31.488656997680664 87.95524597167969 53.86613082885742 1 24.139850616455078 4.490047454833984 91.43840789794922 30.43182373046875
7 7.958733081817627 3.9205543994903564 32.573707580566406 21.428306579589844
2 6.238692283630371 1.8436164855957031 32.310035705566406 18.281484603881836
1 13.366935729980469 17.104778289794922 45.55329132080078 28.801734924316406 0 9.816308975219727 40.153594970703125 41.163421630859375 54.63522720336914 3 13.014602661132812 26.021278381347656 42.32046890258789 41.56739044189453
1 8.776595115661621 3.5430264472961426 41.184776306152344 21.672771453857422
0 30.367839813232422 143.13258361816406 132.3812713623047 218.90451049804688 0 33.62657165527344 191.04354858398438 129.28089904785156 228.89247131347656 4 24.40564727783203 124.26483154296875 166.40419006347656 220.63381958007812
2 9.499407768249512 7.42363166809082 44.7647590637207 24.467899322509766 6 5.17479133605957 22.217609405517578 37.22938537597656 36.785274505615234 5 3.6976985931396484 33.601470947265625 29.96405601501465 46.790199279785156
3 14.913365364074707 46.28328323364258 49.28213119506836 64.13137817382812 6 14.787334442138672 63.1186408996582 49.02107238769531 81.47724914550781
2 19.88836097717285 24.197908401489258 42.34005355834961 35.77177429199219
1 28.341567993164062 5.979282855987549 64.90156555175781 23.648244857788086 4 28.484214782714844 38.469139099121094 67.0699462890625 62.25958251953125 1 27.650005340576172 22.564476013183594 65.6846923828125 40.114532470703125
7 47.401123046875 63.563148498535156 117.56976318359375 98.78131866455078 9 54.19950485229492 99.28605651855469 120.2791519165039 130.93934631347656
2 17.741134643554688 19.792139053344727 45.673431396484375 34.01893997192383 2 16.312557220458984 42.251129150390625 45.663177490234375 57.26360321044922 6 17.769189834594727 31.000261306762695 45.51513671875 44.20902633666992
8 5.740359783172607 20.60613441467285 32.80940628051758 35.4813232421875 3 4.441734790802002 5.245441913604736 33.090675354003906 21.17442512512207
7 11.383480072021484 13.878575325012207 45.35269546508789 32.36761474609375 8 8.824851989746094 32.92433166503906 44.01338195800781 54.0
2 71.78398895263672 77.16026306152344 112.54595184326172 102.44498443603516 9 74.35039520263672 75.34236907958984 113.90941619873047 102.7087173461914 9 85.43016052246094 85.1458969116211 95.90020751953125 91.93096923828125
5 50.6498908996582 46.74934387207031 92.97444915771484 67.88787841796875
4 7.4109272956848145 18.638458251953125 25.666013717651367 31.362342834472656 2 7.386139392852783 6.056402683258057 25.6823787689209 18.752967834472656
2 27.797962188720703 6.504425525665283 67.41305541992188 29.93222427368164 2 13.386580467224121 23.74016761779785 52.448795318603516 50.60115051269531
6 17.713659286499023 52.52629089355469 86.54261779785156 96.48023986816406
6 27.412578582763672 54.33100128173828 52.27922058105469 70.01203918457031 3 23.374536514282227 40.35142517089844 53.62828826904297 55.76099395751953 5 25.309112548828125 53.44293975830078 52.182987213134766 70.29217529296875
2 8.50314998626709 6.486420154571533 28.51781463623047 20.382863998413086 9 5.172235012054443 17.771533966064453 29.75362205505371 30.260496139526367
7 20.204980850219727 47.74210739135742 52.18186950683594 62.5129508972168 4 21.249425888061523 33.07696533203125 53.37122344970703 50.033470153808594
7 23.306913375854492 88.18577575683594 74.49486541748047 119.94499206542969 5 92.40936279296875 73.96381378173828 123.451171875 99.091064453125 1 88.37429809570312 4.893857479095459 142.25645446777344 36.42195129394531
3 68.25464630126953 46.41299819946289 117.90802001953125 85.67259979248047 5 65.41727447509766 22.552570343017578 124.43730926513672 64.63319396972656 1 77.2338638305664 8.308640480041504 117.34461212158203 32.091163635253906
4 9.620291709899902 30.57042121887207 43.12216567993164 50.554718017578125 1 11.757368087768555 14.774667739868164 43.09471130371094 30.12751579284668
4 42.278385162353516 56.36629867553711 75.80766296386719 70.96229553222656 4 40.46846008300781 70.91124725341797 77.68029022216797 88.14311981201172 7 42.635986328125 42.389244079589844 76.56946563720703 61.21512985229492
0 47.9327507019043 110.91068267822266 118.22565460205078 147.92312622070312 9 45.45175552368164 74.96025085449219 113.20704650878906 112.67494201660156 1 41.032249450683594 46.71412658691406 114.80831146240234 73.71543884277344
1 105.63156127929688 75.5455551147461 232.73236083984375 138.93402099609375 2 72.86782836914062 57.153690338134766 245.4563751220703 150.5985565185547 4 71.5235824584961 35.00700378417969 255.7008819580078 149.8030242919922
0 11.70842170715332 36.37923049926758 36.421173095703125 50.33469009399414 7 11.800606727600098 24.69892120361328 34.624324798583984 38.04277801513672
4 56.36015701293945 16.920473098754883 116.43028259277344 63.74778747558594 5 29.717313766479492 63.77236557006836 61.747215270996094 84.54544067382812 1 63.06822967529297 64.29766082763672 109.55595397949219 93.61316680908203
7 17.755983352661133 0.9896989464759827 42.70734405517578 16.21169662475586
1 44.82738494873047 23.321054458618164 87.5660629272461 44.311710357666016 0 49.0165901184082 43.81877136230469 85.9038314819336 63.55982971191406 4 49.0285530090332 15.009321212768555 92.79926300048828 40.47417449951172
7 63.310726165771484 39.247684478759766 97.3927993774414 60.664649963378906
4 32.51546096801758 26.221281051635742 94.3344497680664 69.86542510986328
2 4.1482648849487305 2.8476765155792236 24.959386825561523 16.631759643554688 1 3.4394304752349854 15.465269088745117 25.76393699645996 25.451522827148438
1 27.895145416259766 23.8465518951416 61.08132553100586 39.60228729248047 8 30.414913177490234 39.157745361328125 59.97626876831055 59.96751022338867
5 3.4291462898254395 20.569162368774414 42.969573974609375 42.45631408691406 1 4.696584224700928 3.8262557983398438 43.38906478881836 21.754432678222656
4 5.296883583068848 2.843611717224121 35.24225616455078 17.7278995513916 2 8.779690742492676 17.935609817504883 33.9852294921875 30.958892822265625
7 15.821550369262695 23.92181968688965 41.121437072753906 41.347938537597656
2 4.967531204223633 17.63652992248535 29.692331314086914 32.4133186340332
2 8.491374015808105 24.301355361938477 36.61304473876953 42.990970611572266
7 3.802603006362915 3.1601531505584717 26.481809616088867 16.070188522338867
9 18.59035301208496 0.0 84.92884063720703 33.51560592651367
0 12.926222801208496 59.069068908691406 47.32827377319336 80.59254455566406 3 37.3216438293457 4.317337512969971 73.10298919677734 26.846595764160156
2 6.071841239929199 7.893840789794922 33.64644241333008 24.38238525390625
4 2.228013515472412 16.46578025817871 32.87104034423828 33.06365203857422 1 2.8225083351135254 2.789454221725464 32.67619705200195 15.638837814331055
7 35.46072006225586 51.1501350402832 69.9341049194336 64.76911163330078 3 36.18848419189453 36.526275634765625 70.4610366821289 51.423316955566406
8 56.07914352416992 53.69012451171875 93.24026489257812 80.59271240234375 6 57.64430618286133 55.60333251953125 91.49984741210938 80.03865814208984 9 57.821624755859375 58.346675872802734 92.22549438476562 80.24713897705078
5 9.76540756225586 8.831536293029785 31.094018936157227 22.17500877380371 1 13.29684829711914 23.498516082763672 34.8082275390625 33.639198303222656
6 17.131420135498047 13.629098892211914 65.22018432617188 34.71227264404297 0 17.337677001953125 34.08296203613281 67.07515716552734 56.185184478759766
4 11.18507194519043 0.030935287475585938 50.2633171081543 25.385284423828125 4 15.152758598327637 22.422639846801758 50.38898468017578 45.970489501953125 5 13.486000061035156 41.785884857177734 48.290401458740234 67.23816680908203
5 39.166507720947266 65.47530364990234 64.36326599121094 80.8595199584961 3 40.700538635253906 65.91883850097656 65.09651947021484 81.09235382080078 9 40.58468246459961 65.71283721923828 65.4758071899414 80.82159423828125
0 39.57529067993164 154.08834838867188 77.5986099243164 172.66131591796875 4 29.046775817871094 8.791457176208496 148.02838134765625 55.340171813964844 1 34.514522552490234 135.29940795898438 75.45780181884766 160.23574829101562
1 16.040111541748047 10.887885093688965 53.119728088378906 27.09059715270996 8 11.352949142456055 20.78760528564453 47.387454986572266 40.439964294433594 3 9.595085144042969 23.428802490234375 48.46615219116211 41.27511215209961
2 19.223873138427734 15.41900634765625 47.39574432373047 35.32468795776367 7 19.454904556274414 34.91050720214844 46.63551712036133 52.59930419921875
3 9.74626636505127 38.21257400512695 49.627166748046875 62.8919677734375
4 9.032182693481445 11.45218276977539 33.02320861816406 24.619781494140625 5 8.112401962280273 24.751726150512695 31.379831314086914 38.615516662597656
0 40.76583480834961 42.687496185302734 86.88267517089844 76.5492172241211 6 40.17284393310547 43.35826110839844 84.0040512084961 75.60618591308594 9 37.66330337524414 46.064659118652344 86.71931457519531 83.5985107421875
4 10.480852127075195 9.989334106445312 49.52287673950195 32.255741119384766 1 27.274654388427734 0.6741288304328918 62.33803176879883 17.64737892150879
6 6.447358131408691 4.716238021850586 45.57660675048828 21.627891540527344
7 21.144739151000977 32.968727111816406 49.4764289855957 49.283531188964844 7 11.448135375976562 14.90703296661377 39.37986373901367 31.09766387939453
4 49.715354919433594 4.683207035064697 157.89939880371094 62.69098663330078 0 150.4717254638672 80.18399047851562 196.34820556640625 109.43064880371094 4 143.66494750976562 72.93958282470703 198.73707580566406 118.44938659667969
1 44.21460723876953 38.99221420288086 126.10690307617188 68.6386947631836 3 43.16722106933594 71.18101501464844 119.91595458984375 105.58634948730469 2 49.84065246582031 22.09078598022461 138.83685302734375 59.030765533447266
4 15.097478866577148 5.728480815887451 43.39729309082031 23.897727966308594 4 8.646429061889648 24.042081832885742 36.674015045166016 41.282108306884766
1 109.8589096069336 101.0713119506836 150.38116455078125 126.43790435791016 4 109.91439819335938 92.70470428466797 150.63113403320312 132.13739013671875 1 110.25261688232422 84.04005432128906 150.0030059814453 108.1994857788086
0 10.742977142333984 43.07843780517578 56.8713264465332 60.95871353149414 7 9.012151718139648 28.6238956451416 52.10333251953125 43.52239227294922 3 7.542518138885498 1.39537513256073 52.736419677734375 16.386770248413086
7 14.68921947479248 40.8418083190918 50.56351852416992 59.81697463989258 7 17.238201141357422 22.8360652923584 53.3300666809082 41.96651077270508
1 11.471654891967773 42.69222640991211 39.01078414916992 55.463016510009766 6 13.831162452697754 55.902523040771484 42.15232849121094 71.15067291259766
4 48.220458984375 5.83721399307251 91.4881362915039 31.72203254699707 1 41.69438552856445 48.665523529052734 81.8792953491211 67.27616119384766 5 43.24391174316406 28.879213333129883 82.8532485961914 52.75917053222656
4 43.52096939086914 54.70805358886719 91.61032104492188 89.08744049072266 2 16.112306594848633 37.29772186279297 40.228206634521484 56.34131622314453 9 47.43107223510742 3.573206663131714 83.2139663696289 31.214014053344727
0 8.144054412841797 46.32289505004883 35.105979919433594 64.7762680053711 1 10.151594161987305 33.90365982055664 36.67742919921875 48.28892135620117
5 17.219221115112305 37.655845642089844 85.13130950927734 81.276123046875 9 32.535186767578125 5.0366692543029785 96.54875183105469 45.24170684814453
7 16.956708908081055 10.322446823120117 82.36805725097656 42.14726638793945 3 57.65156173706055 2.1828763484954834 84.54299926757812 18.529991149902344 2 60.887203216552734 1.5522116422653198 90.05414581298828 19.871641159057617
4 41.5901985168457 7.665095329284668 128.02273559570312 86.52617645263672
7 70.13331604003906 48.918941497802734 209.3544921875 100.08628845214844 4 34.459617614746094 65.40470123291016 98.00135040283203 106.51219940185547 4 75.256591796875 3.872436046600342 174.18478393554688 49.42521667480469
5 6.691890716552734 8.587437629699707 34.97398376464844 24.597469329833984
6 14.565675735473633 1.2210570573806763 52.00690460205078 18.050302505493164 2 11.760160446166992 18.532413482666016 51.12152862548828 37.462196350097656
5 12.814477920532227 7.43324089050293 29.998538970947266 19.36814308166504
2 39.28364181518555 0.0 84.79874420166016 24.441316604614258 5 25.066316604614258 23.14981460571289 72.86837005615234 51.212337493896484 3 11.007548332214355 48.98991394042969 61.5351448059082 80.11900329589844
2 44.08697509765625 50.65602493286133 87.46788787841797 78.54640197753906 5 45.79824447631836 22.206567764282227 87.96826171875 50.79727554321289 1 41.23671340942383 82.64527893066406 86.56786346435547 106.72021484375
8 11.024208068847656 38.239620208740234 53.14369201660156 60.86448287963867 9 13.915251731872559 14.257353782653809 52.95416259765625 39.717472076416016
0 11.643688201904297 30.932004928588867 45.605384826660156 46.323734283447266
3 9.714167594909668 2.656785488128662 61.22650146484375 29.806903839111328
3 14.033499717712402 38.588218688964844 55.58686828613281 62.61860656738281 0 13.062705039978027 15.99605655670166 52.37314987182617 38.225826263427734 1 10.866297721862793 0.4476526081562042 51.51292419433594 16.026212692260742
9 26.453330993652344 0.7074188590049744 66.5765380859375 22.237327575683594
2 29.890073776245117 26.94908905029297 98.24271392822266 57.84840774536133 1 30.572616577148438 9.874135971069336 97.99772644042969 36.520606994628906 1 22.40882682800293 59.65884780883789 78.22354125976562 86.85423278808594
7 8.353525161743164 15.741948127746582 38.76331329345703 31.891233444213867 6 8.807372093200684 0.60939621925354 38.96872329711914 17.923513412475586 3 8.28731632232666 29.967937469482422 39.765724182128906 47.01872634887695
4 16.269004821777344 30.965721130371094 92.53376007080078 79.4354476928711
4 31.25240707397461 170.59030151367188 113.67796325683594 215.58038330078125 1 23.607532501220703 106.13223266601562 150.14036560058594 158.55642700195312 1 35.468807220458984 170.55960083007812 117.63055419921875 211.7760467529297
2 8.280665397644043 0.7464394569396973 26.9085750579834 11.539794921875 1 8.293526649475098 12.111743927001953 25.285789489746094 21.141536712646484
2 8.722139358520508 22.934919357299805 33.80606460571289 37.140811920166016 5 7.390319347381592 7.440800666809082 30.609947204589844 21.480224609375
1 15.328498840332031 18.747610092163086 36.500038146972656 27.949493408203125 8 16.064220428466797 27.32866096496582 37.88153839111328 39.28182601928711
6 30.200950622558594 27.579181671142578 55.446815490722656 44.534523010253906 9 31.78514289855957 44.56556701660156 58.617591857910156 64.05851745605469 6 11.543510437011719 43.42728805541992 59.95281219482422 65.45587921142578
8 17.077882766723633 8.408127784729004 45.5229606628418 25.875886917114258
0 8.609909057617188 18.397127151489258 44.589542388916016 38.20570373535156 5 10.888617515563965 1.2136417627334595 44.11072540283203 19.721025466918945
7 143.83370971679688 124.03555297851562 193.72898864746094 154.2069854736328 3 151.60861206054688 106.08690643310547 197.74539184570312 135.1992645263672 2 145.86634826660156 124.11255645751953 192.92929077148438 155.1712646484375
3 29.602542877197266 65.3227767944336 92.55734252929688 101.33831787109375
2 13.149049758911133 14.074685096740723 42.9753303527832 33.850669860839844 4 31.572166442871094 27.041290283203125 65.22049713134766 47.119380950927734
7 16.327632904052734 32.52880859375 74.7410888671875 78.51443481445312 8 64.63983917236328 35.17622375488281 85.94869995117188 53.51491165161133 1 66.48616027832031 24.040815353393555 86.33131408691406 37.81111145019531
2 16.58441162109375 45.57649230957031 48.70046615600586 67.49691009521484 1 18.94431495666504 18.357257843017578 54.595733642578125 38.612918853759766
5 10.730164527893066 27.961181640625 45.61876678466797 46.98283386230469 6 11.436657905578613 28.774208068847656 43.924903869628906 48.5529670715332 3 9.185480117797852 29.47183609008789 44.681251525878906 46.5228271484375
6 106.51531982421875 58.24471664428711 163.1181182861328 98.59729766845703 4 57.58213424682617 164.312255859375 182.4148712158203 239.5399932861328 9 109.86178588867188 52.52280044555664 172.34303283691406 109.62451934814453
7 4.13292121887207 5.664847373962402 37.323734283447266 21.13005828857422 0 6.215122222900391 20.175161361694336 39.25751876831055 36.897315979003906
4 11.652456283569336 7.240233898162842 27.625553131103516 16.579143524169922 0 11.668331146240234 16.253690719604492 28.029857635498047 25.104080200195312
2 49.142765045166016 18.019437789916992 87.36949920654297 48.56435012817383 4 52.43735885620117 20.841312408447266 88.5208511352539 48.416683197021484 0 21.131628036499023 42.38330841064453 58.83782958984375 62.39225387573242
2 18.418127059936523 9.239056587219238 57.021995544433594 30.981075286865234 4 16.28301239013672 6.7045722007751465 58.986080169677734 31.836711883544922 1 31.49367904663086 0.0 59.82304763793945 14.527461051940918
1 18.759017944335938 13.544692039489746 71.03170776367188 35.554927825927734 3 12.113823890686035 35.65263366699219 72.42435455322266 63.153602600097656
7 59.529537200927734 121.70206451416016 117.53840637207031 159.0
2 6.0006256103515625 2.1919827461242676 28.774032592773438 16.441694259643555 0 7.131429672241211 17.242807388305664 28.603351593017578 31.722187042236328
4 6.295447826385498 8.147793769836426 29.37444496154785 21.308629989624023
6 40.718597412109375 47.67552947998047 113.75462341308594 91.88355255126953 1 33.064109802246094 9.977218627929688 103.57788848876953 44.19248580932617 9 55.24181365966797 98.41399383544922 128.8045654296875 142.7385711669922
4 107.8895034790039 79.57371520996094 150.88177490234375 109.51873779296875 2 97.21897888183594 79.06649780273438 147.42514038085938 109.76409912109375 0 108.7491226196289 83.48578643798828 152.67532348632812 108.94801330566406
3 16.033472061157227 33.82774353027344 39.584564208984375 46.6534309387207 3 16.52947235107422 21.20004653930664 40.735511779785156 33.79609298706055 5 18.704843521118164 19.53182029724121 41.28581237792969 34.37776565551758
1 18.617244720458984 26.13803482055664 48.46059799194336 41.753387451171875 4 19.26861000061035 41.91925048828125 48.03276443481445 59.571041107177734
3 18.61505699157715 44.57551193237305 45.88835144042969 61.07806396484375 2 18.452985763549805 25.11532974243164 46.310752868652344 42.26110076904297
4 13.572019577026367 22.17302703857422 46.99153137207031 42.71575927734375 2 12.555025100708008 4.42349910736084 49.638450622558594 23.347721099853516
2 8.65137004852295 17.06806755065918 43.92753982543945 36.53550720214844 7 9.645828247070312 36.02385330200195 44.00543975830078 52.62600326538086
9 33.89643478393555 5.759167194366455 67.098876953125 19.962230682373047 9 9.341328620910645 23.139692306518555 46.212032318115234 43.40790557861328
6 7.735653877258301 8.80013656616211 50.1202278137207 30.528247833251953 5 11.214113235473633 30.123600006103516 49.91387176513672 54.75861740112305
9 6.105308532714844 18.86624526977539 28.81524658203125 33.00144577026367 2 6.722374439239502 5.25897216796875 29.260669708251953 19.98999786376953
4 9.248604774475098 15.88703441619873 40.78284454345703 34.78152847290039 3 9.676077842712402 35.8180046081543 36.13804626464844 49.71540069580078
4 19.768115997314453 23.154699325561523 65.49567413330078 50.77520751953125 7 21.02132797241211 1.640726089477539 58.265098571777344 23.59836196899414
3 35.12776565551758 19.485937118530273 76.92650604248047 44.51730728149414 8 18.025197982788086 58.33742141723633 58.154014587402344 82.27499389648438 6 29.56103515625 40.45642852783203 71.10714721679688 62.775733947753906
6 10.014386177062988 32.28190612792969 52.453216552734375 57.78984451293945
7 73.813720703125 66.15056610107422 111.09339904785156 90.48250579833984 2 49.055267333984375 69.77562713623047 81.20079803466797 86.60472106933594 4 15.095359802246094 68.58922576904297 83.93701171875 92.22181701660156
2 41.730003356933594 32.032981872558594 87.3985366821289 60.54207992553711 5 52.25444030761719 60.71268081665039 89.41568756103516 93.98431396484375 3 21.066991806030273 60.44411087036133 87.99044799804688 98.87494659423828
6 10.39427661895752 1.348456621170044 32.042362213134766 15.598932266235352
1 69.91143035888672 16.9949951171875 160.24188232421875 60.171043395996094 7 64.46146392822266 56.58525466918945 158.2337646484375 102.98125457763672 7 64.98829650878906 98.81156921386719 151.1666259765625 155.84368896484375
5 20.060842514038086 18.355112075805664 47.6448974609375 35.995933532714844 6 18.10886573791504 17.643577575683594 48.79353332519531 35.54676055908203 9 20.149669647216797 19.497562408447266 52.01601791381836 37.148189544677734
5 13.467567443847656 0.0 48.1052360534668 21.350656509399414 9 27.08318519592285 19.467626571655273 61.614864349365234 40.82791519165039
2 15.593466758728027 29.888498306274414 40.4503059387207 45.24981689453125 7 12.750005722045898 17.188182830810547 38.668399810791016 31.66341781616211
0 7.397299766540527 12.879053115844727 33.57426452636719 26.86488151550293 1 7.79279899597168 26.575084686279297 33.58790969848633 37.986663818359375 1 6.9937968254089355 2.432072401046753 33.124366760253906 13.436956405639648
2 6.126274108886719 0.35893121361732483 25.981433868408203 12.7703275680542 2 5.234770774841309 11.50506591796875 25.80479621887207 24.732397079467773
4 3.064486503601074 2.7202703952789307 20.4820499420166 14.603597640991211 8 4.133322715759277 4.3228349685668945 19.725860595703125 14.816750526428223
1 20.129819869995117 47.48528289794922 52.338565826416016 61.0401611328125 2 22.28013801574707 57.126617431640625 50.4671630859375 72.80489349365234
1 60.13241958618164 14.254223823547363 84.2474136352539 27.2608585357666
7 26.468589782714844 41.76598358154297 49.52705001831055 50.66443634033203 1 28.918636322021484 32.73711013793945 51.82454299926758 43.76713943481445
6 19.56801414489746 53.35691452026367 46.244354248046875 65.43257141113281 5 18.133590698242188 39.388221740722656 44.748634338378906 53.095333099365234
1 8.452958106994629 12.072920799255371 33.219970703125 23.08893585205078 6 10.67408275604248 24.08660125732422 34.3984489440918 40.4396858215332
6 38.537261962890625 48.83456039428711 88.11711883544922 79.25908660888672
5 6.380209922790527 0.4569435119628906 34.14786148071289 15.096399307250977
9 20.004013061523438 5.159670352935791 78.03865051269531 34.75932312011719 1 16.171630859375 60.07291030883789 71.28894805908203 82.6860122680664 8 20.004804611206055 34.52924346923828 71.49646759033203 60.25758361816406
9 34.142578125 17.791698455810547 61.60123825073242 36.18640899658203 1 33.023685455322266 1.5211607217788696 59.9835090637207 15.762372970581055
1 39.934532165527344 18.079355239868164 109.91122436523438 47.042144775390625 3 34.81463623046875 44.97090148925781 103.7730941772461 78.20503997802734
9 46.796138763427734 70.59679412841797 105.95702362060547 108.46582794189453
9 11.784310340881348 34.56861114501953 88.53431701660156 73.91311645507812
2 14.051447868347168 19.254100799560547 36.73280715942383 30.804340362548828 6 12.750764846801758 28.91449737548828 35.1122932434082 39.778106689453125
3 13.904857635498047 37.5561408996582 53.058380126953125 64.70980834960938 5 28.287363052368164 38.033634185791016 55.25940704345703 56.97018814086914 1 26.905467987060547 27.48859214782715 56.13465118408203 40.48844528198242
2 21.298133850097656 25.343719482421875 48.92523956298828 44.284610748291016 2 16.90538215637207 31.10447120666504 49.79094696044922 56.035255432128906 4 19.385046005249023 40.89833450317383 49.94095230102539 60.275020599365234
9 12.948731422424316 18.970439910888672 33.241188049316406 34.1140251159668 8 9.252942085266113 17.71653938293457 34.473548889160156 35.68468475341797
1 28.818391799926758 3.174522638320923 103.11758422851562 26.55254554748535 9 83.38545227050781 50.120269775390625 110.91173553466797 71.20877075195312 2 81.27729034423828 48.096126556396484 115.64828491210938 74.07418060302734
1 111.85601806640625 48.499961853027344 159.24610900878906 80.99520874023438 3 104.47486114501953 71.10649871826172 159.20054626464844 106.75238037109375 5 61.06453323364258 68.14666748046875 156.0057830810547 108.18141174316406
9 28.001049041748047 59.76511001586914 121.17768096923828 115.62901306152344 1 25.9860897064209 10.33552074432373 124.1307144165039 55.137760162353516
5 8.91523551940918 0.0 49.76934051513672 21.34161949157715
6 23.917198181152344 20.82261848449707 53.00168228149414 40.64986038208008 3 23.613494873046875 41.363990783691406 51.68041229248047 59.20087432861328
2 33.81145095825195 36.6480598449707 75.12081146240234 57.30400466918945
4 18.311370849609375 6.129274845123291 45.800899505615234 21.320322036743164 7 18.01919174194336 21.52994728088379 44.14224624633789 37.86204528808594
9 14.575502395629883 45.77521514892578 64.89531707763672 80.0 3 16.511383056640625 50.901939392089844 61.03180694580078 76.7010726928711 6 14.752992630004883 42.57975769042969 60.07196044921875 79.43515014648438
2 6.767681121826172 11.253425598144531 30.134963989257812 24.412893295288086 5 7.88796854019165 24.98253631591797 29.63077735900879 36.49125289916992
2 6.238626003265381 7.135723114013672 39.68279266357422 24.899614334106445 5 7.3707499504089355 23.012149810791016 38.76384735107422 41.00444793701172
5 4.761181831359863 17.209300994873047 32.303672790527344 34.261558532714844
3 11.296998977661133 4.150062561035156 32.91962432861328 15.945218086242676 8 11.122713088989258 18.190093994140625 33.738685607910156 29.93480110168457 8 10.705642700195312 31.053607940673828 35.275875091552734 44.0
9 70.87779235839844 42.97275161743164 122.25291442871094 81.78272247314453 6 65.149658203125 40.67048263549805 120.85714721679688 80.78250885009766 0 75.45281982421875 42.48937225341797 123.9265365600586 79.86743927001953
2 15.891938209533691 5.322937965393066 39.29506301879883 18.672883987426758 9 14.336030960083008 12.434004783630371 41.0180549621582 29.533218383789062 2 14.4758939743042 12.168669700622559 41.009033203125 28.230791091918945
1 6.865787982940674 4.887391567230225 33.151363372802734 16.451143264770508 9 7.146637439727783 18.88935661315918 34.79682922363281 33.89042282104492
6 9.553369522094727 14.282170295715332 36.384605407714844 27.377880096435547
0 8.964865684509277 18.8490047454834 33.89593505859375 33.48558044433594 5 10.268340110778809 5.276196479797363 35.44687271118164 20.411128997802734
1 48.82868957519531 6.588693141937256 72.55231475830078 19.142261505126953
2 10.697406768798828 5.166990280151367 30.295780181884766 17.63508415222168 8 10.994976997375488 14.650625228881836 29.898569107055664 29.94856834411621
4 32.15904998779297 5.606817722320557 76.73308563232422 37.71314239501953 0 67.99222564697266 138.24021911621094 93.9879150390625 152.96600341796875 2 66.74337005615234 120.68338012695312 97.16644287109375 138.3450164794922
7 14.324366569519043 4.473568916320801 57.754066467285156 27.016958236694336 1 12.079835891723633 39.828773498535156 57.94388198852539 62.350433349609375
3 28.953588485717773 2.1852478981018066 54.347137451171875 18.79258918762207 6 8.586848258972168 41.490760803222656 33.744667053222656 59.18329620361328 0 21.467716217041016 21.81743812561035 45.752681732177734 40.46974563598633
5 7.192841053009033 9.78661060333252 39.83187484741211 27.56304931640625
8 19.43206024169922 21.982799530029297 48.673004150390625 39.88918685913086 1 6.83049201965332 11.074250221252441 41.942378997802734 23.471355438232422
8 12.39930534362793 44.22747802734375 50.62586975097656 63.16733932495117 2 14.428479194641113 20.095840454101562 54.80570602416992 40.287635803222656
2 11.537942886352539 18.484521865844727 57.10032272338867 42.265586853027344
3 30.60976219177246 13.807607650756836 65.90686798095703 34.62506103515625 5 16.19944953918457 50.392887115478516 50.203697204589844 70.16108703613281 4 23.2464599609375 32.91035842895508 54.96638870239258 51.27545166015625
3 11.379255294799805 16.199047088623047 32.4364013671875 29.11073112487793 1 11.957632064819336 6.2128472328186035 33.62556457519531 16.846843719482422 1 12.236370086669922 30.727853775024414 32.63417434692383 40.92705535888672
2 27.265016555786133 9.35822582244873 63.522125244140625 34.247764587402344
1 11.553794860839844 14.736471176147461 37.38920211791992 27.921775817871094 3 9.357144355773926 27.92622184753418 38.207767486572266 44.91755676269531
7 15.755003929138184 23.881929397583008 38.72541427612305 37.858436584472656
7 7.332402229309082 16.675094604492188 31.35671615600586 30.322120666503906 3 7.4063720703125 3.264173984527588 32.60005187988281 16.797210693359375
3 11.616073608398438 23.898696899414062 34.46976089477539 36.47496032714844 9 13.152731895446777 35.914390563964844 33.412261962890625 47.096954345703125
3 6.028970241546631 10.733824729919434 26.51420021057129 22.159799575805664 9 7.916334629058838 1.1501729488372803 24.647668838500977 11.306867599487305 2 8.329914093017578 0.9185179471969604 27.583393096923828 11.410310745239258
6 6.9744439125061035 4.175029277801514 53.723690032958984 27.259599685668945 5 8.176361083984375 25.34556007385254 53.24821853637695 48.4847526550293
2 14.043486595153809 29.435312271118164 34.65127182006836 43.05059814453125 3 13.271296501159668 17.812652587890625 34.898834228515625 29.729124069213867
2 11.280912399291992 13.990184783935547 32.023746490478516 26.99512481689453 9 10.341567039489746 28.414203643798828 31.851459503173828 42.62419891357422
5 12.0584716796875 3.045595645904541 38.220184326171875 19.047073364257812 8 13.204197883605957 21.336977005004883 39.97767639160156 38.18712615966797
2 18.50542640686035 45.23516082763672 47.505958557128906 60.05158996582031 7 21.231597900390625 29.435426712036133 47.160221099853516 43.91633224487305
4 9.31914234161377 2.8979039192199707 31.831058502197266 18.6868896484375 9 10.395135879516602 17.40705108642578 31.960542678833008 33.26933288574219
2 6.337904453277588 16.711437225341797 26.94764518737793 30.385950088500977
6 3.6788744926452637 37.244300842285156 38.62821578979492 57.25620651245117 4 17.660743713378906 16.573909759521484 56.528419494628906 39.74085998535156 1 10.143502235412598 26.919065475463867 50.100399017333984 41.4542121887207
2 9.755417823791504 11.17518424987793 54.393218994140625 45.927146911621094
7 54.13111114501953 27.89097023010254 81.06024932861328 44.96747970581055 4 19.0800724029541 84.18183135986328 72.39188385009766 112.97357940673828
6 9.872427940368652 21.135217666625977 55.546546936035156 49.11115264892578 9 9.57682991027832 23.05632781982422 57.250282287597656 51.807987213134766
5 18.418689727783203 21.749956130981445 59.900367736816406 41.164634704589844 2 18.153879165649414 5.562527656555176 60.59409713745117 26.067766189575195
9 108.90533447265625 51.27984619140625 164.51913452148438 90.75888061523438
7 38.955142974853516 35.296905517578125 72.03980255126953 51.26267623901367
2 6.404083728790283 3.5535881519317627 32.54689407348633 18.9685001373291 6 6.219329357147217 19.294185638427734 35.983882904052734 37.376102447509766
2 14.42979907989502 1.7043412923812866 46.53200912475586 19.265987396240234 2 13.149568557739258 22.950637817382812 43.9110221862793 39.691688537597656 1 12.911917686462402 42.17052459716797 47.060482025146484 58.58795166015625
9 3.964517831802368 13.67190170288086 28.54690170288086 27.802078247070312 2 1.993882417678833 0.3719013035297394 24.96807098388672 13.518000602722168
8 8.691812515258789 17.727888107299805 32.75754928588867 31.748064041137695 9 17.817317962646484 28.682334899902344 39.42896270751953 43.31257629394531 6 8.169604301452637 16.97473907470703 33.38776397705078 31.42280387878418
6 68.45960998535156 96.4696044921875 170.06729125976562 144.72108459472656 8 85.11470031738281 142.56875610351562 187.7543487548828 199.52420043945312
1 21.450258255004883 2.8826582431793213 56.11845779418945 20.082820892333984 6 14.33207893371582 41.43352127075195 60.43903350830078 65.42453002929688 4 16.288074493408203 19.952022552490234 57.58708953857422 38.804500579833984
5 12.63182544708252 14.837883949279785 62.16737747192383 42.36423873901367 0 8.928267478942871 41.410560607910156 61.39760208129883 69.57018280029297
4 14.780760765075684 2.4811391830444336 49.10525131225586 16.260271072387695 6 15.488469123840332 15.797518730163574 51.73558807373047 30.511531829833984
3 10.841020584106445 21.977691650390625 39.71775817871094 39.67908477783203 1 9.01303768157959 8.694474220275879 38.32114791870117 21.655296325683594 1 11.83891773223877 39.390323638916016 40.62545394897461 49.1515007019043
1 3.019749879837036 0.6317186951637268 25.010452270507812 10.44739818572998 5 2.397183656692505 15.836641311645508 22.93846893310547 27.769479751586914 3 1.612084984779358 0.0 24.008346557617188 11.124924659729004
0 40.66981887817383 57.52256393432617 96.05786895751953 96.0004653930664 1 61.577598571777344 34.50504684448242 113.44378662109375 70.7607421875
2 4.647782802581787 4.251667499542236 25.492773056030273 16.764450073242188
8 16.227787017822266 4.104905128479004 87.35723114013672 60.63555145263672
1 77.18698120117188 55.916587829589844 102.88519287109375 74.2222900390625 6 75.91560363769531 54.28020095825195 106.03527069091797 75.8936996459961 6 72.97512817382812 64.43045806884766 106.1484146118164 87.8016128540039
4 73.54405975341797 13.547286987304688 195.50926208496094 108.3402328491211 9 114.70811462402344 116.75379943847656 150.6305694580078 142.4136199951172 5 103.13868713378906 100.61907958984375 153.07839965820312 142.43092346191406
2 21.671268463134766 77.52489471435547 68.7591323852539 108.61866760253906 1 46.90702438354492 34.57369613647461 92.61591339111328 56.51227951049805 7 31.749826431274414 51.66826629638672 80.4865951538086 77.7108383178711
5 14.880867004394531 33.08383560180664 35.09248352050781 46.36585235595703 2 18.158830642700195 5.8038129806518555 39.48875427246094 17.95835304260254 3 12.333017349243164 20.275197982788086 36.614891052246094 32.64922332763672
9 6.114703178405762 0.9606060981750488 23.747615814208984 14.318225860595703
2 28.334508895874023 34.80562973022461 57.77079772949219 52.48455047607422 1 30.2484073638916 14.810002326965332 61.54838943481445 30.774267196655273 4 29.309904098510742 54.06875991821289 56.85203170776367 72.2066421508789
6 31.191635131835938 62.742923736572266 66.49364471435547 84.01319122314453
4 7.181093692779541 10.639379501342773 38.56205749511719 28.779687881469727 4 9.990507125854492 28.002519607543945 41.748779296875 44.28493881225586
2 25.513124465942383 12.597434997558594 56.37255096435547 28.71583366394043 0 25.574277877807617 36.730316162109375 60.01256561279297 51.16714096069336 5 25.01204490661621 50.02278137207031 59.42447280883789 65.04727935791016
5 6.209842681884766 3.9754252433776855 32.45377731323242 21.352367401123047 7 5.422707557678223 22.66596794128418 32.32460403442383 37.398887634277344
7 14.150571823120117 28.783695220947266 30.456924438476562 40.33086395263672 1 14.693907737731934 17.091411590576172 33.404029846191406 27.312604904174805
2 29.467971801757812 39.291534423828125 69.53694152832031 63.95316696166992 1 30.549785614013672 61.641357421875 70.3057861328125 78.93534088134766
3 21.596179962158203 34.845088958740234 50.76704406738281 50.76770782470703 2 28.207551956176758 45.609107971191406 55.07262420654297 59.74501037597656
1 5.456360340118408 8.966511726379395 26.328763961791992 19.276365280151367 3 4.3140950202941895 18.820371627807617 26.01643180847168 32.525787353515625
2 20.61480140686035 28.419462203979492 51.93780517578125 44.17400360107422 2 19.875736236572266 43.44898986816406 47.46354675292969 58.54248046875
4 22.046201705932617 17.432777404785156 47.93001937866211 35.4718132019043 3 14.793050765991211 0.6397476196289062 47.35035705566406 19.457332611083984
4 14.451565742492676 64.11863708496094 48.98185348510742 85.17548370361328 3 19.930938720703125 58.789432525634766 71.7221908569336 91.98432922363281 6 48.29485321044922 66.60107421875 79.09378051757812 89.42698669433594
3 14.017560005187988 23.9194393157959 50.46284484863281 39.886112213134766
6 14.783248901367188 27.939781188964844 52.4130859375 53.983524322509766 8 12.798240661621094 4.32515811920166 50.040626525878906 29.37627410888672
6 48.59048843383789 95.86688232421875 105.59584045410156 140.8108367919922 0 48.97673797607422 101.55772399902344 105.61479949951172 142.14404296875 4 44.647735595703125 139.9110565185547 97.62010192871094 180.2086181640625
2 18.600147247314453 0.0 46.88471603393555 16.020435333251953
2 8.836344718933105 16.48977279663086 44.002235412597656 35.19731140136719 3 8.469841957092285 1.1706081628799438 42.976253509521484 16.588041305541992
6 32.56721878051758 34.882896423339844 80.24174499511719 57.6854248046875
5 10.578521728515625 30.19266128540039 41.175052642822266 46.06890106201172 2 10.515644073486328 0.8678861856460571 40.568603515625 16.248821258544922 3 11.262453079223633 16.14620590209961 41.479820251464844 30.279943466186523
2 44.17030334472656 70.45147705078125 76.67469024658203 93.96795654296875
7 10.0739107131958 0.5710083842277527 50.219852447509766 23.652454376220703 1 10.156230926513672 25.365074157714844 48.31263732910156 41.66794967651367 9 14.466178894042969 43.63857650756836 50.9129524230957 62.31324768066406
9 9.280667304992676 0.2398359626531601 29.226654052734375 11.71174430847168
7 11.351653099060059 29.096160888671875 50.2117919921875 53.29188919067383 2 14.511759757995605 2.235394239425659 50.74774169921875 26.415023803710938
2 40.73468780517578 21.737316131591797 70.19375610351562 37.472713470458984 2 43.23596954345703 34.321372985839844 69.70211029052734 49.86973571777344
2 25.383012771606445 48.871055603027344 56.18896484375 70.76303100585938 2 19.414915084838867 30.923458099365234 56.645320892333984 52.56721878051758
2 4.662732124328613 1.2495628595352173 26.66457176208496 14.72596549987793 8 5.503017425537109 15.749335289001465 26.245038986206055 28.364299774169922
2 13.37559700012207 22.568408966064453 37.400333404541016 36.70547103881836 3 14.29758071899414 1.8307043313980103 39.55336380004883 14.727783203125 6 14.338010787963867 12.596818923950195 38.44837188720703 24.031173706054688
4 34.893394470214844 119.21820068359375 196.7841796875 201.04505920410156 0 35.198020935058594 173.41392517089844 116.68394470214844 214.82212829589844 3 120.23475646972656 167.8076171875 182.37619018554688 206.62351989746094
2 11.407052993774414 0.1660168170928955 38.959964752197266 14.54542064666748 7 10.652637481689453 15.746880531311035 37.44960021972656 29.43674659729004
6 2.1212551593780518 13.692830085754395 25.765445709228516 27.746551513671875
4 20.409698486328125 38.19928741455078 59.45994186401367 58.934871673583984 8 14.898483276367188 37.896522521972656 60.466304779052734 70.65205383300781 5 25.322731018066406 47.89252471923828 55.26292037963867 65.47789001464844
6 7.510002613067627 40.37027359008789 74.57256317138672 81.35003662109375
3 24.965621948242188 5.9758405685424805 48.665992736816406 20.555959701538086 2 27.500858306884766 5.063741683959961 50.90840530395508 18.303367614746094 9 24.77285385131836 16.762542724609375 48.37607955932617 31.122644424438477
6 13.91468334197998 56.93165969848633 44.29589080810547 77.4594497680664 3 13.952860832214355 56.565834045410156 44.52833557128906 75.57991027832031 8 15.105975151062012 55.80046463012695 45.88351058959961 75.53179931640625
2 26.126014709472656 9.149786949157715 62.97659683227539 28.66550636291504
6 6.307315826416016 37.396480560302734 55.90239334106445 64.47872924804688
5 17.81524658203125 21.401721954345703 48.36042785644531 36.931129455566406 1 20.263259887695312 8.589513778686523 48.4190788269043 21.26158905029297
6 33.60462188720703 84.65836334228516 64.87014770507812 107.0500259399414 6 45.977210998535156 38.970947265625 75.8367691040039 57.33415603637695 4 42.859127044677734 62.27034378051758 72.77214813232422 81.0742416381836
4 11.436418533325195 34.77733612060547 47.81650924682617 54.218421936035156 2 15.560791969299316 16.45570182800293 51.20436477661133 36.12104034423828
5 21.23048973083496 46.92732238769531 88.8578872680664 71.8892822265625 2 12.661599159240723 53.760040283203125 38.812042236328125 67.92398071289062 2 59.90617370605469 43.04744338989258 91.61903381347656 65.63782501220703
1 59.22650909423828 24.984731674194336 250.69371032714844 107.06350708007812 7 33.04542922973633 170.9510040283203 186.30194091796875 267.794677734375 5 14.01302719116211 174.43833923339844 188.74005126953125 270.0
1 19.515182495117188 14.510777473449707 80.24518585205078 37.0015754699707 3 21.395896911621094 38.54725646972656 85.56616973876953 72.71794891357422
2 96.3087387084961 46.730342864990234 149.3364715576172 77.37775421142578 1 98.35987091064453 12.844558715820312 154.1855926513672 35.66611862182617 2 101.36141967773438 33.03557205200195 147.9228057861328 58.43654251098633
5 50.8616943359375 12.516798973083496 110.48189544677734 44.797786712646484
6 9.489887237548828 5.283633232116699 26.0784912109375 17.23099136352539 5 9.39284896850586 15.513766288757324 25.79161834716797 27.04566192626953 8 9.31478214263916 5.742855072021484 27.060752868652344 16.783620834350586
2 10.32324504852295 25.646053314208984 31.221019744873047 37.85508728027344
6 8.499608039855957 24.789627075195312 36.1428108215332 44.149837493896484
8 9.528971672058105 20.858163833618164 41.85594940185547 38.402889251708984 8 8.876849174499512 2.3729043006896973 40.8640022277832 19.56341552734375
4 19.051504135131836 56.55413055419922 85.1201400756836 104.65082550048828 1 86.2636489868164 31.734384536743164 113.09291076660156 55.11820602416992 4 87.1592025756836 32.53203201293945 114.83009338378906 50.4459114074707
7 13.23082447052002 24.37390899658203 47.14662551879883 46.258548736572266
4 6.907703876495361 14.718330383300781 41.200401306152344 29.62364387512207 3 6.109348297119141 15.240802764892578 41.71319580078125 30.783809661865234
8 15.413070678710938 56.175209045410156 77.53511047363281 92.43499755859375
4 19.198118209838867 37.09730529785156 117.00772857666016 97.92041015625 5 70.5929183959961 96.49095916748047 106.2313232421875 122.0567398071289 3 74.02495574951172 104.27685546875 103.704345703125 121.23860168457031
2 7.381866931915283 2.605386257171631 34.02094650268555 17.620323181152344 1 7.358874797821045 17.670597076416016 30.713735580444336 31.147918701171875
1 5.871064186096191 3.8770689964294434 28.380783081054688 15.499126434326172
9 5.685898780822754 14.608585357666016 32.28921127319336 27.969987869262695
8 37.50680160522461 59.93721389770508 76.95637512207031 86.9521713256836 5 38.866085052490234 33.65003967285156 78.74858093261719 61.84340286254883 3 36.49897766113281 34.526031494140625 77.42012023925781 61.20125961303711
2 25.77194595336914 29.08686637878418 48.387176513671875 45.74649429321289
2 18.147506713867188 13.29239273071289 52.65900421142578 31.743452072143555 0 14.33176326751709 31.11272621154785 48.49705505371094 48.196929931640625
9 41.6592903137207 11.932826042175293 85.82066345214844 41.5656852722168
6 16.361083984375 53.68478012084961 54.393089294433594 74.23889923095703 1 13.091718673706055 11.375414848327637 59.15712356567383 32.781707763671875 5 15.101105690002441 34.026737213134766 52.113101959228516 55.18745040893555
2 8.049781799316406 3.9417266845703125 28.77755355834961 15.898571014404297 9 8.118715286254883 15.382051467895508 28.11798667907715 30.111263275146484
5 8.34951114654541 23.715564727783203 26.224964141845703 35.78886032104492 3 7.395910263061523 10.913396835327148 25.18085289001465 22.356443405151367
5 18.859344482421875 3.6243414878845215 66.85530853271484 35.36615753173828 1 14.375511169433594 31.210773468017578 65.39884948730469 47.352115631103516 6 18.511552810668945 43.667381286621094 66.61315155029297 74.73098754882812
1 37.66546630859375 21.01839256286621 62.43701171875 32.149112701416016 1 31.73756980895996 27.49078369140625 64.98719787597656 43.15247344970703
4 14.136795997619629 20.878400802612305 45.727928161621094 40.8345947265625 1 10.09507942199707 12.231770515441895 38.991973876953125 26.022666931152344
9 108.26876831054688 9.950545310974121 155.72769165039062 45.88953399658203 6 96.3724594116211 7.873626232147217 144.34149169921875 44.62506866455078 5 87.16162872314453 4.904396057128906 147.49917602539062 48.90728759765625
1 16.385473251342773 8.499547004699707 43.29210662841797 22.771873474121094 9 15.58340072631836 22.567577362060547 42.07016372680664 39.64727783203125
3 36.018863677978516 1.955122709274292 66.6026382446289 22.413982391357422
4 21.509807586669922 14.289386749267578 131.125732421875 57.1068000793457 8 23.189844131469727 80.71456909179688 112.27212524414062 118.90909576416016 3 31.119632720947266 46.150474548339844 128.90858459472656 81.1084213256836
6 25.48565673828125 63.081642150878906 93.71141815185547 99.34036254882812 3 9.675811767578125 26.016202926635742 79.23355865478516 62.59068298339844 5 14.35051441192627 25.39653205871582 77.83251953125 63.407352447509766
6 8.020047187805176 45.94175720214844 43.63404846191406 66.14295959472656 2 28.47454071044922 13.824049949645996 63.559326171875 35.50680160522461 1 16.229551315307617 31.50778579711914 53.53873825073242 48.18503952026367
6 27.44921875 27.52010726928711 64.71040344238281 49.91483688354492 3 30.47940444946289 4.90113639831543 65.45626831054688 24.51221466064453 1 28.11917495727539 52.85041809082031 65.25843811035156 69.87699890136719
0 26.2305850982666 26.300264358520508 49.800086975097656 40.63641357421875 0 27.355369567871094 40.230648040771484 50.61672592163086 55.23830032348633 5 23.983179092407227 9.666915893554688 48.960975646972656 26.61016082763672
1 10.564486503601074 7.838815689086914 45.51360321044922 21.698884963989258
2 10.83935832977295 9.868782043457031 50.34860610961914 27.70088768005371
4 13.732123374938965 0.0 55.381935119628906 21.72797203063965 0 15.488832473754883 21.88216209411621 52.959808349609375 44.392452239990234
4 6.734167098999023 7.616082191467285 33.96143341064453 21.446754455566406 8 9.121461868286133 19.21969223022461 32.51671600341797 33.68581008911133
6 13.654251098632812 6.7649970054626465 45.657596588134766 35.80895233154297 4 3.9509494304656982 42.793277740478516 29.362773895263672 59.943416595458984 2 5.503320693969727 37.119991302490234 47.58843994140625 59.682701110839844
4 30.43158721923828 31.65931510925293 66.61628723144531 53.76042938232422 8 33.18891906738281 53.85225296020508 67.06804656982422 76.54051208496094 1 28.97776985168457 17.193260192871094 66.79679107666016 33.080623626708984
3 10.243754386901855 13.963068962097168 36.549800872802734 33.43075180053711 4 12.413156509399414 1.765381932258606 38.29740524291992 18.2268009185791
0 8.420162200927734 20.426313400268555 36.387550354003906 39.461997985839844 1 5.820538520812988 8.744373321533203 36.9628791809082 21.66693878173828
8 33.86098861694336 71.3502197265625 68.79572296142578 91.11244201660156
2 7.286491394042969 15.000149726867676 27.335121154785156 26.284021377563477 5 8.15504264831543 25.032011032104492 26.85160255432129 36.527339935302734
2 3.683769941329956 5.0842204093933105 22.34046745300293 16.649019241333008 9 4.596395015716553 15.648837089538574 20.811697006225586 26.322505950927734 0 5.871585369110107 14.39269733428955 18.08768081665039 26.350364685058594
2 15.392793655395508 19.869426727294922 37.51757049560547 34.79661560058594 1 14.783916473388672 7.050569534301758 39.48674011230469 21.11071014404297 0 14.289922714233398 34.48038101196289 35.94432830810547 48.72539520263672
7 68.9372787475586 97.82601928710938 97.08271026611328 109.49531555175781 7 67.67603302001953 85.77188110351562 97.20830535888672 99.55046081542969
3 47.10137939453125 20.796316146850586 77.63391876220703 39.81480407714844 0 12.199487686157227 36.60224533081055 45.292640686035156 59.21430206298828 2 14.623964309692383 35.0240592956543 54.936580657958984 61.24404525756836
2 8.074679374694824 17.266172409057617 31.52794647216797 29.747190475463867
8 18.679515838623047 34.3769416809082 65.84601593017578 54.21511459350586 3 20.51168441772461 8.737460136413574 67.75606536865234 34.10049819946289 1 17.205734252929688 53.03443145751953 63.44157028198242 68.23883819580078
6 35.7822380065918 131.82913208007812 84.56745910644531 157.576171875
2 24.7045955657959 23.65597915649414 57.741294860839844 42.477542877197266 3 25.582515716552734 41.61520004272461 55.51572036743164 58.89656448364258
7 9.389627456665039 1.0753884315490723 34.488521575927734 14.647619247436523 5 8.985611915588379 11.131227493286133 32.67764663696289 27.97115707397461
8 6.553654670715332 4.321567058563232 27.383872985839844 17.70989990234375
5 8.188876152038574 41.329307556152344 53.05642318725586 64.1684799194336 9 11.904061317443848 17.12051010131836 52.512474060058594 41.5947151184082
2 20.446531295776367 26.49112892150879 42.43400955200195 42.681907653808594
2 6.351633548736572 14.448212623596191 28.94245147705078 27.21027183532715
2 6.857439041137695 14.164859771728516 32.70341491699219 31.486587524414062 4 4.605833053588867 0.0 31.29758644104004 14.63561725616455
7 56.537471771240234 84.41136932373047 91.77485656738281 109.0261459350586 5 59.40507125854492 58.090579986572266 96.67637634277344 82.72238159179688
2 9.206528663635254 25.76612663269043 28.972740173339844 37.7117919921875
6 48.430973052978516 52.739925384521484 87.7056884765625 74.83970642089844 3 35.056243896484375 80.05284881591797 62.665313720703125 101.3077392578125 5 46.39276123046875 72.35826873779297 89.52046203613281 91.78325653076172
2 23.204904556274414 33.54106903076172 43.98921585083008 46.337257385253906 3 21.041410446166992 44.6005973815918 41.660980224609375 56.033409118652344
5 8.959150314331055 29.21500587463379 41.417640686035156 47.57259750366211
2 28.19386100769043 33.426151275634766 64.4180679321289 52.493896484375 5 28.660654067993164 51.52640151977539 55.85493087768555 70.72591400146484
6 34.78784942626953 39.0526008605957 72.28949737548828 63.199928283691406 8 38.01283264160156 15.635970115661621 71.19378662109375 40.97359085083008
4 10.161601066589355 21.823869705200195 38.05471420288086 35.81334686279297 3 7.865350246429443 4.4542036056518555 38.00502014160156 21.390851974487305 1 10.425558090209961 34.72857666015625 38.2254638671875 45.652618408203125
3 21.237300872802734 75.00601959228516 61.69239044189453 100.53475189208984 1 41.39564895629883 19.717952728271484 84.79462432861328 38.69185256958008 0 35.2739143371582 33.866180419921875 76.93363952636719 57.21397399902344
5 22.251333236694336 37.02653121948242 48.133060455322266 53.874752044677734 7 22.804950714111328 19.302934646606445 48.58140563964844 33.965023040771484
2 36.41061782836914 25.252933502197266 106.80087280273438 61.9962043762207 1 48.691734313964844 4.5214715003967285 112.64768981933594 32.00044250488281 0 25.528627395629883 83.81097412109375 89.69695281982422 120.2446517944336
8 5.143668174743652 6.133703231811523 32.97959518432617 25.3670654296875 4 9.407394409179688 27.52138900756836 38.80500411987305 44.77021789550781 1 9.054287910461426 31.08991813659668 38.80662536621094 44.39286804199219
4 15.217951774597168 57.52547073364258 51.26760482788086 78.66175079345703 4 22.25362205505371 38.80472183227539 58.04605484008789 59.93101119995117 3 30.54106330871582 20.440109252929688 67.2977066040039 41.079246520996094
2 11.467071533203125 2.9749131202697754 28.785221099853516 14.300853729248047 4 9.974891662597656 14.104392051696777 29.314876556396484 25.347488403320312 9 9.046478271484375 17.737485885620117 31.20810317993164 28.842267990112305
2 22.72831153869629 52.0689697265625 53.36945724487305 67.6703109741211 3 20.230724334716797 41.76659393310547 53.222816467285156 53.47652816772461
9 12.969534873962402 30.253829956054688 35.95741653442383 46.32304763793945 1 15.564411163330078 16.274307250976562 42.60177230834961 31.768962860107422
8 132.93643188476562 17.736282348632812 199.7340545654297 54.3956413269043 1 30.421098709106445 29.740976333618164 160.45724487304688 69.84175109863281 9 141.6686553955078 18.835683822631836 190.7649383544922 55.189212799072266
3 58.16182327270508 82.51653289794922 101.63800811767578 107.51376342773438 1 4.505610466003418 32.30182647705078 92.03226470947266 64.1680908203125 5 56.24625015258789 75.98265075683594 100.65819549560547 107.21762084960938
4 91.22354125976562 139.93719482421875 172.08303833007812 196.8135223388672 9 103.00418090820312 139.35789489746094 188.60464477539062 196.75848388671875 5 87.52147674560547 134.76365661621094 170.18898010253906 197.5561981201172
3 14.778220176696777 12.470219612121582 37.30720138549805 24.692384719848633 4 17.673532485961914 1.7467772960662842 37.40133285522461 13.375076293945312
9 6.923801898956299 3.906181573867798 47.152347564697266 28.127328872680664
7 3.859719753265381 11.30444049835205 23.72242546081543 22.372865676879883
8 10.52076244354248 29.429523468017578 43.09205627441406 47.975257873535156 6 14.413379669189453 10.411391258239746 43.71957015991211 27.94548225402832
5 7.422133922576904 25.800987243652344 35.44820022583008 41.50558090209961 7 8.00145149230957 8.76708984375 33.82065963745117 23.764141082763672
4 2.438060998916626 0.9081740379333496 16.169536590576172 10.275391578674316 1 1.5279290676116943 6.073960781097412 16.217750549316406 12.325610160827637 2 3.4375438690185547 1.0017623901367188 16.719951629638672 8.184737205505371
7 37.90913391113281 123.1093521118164 91.89600372314453 153.65589904785156 1 35.49144744873047 94.56993103027344 100.59258270263672 122.41036224365234
2 20.286352157592773 6.569721221923828 41.005638122558594 21.533906936645508
5 43.47468566894531 85.31147766113281 117.86566162109375 124.17573547363281 2 45.3421630859375 59.85523986816406 121.48273468017578 95.95394134521484 9 33.98036193847656 59.71144485473633 132.13357543945312 125.35881042480469
2 42.39483642578125 9.930506706237793 83.83707427978516 36.998252868652344 2 44.1776123046875 24.683441162109375 83.01702117919922 41.83592224121094
7 45.04879379272461 57.57012939453125 108.55055236816406 93.69622039794922 8 57.93819808959961 34.29182052612305 116.01969909667969 66.95165252685547 1 61.94095993041992 8.538599014282227 128.69862365722656 38.01268768310547
3 21.945894241333008 6.914459228515625 47.2428092956543 19.336503982543945 3 21.77381134033203 19.82216453552246 47.74659729003906 34.2017822265625
2 15.66864013671875 2.80859637260437 41.89677047729492 20.93170166015625 2 14.133113861083984 21.113582611083984 42.24215316772461 38.99556350708008
5 49.0229606628418 25.55461311340332 97.28700256347656 51.6861686706543
2 12.708462715148926 20.60340118408203 54.93718719482422 44.66990280151367 9 12.69176197052002 43.354515075683594 54.773284912109375 67.19538879394531 1 13.742321968078613 2.731873035430908 53.0753288269043 19.13691520690918
7 6.203873157501221 8.87500286102295 30.926437377929688 25.078399658203125
7 80.76496887207031 37.822113037109375 187.6113739013672 98.65736389160156
8 4.370606422424316 15.03256893157959 25.057605743408203 28.572500228881836
6 16.83751106262207 28.443294525146484 50.08087921142578 50.4257698059082 3 11.919492721557617 2.6891422271728516 47.041465759277344 24.352294921875
2 12.91511058807373 18.923473358154297 39.852455139160156 33.87505340576172 0 13.383918762207031 32.4881706237793 38.140602111816406 48.78252029418945 6 6.511503219604492 31.462329864501953 39.31771469116211 48.76081085205078
1 103.03471374511719 26.291017532348633 222.97132873535156 77.39816284179688 1 97.83055877685547 0.0 231.07298278808594 37.263572692871094 1 143.24827575683594 248.2054443359375 237.88204956054688 289.83935546875
0 8.2979154586792 14.280679702758789 36.10105514526367 31.45540428161621 1 13.5513277053833 2.3699169158935547 41.39363479614258 18.203086853027344 1 5.343256950378418 28.174388885498047 31.788516998291016 43.863243103027344
7 6.792662143707275 13.97952938079834 28.990449905395508 28.062707901000977 8 7.822422027587891 0.5722481608390808 27.991233825683594 14.031539916992188
1 87.96636962890625 4.8591437339782715 155.4051971435547 37.183189392089844 4 89.46713256835938 3.9801909923553467 161.05612182617188 41.28501892089844 2 89.04651641845703 43.92931365966797 136.8270721435547 72.75505065917969
2 8.931303977966309 20.162330627441406 35.77295684814453 36.790435791015625 2 7.589694499969482 3.951853036880493 33.15105056762695 20.068307876586914
5 8.916439056396484 4.991794586181641 35.704673767089844 18.24483871459961 7 8.662729263305664 14.935772895812988 31.131057739257812 29.74407958984375
3 20.698211669921875 84.04505157470703 51.68280792236328 106.43020629882812 2 58.32440948486328 60.867984771728516 89.00979614257812 85.24202728271484 2 81.87731170654297 78.46046447753906 106.3985595703125 102.25030517578125
7 13.950520515441895 34.741851806640625 35.59286880493164 48.1988639831543 1 16.760440826416016 14.592192649841309 42.71167755126953 25.546728134155273 6 14.295722007751465 22.91267204284668 40.40625 34.727970123291016
1 38.673561096191406 77.33318328857422 70.39381408691406 91.08194732666016 1 39.395999908447266 89.76585388183594 69.91187286376953 99.29094696044922
4 20.578609466552734 93.49591064453125 112.34317779541016 156.62701416015625 0 23.022846221923828 133.43716430664062 115.32318115234375 186.13345336914062 4 21.9362735748291 143.25450134277344 118.12310028076172 188.0662384033203
1 6.702678680419922 0.24154072999954224 31.165069580078125 12.030616760253906 0 7.898372650146484 11.020476341247559 31.662673950195312 26.308969497680664
2 112.74505615234375 71.81626892089844 159.99037170410156 93.76078033447266
7 16.685087203979492 45.65019226074219 51.93175506591797 61.9030876159668 3 16.452699661254883 24.430335998535156 53.952064514160156 43.3183479309082
5 4.143304347991943 11.649323463439941 22.435840606689453 22.131376266479492
3 9.046224594116211 17.221054077148438 32.6805305480957 31.16779136657715 6 9.402710914611816 4.445744514465332 33.452911376953125 17.291919708251953 5 10.984101295471191 5.1420698165893555 32.649959564208984 17.746461868286133
0 18.73626708984375 56.22877502441406 42.90199279785156 71.39429473876953
9 38.94871139526367 3.634669303894043 75.5965805053711 29.933059692382812 5 30.952728271484375 2.425971269607544 74.24909210205078 29.031484603881836 3 32.231868743896484 0.6673197150230408 78.67047119140625 28.877199172973633
9 9.166178703308105 17.079208374023438 31.165985107421875 28.663406372070312 3 8.457931518554688 16.3182315826416 32.08270263671875 29.679052352905273 2 9.053218841552734 16.521728515625 31.241565704345703 28.37430191040039
0 45.76715850830078 46.15093994140625 95.57379913330078 69.25323486328125 1 44.73971939086914 20.082738876342773 96.15521240234375 40.37281036376953
5 1.2521190643310547 3.347247838973999 18.19793128967285 14.981038093566895
1 22.438901901245117 128.38705444335938 133.5476531982422 163.0 1 27.27690315246582 13.451913833618164 66.31800079345703 38.44987869262695 1 31.63157081604004 94.08258819580078 135.8484344482422 122.43062591552734
6 10.188096046447754 36.635555267333984 46.275184631347656 54.9312629699707 6 3.0007596015930176 55.555477142333984 33.860931396484375 72.05004119873047 4 22.516740798950195 18.954113006591797 58.4456901550293 37.97585678100586
7 6.719097137451172 30.13680076599121 37.96229934692383 46.0
8 9.878349304199219 13.173437118530273 49.890907287597656 41.675968170166016
1 10.980633735656738 14.458477973937988 35.95513916015625 25.96602439880371 2 11.003063201904297 23.941024780273438 34.485816955566406 36.97627639770508
5 7.048960208892822 13.089550971984863 25.29654884338379 25.23394775390625 2 7.31674337387085 2.894111394882202 25.954151153564453 14.145540237426758
1 31.86863899230957 13.275322914123535 72.07633972167969 29.790021896362305 9 30.250093460083008 28.617841720581055 69.99382781982422 44.65193176269531 1 28.187366485595703 44.2996826171875 71.78273010253906 59.215206146240234
9 13.766959190368652 5.942814350128174 65.03497314453125 42.57571029663086
7 15.124590873718262 17.51300621032715 40.01449966430664 33.302085876464844
3 10.505314826965332 33.8031120300293 81.1842041015625 72.90495300292969 4 13.442752838134766 2.6502814292907715 88.11373901367188 36.623802185058594
6 12.877994537353516 14.2405424118042 36.38670349121094 29.234657287597656 1 11.977317810058594 0.378501296043396 36.730926513671875 12.408673286437988 3 12.6875638961792 31.09228515625 36.649593353271484 44.62944030761719
1 142.42120361328125 101.05108642578125 212.39572143554688 141.2051544189453 2 79.39405059814453 192.5885467529297 130.10682678222656 221.398681640625 5 79.01883697509766 193.05409240722656 123.4530029296875 226.60955810546875
5 56.332210540771484 0.0 139.34230041503906 46.12151336669922 8 52.99240493774414 6.110682964324951 86.61474609375 31.506898880004883 5 55.064449310302734 4.3667097091674805 85.35935974121094 30.356630325317383
5 59.19733428955078 70.40917205810547 102.46977996826172 102.26387023925781
1 10.103216171264648 10.039970397949219 32.33344268798828 19.869592666625977 1 8.244969367980957 21.353965759277344 31.89626121520996 32.31106948852539
0 9.96214485168457 19.228300094604492 37.35981750488281 32.16530227661133 1 9.114306449890137 8.690728187561035 38.251155853271484 19.421672821044922
1 20.72283172607422 67.2691421508789 53.26439666748047 86.2952651977539
5 12.498052597045898 27.172298431396484 45.1056022644043 45.25981903076172 1 15.45824909210205 15.576567649841309 46.075443267822266 30.167118072509766
4 92.55469512939453 84.50045013427734 224.6966094970703 161.8551788330078 4 124.284423828125 26.72960090637207 221.26361083984375 85.68318939208984 1 108.9991683959961 31.700551986694336 218.95407104492188 79.82366943359375
2 7.312735080718994 1.465956211090088 38.484954833984375 18.150325775146484 3 6.940519332885742 18.652111053466797 38.755348205566406 36.744998931884766
9 22.652158737182617 77.24846649169922 99.30875396728516 133.32664489746094
6 14.740657806396484 2.3835225105285645 36.86994171142578 17.719680786132812
0 24.359752655029297 115.79644012451172 59.66602325439453 139.70013427734375 4 22.136821746826172 116.15474700927734 58.85167694091797 140.37249755859375 2 38.79168701171875 44.4332389831543 128.4026641845703 106.3188247680664
4 15.158585548400879 28.595048904418945 43.03770065307617 45.13949966430664 1 15.565657615661621 10.48051643371582 45.843345642089844 23.814001083374023
7 6.189815044403076 16.195186614990234 33.20063018798828 29.629453659057617
7 15.189048767089844 55.2528190612793 45.007102966308594 71.93497467041016
7 7.835980415344238 23.96280288696289 34.36406707763672 40.52185821533203 1 10.302759170532227 0.9859836101531982 38.63832092285156 16.117572784423828
7 11.450727462768555 12.844084739685059 52.479042053222656 36.06588363647461 2 9.838556289672852 37.0444221496582 49.87173843383789 60.518497467041016
2 51.8153076171875 33.078041076660156 144.3197021484375 92.3370132446289 3 136.52894592285156 6.636987686157227 187.92156982421875 48.76412582397461 8 136.03834533691406 11.538529396057129 190.93673706054688 52.340206146240234
4 6.473760604858398 15.09162425994873 22.816539764404297 26.53545379638672 5 6.093237400054932 3.972898244857788 23.941434860229492 15.882906913757324
9 63.32972717285156 87.55500030517578 114.46490478515625 114.74658966064453 0 61.657310485839844 62.65897750854492 117.9324722290039 88.77606201171875 1 70.89225006103516 43.92290496826172 122.47010803222656 66.4087142944336
1 5.192788124084473 19.390789031982422 33.61778259277344 34.17129135131836 1 8.561625480651855 9.17882251739502 34.242515563964844 20.418041229248047
0 45.6983528137207 86.08464050292969 71.87776184082031 100.51763153076172 0 44.34564208984375 73.4897689819336 72.54920959472656 88.80335998535156 3 43.03268814086914 59.689815521240234 74.06182861328125 76.77857971191406
5 63.535682678222656 106.00804901123047 104.25811767578125 133.91189575195312 3 66.60124206542969 64.87896728515625 105.31217193603516 88.28079986572266 0 69.17973327636719 90.19763946533203 101.81044006347656 112.11946868896484
4 35.146297454833984 20.385791778564453 146.1031036376953 98.28168487548828
5 8.514272689819336 5.665695667266846 33.23784637451172 21.269441604614258 4 8.829493522644043 18.74618911743164 35.639617919921875 39.67232894897461
5 39.85535430908203 1.4017375707626343 102.96585845947266 43.66289520263672
9 6.469876289367676 23.74834442138672 27.52652359008789 36.229881286621094 6 7.5424723625183105 9.690751075744629 27.097768783569336 23.362913131713867
6 62.926605224609375 94.9547119140625 129.1510009765625 131.85462951660156 5 62.38106155395508 95.17394256591797 125.21735382080078 132.09588623046875 8 20.32756996154785 116.2235107421875 55.00080871582031 138.21302795410156
5 16.88730239868164 58.439510345458984 37.46222686767578 70.48966979980469
1 40.205074310302734 44.20673751831055 179.87779235839844 85.12232971191406 1 38.95102310180664 95.96566772460938 179.99716186523438 148.28587341308594 1 50.18189239501953 57.333919525146484 187.23048400878906 129.06919860839844
7 5.995628833770752 14.571710586547852 24.502363204956055 25.240427017211914 3 4.453320026397705 2.3773157596588135 22.61107063293457 11.904925346374512
8 22.973825454711914 16.835847854614258 45.38157272338867 30.44823455810547
5 10.05794906616211 2.9288113117218018 38.8330192565918 19.998910903930664 7 14.010167121887207 18.038135528564453 40.76897430419922 33.61186218261719
2 11.377037048339844 42.1995849609375 35.24082946777344 58.20745849609375
7 7.663893699645996 25.95294761657715 40.848751068115234 43.216041564941406 3 12.534356117248535 7.844587802886963 45.256290435791016 27.268896102905273
5 11.521482467651367 20.0272159576416 37.61670684814453 38.62094497680664 3 13.081071853637695 3.4634270668029785 38.98503875732422 19.49458885192871
2 34.73122024536133 59.730525970458984 70.98719787597656 78.48087310791016 0 33.68369674682617 75.94908142089844 67.6552734375 95.5633316040039
9 35.411827087402344 45.753604888916016 64.48773956298828 61.2543830871582
3 17.81249237060547 2.706393003463745 45.84147262573242 19.808799743652344 0 19.793434143066406 20.160621643066406 45.547306060791016 39.660335540771484
7 35.82051086425781 37.678428649902344 91.03504180908203 60.07762908935547
7 19.257570266723633 60.760528564453125 55.029354095458984 80.02957916259766 3 33.073516845703125 48.25104522705078 62.837623596191406 67.35001373291016 8 39.70122528076172 34.507259368896484 72.73409271240234 52.69498825073242
1 20.886381149291992 3.4387357234954834 53.67558288574219 19.683042526245117 9 17.495250701904297 19.144332885742188 50.42299270629883 37.33815383911133 8 16.949003219604492 37.163700103759766 49.969017028808594 56.01374435424805
3 15.650907516479492 4.073069095611572 36.120399475097656 18.7996883392334 0 16.1879825592041 18.40899085998535 36.55316162109375 32.75695037841797
7 9.206779479980469 27.79178810119629 40.14149856567383 43.600013732910156 5 9.22372817993164 16.251445770263672 40.71307373046875 30.523330688476562 3 7.588321208953857 1.6299077272415161 42.377769470214844 16.5167293548584
4 20.632699966430664 50.09840393066406 43.913211822509766 63.611228942871094 1 21.019121170043945 37.773094177246094 46.41765213012695 49.513893127441406
2 4.464593887329102 10.256135940551758 28.273855209350586 24.37628173828125 1 6.177264213562012 22.672962188720703 29.329008102416992 32.588478088378906
2 11.145672798156738 4.555931568145752 34.85053634643555 19.762319564819336 9 9.594276428222656 19.619462966918945 36.929588317871094 36.26526641845703
5 31.92596435546875 113.76838684082031 164.67092895507812 192.14593505859375 1 40.22355270385742 189.8911895751953 172.57418823242188 245.55560302734375
2 17.60814094543457 27.986953735351562 80.45580291748047 59.62268829345703 1 16.80106544494629 8.31197452545166 73.35757446289062 28.763761520385742 1 17.114099502563477 59.32007598876953 76.38220977783203 80.40917205810547
3 44.5118293762207 13.911432266235352 77.93636322021484 35.64280319213867 5 46.58146667480469 13.401629447937012 76.52059936523438 35.42097854614258 8 45.30879592895508 12.736759185791016 79.29316711425781 36.7137451171875
2 12.002978324890137 23.213232040405273 41.14760208129883 45.87429428100586 3 9.537781715393066 24.275142669677734 41.621978759765625 44.90935516357422 6 10.802251815795898 22.984525680541992 41.270355224609375 44.177303314208984
1 58.49085235595703 93.28502655029297 189.2383270263672 145.27806091308594 7 73.4588851928711 36.13869857788086 205.13511657714844 106.54872131347656 5 48.71782302856445 41.083866119384766 210.1023406982422 104.32267761230469
9 61.86778259277344 30.497905731201172 109.39833068847656 53.90496826171875 3 50.45294189453125 0.9361604452133179 101.82184600830078 23.818099975585938
9 27.481266021728516 21.455965042114258 73.79571533203125 48.20152282714844 0 20.795602798461914 54.02330017089844 68.6165771484375 82.33472442626953
9 21.423038482666016 26.332996368408203 56.0 46.4338493347168
6 83.57864379882812 63.31092071533203 114.53825378417969 81.5833511352539
6 17.156064987182617 32.4852409362793 50.92070770263672 53.72190475463867
2 18.711572647094727 9.703438758850098 93.18048858642578 51.96836853027344 2 13.42210578918457 48.80353546142578 88.1646499633789 78.6253890991211 5 11.203526496887207 71.08285522460938 88.9190673828125 101.25341796875
9 10.294286727905273 35.74529266357422 41.24616241455078 49.80895233154297
1 4.973016262054443 23.611013412475586 25.082685470581055 31.540023803710938 8 3.1814141273498535 9.94948673248291 25.6308650970459 22.72511863708496
5 18.452280044555664 31.692096710205078 60.44415283203125 57.58087158203125 1 20.93307113647461 9.733209609985352 65.4060287475586 33.44343566894531 7 17.58539390563965 57.32334899902344 58.67021942138672 80.95721435546875
8 12.454448699951172 33.646644592285156 38.678565979003906 47.27739334106445 3 11.620116233825684 19.978845596313477 37.77096939086914 34.01945495605469
5 49.51071548461914 6.301000595092773 92.0103988647461 35.76224899291992 0 46.78813934326172 34.07514190673828 94.61141967773438 60.130516052246094
2 9.40375804901123 4.845871925354004 47.96217727661133 25.196453094482422
1 27.105831146240234 39.650264739990234 60.591270446777344 55.40694046020508 4 24.911531448364258 36.488677978515625 65.83100891113281 58.25337219238281 1 26.41656494140625 47.09984588623047 66.15544128417969 66.84288787841797
5 9.939115524291992 28.813743591308594 37.85482406616211 47.26854705810547 8 12.554193496704102 13.010258674621582 40.22212600708008 29.977500915527344
9 54.138587951660156 60.80352783203125 90.36102294921875 84.81922912597656 4 56.15753936767578 87.2301254272461 97.61067199707031 109.83036804199219 8 51.41407775878906 61.30110168457031 93.37876892089844 83.1289291381836
2 26.708633422851562 29.760839462280273 58.6302604675293 48.86819076538086 6 26.864700317382812 47.531944274902344 58.37668228149414 65.32977294921875
2 7.409939289093018 19.535959243774414 49.85294723510742 48.85072708129883
4 27.255971908569336 8.489538192749023 49.60007858276367 23.254724502563477 3 27.58014488220215 25.302696228027344 50.476280212402344 40.65440368652344 3 29.064029693603516 10.974348068237305 51.36368942260742 25.692859649658203
1 23.716415405273438 47.69874572753906 63.001705169677734 69.52918243408203
0 55.11391067504883 48.272220611572266 104.99468231201172 75.876953125 1 53.520790100097656 3.3336877822875977 108.50203704833984 27.650339126586914 0 53.20500564575195 25.998443603515625 108.24529266357422 51.24555206298828
2 12.50294303894043 33.4665412902832 36.074886322021484 47.07809829711914
3 19.896921157836914 2.4344987869262695 55.72905731201172 20.071880340576172 8 19.310279846191406 21.057022094726562 55.22037124633789 40.88397216796875
1 23.63214111328125 24.783910751342773 68.88453674316406 45.1029052734375 1 26.031797409057617 43.02103805541992 71.84854125976562 62.56317138671875 1 31.18351936340332 59.784542083740234 75.53868103027344 80.2389144897461
6 69.35162353515625 119.27043914794922 147.5333709716797 168.86598205566406
9 11.522326469421387 46.2940788269043 62.75750732421875 70.48222351074219 4 12.176270484924316 24.1553955078125 63.620845794677734 49.06669235229492
2 5.865799903869629 13.043872833251953 26.393430709838867 26.670743942260742
9 57.84893035888672 11.970848083496094 123.0 54.689613342285156 1 12.639602661132812 16.02042579650879 50.539608001708984 36.555538177490234 5 13.678723335266113 33.07050704956055 52.29387283325195 54.96345138549805
2 12.474730491638184 40.76137924194336 40.38019943237305 53.90814208984375 2 16.52658462524414 14.724663734436035 48.961788177490234 30.84247398376465 4 12.202256202697754 29.952640533447266 44.96727752685547 42.368858337402344
5 78.18508911132812 63.108375549316406 116.36397552490234 89.06568145751953
4 47.73702621459961 91.3743896484375 94.0385513305664 120.87556457519531 3 52.44048309326172 50.807193756103516 90.86593627929688 75.11770629882812 2 50.582340240478516 71.83220672607422 93.09030151367188 96.53170776367188
1 12.925355911254883 15.326103210449219 60.705963134765625 33.389190673828125 2 11.84273910522461 34.37686538696289 64.5876693725586 63.82797622680664 9 8.598464965820312 32.90568542480469 61.13219451904297 61.74524688720703
5 8.39357852935791 22.464479446411133 28.988197326660156 35.549530029296875 2 8.268576622009277 9.174726486206055 29.97249984741211 23.351991653442383
1 66.66240692138672 7.93747091293335 262.39569091796875 71.14128875732422 1 27.283172607421875 9.467226028442383 168.40216064453125 53.22293472290039 1 59.13313293457031 41.80257034301758 233.2791290283203 85.30921936035156
9 68.08264923095703 53.52611541748047 113.8641128540039 81.92488098144531
7 5.530191898345947 14.889413833618164 29.102853775024414 30.2600154876709
8 41.913848876953125 75.8115463256836 95.04443359375 107.80765533447266
5 7.452237129211426 9.539570808410645 26.582733154296875 21.736740112304688 3 6.263492584228516 17.383705139160156 27.770763397216797 28.756467819213867
1 11.377706527709961 28.848865509033203 47.9933967590332 42.581050872802734 1 7.928600788116455 3.132952928543091 44.91231155395508 17.043216705322266 1 11.874631881713867 39.76597595214844 47.05452346801758 54.666770935058594
9 105.91200256347656 41.98431396484375 161.15069580078125 79.2660140991211 6 107.32974243164062 43.346317291259766 161.23321533203125 76.44172668457031 8 105.08438110351562 43.03120422363281 164.96749877929688 76.98773956298828
2 27.095134735107422 26.701988220214844 68.64002990722656 48.461097717285156
6 5.755015850067139 1.9322131872177124 23.905298233032227 11.44385814666748 5 4.243974208831787 11.306562423706055 23.901180267333984 22.33626937866211
3 19.110950469970703 26.241275787353516 49.375022888183594 44.65434646606445
2 67.38349151611328 9.063613891601562 94.43436431884766 25.681182861328125 4 19.581018447875977 45.75946044921875 67.48899841308594 84.67057800292969 8 69.31712341308594 33.48762130737305 97.44049835205078 51.83424758911133
1 24.731914520263672 5.532861709594727 50.78868103027344 16.79367446899414 3 24.112064361572266 19.056678771972656 48.64603805541992 31.72168731689453
9 19.99147605895996 41.325008392333984 59.48842239379883 64.06771850585938 6 21.29287338256836 41.01779556274414 55.89729690551758 63.34584426879883 8 20.718475341796875 40.138248443603516 58.97724151611328 63.857582092285156
6 4.5129241943359375 20.6535587310791 29.277790069580078 33.62110137939453 1 5.999720573425293 19.43250274658203 29.028335571289062 31.048917770385742 3 4.168237209320068 18.309053421020508 28.766864776611328 34.0
3 10.76486873626709 22.35116195678711 41.98040771484375 38.05921936035156 3 10.087406158447266 7.837130069732666 44.412109375 25.235427856445312
2 11.67090892791748 2.527721881866455 37.02085494995117 20.813846588134766 0 11.874444007873535 22.212980270385742 34.8339729309082 38.4964714050293
1 21.488670349121094 38.842735290527344 49.33930206298828 51.9957389831543 1 21.013986587524414 48.47878646850586 49.2868537902832 60.60182571411133 6 20.790861129760742 60.96953201293945 49.6264762878418 74.8707504272461
6 16.550874710083008 27.5822811126709 44.69283676147461 41.79050827026367 5 14.00677490234375 12.293343544006348 46.699554443359375 28.804332733154297
9 18.647518157958984 14.522247314453125 71.25682830810547 52.86619186401367 6 18.40433120727539 17.725690841674805 69.0283203125 52.17988967895508 4 19.00602912902832 17.672409057617188 74.12025451660156 53.65813446044922
9 28.25420379638672 55.294532775878906 59.13677978515625 71.45852661132812
2 10.65167236328125 87.1055679321289 90.20467376708984 136.40267944335938 2 35.73451614379883 49.01669692993164 111.58586883544922 92.98048400878906 2 61.483524322509766 4.813638210296631 132.10450744628906 56.73506546020508
9 2.9060518741607666 12.496421813964844 21.691736221313477 24.08657455444336 1 3.409769296646118 1.3707013130187988 22.37255096435547 10.719988822937012
7 13.878866195678711 29.982410430908203 71.247314453125 59.341796875 6 11.534377098083496 3.815351724624634 68.90660858154297 32.263973236083984
0 26.26132583618164 56.92862319946289 61.08757019042969 75.01925659179688 1 24.479482650756836 41.42131042480469 61.48989486694336 57.857765197753906
5 21.149417877197266 42.657997131347656 53.795318603515625 57.933929443359375 5 20.913249969482422 29.431293487548828 54.200653076171875 46.11744689941406 3 22.609561920166016 17.47749900817871 55.626834869384766 33.26588439941406
6 10.240243911743164 32.89779281616211 36.86354446411133 44.79448699951172 2 7.534762859344482 6.714276313781738 37.65614318847656 21.692962646484375 7 9.047876358032227 21.50836181640625 37.00145721435547 33.28801345825195
1 16.496715545654297 26.548555374145508 36.127540588378906 37.08970260620117
3 27.9986572265625 51.14450454711914 62.086952209472656 76.41714477539062
0 11.164289474487305 19.100879669189453 25.19170570373535 28.47028350830078 3 9.569854736328125 3.035902976989746 24.59646987915039 11.307732582092285 3 10.071250915527344 11.355175018310547 24.332096099853516 19.128175735473633
2 63.954227447509766 80.95567321777344 92.40643310546875 101.41996765136719 4 60.701873779296875 78.3351821899414 97.69929504394531 110.19469451904297 1 0.0 72.24555206298828 43.21815872192383 113.43608093261719
6 48.53071212768555 139.58364868164062 94.30475616455078 169.05813598632812 8 49.3180046081543 139.82896423339844 97.04138946533203 171.0506591796875 3 46.257080078125 140.1393585205078 93.91497802734375 171.55422973632812
2 44.44518280029297 46.63511276245117 62.12273025512695 56.880638122558594 2 43.9238395690918 55.82331848144531 63.755741119384766 68.55337524414062
1 24.36114501953125 34.06339645385742 52.17131423950195 50.454246520996094
6 17.84953498840332 22.090473175048828 57.445648193359375 39.51816177368164 0 15.199849128723145 38.534751892089844 59.85909652709961 56.012107849121094 3 13.169068336486816 52.74709701538086 57.78843688964844 69.23579406738281
2 6.566031455993652 1.6447750329971313 37.81861877441406 17.188310623168945 1 9.368700981140137 14.88241958618164 37.72793960571289 26.14613151550293
6 27.731435775756836 64.03740692138672 71.36193084716797 84.30767059326172 2 37.86772918701172 30.65485382080078 66.61946105957031 54.28840637207031 7 22.36417007446289 51.880767822265625 66.63556671142578 71.64690399169922
3 26.719005584716797 47.935325622558594 88.64871215820312 73.23848724365234 7 15.355084419250488 16.694366455078125 83.86172485351562 48.798343658447266 2 29.077749252319336 74.19313049316406 89.2119140625 107.37525177001953
2 22.147077560424805 17.609643936157227 45.58928298950195 33.61635971069336 9 9.622499465942383 41.49111557006836 31.278593063354492 55.94566345214844
9 19.879138946533203 10.45268440246582 38.261756896972656 22.445064544677734 4 16.992990493774414 22.886829376220703 36.64741516113281 35.341800689697266
1 55.13023376464844 41.57209396362305 91.9828109741211 58.707759857177734 9 15.630070686340332 39.55829620361328 46.35804748535156 62.37574005126953
8 10.102230072021484 20.575672149658203 32.85213851928711 34.100608825683594 3 9.085531234741211 4.125692844390869 32.790924072265625 18.32473373413086
2 25.704050064086914 58.205055236816406 147.24183654785156 127.44527435302734 5 34.68985366821289 123.41873931884766 158.3061065673828 185.30104064941406
3 5.439618110656738 2.5555505752563477 30.5311279296875 17.49209213256836
2 34.83193588256836 116.11222839355469 68.67323303222656 146.39480590820312 4 34.57267379760742 118.59073638916016 68.80728149414062 145.6034698486328 3 33.80717086791992 116.13085174560547 68.37767791748047 146.36988830566406
7 21.84906578063965 22.681203842163086 57.14604187011719 43.25029754638672 7 11.534226417541504 42.987937927246094 46.99338150024414 62.809261322021484 7 46.72822952270508 59.38922882080078 75.0 73.71427154541016
4 77.2010498046875 96.79467010498047 136.5247344970703 140.6283721923828 1 77.83343505859375 101.92151641845703 135.08326721191406 140.3072967529297 8 76.09783935546875 101.23899841308594 136.96678161621094 141.39353942871094
2 20.035402297973633 12.381742477416992 50.76333236694336 32.71412658691406 4 19.199337005615234 35.59888458251953 53.44214630126953 54.3287467956543 1 21.684465408325195 53.84788131713867 55.42097473144531 70.63512420654297
9 56.5690803527832 59.15705490112305 79.25302124023438 73.07960510253906 6 55.93050003051758 46.342002868652344 78.90629577636719 72.33771514892578 0 57.33784484863281 59.714420318603516 77.05888366699219 72.95668029785156
7 11.560954093933105 39.64546585083008 39.774295806884766 54.29106140136719 3 12.26594352722168 24.12444496154785 46.95488357543945 41.63355255126953
6 22.776037216186523 69.14259338378906 94.52531433105469 110.05330657958984
0 11.334068298339844 31.24517250061035 45.43773651123047 55.59527587890625 5 15.1962308883667 12.774391174316406 47.06291961669922 33.717037200927734
9 44.95246124267578 43.42673873901367 85.41668701171875 85.65184020996094 6 37.62594985961914 40.950538635253906 83.96426391601562 84.0264663696289 0 45.6788215637207 43.443626403808594 85.11824798583984 83.01530456542969
5 9.259824752807617 5.030986785888672 42.57817077636719 27.92213249206543
3 66.17754364013672 5.54250431060791 99.89483642578125 29.013931274414062 8 68.48883819580078 30.388385772705078 98.57437133789062 52.580474853515625 5 59.9393310546875 31.970661163330078 99.6539306640625 59.00327682495117
8 46.56271743774414 76.02020263671875 81.27220153808594 103.7197494506836 7 74.9289321899414 51.61973190307617 108.88732147216797 80.897705078125 4 76.98611450195312 32.73207092285156 109.33544921875 56.677188873291016
3 18.323116302490234 31.946048736572266 69.1142807006836 59.1211051940918
1 4.9078779220581055 4.120089530944824 32.680686950683594 19.74550437927246
4 32.72222137451172 34.32884979248047 64.18315887451172 51.045677185058594 1 33.84407043457031 22.802108764648438 63.64028549194336 36.8060302734375
6 37.830440521240234 67.2351303100586 63.464195251464844 82.93153381347656 8 39.27827835083008 68.05654907226562 63.74249267578125 83.3399658203125 9 36.13151931762695 57.954505920410156 65.81060791015625 75.08174133300781
2 11.488738059997559 17.07094955444336 31.667760848999023 29.563631057739258 9 12.763154029846191 28.127939224243164 32.682533264160156 40.91259002685547
1 17.10727310180664 8.29086971282959 70.93949127197266 28.128610610961914 7 20.035621643066406 40.46355438232422 66.21760559082031 71.61943054199219 6 19.120344161987305 21.362178802490234 69.52696228027344 49.86103820800781
2 18.672534942626953 27.17210578918457 41.477596282958984 41.45048522949219 8 21.096399307250977 44.98337936401367 44.43511199951172 60.312408447265625 1 18.087852478027344 10.440348625183105 41.716339111328125 22.829627990722656
1 23.91757583618164 49.07867431640625 54.472469329833984 64.56034851074219 1 26.33652114868164 35.31340408325195 52.9795036315918 48.368019104003906
7 12.021984100341797 50.330467224121094 83.89598846435547 90.39041137695312 4 23.067808151245117 12.238997459411621 91.1855697631836 53.33744812011719 1 20.86834144592285 28.270217895507812 88.63957977294922 55.229209899902344
2 15.854866981506348 9.844738006591797 41.01747512817383 25.890565872192383 3 17.274457931518555 26.441972732543945 41.456417083740234 40.33351135253906
6 10.216553688049316 36.98674011230469 58.68154525756836 62.770172119140625 1 16.39459991455078 14.188274383544922 68.08070373535156 36.029903411865234
0 17.193992614746094 25.197154998779297 43.3463134765625 41.12765884399414 3 18.058048248291016 6.591196537017822 44.767616271972656 24.158178329467773
2 13.261140823364258 23.86114501953125 34.16721725463867 39.317195892333984 3 6.131537437438965 8.204068183898926 28.503822326660156 22.953014373779297
9 63.48344802856445 53.101985931396484 104.421630859375 77.32122039794922 8 60.36191940307617 46.418094635009766 102.81243133544922 79.33460235595703 5 36.9499397277832 6.784343242645264 109.54563903808594 47.52851867675781
1 16.293766021728516 23.362730026245117 46.99811553955078 35.36835861206055 3 16.333045959472656 34.48163604736328 47.33338928222656 54.28388977050781
5 6.87674617767334 6.378396034240723 38.69549560546875 27.958215713500977
2 17.158506393432617 53.042171478271484 49.30340576171875 68.8667221069336 1 18.198415756225586 41.48899841308594 48.67229461669922 55.92085647583008
2 47.2661018371582 6.810420989990234 94.16250610351562 40.706077575683594 4 18.182252883911133 73.18424987792969 69.91727447509766 107.06414031982422 3 33.59224319458008 40.6696891784668 82.76678466796875 71.44584655761719
4 31.378231048583984 36.638816833496094 60.19479751586914 53.806671142578125 5 33.628929138183594 18.418216705322266 61.773033142089844 36.366764068603516
3 6.217240333557129 3.208477735519409 25.99673843383789 15.409884452819824
9 49.19880294799805 62.66700744628906 98.52011108398438 94.08627319335938 2 47.025970458984375 56.33403015136719 106.8824691772461 102.83162689208984 4 46.41461944580078 61.255733489990234 97.36064910888672 94.63505554199219
2 22.80097198486328 8.620306968688965 53.182159423828125 26.60913848876953 3 24.394332885742188 13.049500465393066 54.3458251953125 28.19868278503418 6 26.574256896972656 22.830610275268555 52.97314453125 37.212547302246094
4 6.6416521072387695 0.38320454955101013 30.301929473876953 12.847611427307129
2 14.645609855651855 7.756609916687012 83.48600769042969 43.700260162353516 8 20.097293853759766 41.553890228271484 86.8271484375 75.05906677246094 6 20.36546516418457 72.35261535644531 86.99299621582031 104.0
2 18.421890258789062 30.071372985839844 50.79362487792969 52.90991973876953 9 8.789148330688477 3.1005327701568604 42.59139633178711 24.58496856689453
8 121.51868438720703 115.71189880371094 163.5011749267578 147.89462280273438 3 123.63420104980469 133.74485778808594 164.29345703125 167.89987182617188 3 126.75004577636719 121.7525863647461 164.207275390625 145.00880432128906
2 10.71373462677002 28.11754608154297 49.821556091308594 53.53059005737305
1 36.58238983154297 30.797103881835938 76.79143524169922 51.506690979003906 3 27.33153533935547 79.01673889160156 71.85430908203125 106.13326263427734
5 9.828570365905762 14.284351348876953 32.71967315673828 29.272605895996094
3 26.784164428710938 86.05709075927734 108.440185546875 124.1690444946289 7 30.127859115600586 126.65145111083984 109.09851837158203 162.0 1 24.783977508544922 47.31291198730469 107.21784973144531 82.08110809326172
2 46.178466796875 28.497249603271484 72.41522216796875 42.98959732055664
9 11.289670944213867 26.58182716369629 35.849613189697266 45.97753143310547 6 10.665496826171875 22.89519500732422 35.59267807006836 41.02686309814453 0 11.778236389160156 33.99639129638672 34.16749572753906 46.137542724609375
9 8.60571575164795 9.325095176696777 36.69893264770508 27.247936248779297
5 9.694221496582031 28.77178192138672 37.54357147216797 45.830177307128906
9 10.517383575439453 0.0 54.84714126586914 22.294506072998047
0 28.22732925415039 49.4349365234375 141.72254943847656 136.71810913085938 4 31.99607276916504 41.229007720947266 158.07424926757812 118.93930053710938 2 32.89091110229492 91.13907623291016 139.47193908691406 153.5586700439453
5 55.71774673461914 56.96455764770508 125.38880920410156 97.72716522216797 2 59.185943603515625 22.529722213745117 129.01834106445312 59.21966552734375
7 23.181781768798828 17.371252059936523 54.22683334350586 36.569217681884766
2 10.02592658996582 17.06230926513672 40.238426208496094 35.394107818603516
7 5.628159046173096 3.2342796325683594 25.78662109375 14.77484130859375 5 5.903069019317627 14.34529972076416 25.319700241088867 26.60825538635254
3 11.230608940124512 1.4960737228393555 42.50824737548828 18.51156234741211 2 7.818356037139893 18.047945022583008 41.986820220947266 38.67240905761719
2 10.236595153808594 21.46727752685547 37.49339294433594 38.32068634033203 2 9.72653579711914 4.316772937774658 37.600120544433594 21.15758514404297 0 36.83732986450195 16.782018661499023 53.973060607910156 27.248929977416992
4 75.44136047363281 81.69961547851562 136.92593383789062 119.45577239990234 8 72.0254898071289 37.42561721801758 138.44749450683594 71.50617218017578
1 29.75688934326172 15.405186653137207 135.50315856933594 52.08066177368164 3 40.336631774902344 50.405757904052734 157.14697265625 105.23373413085938 4 28.01192855834961 10.958751678466797 140.5935821533203 55.467979431152344
9 58.815914154052734 50.186676025390625 106.69217681884766 81.9566421508789 1 48.660518646240234 14.457488059997559 97.93538665771484 41.973602294921875 7 50.5741081237793 27.553749084472656 95.94790649414062 52.89313507080078
9 35.79579544067383 100.80921936035156 71.49543762207031 127.3885269165039 6 35.71132278442383 95.65568542480469 70.89313507080078 131.59225463867188 5 64.15253448486328 54.894535064697266 120.39530944824219 89.85926818847656
9 36.12565612792969 51.719459533691406 67.78877258300781 76.0 6 27.649694442749023 51.269439697265625 70.2477798461914 76.0 0 35.095314025878906 51.631160736083984 66.58175659179688 75.21627044677734
5 13.112545013427734 2.547076940536499 50.682891845703125 26.723865509033203
3 23.93685531616211 71.2941665649414 76.31493377685547 108.0012435913086 8 25.98914909362793 72.91287231445312 78.49554443359375 109.38080596923828 5 24.862075805664062 70.4510269165039 79.07950592041016 109.33961486816406
1 78.34393310546875 171.85101318359375 190.60922241210938 231.63330078125 9 74.52945709228516 170.1334991455078 195.52207946777344 226.50840759277344 0 75.05091857910156 169.0265655517578 197.31190490722656 233.81471252441406
9 7.875589847564697 21.543407440185547 29.459684371948242 36.46202850341797 8 8.353955268859863 5.650511264801025 30.821121215820312 20.627429962158203
5 19.67379379272461 32.51723098754883 70.06172180175781 63.76557540893555
8 32.295780181884766 28.298992156982422 55.75637435913086 41.993473052978516
2 3.670996904373169 8.049925804138184 21.05177879333496 18.76648712158203
0 20.517419815063477 31.09555435180664 53.66202163696289 45.939517974853516 1 17.923534393310547 18.518104553222656 52.322486877441406 32.21967697143555 6 22.43241310119629 46.010223388671875 56.222206115722656 61.98084259033203
2 17.764312744140625 10.027735710144043 42.58082962036133 26.782245635986328 6 14.078580856323242 25.178390502929688 41.648109436035156 41.897281646728516
1 32.5206184387207 6.681607246398926 67.21998596191406 22.804706573486328 2 31.848756790161133 18.32229232788086 65.6323013305664 36.1930046081543
0 17.79759407043457 64.35497283935547 62.88393020629883 91.38291931152344 5 26.454593658447266 28.11026382446289 76.91948699951172 59.06834411621094
1 62.23464584350586 4.411711692810059 94.34622192382812 25.441085815429688
7 7.135158538818359 27.176685333251953 36.9306526184082 44.28132629394531 1 7.330816745758057 17.026460647583008 36.35981369018555 28.201452255249023
4 7.236305236816406 5.4297099113464355 28.081472396850586 18.50779914855957 0 6.727874755859375 17.474761962890625 24.93564224243164 29.95043182373047
3 6.823259353637695 3.5344786643981934 35.90690994262695 19.048446655273438
2 26.851966857910156 2.588330030441284 60.851661682128906 22.29816436767578 5 16.39020347595215 20.27669906616211 51.12638854980469 39.19487762451172 1 8.000404357910156 38.54985046386719 44.90932846069336 53.303348541259766
9 12.788575172424316 9.92128849029541 41.91603088378906 22.80621910095215 0 14.250893592834473 21.298072814941406 42.095237731933594 33.02604293823242 6 13.134747505187988 29.995208740234375 43.41929626464844 45.734771728515625
4 15.764765739440918 39.18154525756836 41.4930534362793 52.69475555419922
1 71.92009735107422 55.099891662597656 117.28568267822266 79.23468017578125
2 57.4852294921875 47.70347595214844 117.59281158447266 73.2845687866211 2 55.547176361083984 73.58805084228516 112.15023040771484 97.0718994140625
3 8.941980361938477 15.402216911315918 42.87732696533203 30.268674850463867 3 12.663896560668945 29.68868637084961 44.59001159667969 44.0858268737793
6 34.116329193115234 63.85201644897461 74.55590057373047 85.91899108886719 1 38.903839111328125 49.696044921875 77.09739685058594 73.72577667236328 8 31.7934627532959 62.49517822265625 76.21357727050781 88.44359588623047
4 16.175765991210938 7.998939514160156 36.14656448364258 20.859195709228516 5 15.839033126831055 16.736953735351562 37.18061828613281 31.357711791992188
7 11.649924278259277 10.656822204589844 52.58148193359375 32.44267654418945
4 27.268028259277344 74.94139862060547 95.01477813720703 111.98390197753906 9 105.74019622802734 83.73536682128906 152.13861083984375 120.85676574707031 6 104.88055419921875 81.31063079833984 149.59841918945312 121.98222351074219
6 5.681824684143066 12.323915481567383 25.74274444580078 23.75417709350586 1 5.8306121826171875 5.139047622680664 25.460023880004883 13.145345687866211
4 54.323219299316406 64.3977279663086 93.7728500366211 88.28856658935547
4 24.122941970825195 27.315458297729492 94.05602264404297 82.87175750732422
2 9.894675254821777 6.434558391571045 37.7016716003418 23.892932891845703 5 11.655682563781738 19.24836540222168 39.52313995361328 35.62517166137695
5 18.727510452270508 13.988783836364746 42.56946563720703 28.614587783813477 2 18.516277313232422 0.7544623613357544 42.41578674316406 12.188176155090332
8 8.556694030761719 28.76679039001465 30.051061630249023 40.841243743896484 2 13.94620132446289 10.473489761352539 39.03707504272461 24.791810989379883
2 94.29173278808594 135.086181640625 148.75669860839844 171.09231567382812 4 104.17609405517578 116.91686248779297 148.1694793701172 147.5568084716797 1 94.81936645507812 95.46300506591797 143.76852416992188 113.5063247680664
9 22.835302352905273 31.153934478759766 93.0285415649414 69.8626480102539
2 32.02912902832031 74.8761215209961 87.318359375 103.91063690185547 2 36.12600326538086 27.26624298095703 89.73928833007812 56.98331832885742 8 33.04377365112305 54.29786682128906 90.71304321289062 78.65805053710938
2 9.019847869873047 1.6959800720214844 27.993000030517578 12.829748153686523 9 12.067933082580566 12.744930267333984 33.09577178955078 25.51797103881836
6 8.143199920654297 16.23223114013672 44.95423126220703 37.915489196777344
8 14.301189422607422 1.4210652112960815 34.612571716308594 13.331789016723633 6 15.934605598449707 12.959247589111328 37.309879302978516 24.86579132080078 8 15.682747840881348 13.085897445678711 36.306453704833984 25.062999725341797
3 66.65421295166016 78.54694366455078 139.7858428955078 109.25846099853516 2 73.78517150878906 115.5161361694336 146.16415405273438 152.44613647460938 3 71.08578491210938 119.41690063476562 151.68150329589844 151.4662322998047
2 7.30326509475708 23.483930587768555 31.748167037963867 38.706268310546875
2 17.837690353393555 77.81627655029297 69.56501007080078 107.93852233886719 1 21.861412048339844 42.73523712158203 83.20052337646484 73.34217834472656 1 31.8526668548584 7.070455551147461 91.3341064453125 39.701751708984375
2 9.524031639099121 10.29588794708252 39.65613555908203 25.96361541748047
4 6.221207141876221 18.06711769104004 25.186813354492188 28.499818801879883 7 4.9243998527526855 9.080056190490723 26.013671875 19.768728256225586
2 8.305374145507812 28.499326705932617 42.92389678955078 46.04022216796875 4 9.903682708740234 11.739837646484375 44.37040328979492 28.26735496520996
5 64.59342193603516 44.36761474609375 97.29835510253906 64.53889465332031
5 57.02126693725586 55.52975845336914 140.7985076904297 110.12651062011719
2 74.89349365234375 117.5003662109375 184.68727111816406 173.57345581054688 6 77.8849868774414 166.1268768310547 180.0269317626953 218.7685546875
4 21.79389190673828 80.94520568847656 135.83692932128906 148.31199645996094
9 9.151772499084473 21.142499923706055 25.16462516784668 31.4041748046875 2 7.280155658721924 9.792133331298828 26.198705673217773 21.228208541870117
7 12.100872993469238 11.643095016479492 33.047157287597656 25.321870803833008 5 12.63232421875 25.283489227294922 32.38407897949219 39.425289154052734
5 6.746940612792969 8.956353187561035 33.090126037597656 22.616714477539062 7 6.034055709838867 23.720788955688477 30.730260848999023 38.377986907958984
9 122.94734191894531 88.86162567138672 167.4957733154297 119.52924346923828 3 115.2779541015625 76.16674041748047 167.50440979003906 119.3466567993164 6 114.1695327758789 78.86357116699219 169.50804138183594 123.94786834716797
3 12.315387725830078 0.024115419015288353 42.65560531616211 17.73174476623535 6 8.962947845458984 18.305883407592773 41.18592834472656 38.07355499267578
1 10.773752212524414 13.612319946289062 33.622596740722656 23.44487762451172 6 8.743111610412598 32.986881256103516 31.237476348876953 47.73605728149414 3 10.033129692077637 23.038005828857422 34.50214767456055 34.315185546875
7 65.46472930908203 76.90672302246094 111.30894470214844 101.53535461425781 3 27.230093002319336 37.53190231323242 96.5975341796875 66.23158264160156 9 28.253604888916016 37.88311004638672 98.4554672241211 67.82318878173828
1 11.845691680908203 0.13745731115341187 32.363346099853516 9.845891952514648
3 17.02090835571289 0.0 58.96624755859375 22.875947952270508 9 10.518104553222656 37.918182373046875 55.98472213745117 61.16911697387695
2 51.21731185913086 59.44015121459961 115.20333862304688 97.64733123779297
2 40.933433532714844 138.6913604736328 175.28575134277344 232.80694580078125
1 39.47527313232422 134.6227264404297 154.31558227539062 176.47352600097656 7 55.929420471191406 51.08000946044922 193.47341918945312 101.19302368164062 1 57.98419189453125 47.31989669799805 187.18316650390625 104.16529846191406
7 3.286123275756836 11.757359504699707 19.667280197143555 21.034584045410156 4 4.759271621704102 2.52520751953125 20.177387237548828 13.46722412109375
5 5.123860836029053 7.796358108520508 27.380237579345703 21.70461654663086
1 31.030363082885742 124.81282043457031 131.73194885253906 156.51841735839844 1 39.48725128173828 88.8739242553711 116.31936645507812 113.14051055908203 8 36.83376693725586 118.86175537109375 131.761962890625 158.9076690673828
6 21.37495231628418 98.07465362548828 40.81904220581055 109.6975326538086 9 18.314422607421875 98.41014099121094 41.56563949584961 110.49437713623047 6 16.70636558532715 83.91275787353516 41.30079650878906 100.28844451904297
2 12.745335578918457 10.311079978942871 30.948156356811523 22.640727996826172
4 9.00815486907959 10.157079696655273 28.0601806640625 23.047649383544922 6 8.933955192565918 0.0 26.985187530517578 7.937130928039551 8 9.68636703491211 0.0 26.652706146240234 10.874509811401367
6 8.552807807922363 8.934572219848633 43.029327392578125 29.141096115112305
1 7.319949626922607 16.054372787475586 31.89384651184082 27.749181747436523 3 5.925165176391602 2.906085729598999 32.02440643310547 16.242006301879883
7 21.003862380981445 36.18751907348633 51.467952728271484 53.05626678466797 2 23.432540893554688 21.3158016204834 52.13425064086914 39.44963073730469
2 10.792296409606934 3.3830413818359375 29.940114974975586 15.862678527832031 7 7.390905380249023 14.176717758178711 26.3902645111084 25.6721248626709
4 22.978076934814453 33.25415802001953 51.172977447509766 49.767677307128906
3 37.66424560546875 70.76747131347656 73.03108978271484 100.8122787475586 5 39.12649917602539 74.80716705322266 72.01541900634766 97.22650146484375 2 42.516605377197266 40.669036865234375 83.22760772705078 68.61140441894531
1 5.012406826019287 25.624313354492188 31.678056716918945 38.16346740722656 5 6.06296443939209 8.750686645507812 31.333646774291992 24.293479919433594
9 10.583417892456055 20.023643493652344 41.4039306640625 37.009944915771484 6 7.090142726898193 2.304407835006714 38.04545974731445 17.6932315826416
1 43.02534103393555 4.772301197052002 69.85929870605469 19.823062896728516 5 40.970279693603516 17.09935760498047 69.68096160888672 34.26314926147461 7 39.321292877197266 31.698244094848633 67.21563720703125 52.704429626464844
8 8.842466354370117 25.094820022583008 32.48210525512695 37.47202682495117 9 6.7548136711120605 11.920754432678223 31.469776153564453 24.30573272705078
8 22.265581130981445 19.384178161621094 82.04318237304688 54.37091064453125 7 20.026247024536133 54.57222366333008 84.74959564208984 94.65975189208984
7 4.949440956115723 8.761100769042969 29.84624671936035 23.648813247680664
4 14.341569900512695 14.084701538085938 52.81538391113281 31.907882690429688
6 11.504995346069336 16.085569381713867 49.490631103515625 42.365962982177734
5 31.64518928527832 146.83795166015625 88.00818634033203 188.8994140625
1 38.58741760253906 61.511837005615234 65.03544616699219 74.02766418457031 0 40.06344985961914 74.65682220458984 66.33615112304688 90.45069122314453
0 40.68452072143555 76.08616638183594 69.1635971069336 95.71488952636719
2 29.252511978149414 7.524395942687988 78.41513061523438 32.90108108520508 5 36.68922805786133 43.83563995361328 89.91047668457031 73.36368560791016
5 19.38726043701172 25.07500457763672 51.02897262573242 43.84880065917969 2 12.02802848815918 8.546350479125977 43.77323913574219 25.40544891357422 3 27.92728614807129 46.546607971191406 58.938453674316406 65.1663818359375
2 29.701858520507812 32.80234909057617 68.6214828491211 56.58562088012695 1 43.754825592041016 17.105623245239258 82.88629913330078 34.78001022338867 9 19.520347595214844 55.25509262084961 58.66865539550781 78.16857147216797
7 14.708888053894043 33.40982437133789 40.65673828125 49.996463775634766 9 16.49347496032715 48.61866760253906 41.69380569458008 64.49058532714844
9 9.232014656066895 35.668418884277344 34.45661163330078 51.86262130737305 3 10.174941062927246 19.124130249023438 35.84955596923828 34.09352493286133
7 122.0682144165039 145.8162078857422 191.46533203125 198.9340057373047 4 128.0526123046875 154.20115661621094 192.0548095703125 195.23965454101562 1 125.2448501586914 144.72787475585938 195.60325622558594 194.86712646484375
2 30.770315170288086 44.278221130371094 129.6336669921875 84.03880310058594 1 32.47832107543945 0.6760438680648804 146.0870361328125 37.95487594604492 4 31.80009651184082 0.20819644629955292 139.10971069335938 39.94702911376953
3 13.027795791625977 2.568861246109009 65.24810028076172 27.17362403869629 3 3.6719167232513428 28.67465591430664 64.83081817626953 57.79457092285156
5 26.890962600708008 33.710880279541016 79.56130981445312 56.41603469848633 0 26.90736198425293 15.01758098602295 76.3769302368164 34.42161178588867 1 27.81789207458496 3.3670456409454346 80.61543273925781 21.74440574645996
1 22.765491485595703 14.734601974487305 54.71255111694336 28.105253219604492
2 47.24735641479492 52.58502197265625 91.4678955078125 77.5589828491211 0 48.52429962158203 75.53434753417969 83.3969955444336 96.3931655883789 0 40.88114929199219 93.28695678710938 82.03868103027344 119.54790496826172
1 61.782833099365234 98.46285247802734 152.0880889892578 149.82716369628906 1 58.84895706176758 50.34526824951172 152.18032836914062 96.73698425292969 7 50.0169677734375 99.08318328857422 158.08523559570312 153.63003540039062
2 7.289778709411621 0.0 32.53759765625 13.938899993896484 5 7.312150955200195 14.387496948242188 31.66725730895996 29.251197814941406
2 111.64088439941406 5.909872531890869 170.99578857421875 43.5059928894043
4 7.171798229217529 21.586381912231445 27.40586280822754 33.81196975708008 3 8.297383308410645 11.892572402954102 27.08711051940918 21.701539993286133 3 9.373695373535156 6.880312919616699 26.392026901245117 17.943111419677734
3 6.209169387817383 2.9394116401672363 26.095014572143555 16.139562606811523 5 6.052793025970459 14.947647094726562 25.61318016052246 28.045785903930664
9 49.61211395263672 5.254353046417236 92.59786987304688 27.713621139526367 4 31.361652374267578 25.573795318603516 75.07855987548828 48.12318420410156 3 17.803043365478516 46.73939514160156 61.2187385559082 69.22734069824219
5 8.287707328796387 21.059158325195312 29.227462768554688 33.52699661254883 6 6.512659072875977 7.8820929527282715 27.607284545898438 20.76921272277832
2 5.812007427215576 29.425596237182617 36.87105941772461 45.437095642089844 5 6.69741153717041 11.590524673461914 35.9802360534668 28.469636917114258 1 5.3391194343566895 1.0260250568389893 37.92580032348633 15.099408149719238
2 22.556705474853516 1.438758373260498 46.52983093261719 17.684391021728516 0 21.280620574951172 17.35563087463379 45.858123779296875 33.888694763183594 9 19.658655166625977 33.63591766357422 46.91656494140625 51.41015625
3 13.970205307006836 30.407360076904297 80.4697036743164 66.29051971435547
3 14.682497024536133 32.003944396972656 57.455108642578125 58.16438293457031
8 14.054853439331055 21.428205490112305 34.94066619873047 31.12737464904785 7 13.439676284790039 8.60528564453125 33.990936279296875 18.65153694152832
1 9.979629516601562 7.590069770812988 38.37397003173828 21.358505249023438
1 6.585460662841797 8.474417686462402 33.94697952270508 19.130043029785156 5 8.789121627807617 17.632186889648438 33.06543731689453 32.957149505615234
6 14.82926082611084 26.813575744628906 39.22331237792969 40.390804290771484 0 15.060518264770508 13.93754768371582 39.31227111816406 26.150489807128906
6 90.8765640258789 42.115150451660156 133.79159545898438 75.89727783203125 8 54.30181884765625 69.82608032226562 85.83485412597656 89.473388671875 5 54.37013626098633 69.0809097290039 84.89602661132812 89.0676040649414
6 20.30747413635254 25.70165252685547 46.70918655395508 38.523887634277344 5 20.692668914794922 13.763582229614258 47.87464141845703 27.371604919433594
3 11.782426834106445 18.69284439086914 60.959354400634766 41.15150451660156 8 13.350301742553711 40.21619415283203 55.71316146850586 60.053321838378906
7 15.588236808776855 29.384855270385742 39.582786560058594 44.68406295776367 7 14.059744834899902 20.26626205444336 41.33479690551758 35.82439041137695
7 18.964433670043945 30.250394821166992 48.513893127441406 49.330345153808594 7 17.860519409179688 14.414976119995117 47.94207000732422 32.14164733886719
6 9.231942176818848 5.958025932312012 33.3242073059082 17.921415328979492 0 7.902228832244873 29.772964477539062 32.315242767333984 42.04887771606445 5 9.948874473571777 17.19021987915039 34.13969421386719 29.890573501586914
8 8.864995002746582 32.057579040527344 49.18745040893555 56.79010772705078
2 69.56981658935547 60.09834671020508 102.0322036743164 85.3851547241211
9 6.41420841217041 21.611988067626953 31.257434844970703 36.334930419921875 7 7.373890399932861 8.989962577819824 29.704975128173828 22.19055938720703 3 6.298277854919434 8.076597213745117 31.742271423339844 22.13200569152832
2 14.113726615905762 0.7005438208580017 53.49828338623047 16.93921661376953 0 16.082836151123047 33.795806884765625 56.003639221191406 52.037445068359375 3 13.045300483703613 17.361347198486328 55.31356430053711 34.41574478149414
9 16.007431030273438 11.913424491882324 46.183250427246094 32.902652740478516
1 46.70838928222656 36.448448181152344 97.90143585205078 56.51169967651367 4 43.96052551269531 59.591129302978516 96.80194854736328 82.44610595703125 1 44.35654067993164 74.5246353149414 99.53353118896484 95.09895324707031
4 23.324106216430664 11.638066291809082 106.17186737060547 60.70352554321289
2 6.354712009429932 4.359338760375977 28.43949317932129 18.637197494506836 8 5.613533020019531 18.5040225982666 27.76430892944336 33.952693939208984
6 55.522682189941406 42.76338577270508 87.6329345703125 60.130672454833984
9 63.139156341552734 3.9052135944366455 108.195556640625 28.952817916870117
2 5.382809162139893 0.9824323654174805 28.58832550048828 15.021580696105957 4 5.292773723602295 12.092126846313477 27.530101776123047 21.91362953186035 0 6.435943603515625 20.09396743774414 27.853246688842773 33.86132049560547
2 8.895816802978516 24.990415573120117 32.510093688964844 39.07075881958008
3 17.590560913085938 18.26620864868164 40.23516845703125 33.584678649902344
6 15.77242660522461 14.55614185333252 35.58647918701172 28.938087463378906
9 7.013367176055908 17.14520263671875 29.02645492553711 31.255571365356445
5 7.542213439941406 15.64373779296875 36.55526351928711 30.802959442138672 9 11.872027397155762 3.051558017730713 39.57343292236328 17.252761840820312 7 3.9944334030151367 28.885602951049805 34.138275146484375 42.7820930480957
4 36.970455169677734 30.68511390686035 137.55352783203125 110.93497467041016 2 98.63873291015625 91.7518081665039 127.9997329711914 111.44576263427734 2 97.25958251953125 105.24893188476562 127.87761688232422 128.03506469726562
4 60.24864196777344 8.994991302490234 88.10319519042969 29.137113571166992 0 15.840448379516602 19.901912689208984 47.34657287597656 38.02996063232422 1 14.399243354797363 20.25904083251953 49.54252243041992 38.446990966796875
8 6.731926918029785 18.817838668823242 33.659332275390625 35.88417053222656 6 6.179511070251465 0.5816745758056641 33.295555114746094 17.141582489013672
2 17.820676803588867 40.178009033203125 54.59531784057617 62.74113082885742
2 25.83361053466797 24.380098342895508 56.909183502197266 42.59666442871094 1 27.2500057220459 47.041954040527344 57.757659912109375 61.59344482421875
1 7.819099426269531 26.23094367980957 34.245792388916016 38.35767364501953 1 10.207648277282715 13.567974090576172 33.933074951171875 23.39041519165039 4 11.419670104980469 9.78061580657959 36.72418975830078 25.308134078979492
8 27.111343383789062 38.555416107177734 55.447879791259766 55.542320251464844 6 26.765098571777344 37.502010345458984 53.76490783691406 55.61271286010742 8 27.860437393188477 8.03255558013916 56.63143539428711 25.044279098510742
6 12.20727825164795 27.4832763671875 33.56886672973633 40.96200180053711 3 12.72901439666748 16.556941986083984 32.86304473876953 27.439495086669922
1 138.12806701660156 30.47356414794922 177.48313903808594 58.167640686035156 4 29.88131332397461 100.85427856445312 97.53353118896484 169.62525939941406 4 138.36572265625 29.43217658996582 181.24346923828125 60.85477828979492
9 14.751513481140137 5.885215759277344 48.28776550292969 32.49555206298828
0 20.188068389892578 29.188987731933594 47.100101470947266 41.906768798828125 3 16.968027114868164 7.946479320526123 44.727439880371094 20.22087287902832 9 19.064327239990234 19.470895767211914 45.402198791503906 30.506450653076172
9 61.277225494384766 11.607141494750977 102.38895416259766 37.05815124511719 6 59.0979118347168 11.835332870483398 102.70758056640625 37.118045806884766 2 17.97932243347168 17.449525833129883 46.729148864746094 38.49351501464844
5 23.015073776245117 57.52737808227539 53.48537063598633 76.26763153076172 1 26.48921012878418 46.43690872192383 54.397430419921875 59.67501449584961
2 22.504697799682617 20.43390464782715 58.606163024902344 35.00095748901367
9 122.83193969726562 58.35538101196289 185.14022827148438 98.16472625732422 6 118.95276641845703 53.563350677490234 186.01959228515625 99.33027648925781 0 117.2973403930664 57.05036926269531 184.45660400390625 96.08265686035156
2 34.49624252319336 5.083143711090088 59.14497756958008 22.67299461364746 7 33.43488693237305 38.01166915893555 60.72528076171875 56.215248107910156
9 6.836349010467529 15.29030990600586 28.78676414489746 31.04090690612793
5 8.892609596252441 30.500978469848633 45.480613708496094 51.227073669433594 1 8.808640480041504 17.411989212036133 42.42699432373047 32.52201843261719
0 10.340240478515625 34.926429748535156 47.42295837402344 56.04067611694336 0 10.583118438720703 14.838046073913574 47.06294631958008 34.04737854003906 1 10.963763236999512 0.7090151309967041 47.15658950805664 14.745451927185059
7 13.669203758239746 8.986352920532227 31.57535171508789 21.666288375854492
7 30.188119888305664 70.4629898071289 55.253135681152344 80.24851989746094 2 21.613666534423828 52.1952018737793 58.4120979309082 73.43390655517578
2 10.69138240814209 9.158051490783691 50.79309844970703 30.28119468688965 0 11.955739974975586 28.34134292602539 51.80466079711914 49.771480560302734
2 32.96109390258789 0.8998456597328186 75.47477722167969 23.629371643066406 9 25.178327560424805 14.60323429107666 71.32537078857422 38.76847457885742 9 24.181673049926758 22.79773712158203 71.40665435791016 56.27654266357422
4 6.274388313293457 5.147265434265137 33.55787658691406 21.767559051513672 0 8.597941398620605 20.278915405273438 32.29831314086914 34.589454650878906
7 6.002379417419434 8.130598068237305 30.295387268066406 23.43950080871582 6 6.201475143432617 23.58383560180664 31.976858139038086 37.23331832885742
7 27.29995346069336 27.90898895263672 74.0571517944336 51.937591552734375 3 25.503917694091797 7.168209552764893 73.83856964111328 29.309432983398438
1 26.745128631591797 56.87158966064453 76.6243667602539 77.80172729492188 1 27.983028411865234 38.85390090942383 79.31329345703125 59.209205627441406 9 27.701129913330078 77.49162292480469 72.55587005615234 101.15805053710938
2 105.00773620605469 110.37104797363281 137.2432403564453 132.71554565429688 4 106.67607116699219 108.90082550048828 140.60511779785156 131.85684204101562 4 114.01335906982422 123.07803344726562 143.51016235351562 146.1229248046875
2 33.42066192626953 19.535554885864258 66.71508026123047 46.224700927734375 2 33.727325439453125 32.423545837402344 61.059730529785156 52.882198333740234 4 33.693328857421875 22.734088897705078 63.957759857177734 44.21316146850586
5 10.313515663146973 20.11391258239746 27.207670211791992 32.309654235839844 4 31.427701950073242 40.86470413208008 50.967044830322266 54.36360549926758
5 34.98522186279297 92.91753387451172 73.92053985595703 109.05668640136719
5 30.908554077148438 51.27839660644531 74.76428985595703 78.70301055908203
3 30.25252914428711 33.32524108886719 59.937705993652344 48.456260681152344 5 30.13207244873047 13.159375190734863 60.115936279296875 30.44167137145996 7 28.880287170410156 49.22645568847656 56.82963180541992 66.50165557861328
0 45.62303924560547 53.50332260131836 70.87864685058594 69.70266723632812
6 5.0214996337890625 19.287982940673828 32.24565887451172 35.66572189331055
3 10.073892593383789 10.67338752746582 48.80015563964844 32.54573059082031 0 7.7261810302734375 32.33076477050781 47.33869171142578 55.644920349121094
6 32.3261604309082 27.566986083984375 84.3878173828125 57.833091735839844 1 28.8790283203125 57.742916107177734 76.36557006835938 79.66087341308594 1 19.090682983398438 82.90058898925781 67.66149139404297 106.45808410644531
3 38.44169616699219 105.20733642578125 110.27168273925781 139.63958740234375 5 47.06952667236328 103.11854553222656 113.67322540283203 139.54225158691406 1 43.17824935913086 89.89297485351562 108.45501708984375 119.8544692993164
2 37.29930877685547 49.98301696777344 63.609127044677734 63.48351287841797 0 39.160430908203125 40.11598587036133 61.876678466796875 51.00299072265625 1 37.66054153442383 30.643659591674805 63.900638580322266 42.155235290527344
2 28.353839874267578 43.8156623840332 59.50383377075195 68.75940704345703 1 26.828102111816406 11.234938621520996 58.60182571411133 24.943788528442383 0 26.5328426361084 23.556974411010742 59.65944290161133 44.3680534362793
5 12.816108703613281 18.908618927001953 46.761451721191406 39.12260818481445 9 13.449346542358398 40.30765914916992 44.26549530029297 60.0
2 3.748749256134033 2.9727749824523926 23.592811584472656 14.719316482543945 4 4.752616882324219 14.631880760192871 23.507707595825195 27.370662689208984
3 7.996268272399902 2.1893129348754883 32.016815185546875 15.931815147399902 8 7.757316589355469 16.333711624145508 30.658950805664062 30.6440372467041
8 4.9509735107421875 17.4835262298584 27.373159408569336 31.471023559570312
5 17.203956604003906 41.07791519165039 41.24294662475586 56.641021728515625
7 4.583698749542236 15.219894409179688 27.177663803100586 27.208288192749023
7 8.786674499511719 7.80550479888916 31.083805084228516 19.4582462310791 1 7.836932182312012 21.754735946655273 31.16998291015625 32.43147277832031
7 17.20691680908203 22.82145881652832 38.42939376831055 38.78091049194336
1 27.276203155517578 104.68032836914062 64.16879272460938 124.3177719116211 1 26.00272560119629 117.78124237060547 62.51974868774414 135.1276092529297 4 27.527820587158203 103.37800598144531 65.5483169555664 126.05393981933594
6 32.85455322265625 13.034651756286621 87.54377746582031 49.138893127441406
2 21.125282287597656 12.168195724487305 61.551963806152344 34.55244445800781 4 22.645278930664062 28.429611206054688 63.420780181884766 53.01443862915039
2 18.618589401245117 56.7584342956543 78.92324829101562 77.86164855957031 9 12.092576026916504 78.06490325927734 73.72270202636719 99.82372283935547 1 23.388591766357422 37.99974060058594 81.87499237060547 58.59732437133789
2 12.597066879272461 10.495593070983887 46.886268615722656 30.92654800415039 0 13.158712387084961 30.426433563232422 47.357749938964844 51.1592903137207
9 25.34829330444336 36.06871795654297 43.7807731628418 47.7020149230957
4 20.013492584228516 26.615171432495117 48.86859130859375 44.77555847167969 4 17.847379684448242 4.935153484344482 45.88510513305664 23.78409767150879 3 21.696880340576172 47.1545295715332 51.37033462524414 65.06840515136719
7 34.90713882446289 16.430349349975586 66.44821166992188 42.75051498413086 1 33.0089225769043 0.616314172744751 69.88150787353516 18.191171646118164 7 33.74885940551758 41.94693374633789 65.70972442626953 59.57067108154297
4 50.34587097167969 63.47211456298828 98.83109283447266 89.20824432373047 0 45.36595153808594 35.96078872680664 100.44682312011719 62.176414489746094
1 28.05739974975586 140.73045349121094 201.27911376953125 213.28701782226562 1 22.304906845092773 122.73283386230469 193.31358337402344 179.05300903320312 4 36.22185516357422 141.24722290039062 221.79241943359375 233.24844360351562
6 2.0740556716918945 12.729150772094727 21.154434204101562 22.341022491455078 0 4.3277482986450195 12.925575256347656 21.09417724609375 22.733661651611328
2 44.874393463134766 47.43702697753906 93.35682678222656 75.42060089111328 2 46.73212432861328 42.34466552734375 86.67990112304688 62.500370025634766
4 53.31496810913086 149.48304748535156 94.24430084228516 178.58436584472656 1 45.19668197631836 147.9159393310547 86.87406921386719 176.45811462402344 2 50.10901641845703 151.9460906982422 91.18858337402344 175.96128845214844
1 10.10038948059082 39.167755126953125 40.29319763183594 49.145450592041016 2 6.841300964355469 24.1440486907959 36.693824768066406 37.97470474243164 8 7.211810111999512 9.706520080566406 35.30175018310547 23.13582420349121
3 9.423595428466797 7.820521354675293 44.19890594482422 21.75570297241211 0 10.858200073242188 20.682844161987305 44.745201110839844 35.057193756103516 7 13.136845588684082 32.1224479675293 43.74711227416992 47.630008697509766
9 12.579813957214355 3.0712473392486572 56.49052810668945 27.716798782348633 5 11.924073219299316 43.307350158691406 57.087833404541016 67.81163787841797
3 8.378589630126953 26.42687225341797 30.648279190063477 38.30738067626953 6 9.627131462097168 12.359971046447754 29.383453369140625 26.011201858520508
7 14.957769393920898 20.379785537719727 38.89760208129883 32.39469528198242
5 12.946269989013672 18.666486740112305 36.37084197998047 33.2083625793457 8 13.334737777709961 36.04574203491211 37.32919692993164 49.77853012084961
9 23.485740661621094 52.351158142089844 54.2017707824707 74.04779815673828
7 24.18531036376953 66.34356689453125 60.55990982055664 86.95576477050781 1 29.805152893066406 51.24212646484375 67.78385925292969 67.52901458740234
1 31.40873908996582 26.711942672729492 64.7412109375 44.401527404785156
9 124.36288452148438 39.53888702392578 180.408447265625 75.0548095703125 0 129.8974151611328 57.18764877319336 179.04920959472656 87.76979064941406 9 127.20108032226562 56.488033294677734 183.99801635742188 89.71111297607422
7 13.712525367736816 41.604888916015625 57.230072021484375 62.86492156982422
0 18.391738891601562 37.380958557128906 70.04972076416016 62.121517181396484 4 17.937612533569336 21.50361442565918 69.44928741455078 42.42051315307617
4 7.924794673919678 1.0096123218536377 28.32054901123047 13.154141426086426 6 6.997830390930176 13.57807445526123 28.68329620361328 26.100385665893555
6 40.098819732666016 53.077816009521484 93.6147689819336 109.46025085449219 8 42.07460403442383 69.24927520751953 92.40963745117188 108.1128921508789 3 40.0521240234375 74.15189361572266 88.1037826538086 104.69303894042969
1 40.30424499511719 31.350982666015625 64.94575500488281 43.06183624267578 1 40.171424865722656 57.06077575683594 64.01261138916016 67.7480239868164 1 40.40935516357422 49.201900482177734 63.41534423828125 59.4595947265625
4 13.15906810760498 4.651889324188232 143.32070922851562 68.5997085571289 9 20.993967056274414 13.321460723876953 127.85064697265625 60.65251159667969 6 125.99900817871094 29.244157791137695 161.40074157714844 49.86505889892578
4 15.138608932495117 13.905927658081055 39.870872497558594 27.86885643005371 9 16.403898239135742 27.993297576904297 38.76960372924805 43.1369743347168
1 7.287173271179199 2.769125461578369 34.309898376464844 20.10224151611328 7 9.940449714660645 3.2704200744628906 36.89937973022461 20.790054321289062 5 8.77877140045166 1.7913899421691895 38.304351806640625 19.150663375854492
2 20.282915115356445 30.019914627075195 45.81652069091797 45.866943359375 2 20.34421730041504 16.555967330932617 45.94272994995117 32.51103973388672
5 44.67484664916992 55.30296325683594 82.8816146850586 77.94031524658203 4 46.06605529785156 54.65022277832031 83.74722290039062 80.34232330322266 6 19.407928466796875 52.95989227294922 84.685791015625 78.69676971435547
1 64.82481384277344 9.160574913024902 98.73137664794922 26.592830657958984 5 60.963584899902344 21.42892837524414 95.1051025390625 42.91748046875 7 65.4488525390625 21.33550262451172 100.79039001464844 43.48155212402344
9 11.172189712524414 0.2712060809135437 40.9739990234375 22.454986572265625
5 33.80171203613281 27.403568267822266 75.99735260009766 50.26021194458008 2 33.59646224975586 48.039039611816406 74.42069244384766 67.71705627441406 3 33.663516998291016 66.2142562866211 74.8993911743164 86.01005554199219
1 10.84080696105957 2.304443597793579 35.49009323120117 14.416666984558105 2 5.197081089019775 12.857430458068848 31.497699737548828 27.998220443725586
9 41.28498840332031 67.3915023803711 71.18009185791016 88.440185546875
3 20.47700309753418 72.10540771484375 68.17481994628906 97.63508605957031
8 11.386274337768555 13.106144905090332 50.796363830566406 36.67601776123047 6 8.172891616821289 37.34128952026367 46.95186996459961 57.0
9 11.270323753356934 32.18755340576172 49.03993225097656 58.220218658447266
2 141.5513153076172 203.18055725097656 220.87005615234375 251.9603271484375 5 132.45693969726562 201.4015655517578 216.77316284179688 258.4359130859375 1 68.89700317382812 6.775936126708984 222.92510986328125 53.341487884521484
0 60.125831604003906 113.56990814208984 115.91423034667969 141.87327575683594 4 37.37482452392578 62.56923294067383 103.79552459716797 91.9608154296875 1 56.74754333496094 92.63722229003906 116.4046859741211 113.83765411376953
9 16.174304962158203 0.0 65.27826690673828 29.158395767211914
0 21.6861572265625 38.04281234741211 52.30742645263672 57.00720977783203
6 17.898536682128906 6.609519004821777 46.27992630004883 25.682252883911133
2 11.696296691894531 13.395194053649902 48.463985443115234 38.86713409423828 6 14.4718017578125 38.07183074951172 48.66835403442383 60.89951705932617
1 12.683588981628418 3.660461664199829 48.067623138427734 16.831554412841797 3 9.46174430847168 34.61690902709961 46.31961441040039 53.435791015625 3 9.537407875061035 17.016082763671875 47.503089904785156 36.06367492675781
3 11.767289161682129 6.529616832733154 43.69251251220703 30.093996047973633
3 4.376490592956543 18.351760864257812 30.128681182861328 34.0 3 3.5892603397369385 0.7427805066108704 29.284822463989258 15.285984992980957
9 43.055763244628906 17.62712287902832 81.09732055664062 38.16987228393555 8 42.05662155151367 0.0 80.06893920898438 19.379167556762695
2 40.90522003173828 3.497123956680298 78.88202667236328 25.045495986938477 2 35.62535858154297 20.915393829345703 76.30216979980469 40.063785552978516
4 31.613262176513672 5.614002704620361 71.93132019042969 24.334474563598633 4 28.924516677856445 22.972583770751953 70.6689224243164 40.18913269042969
2 69.59784698486328 42.01139831542969 107.84185028076172 69.70230865478516 1 71.36531829833984 32.1630744934082 108.91569519042969 58.60063171386719 7 65.2183609008789 55.65251159667969 106.39944458007812 87.9560546875
0 9.630240440368652 26.389429092407227 32.76683044433594 39.39556121826172 6 18.406829833984375 0.9791545271873474 43.682857513427734 14.190539360046387 3 14.457085609436035 12.954018592834473 39.488502502441406 26.773197174072266
1 37.575103759765625 14.694838523864746 64.01803588867188 27.778888702392578 3 33.29195022583008 27.728113174438477 66.97834014892578 48.6399040222168 5 32.94739532470703 24.912200927734375 66.07495880126953 48.1043815612793
3 81.77482604980469 138.18850708007812 138.78900146484375 173.0401611328125 4 18.26055908203125 85.87232971191406 67.32913208007812 125.85032653808594 2 88.54771423339844 139.11451721191406 136.9800567626953 176.4581756591797
5 24.33307647705078 25.185766220092773 59.04197311401367 44.30776596069336 1 11.333443641662598 12.153621673583984 45.87465286254883 26.500638961791992
5 13.253929138183594 23.891525268554688 47.243988037109375 38.91368103027344 8 12.147216796875 38.611759185791016 45.69041442871094 54.40715789794922 1 15.123125076293945 12.880533218383789 47.850162506103516 26.83835792541504
5 26.412132263183594 45.033653259277344 89.71495819091797 78.11260986328125 2 24.648971557617188 80.74897766113281 86.86247253417969 115.80610656738281 1 29.894392013549805 14.74061393737793 92.4512939453125 40.832279205322266
2 24.984779357910156 27.901905059814453 55.16008377075195 46.40007781982422 2 25.716001510620117 9.065242767333984 55.447452545166016 26.687271118164062
8 23.17827606201172 49.453147888183594 66.18983459472656 78.00482940673828 6 22.864103317260742 17.86910629272461 67.32928466796875 50.3586540222168
9 33.85966491699219 34.720882415771484 58.31576156616211 54.229103088378906
4 15.858933448791504 35.898921966552734 55.17326736450195 63.217193603515625 1 16.58311653137207 13.055340766906738 54.36592483520508 31.418745040893555
6 5.740342140197754 42.701168060302734 59.718994140625 70.79987335205078
4 24.8297119140625 41.81137466430664 52.118404388427734 60.798892974853516 1 8.41198444366455 22.0246524810791 39.5350341796875 38.6214485168457 1 0.0 0.4745851457118988 25.313692092895508 15.588722229003906
9 12.861736297607422 18.43282699584961 52.170406341552734 44.591583251953125
0 65.96835327148438 39.85927200317383 114.74781799316406 69.08927154541016
7 16.241846084594727 54.811588287353516 44.97077178955078 69.85323333740234 4 11.857857704162598 40.39193344116211 37.92949676513672 54.68357467651367
9 160.5918426513672 183.9231719970703 215.47984313964844 229.177490234375 1 73.30113983154297 137.74435424804688 159.0467071533203 178.2788848876953 1 70.05545806884766 20.70428466796875 211.4030303955078 76.9221420288086
8 16.91765022277832 29.095722198486328 50.509090423583984 49.05537414550781 6 18.517127990722656 24.775678634643555 49.305870056152344 49.85090255737305 2 14.98947811126709 30.21753692626953 52.75961685180664 50.800018310546875
1 9.20436954498291 25.944299697875977 37.03304672241211 37.07063674926758 3 10.698617935180664 36.16427230834961 38.27983093261719 49.26241683959961
4 58.66419219970703 69.48602294921875 96.84943389892578 93.98301696777344 1 58.717796325683594 69.3876953125 94.35611724853516 92.682861328125 1 22.362260818481445 92.52411651611328 73.6710205078125 124.49504089355469
2 10.167242050170898 39.48717498779297 47.70262908935547 59.27942657470703 9 46.08177185058594 39.60523223876953 82.4089126586914 56.95228958129883
8 15.697380065917969 11.069966316223145 39.119590759277344 26.995664596557617 1 17.89070701599121 4.1705827713012695 42.71488571166992 16.43994140625 1 16.24794578552246 13.016834259033203 39.248294830322266 25.916311264038086
9 18.546310424804688 14.382502555847168 65.03790283203125 37.21757507324219 3 15.971327781677246 37.83273696899414 62.473243713378906 60.24007034301758
3 2.5225777626037598 22.024229049682617 40.55794143676758 41.53071594238281 5 7.096253871917725 41.162776947021484 42.77146911621094 63.102325439453125 1 1.4869515895843506 6.492898941040039 39.658565521240234 23.7755069732666
2 16.557052612304688 18.439620971679688 44.60184097290039 33.391902923583984
2 9.872438430786133 7.531554222106934 57.49026107788086 36.576541900634766 9 12.141969680786133 36.1768798828125 57.2457275390625 62.436798095703125 8 10.814956665039062 37.25358200073242 59.201114654541016 62.267173767089844
2 33.5206184387207 26.853565216064453 90.32994079589844 59.21345138549805 2 38.39345932006836 5.5860090255737305 91.19488525390625 34.96442413330078
0 20.157243728637695 47.00643539428711 43.27263259887695 60.66056823730469 1 18.789690017700195 17.38692283630371 43.09077072143555 30.102136611938477 1 17.653472900390625 33.5205192565918 44.43489074707031 45.0696907043457
6 13.35611629486084 24.85526466369629 57.525062561035156 57.29869842529297
9 12.562715530395508 34.81438064575195 55.016746520996094 58.3609504699707
7 32.504093170166016 102.03289031982422 145.35519409179688 169.23606872558594 7 56.79320526123047 25.85740089416504 159.40174865722656 119.86133575439453 4 35.81011199951172 104.8560791015625 143.49427795410156 175.0
7 22.28904151916504 77.04086303710938 84.97579956054688 110.67902374267578 2 28.501415252685547 39.11474609375 88.97148895263672 76.99718475341797
2 9.339513778686523 8.797220230102539 27.394775390625 21.213525772094727 5 7.930700302124023 19.934255599975586 25.188474655151367 31.325252532958984 2 14.215810775756836 4.7911505699157715 27.974790573120117 14.739521980285645
8 7.5361175537109375 1.4630342721939087 35.36881637573242 17.65873908996582
6 25.803369522094727 22.400856018066406 49.4493522644043 42.627010345458984 8 25.8442325592041 23.119600296020508 50.33981704711914 41.97627258300781 1 19.68486213684082 47.7205696105957 57.981143951416016 67.65733337402344
2 15.3131103515625 8.121567726135254 81.1837387084961 49.21591567993164 3 19.007915496826172 51.169559478759766 85.35749053955078 92.121337890625
3 3.0636253356933594 8.040225982666016 25.678529739379883 22.210298538208008
8 51.92443084716797 31.50370979309082 94.74933624267578 56.67198181152344 2 50.93185043334961 15.024231910705566 86.54346466064453 36.558067321777344 8 61.5698127746582 35.14780044555664 73.77056121826172 54.63026428222656
9 38.22481918334961 48.43152618408203 148.145751953125 94.7731704711914 1 36.7674446105957 11.605073928833008 146.29168701171875 47.969261169433594
0 29.589365005493164 61.902130126953125 61.08466339111328 78.33503723144531 1 26.858097076416016 46.02531814575195 63.579376220703125 63.2010612487793
4 37.80939483642578 162.2453155517578 121.41971588134766 218.94210815429688 4 37.211875915527344 101.74723815917969 124.41181945800781 158.22361755371094 5 150.20863342285156 145.05323791503906 209.92002868652344 179.1000213623047
1 27.449798583984375 2.1131951808929443 51.968746185302734 15.684107780456543
3 13.027750015258789 47.41266632080078 47.05621337890625 69.8013916015625
7 7.326563835144043 4.62189245223999 41.69585418701172 23.23037338256836 1 7.440272808074951 21.620988845825195 45.18474197387695 35.59276580810547
9 11.873003959655762 20.797271728515625 37.07625198364258 35.199954986572266 1 11.82307243347168 9.2972412109375 37.83580017089844 21.509702682495117
7 17.180673599243164 94.6266860961914 49.54386520385742 120.55945587158203 3 17.834171295166016 49.159759521484375 59.78652572631836 74.00926208496094
5 7.017086505889893 10.459097862243652 26.905052185058594 23.214176177978516
9 107.41091918945312 117.81831359863281 167.9033966064453 156.13841247558594 0 103.55632781982422 111.54419708251953 180.75582885742188 161.7135467529297 6 98.19489288330078 110.7063980102539 172.76405334472656 162.14431762695312
2 5.000901699066162 7.849020481109619 26.053485870361328 21.980300903320312
0 4.515659332275391 4.976958274841309 26.439855575561523 18.45265007019043
8 30.56846046447754 4.6493754386901855 146.30288696289062 51.18418502807617 2 39.95226287841797 6.5945563316345215 152.53475952148438 46.45020294189453 3 103.8920669555664 4.915894985198975 178.27232360839844 55.802391052246094
2 11.659282684326172 62.79741287231445 40.93528747558594 79.46604919433594 7 12.139111518859863 43.789649963378906 43.20717239379883 59.516719818115234
8 18.669597625732422 25.98904800415039 41.46784210205078 38.59638214111328 5 16.7476806640625 15.422269821166992 42.28315734863281 26.594655990600586 1 16.763200759887695 6.152724266052246 41.02972412109375 16.007923126220703
2 17.7425479888916 7.7087225914001465 43.27859878540039 25.160221099853516 1 18.38790512084961 18.010866165161133 44.460811614990234 31.344083786010742
8 22.670028686523438 29.39078712463379 68.5855712890625 52.39262771606445 8 17.464702606201172 50.68571090698242 62.61990737915039 75.10260772705078 8 26.569368362426758 5.977795600891113 71.08295440673828 29.73286247253418
4 24.545854568481445 102.92390441894531 91.95585632324219 143.52593994140625 1 106.52986907958984 115.28392028808594 145.69871520996094 135.1571044921875 9 107.72074890136719 126.77075958251953 145.7196044921875 152.4007568359375
7 27.545734405517578 21.820039749145508 53.91057586669922 37.005584716796875
9 36.54420471191406 36.375858306884766 59.88934326171875 50.24055862426758 3 35.846954345703125 21.249919891357422 60.13512420654297 34.09284210205078
7 5.942578315734863 0.8688791990280151 29.898134231567383 14.706958770751953 8 5.878096103668213 16.17625617980957 28.979602813720703 28.261322021484375 6 6.350778579711914 15.359176635742188 28.59236717224121 28.207714080810547
7 6.399296283721924 15.028945922851562 28.487831115722656 26.29127311706543 4 8.264471054077148 2.7621536254882812 28.171131134033203 14.507948875427246
9 6.777706146240234 10.422452926635742 28.880224227905273 24.197507858276367
7 12.412912368774414 35.36825180053711 56.70374298095703 59.8894157409668 4 13.330089569091797 11.895781517028809 58.66084289550781 36.289573669433594
4 6.788257598876953 3.040566921234131 27.282276153564453 13.837126731872559 0 6.858396530151367 14.154631614685059 26.023008346557617 25.30160140991211
9 33.124393463134766 106.73761749267578 102.27471160888672 153.73556518554688 6 30.108131408691406 104.12938690185547 98.49744415283203 155.37893676757812 1 36.414066314697266 176.45811462402344 130.04481506347656 206.0
3 88.37345886230469 172.27894592285156 137.70216369628906 212.84130859375 4 91.35103607177734 144.4731903076172 141.1167449951172 170.9988555908203 2 93.51233673095703 142.04515075683594 136.0212860107422 169.7552490234375
1 40.97405242919922 137.75311279296875 158.08717346191406 179.6521453857422 6 53.57075500488281 14.365368843078613 110.47395324707031 49.024269104003906 5 55.76023483276367 11.2988862991333 114.46070098876953 51.378570556640625
3 12.572516441345215 30.900678634643555 43.96856689453125 47.58369827270508 9 9.519391059875488 47.29281234741211 41.81522750854492 62.69792556762695 3 15.678596496582031 14.68967342376709 47.820289611816406 32.983028411865234
1 16.19542694091797 12.825337409973145 43.202335357666016 26.83884620666504 6 16.60557746887207 39.6171760559082 40.74479293823242 56.0 3 15.287846565246582 26.737991333007812 42.08964538574219 39.58320999145508
8 9.853219032287598 32.619346618652344 42.756507873535156 48.62925338745117 6 11.965511322021484 19.17097282409668 41.36478042602539 35.22394561767578 3 6.488903045654297 0.4933958053588867 47.17475891113281 16.208450317382812
2 10.39634895324707 23.698862075805664 41.7515754699707 38.97455978393555 1 17.24540138244629 37.19097900390625 44.134098052978516 49.307621002197266
9 6.000778675079346 5.036931037902832 22.810609817504883 15.190459251403809 2 9.090935707092285 17.80048179626465 27.282188415527344 28.973379135131836
3 6.551913738250732 1.8385448455810547 31.505468368530273 14.85716438293457 3 6.48849630355835 14.843123435974121 29.91530418395996 27.09115219116211
7 56.65686798095703 34.75033950805664 80.01718139648438 50.55402755737305 7 57.03114700317383 12.88298511505127 81.93032836914062 32.57115173339844
9 108.28148651123047 40.85099411010742 137.535888671875 60.96907043457031 1 105.23033142089844 27.845170974731445 135.371337890625 45.05646514892578 2 106.31546783447266 28.49997901916504 135.00779724121094 46.1897087097168
8 11.139963150024414 22.087665557861328 39.837467193603516 38.85480499267578 0 17.66044044494629 38.55854034423828 44.263648986816406 53.82402038574219
6 7.360077857971191 6.398045063018799 26.015628814697266 18.779003143310547 7 4.926163673400879 18.382295608520508 25.072872161865234 29.26209831237793
6 33.15719223022461 53.955020904541016 62.853179931640625 71.62812805175781
2 12.548521041870117 23.26339340209961 47.121700286865234 42.37799835205078 3 14.020512580871582 45.9426155090332 47.375545501708984 63.333534240722656 1 10.805204391479492 0.995766818523407 46.84507751464844 16.945112228393555
1 5.799593448638916 16.856264114379883 32.43476867675781 33.80693435668945
6 9.284353256225586 21.063085556030273 39.6744270324707 36.62067413330078 2 8.935415267944336 5.958317756652832 39.97944259643555 20.70384407043457
6 14.83095645904541 64.32167053222656 70.11917114257812 90.80416107177734
8 4.3293867111206055 21.66016960144043 29.301843643188477 35.632347106933594 9 7.113710403442383 8.486299514770508 30.771209716796875 22.314416885375977
9 16.332874298095703 2.4767074584960938 70.83753204345703 35.393733978271484 6 12.567684173583984 3.6810731887817383 64.20576477050781 33.446475982666016
0 22.35942840576172 56.661476135253906 43.084999084472656 67.95549774169922
3 22.589508056640625 2.0628609657287598 45.355770111083984 14.378768920898438 5 21.432392120361328 0.2810770273208618 44.1951904296875 14.440753936767578 9 26.199495315551758 3.043330669403076 43.477352142333984 12.72526741027832
2 16.87950897216797 28.178022384643555 51.29032516479492 47.56502914428711 1 8.742636680603027 15.440909385681152 42.31033706665039 28.196914672851562
2 69.2917251586914 54.670475006103516 97.42796325683594 78.3433609008789
1 16.803192138671875 26.96599578857422 61.490478515625 42.74553298950195 9 14.013891220092773 3.6181094646453857 60.32254409790039 26.519529342651367
4 11.951623916625977 7.609988212585449 43.13818359375 22.595726013183594 7 9.523902893066406 21.85033416748047 41.59819412231445 34.94258117675781
8 7.871821403503418 19.713138580322266 26.332120895385742 31.257831573486328 3 7.637260437011719 20.58231544494629 24.203927993774414 30.218097686767578 6 7.1825761795043945 13.072031021118164 22.88518714904785 21.444232940673828
1 7.271028518676758 19.924468994140625 35.460487365722656 34.6220588684082 2 8.459798812866211 43.033302307128906 56.47832107543945 69.0
2 85.84603118896484 29.543685913085938 139.47987365722656 63.43056869506836 2 72.93124389648438 95.7217025756836 117.54473876953125 124.02232360839844
1 14.276004791259766 56.1436653137207 45.31598663330078 73.99564361572266
9 15.321733474731445 32.260826110839844 43.21870040893555 48.212890625
1 26.529905319213867 1.0136613845825195 66.45088958740234 17.46343421936035 1 26.608699798583984 32.163883209228516 62.20591354370117 49.693458557128906 5 24.693416595458984 13.674946784973145 63.731510162353516 36.64607620239258
2 11.517651557922363 2.869093894958496 32.2164192199707 15.721075057983398 1 10.523158073425293 15.78699779510498 31.458581924438477 26.41585922241211
4 20.09836196899414 66.5713119506836 81.2967758178711 113.89771270751953 7 43.314456939697266 175.13168334960938 52.36638641357422 181.6565399169922 0 152.5261993408203 147.59048461914062 193.71109008789062 171.09449768066406
6 8.774385452270508 9.29578685760498 33.44733428955078 20.985029220581055 4 10.480459213256836 21.02690315246582 34.18564987182617 32.169559478759766
2 9.866628646850586 5.367482662200928 32.25345993041992 16.793733596801758 6 11.248169898986816 16.528976440429688 33.52389907836914 25.704181671142578
5 20.704437255859375 15.144268989562988 77.50647735595703 48.73426055908203 8 16.19385528564453 52.43824768066406 72.82923889160156 84.04779052734375
6 9.430770874023438 5.010166168212891 43.13018798828125 25.9110107421875
2 13.475900650024414 34.53043746948242 49.45146179199219 55.7901611328125 1 12.688272476196289 11.941452980041504 54.41741180419922 29.547990798950195
9 25.911245346069336 20.227596282958984 48.62846755981445 35.69797897338867
9 6.3409528732299805 7.252686977386475 32.58015441894531 21.86650848388672
6 50.30830001831055 101.40059661865234 159.776611328125 170.89492797851562
4 16.00897216796875 24.788206100463867 62.42863464355469 55.603206634521484 2 16.268884658813477 23.60655975341797 61.84475326538086 54.16912841796875 0 49.71817398071289 53.34904861450195 83.76493835449219 82.02816772460938
9 24.55592918395996 70.56664276123047 60.232627868652344 97.660400390625 6 24.508228302001953 70.25886535644531 61.80534362792969 96.44087219238281 8 25.849851608276367 72.47464752197266 63.84946060180664 95.91152954101562
9 13.693495750427246 2.3139405250549316 27.278867721557617 13.009377479553223 9 12.854947090148926 12.392071723937988 28.330162048339844 23.034196853637695
9 14.658365249633789 4.6148881912231445 38.61464309692383 19.518245697021484
7 23.182607650756836 78.82647705078125 83.32201385498047 114.95525360107422 1 43.697750091552734 12.459776878356934 102.06352996826172 38.4412841796875 3 35.177188873291016 45.036075592041016 92.45552825927734 77.8070297241211
2 9.877555847167969 21.777149200439453 26.202465057373047 32.75971984863281 2 7.456232070922852 8.689682960510254 26.991443634033203 21.015283584594727
1 16.540325164794922 0.279680460691452 76.0003890991211 21.03953742980957 3 15.104177474975586 16.98760986328125 76.73370361328125 47.284751892089844 7 18.114803314208984 49.29047775268555 82.88593292236328 78.54695129394531
1 17.20166015625 77.52875518798828 52.33114242553711 99.03597259521484 1 42.9998664855957 58.568302154541016 74.63731384277344 74.96958923339844 1 43.32345962524414 68.89849090576172 74.694091796875 85.00169372558594
8 21.347497940063477 33.561588287353516 65.76644134521484 56.22132110595703 8 18.185670852661133 8.588240623474121 64.39027404785156 34.15896224975586
3 7.911410808563232 9.084186553955078 43.427459716796875 31.680328369140625
6 15.684967041015625 27.00855827331543 50.23447799682617 53.333152770996094 0 16.60380744934082 26.76020622253418 48.335540771484375 52.50379180908203 9 18.274293899536133 23.229063034057617 52.34701919555664 52.7039680480957
1 144.60220336914062 2.1343038082122803 210.1537322998047 36.06455612182617 7 54.781307220458984 12.806615829467773 144.7117462158203 74.3050537109375 2 98.74979400634766 113.85865020751953 156.76718139648438 151.23104858398438
9 6.9817280769348145 3.4497015476226807 26.729562759399414 14.674447059631348
6 15.678396224975586 50.1574821472168 69.32968139648438 81.65167236328125 2 16.746191024780273 18.6419620513916 68.73970031738281 50.91719436645508
9 100.82538604736328 53.169898986816406 144.74107360839844 79.46815490722656
7 4.562228202819824 24.16817283630371 30.372156143188477 35.280296325683594 0 5.826733589172363 14.131811141967773 32.144012451171875 25.202777862548828 5 5.801238536834717 1.3320523500442505 32.12966537475586 14.56307601928711
9 14.20138931274414 4.797900676727295 43.03475570678711 21.689409255981445
2 10.583454132080078 0.0 58.57211685180664 24.99136734008789 2 15.020574569702148 26.529346466064453 65.29325866699219 52.184417724609375
7 12.734370231628418 29.44279670715332 50.81682586669922 52.60549545288086 1 12.254018783569336 2.895956516265869 51.24528121948242 23.352807998657227
4 20.955541610717773 91.9713134765625 46.582427978515625 109.40717315673828 2 19.93344497680664 94.08189392089844 44.43470764160156 109.87218475341797 3 16.238868713378906 94.8667221069336 46.83635711669922 118.12345886230469
6 14.232339859008789 37.370479583740234 43.786563873291016 52.18369674682617 9 9.59861946105957 21.299686431884766 42.02128601074219 37.56871032714844 1 7.092671871185303 10.887951850891113 35.123207092285156 22.117053985595703
6 48.749202728271484 66.61251831054688 77.1041030883789 88.60929107666016
1 12.018647193908691 41.51671600341797 36.794761657714844 52.764034271240234
7 15.790014266967773 6.4171013832092285 44.617088317871094 18.340330123901367 5 15.69118595123291 21.518680572509766 42.972572326660156 33.898624420166016
1 70.7984848022461 94.42172241210938 145.8759307861328 127.2733154296875 4 38.65365982055664 5.155764579772949 151.31326293945312 73.01005554199219 4 68.64579772949219 123.3170166015625 149.8060302734375 172.44058227539062
0 9.40550422668457 31.824256896972656 37.43494415283203 46.36911392211914 3 11.21514892578125 15.985490798950195 40.817039489746094 31.437814712524414
0 8.198089599609375 24.975250244140625 41.570823669433594 46.05073547363281 3 11.528339385986328 4.838837623596191 44.62512969970703 24.559757232666016
1 86.20154571533203 60.01835250854492 113.46524047851562 75.20989990234375
4 15.76684856414795 23.07073974609375 49.61666488647461 37.560768127441406 9 11.845488548278809 35.65407180786133 49.126888275146484 52.40365219116211 2 20.48756980895996 6.077374458312988 52.99702072143555 23.603717803955078
2 21.58085823059082 38.74164962768555 54.655601501464844 60.5213737487793 1 24.39961051940918 5.023333549499512 57.896446228027344 20.437822341918945 0 23.613182067871094 18.909500122070312 55.9688606262207 39.61803436279297
9 10.088566780090332 29.83102035522461 41.141578674316406 49.97566604614258
2 19.848649978637695 28.132102966308594 56.212982177734375 52.460662841796875 9 17.088375091552734 53.91326141357422 52.134403228759766 73.0839614868164
9 46.31690216064453 1.5724918842315674 91.5494155883789 29.71693992614746 5 30.623401641845703 0.5488176941871643 91.73088073730469 30.352060317993164 3 42.941001892089844 0.0 88.8738784790039 27.979948043823242
5 7.851875305175781 9.160650253295898 36.322288513183594 26.03369140625 6 9.881200790405273 25.16346549987793 39.0500373840332 42.81430435180664
7 5.440517902374268 9.949325561523438 30.222490310668945 24.21196937561035
7 64.27078247070312 147.17953491210938 137.31285095214844 187.69131469726562 4 52.20326232910156 145.36422729492188 137.6656036376953 185.7340087890625 1 142.57791137695312 155.87692260742188 183.30946350097656 183.6690216064453
2 9.606201171875 5.792206287384033 28.05630111694336 17.299373626708984
5 8.588415145874023 7.208598613739014 44.960025787353516 30.195131301879883
3 5.755694389343262 23.202608108520508 37.13867950439453 41.116737365722656
7 17.95039176940918 47.73024368286133 59.987060546875 75.46454620361328
3 19.473915100097656 13.659146308898926 50.60962677001953 31.053199768066406 7 21.366065979003906 33.52994155883789 50.96483612060547 53.902015686035156
3 8.800009727478027 41.246482849121094 47.720672607421875 64.80902862548828 8 22.11142349243164 25.5642032623291 55.373111724853516 45.52581024169922 1 26.22687339782715 10.613119125366211 61.278160095214844 30.667930603027344
4 14.535923957824707 19.612525939941406 42.518096923828125 35.6611213684082 4 15.358842849731445 33.70293045043945 40.60361099243164 47.62097930908203
2 21.006444931030273 16.66360855102539 48.420875549316406 34.67311477661133 6 22.1081485748291 35.863372802734375 48.9769287109375 55.287330627441406
5 24.30127716064453 82.66524505615234 71.66511535644531 108.33049774169922
4 11.178703308105469 25.755544662475586 39.0084228515625 49.68643569946289 4 10.821044921875 2.7691736221313477 39.18156051635742 24.42715835571289
2 7.776383399963379 25.18549156188965 30.50454330444336 39.13578796386719 2 9.047429084777832 37.65211486816406 29.379915237426758 50.57915496826172
5 7.10404109954834 1.3843111991882324 28.182147979736328 12.461858749389648 3 7.7030181884765625 1.5538451671600342 27.94242286682129 13.450904846191406
2 59.4986572265625 118.8434066772461 120.14484405517578 160.25595092773438 2 60.333011627197266 168.0985107421875 115.06848907470703 207.9476318359375 9 60.84286880493164 122.10474395751953 114.8448257446289 158.51820373535156
0 11.934502601623535 27.090076446533203 42.45540237426758 46.032691955566406 1 10.337267875671387 5.682773590087891 43.328216552734375 19.246994018554688 1 10.669214248657227 17.211950302124023 41.99217987060547 28.366962432861328
3 14.681270599365234 7.746786594390869 39.7363395690918 22.3853702545166 8 14.471435546875 23.146249771118164 37.674278259277344 36.37702560424805
1 13.377622604370117 4.072350025177002 50.91600799560547 19.135969161987305 0 12.840387344360352 19.216388702392578 50.721248626708984 40.113243103027344
3 165.83570861816406 56.95061492919922 202.86788940429688 82.83798217773438 5 163.27784729003906 56.715335845947266 198.17701721191406 83.171630859375 2 164.8369598388672 55.563419342041016 200.99761962890625 83.04051208496094
8 8.113604545593262 16.881120681762695 30.29778289794922 33.80991744995117 9 7.757717132568359 16.380800247192383 29.416275024414062 32.86076354980469 2 7.388521194458008 18.693519592285156 29.479318618774414 32.45930099487305
5 95.75170135498047 96.7357406616211 133.57611083984375 120.72301483154297 0 94.78653717041016 87.08887481689453 132.85984802246094 108.64607238769531 0 99.78480529785156 99.82794189453125 130.93540954589844 119.8818130493164
3 10.873496055603027 10.018523216247559 36.13813781738281 25.050033569335938 9 10.256691932678223 23.611173629760742 34.6315803527832 37.481075286865234
3 14.271068572998047 4.882680892944336 37.61190414428711 17.803701400756836 7 16.147432327270508 16.78148651123047 37.245513916015625 29.58467674255371
4 21.441612243652344 25.770952224731445 56.30556106567383 45.86007308959961 4 14.6587495803833 6.66908073425293 46.82545471191406 25.575777053833008
8 5.990611553192139 4.713939666748047 21.811378479003906 15.126407623291016 2 4.814344882965088 16.162208557128906 20.802221298217773 25.362550735473633
7 10.17194652557373 15.56514835357666 32.99715805053711 31.93376350402832
2 19.781213760375977 24.078561782836914 35.830909729003906 35.65728759765625 8 20.229141235351562 35.596405029296875 35.11547088623047 46.41729736328125
9 15.23087215423584 39.68342208862305 62.35884094238281 68.6202621459961 4 16.217361450195312 3.8792121410369873 63.54981994628906 34.66991424560547
4 16.096023559570312 26.801055908203125 44.368045806884766 43.10346603393555 3 8.125381469726562 15.667780876159668 40.70448303222656 30.677730560302734 2 11.032214164733887 15.068727493286133 42.89729690551758 30.229354858398438
8 3.4784088134765625 11.508971214294434 45.566558837890625 37.285526275634766
1 18.46831512451172 40.985694885253906 104.76606750488281 68.3407974243164 1 16.283769607543945 0.0 97.54837799072266 18.39674949645996
1 61.062217712402344 27.37480926513672 88.59303283691406 45.44784164428711 5 60.33620834350586 36.94643020629883 89.2999496459961 55.00265121459961 5 61.63817596435547 44.98164749145508 88.50550079345703 62.42365646362305
5 22.757404327392578 25.176496505737305 49.9630126953125 41.26484298706055 1 24.47970962524414 17.449161529541016 52.55288314819336 29.355335235595703
3 3.533365488052368 7.363720893859863 23.002891540527344 20.0111026763916
2 31.239768981933594 59.43208694458008 63.53776168823242 77.81028747558594
8 54.09272766113281 42.26384735107422 98.04841613769531 69.43746185302734
2 74.69232177734375 11.47053337097168 125.82449340820312 40.42268371582031 8 68.42073822021484 69.66817474365234 123.8658676147461 100.2573013305664 0 74.03916931152344 41.61593246459961 129.43841552734375 70.12843322753906
2 3.9130232334136963 14.385168075561523 20.76959228515625 25.94158172607422
9 6.357839584350586 15.772496223449707 29.629878997802734 33.27652359008789 6 9.319573402404785 2.303187608718872 30.95174789428711 17.425493240356445
5 43.11977005004883 123.478515625 99.94572448730469 164.8046875
8 6.178506851196289 2.9411323070526123 32.0904541015625 16.95592498779297
1 36.82953643798828 28.016063690185547 65.79216003417969 41.97276306152344 0 39.111480712890625 58.75271987915039 67.52631378173828 75.72444915771484 0 37.51824188232422 42.428375244140625 68.5890121459961 59.1976203918457
2 35.87403106689453 1.0773963928222656 67.62742614746094 18.1009464263916 9 17.78799057006836 42.02191162109375 48.23301315307617 59.33277893066406 1 26.736474990844727 21.264354705810547 60.52106475830078 39.01810836791992
2 22.508106231689453 6.629683017730713 46.69278335571289 22.24658203125 2 17.480375289916992 24.65365219116211 44.53750991821289 40.5369758605957
1 4.361892223358154 2.2516963481903076 36.33367919921875 15.192906379699707 6 6.4043402671813965 13.986872673034668 41.37619400024414 29.817731857299805
1 35.934722900390625 29.073631286621094 67.06702423095703 44.84627914428711
3 16.902301788330078 3.9037511348724365 65.59886932373047 24.352474212646484 6 25.62384033203125 19.646034240722656 76.91788482666016 45.948753356933594
5 7.455306529998779 11.488832473754883 50.231666564941406 36.06623840332031
3 12.481782913208008 36.93296813964844 36.87923812866211 51.640865325927734
5 14.056697845458984 24.915864944458008 51.18327713012695 48.704917907714844 2 14.23366641998291 3.6428418159484863 48.449764251708984 27.386592864990234
6 3.7700302600860596 0.0 27.793212890625 13.107714653015137
2 104.28230285644531 52.92424392700195 146.70138549804688 77.89884185791016 9 105.73699951171875 62.371429443359375 147.16812133789062 89.97384643554688 5 102.36055755615234 63.224525451660156 144.5601806640625 89.3315658569336
4 16.51399803161621 42.612457275390625 51.07060241699219 57.43275833129883 7 23.50678825378418 25.50122833251953 60.11757278442383 41.98289489746094
2 2.5348072052001953 13.677480697631836 20.709617614746094 24.242286682128906 2 2.1958565711975098 2.2466063499450684 19.477840423583984 12.966232299804688
7 62.21965408325195 33.44501495361328 87.95987701416016 49.713199615478516
7 8.341168403625488 26.50200080871582 38.90663528442383 42.699241638183594 1 9.9647855758667 10.49515151977539 39.91314697265625 26.64695167541504
5 8.211382865905762 25.901309967041016 39.75251388549805 37.319007873535156 3 14.429256439208984 8.248213768005371 47.58990478515625 20.334840774536133 6 8.134032249450684 18.936233520507812 39.752838134765625 28.521690368652344
2 9.258273124694824 23.057605743408203 32.892635345458984 39.86637496948242 2 16.347917556762695 8.112518310546875 37.45848846435547 21.58634376525879
6 26.380666732788086 46.82274627685547 59.804718017578125 68.46583557128906 2 24.804489135742188 0.42300423979759216 57.78589630126953 23.12796401977539 4 24.98456573486328 24.270584106445312 59.1938362121582 45.33683776855469
2 78.93951416015625 92.63938903808594 104.82821655273438 110.55374908447266 4 86.10955047607422 102.43940734863281 111.66026306152344 123.52136993408203 1 87.04734802246094 105.00784301757812 109.03057861328125 122.59961700439453
4 30.228981018066406 26.504358291625977 64.23025512695312 51.24818420410156
4 7.828846454620361 26.532609939575195 39.941932678222656 43.71354293823242 7 6.708301544189453 11.600855827331543 40.91156005859375 28.35359764099121
0 5.643560886383057 15.670695304870605 29.709566116333008 31.733774185180664 4 6.338748455047607 2.1177523136138916 30.478595733642578 18.222251892089844
1 46.808719635009766 89.87784576416016 137.38641357421875 120.6741714477539 5 18.617616653442383 6.157604694366455 48.77487564086914 23.76953887939453 3 18.064281463623047 5.964057922363281 52.86928939819336 24.744176864624023
0 16.325218200683594 22.71414566040039 47.30916213989258 36.14737319946289 2 23.872873306274414 6.533147811889648 54.69514465332031 24.48017120361328 6 12.082708358764648 33.27870178222656 45.67219161987305 48.673828125
4 77.61114501953125 37.27057647705078 108.5667953491211 62.39509963989258 7 39.92613220214844 105.79354858398438 149.45758056640625 154.439453125 4 31.71525764465332 113.22834777832031 130.20046997070312 156.14389038085938
6 16.937423706054688 33.70121765136719 58.304931640625 58.15166091918945
9 17.65266227722168 70.4311752319336 60.309871673583984 94.42869567871094 1 18.39084815979004 34.716705322265625 66.00586700439453 51.76475143432617 1 19.533153533935547 53.17154312133789 61.993953704833984 70.90801239013672
2 11.408736228942871 8.627745628356934 30.27433204650879 20.158021926879883 4 10.398338317871094 19.584270477294922 31.180397033691406 31.565263748168945
9 22.3137264251709 65.05926513671875 66.75299835205078 89.0 9 22.173097610473633 33.91135787963867 67.88397216796875 60.64805221557617 1 20.060251235961914 0.8717123866081238 68.3310546875 22.023475646972656
2 20.41615867614746 73.87825775146484 63.9610481262207 100.00395202636719
8 12.171836853027344 22.817480087280273 31.64992332458496 34.25929260253906 3 12.15932559967041 10.032539367675781 32.845333099365234 21.219669342041016
6 7.967423915863037 35.337642669677734 45.03779983520508 51.8023796081543 7 11.184659957885742 17.743146896362305 44.20443344116211 34.7598762512207
2 14.800999641418457 11.636537551879883 60.21763610839844 32.34926986694336 9 15.422433853149414 32.98670196533203 57.933006286621094 51.31606674194336
6 10.238460540771484 9.119752883911133 46.0737190246582 29.511930465698242 0 9.544291496276855 33.12655258178711 43.52601623535156 53.41523742675781
1 10.681418418884277 2.569659948348999 40.012054443359375 15.246078491210938 1 11.353081703186035 31.78806495666504 39.94338607788086 44.884002685546875 4 11.865926742553711 16.819561004638672 40.34423065185547 30.87493896484375
7 7.14427375793457 22.24954605102539 26.984777450561523 32.834110260009766 3 6.079861164093018 11.157573699951172 27.28125762939453 22.217172622680664
5 9.568930625915527 26.488693237304688 37.513031005859375 42.935794830322266 5 9.700210571289062 7.451848983764648 38.506797790527344 23.50469398498535 3 10.074524879455566 9.69794750213623 36.48181915283203 24.43169403076172
0 133.70278930664062 40.463619232177734 220.50421142578125 106.23148345947266 2 96.86238861083984 9.292376518249512 239.99241638183594 115.7999267578125 0 55.74405288696289 8.104765892028809 215.34527587890625 152.2887725830078
7 30.91585922241211 57.137779235839844 82.14824676513672 84.70533752441406 0 35.3010139465332 29.563579559326172 83.03816223144531 56.0380859375 1 32.82002639770508 7.933976173400879 86.39501953125 30.257862091064453
2 14.07822322845459 12.81474494934082 37.86258316040039 27.533193588256836 8 10.284921646118164 26.442855834960938 33.93730163574219 42.28443145751953
6 4.65662145614624 13.828112602233887 26.242321014404297 27.48130989074707
9 9.577739715576172 7.612565040588379 32.09129333496094 21.358646392822266
1 21.170093536376953 3.358030080795288 60.213531494140625 19.46302032470703 6 17.706212997436523 31.651317596435547 57.511810302734375 51.747337341308594 9 18.208120346069336 18.5222225189209 58.63762283325195 35.22996520996094
7 5.868283271789551 8.975521087646484 32.03397750854492 23.351783752441406
3 20.897655487060547 39.67868423461914 52.41751480102539 56.81281661987305 6 20.862985610961914 26.261247634887695 54.034000396728516 47.448516845703125 6 22.74656105041504 53.13592529296875 53.131675720214844 72.15471649169922
3 12.953119277954102 10.974796295166016 37.731109619140625 24.213163375854492
7 11.844305038452148 2.7524280548095703 31.43904685974121 14.204269409179688
2 30.829694747924805 80.71247100830078 73.58666229248047 105.79515075683594
4 15.972346305847168 15.890669822692871 44.07183074951172 32.277225494384766 7 16.065237045288086 32.49820327758789 41.40250778198242 47.79840850830078
9 65.87681579589844 108.2989730834961 113.28687286376953 139.41062927246094
3 5.272668361663818 14.597373962402344 27.20703125 26.88532829284668 4 4.81422758102417 2.6945137977600098 26.100996017456055 19.226587295532227
8 15.07190990447998 27.196443557739258 60.65941619873047 49.31192398071289 1 14.01622486114502 9.90524673461914 60.893409729003906 26.619321823120117
4 45.489845275878906 10.356449127197266 103.15057373046875 42.17190170288086 3 43.368961334228516 43.88079071044922 97.18463897705078 72.29019927978516
8 24.334476470947266 29.176095962524414 48.10459518432617 43.7993049621582 6 30.075559616088867 16.75543212890625 55.86289596557617 32.62925338745117
2 29.877275466918945 55.99881362915039 83.07002258300781 85.1351547241211 3 34.350181579589844 12.187564849853516 88.15164184570312 40.449214935302734 7 30.603273391723633 31.510801315307617 82.60443878173828 55.772560119628906
6 36.72740936279297 72.43158721923828 83.64141845703125 102.00897216796875 2 15.938718795776367 30.31400489807129 64.03465270996094 64.53651428222656
3 4.34346866607666 6.105245113372803 41.43345260620117 27.20098304748535
2 5.92856502532959 4.741373538970947 34.31259536743164 21.45855712890625
6 85.22319793701172 119.38506317138672 116.20514678955078 135.9857177734375 5 77.06700897216797 100.91302490234375 112.55115509033203 120.55587768554688 6 95.52347564697266 135.34803771972656 129.1019744873047 150.54270935058594
2 46.205318450927734 2.957890033721924 72.45996856689453 18.892168045043945
5 8.392993927001953 2.1469061374664307 41.69060134887695 23.322540283203125
9 8.2677583694458 11.984219551086426 37.02970504760742 26.36505889892578
4 20.17750358581543 19.666996002197266 46.44125747680664 35.71010971069336 2 9.497760772705078 54.201663970947266 55.54570770263672 72.3206558227539 5 23.044206619262695 9.942520141601562 40.904605865478516 20.43524932861328
6 20.685142517089844 60.67903518676758 72.49847412109375 101.42638397216797 4 37.32814407348633 31.259925842285156 96.85398864746094 67.40869140625
4 19.791967391967773 48.61083984375 54.52210235595703 63.445316314697266 9 19.16415786743164 61.166812896728516 52.04393768310547 75.52509307861328 1 19.66312026977539 30.169464111328125 54.235904693603516 45.45927810668945
2 6.176779270172119 18.577667236328125 29.426776885986328 32.201107025146484
7 48.93799591064453 56.39350128173828 79.85488891601562 78.12242889404297
0 7.975860118865967 15.746731758117676 28.88743019104004 29.267953872680664 2 10.397829055786133 3.6008191108703613 31.715410232543945 16.411636352539062
1 28.47372817993164 11.040289878845215 54.572540283203125 23.252464294433594
3 32.872657775878906 5.243814945220947 66.90956115722656 23.863956451416016 3 32.5040397644043 40.03363800048828 67.03327178955078 59.4017448425293 8 38.75638961791992 23.000473022460938 69.26805877685547 39.238521575927734
7 6.39927339553833 3.5283758640289307 22.564891815185547 15.625922203063965
2 14.820511817932129 31.20709800720215 34.93427276611328 44.40033721923828
3 6.4420671463012695 16.26449966430664 28.68285369873047 30.42759132385254
6 5.709386825561523 12.907281875610352 26.98011589050293 23.208599090576172 5 3.9942147731781006 4.310550212860107 24.155614852905273 12.98892879486084
0 14.901902198791504 30.114831924438477 39.13032150268555 45.203208923339844 1 9.301264762878418 22.46120834350586 36.01087188720703 32.14909362792969 1 17.4006290435791 43.655033111572266 44.9869384765625 52.638126373291016
2 22.0920467376709 9.15625286102295 83.72949981689453 48.95857238769531 1 22.167606353759766 57.2750358581543 83.1533203125 84.02629852294922
2 21.68525505065918 27.43449592590332 59.38917922973633 52.017520904541016 1 22.496145248413086 1.7287100553512573 59.80961227416992 25.073450088500977 5 18.059480667114258 53.36220169067383 58.78291702270508 78.42012786865234
2 12.270169258117676 24.727285385131836 55.01771545410156 48.41278839111328
2 26.57260513305664 9.850872039794922 62.53681564331055 33.22678756713867 7 30.520771026611328 33.2196159362793 66.51455688476562 54.639190673828125
2 86.74917602539062 38.76003646850586 116.936279296875 63.85926818847656 2 86.09542846679688 32.59451675415039 115.58346557617188 50.52321243286133 9 86.97919464111328 44.318111419677734 115.34957122802734 62.25653839111328
9 74.61089324951172 69.83141326904297 133.63662719726562 99.3546371459961 1 35.866302490234375 119.90595245361328 134.85348510742188 152.72808837890625 8 72.04346466064453 66.45458221435547 142.7001495361328 100.80079650878906
6 12.612563133239746 6.592315673828125 35.062347412109375 21.403564453125 1 7.657820224761963 24.71435546875 35.80390930175781 37.8046875 4 11.816797256469727 7.392435073852539 35.532676696777344 22.570125579833984
6 6.796486854553223 17.726116180419922 26.932493209838867 30.625473022460938 4 6.825390338897705 5.903366565704346 25.828453063964844 18.337158203125
3 6.936313152313232 17.70844268798828 31.475008010864258 34.83665084838867
3 17.722328186035156 16.62203025817871 37.704505920410156 29.254528045654297 8 25.250972747802734 23.576250076293945 51.82452392578125 37.743003845214844 8 18.27610969543457 16.436309814453125 38.88371658325195 27.710655212402344
5 23.480215072631836 46.381988525390625 52.15713119506836 62.9816780090332
2 9.326605796813965 35.68976974487305 59.1329460144043 62.41092300415039
1 76.28410339355469 124.72132110595703 130.62823486328125 154.1033935546875 3 119.57627868652344 76.6604995727539 147.3899688720703 96.99108123779297 2 120.7337417602539 74.48657989501953 148.62741088867188 97.79934692382812
2 17.167512893676758 69.9141845703125 45.68511199951172 87.585205078125 3 22.412845611572266 71.54136657714844 77.87207794189453 89.5754623413086 5 20.884517669677734 69.83075714111328 68.486572265625 90.79443359375
1 32.70726013183594 9.137115478515625 71.47856903076172 25.387248992919922 0 25.903247833251953 43.01506423950195 71.39878845214844 63.00699996948242 7 29.535045623779297 21.179798126220703 71.55789947509766 38.518497467041016
3 18.902294158935547 2.8059229850769043 69.23501586914062 35.69160842895508 5 34.66473388671875 61.70259475708008 86.56023406982422 96.08023071289062 7 24.386144638061523 33.82160186767578 79.6991958618164 59.86016845703125
6 39.73918914794922 31.951642990112305 69.07826232910156 46.76889419555664 9 38.94491195678711 14.185861587524414 65.57379913330078 27.835803985595703 2 37.699710845947266 10.483500480651855 72.52044677734375 29.242799758911133
2 5.835999488830566 15.680994033813477 31.418058395385742 31.791173934936523
1 24.976673126220703 36.938663482666016 59.41876220703125 55.96621322631836 6 27.171655654907227 51.722145080566406 54.873626708984375 67.30974578857422 1 28.2855167388916 46.424537658691406 56.081321716308594 59.85927200317383
0 11.176783561706543 39.356666564941406 48.87389373779297 55.70811462402344 4 8.360281944274902 24.55647087097168 50.69041442871094 39.77316665649414 1 9.143129348754883 12.579708099365234 48.20433044433594 26.345773696899414
2 14.526796340942383 20.379840850830078 74.18427276611328 56.077903747558594 1 10.261415481567383 52.4433708190918 74.807861328125 80.37288665771484 8 12.847391128540039 50.79486846923828 77.98002624511719 83.62362670898438
7 11.237852096557617 3.8210806846618652 32.655662536621094 15.142918586730957 8 10.996251106262207 14.718910217285156 34.42623519897461 29.15827178955078
6 5.907813549041748 0.4414307177066803 26.76651382446289 13.455907821655273
2 22.767480850219727 12.47835922241211 45.70218276977539 26.042991638183594 4 24.588315963745117 0.0 45.79203796386719 11.99127197265625 4 21.85631561279297 12.886039733886719 45.85671615600586 26.065340042114258
3 4.8277435302734375 22.182247161865234 35.75338363647461 38.04682159423828 6 9.422476768493652 31.86069107055664 40.196720123291016 46.007530212402344 0 18.270248413085938 33.52292251586914 38.30497360229492 47.0
5 24.232521057128906 75.93473815917969 51.13001251220703 92.13788604736328 3 23.439559936523438 76.04389190673828 51.6298713684082 91.76720428466797 2 25.18103790283203 76.37702941894531 51.47697830200195 90.86944580078125
8 11.715603828430176 24.321533203125 35.80398941040039 41.173343658447266
9 24.755874633789062 52.61307907104492 58.551387786865234 66.59756469726562 1 23.15486717224121 40.265708923339844 59.51591110229492 53.715476989746094 8 24.507360458374023 63.98587417602539 62.66665267944336 80.71747589111328
2 18.48011016845703 11.21894645690918 41.717445373535156 24.483360290527344 5 17.203166961669922 24.32602310180664 39.53439712524414 38.27101135253906
9 36.595455169677734 66.99617004394531 76.7380142211914 86.37511444091797 1 40.723236083984375 23.061418533325195 86.98865509033203 41.814205169677734 1 37.39978790283203 30.995054244995117 84.98176574707031 49.74632263183594
8 14.086833953857422 16.39055633544922 40.722286224365234 31.478286743164062 2 12.942338943481445 0.6351674199104309 40.64496994018555 16.084007263183594
2 17.207571029663086 11.598434448242188 51.63685607910156 30.593812942504883 1 16.609760284423828 30.071788787841797 52.66442108154297 46.200836181640625
1 32.809566497802734 71.26917266845703 57.93964385986328 85.62666320800781 4 35.589298248291016 69.26829528808594 69.95504760742188 88.89640808105469 7 32.33146667480469 70.41809844970703 59.03123474121094 85.50875091552734
2 31.51904296875 6.065330982208252 76.84473419189453 31.252506256103516
0 124.92508697509766 144.90719604492188 194.50628662109375 216.09500122070312 9 134.7996063232422 148.6220703125 193.84634399414062 215.4545440673828 0 107.36454010009766 62.05859375 155.32154846191406 109.36100769042969
2 7.958878517150879 1.0554016828536987 24.404592514038086 12.359992980957031 4 3.227975606918335 11.92611026763916 27.271413803100586 27.811277389526367
2 9.882665634155273 0.9957541227340698 28.155990600585938 13.369511604309082 7 9.180522918701172 14.888628959655762 31.1306209564209 29.296981811523438 5 4.6490797996521 0.49248114228248596 27.439218521118164 14.380294799804688
9 67.35392761230469 146.34652709960938 114.45653533935547 175.8937225341797 3 59.65672302246094 142.39134216308594 107.22647094726562 180.8458251953125 9 68.25902557373047 122.7176513671875 113.64169311523438 156.66189575195312
6 9.669294357299805 3.668548345565796 59.578369140625 30.614973068237305 7 11.948933601379395 29.40574073791504 63.27506637573242 62.38935089111328
3 18.924850463867188 98.25357055664062 73.96942901611328 128.49147033691406 7 25.245973587036133 86.60991668701172 71.10124206542969 118.67732238769531
3 13.715741157531738 45.879093170166016 46.62193298339844 63.548702239990234
2 137.45883178710938 40.637725830078125 179.29507446289062 67.97805786132812 1 138.76243591308594 39.626731872558594 179.42543029785156 66.77669525146484 4 136.46630859375 37.57181930541992 180.93338012695312 67.34978485107422
2 7.667429447174072 16.419872283935547 32.4835090637207 31.156587600708008 4 7.780061721801758 32.49158477783203 33.91472625732422 47.58990478515625
3 5.2533979415893555 2.7385213375091553 28.940343856811523 17.31393051147461
7 64.92622375488281 22.117385864257812 104.07691192626953 48.268348693847656
6 19.2600154876709 12.616302490234375 76.96983337402344 72.81510925292969 1 95.14482116699219 68.78466796875 128.98919677734375 88.36628723144531 6 98.27449798583984 37.91886520385742 126.11363983154297 58.748600006103516
1 15.060247421264648 2.637965440750122 35.48524475097656 13.397418975830078 9 13.948616027832031 12.348365783691406 34.43302917480469 24.634904861450195 7 12.922283172607422 22.11089324951172 33.002723693847656 33.974822998046875
9 18.806407928466797 21.66213035583496 43.518043518066406 40.05480194091797 6 13.661959648132324 20.37531852722168 49.708229064941406 51.763729095458984 9 12.9823579788208 21.67780303955078 49.34646224975586 54.636260986328125
9 31.408836364746094 39.531917572021484 102.23660278320312 77.23522186279297 4 27.086719512939453 99.80166625976562 71.14534759521484 135.76620483398438 1 21.303943634033203 18.398454666137695 108.42866516113281 50.5653076171875
2 7.1175994873046875 8.318163871765137 25.74506187438965 19.35674285888672 0 7.592046737670898 19.71858024597168 22.49335289001465 31.324542999267578 9 7.851801872253418 20.27659797668457 23.135982513427734 30.71949577331543
2 36.712554931640625 36.23834228515625 63.07574462890625 53.37779235839844
5 39.843780517578125 39.46249771118164 78.7553482055664 58.080875396728516 5 41.06601333618164 8.593231201171875 79.20870971679688 25.54841423034668 6 40.016563415527344 24.559118270874023 78.81736755371094 41.81008529663086
9 9.103982925415039 27.168357849121094 38.221866607666016 44.37371063232422 1 9.821435928344727 14.700092315673828 36.37113952636719 27.114694595336914
0 5.385654449462891 17.34869956970215 25.980375289916992 29.388120651245117 6 4.742466926574707 3.356314182281494 27.117834091186523 17.43476104736328
4 11.678380012512207 12.519281387329102 33.09455108642578 26.699546813964844 1 11.529211044311523 13.240745544433594 33.32074737548828 25.73657989501953 9 12.649700164794922 24.48370933532715 35.52149200439453 41.59709167480469
9 95.30719757080078 74.3711929321289 145.75332641601562 127.6615982055664 8 92.6302261352539 76.40333557128906 144.56224060058594 126.43402099609375 0 91.46524810791016 77.59319305419922 143.93475341796875 128.45205688476562
8 9.117629051208496 16.202743530273438 38.38483810424805 36.19801330566406
9 3.554292917251587 11.76253890991211 23.67206382751465 22.521059036254883
1 72.26640319824219 58.78194046020508 213.76792907714844 114.7558364868164 0 47.78395462036133 59.21001052856445 223.69215393066406 150.52491760253906 4 115.76773071289062 195.4629364013672 165.2255401611328 228.85504150390625
5 18.38437271118164 11.403470993041992 51.895912170410156 29.760963439941406 5 20.975095748901367 31.03668212890625 53.158992767333984 49.643123626708984
2 8.06576156616211 18.363216400146484 27.751869201660156 32.87396240234375
7 18.44327163696289 31.830556869506836 56.45172119140625 52.92001724243164 2 14.86195182800293 26.607728958129883 54.58799362182617 48.609169006347656 4 15.330568313598633 28.057891845703125 60.1344108581543 52.37607192993164
6 21.26714324951172 46.37885665893555 52.1095085144043 66.18980407714844
2 6.1706223487854 12.854347229003906 36.522552490234375 30.135746002197266 3 5.727677345275879 0.8332341313362122 35.05002212524414 13.403861045837402
1 32.43033218383789 5.293099880218506 60.62370681762695 21.27094078063965 6 31.81520652770996 20.073062896728516 59.72859573364258 40.428955078125
2 2.657245397567749 12.083572387695312 28.999542236328125 25.611055374145508 1 4.257971286773682 24.596940994262695 28.49258041381836 33.65021896362305
1 31.8719539642334 5.805870056152344 57.61236572265625 18.01235008239746 6 32.69008255004883 13.112966537475586 58.18491744995117 26.982219696044922
6 18.604156494140625 18.2049617767334 69.82518768310547 48.49376678466797 8 14.99315357208252 49.11446762084961 74.60723876953125 74.69207763671875
3 38.56056213378906 51.0765266418457 68.56570434570312 68.16117095947266 2 41.22542190551758 41.84510803222656 64.56404876708984 57.037391662597656 3 40.63690185546875 43.194000244140625 66.20075225830078 59.86244583129883
8 23.50339126586914 26.851316452026367 48.864288330078125 43.05491638183594 8 23.301605224609375 41.911983489990234 49.60207748413086 59.365203857421875
8 15.693313598632812 20.138246536254883 54.67304611206055 42.21837615966797 1 15.063878059387207 2.583252191543579 51.46314239501953 20.316375732421875
5 6.718228816986084 4.305715560913086 34.82197952270508 21.358949661254883 2 8.581698417663574 21.524274826049805 35.38343048095703 36.79605484008789
4 85.70277404785156 78.37288665771484 142.45449829101562 110.66509246826172 4 73.6637191772461 120.78115844726562 136.53916931152344 161.54405212402344 1 65.54850006103516 122.8912124633789 142.72393798828125 161.32518005371094
6 9.011673927307129 11.839241027832031 29.924640655517578 25.11508560180664
9 13.675544738769531 26.692346572875977 57.490570068359375 57.87020492553711
3 11.667045593261719 5.497856140136719 56.66022872924805 34.22758483886719 8 12.36384105682373 6.384800910949707 55.374698638916016 33.183563232421875
3 21.99657440185547 74.82898712158203 48.536495208740234 91.8338623046875
4 6.642279148101807 4.871575355529785 24.36322593688965 16.93311882019043 8 6.333260536193848 15.819816589355469 23.847599029541016 27.065649032592773
0 44.66606903076172 35.9254035949707 85.52584075927734 57.7811164855957 3 39.643890380859375 15.632253646850586 83.29617309570312 41.75999069213867 5 35.747406005859375 57.37333297729492 93.7523193359375 85.68323516845703
1 31.838645935058594 15.926155090332031 52.59297180175781 26.006938934326172 4 29.55585289001465 20.963642120361328 53.955448150634766 34.373619079589844
1 92.77278900146484 47.118255615234375 135.83767700195312 70.92909240722656 2 93.2869873046875 48.71256637573242 133.79913330078125 70.49983978271484 4 91.069580078125 45.72700500488281 135.0386962890625 72.22563171386719
3 52.80990982055664 123.77458953857422 139.13816833496094 163.39743041992188
6 27.865402221679688 20.90336799621582 67.90689849853516 43.943580627441406
1 24.352596282958984 2.591768503189087 68.57976531982422 20.61309242248535 0 5.967421054840088 32.973880767822266 50.86382293701172 55.08671569824219
3 5.084646701812744 16.031709671020508 26.807010650634766 30.874601364135742
7 8.251531600952148 7.526556968688965 33.99322509765625 20.753192901611328 3 8.094978332519531 21.493989944458008 31.681529998779297 34.00642013549805
2 10.726584434509277 25.265586853027344 32.713279724121094 35.07822036743164 6 9.678664207458496 34.57329177856445 37.650081634521484 46.8526496887207
2 21.491079330444336 2.704385995864868 40.83857345581055 14.302510261535645 2 20.736923217773438 13.147058486938477 40.758060455322266 24.20596694946289
0 55.48508834838867 90.87297821044922 85.56958770751953 108.18787384033203 7 48.50895690917969 81.06664276123047 81.49784088134766 96.08739471435547
2 80.89897918701172 56.213375091552734 145.43536376953125 97.18295288085938 1 86.2650375366211 99.10166931152344 140.45065307617188 120.85002899169922
9 38.49859619140625 46.791866302490234 64.51283264160156 60.7913703918457
7 13.469343185424805 15.019436836242676 36.85981750488281 31.71265983581543
3 40.13514709472656 32.642860412597656 67.39081573486328 49.77158737182617 0 40.500911712646484 49.65513229370117 67.52445220947266 66.77392578125
4 13.586666107177734 4.471871852874756 35.41618728637695 21.743404388427734 9 13.741538047790527 21.914386749267578 36.20943832397461 40.50137710571289
2 8.9203519821167 8.321171760559082 37.454345703125 23.172855377197266 7 14.416035652160645 22.25288200378418 43.964195251464844 37.023677825927734
1 16.16060447692871 8.973113059997559 52.18814468383789 25.915742874145508 4 23.226600646972656 26.589357376098633 60.1049690246582 48.04026412963867 3 37.147830963134766 48.436309814453125 72.2472915649414 72.54707336425781
6 11.276593208312988 32.04071044921875 36.59698486328125 47.091495513916016 0 11.573529243469238 17.09170913696289 35.928184509277344 31.002729415893555 1 11.38532543182373 7.099026203155518 37.625099182128906 16.833730697631836
4 14.086644172668457 3.542220115661621 33.07094192504883 15.75363826751709 5 12.854402542114258 15.183137893676758 32.42970657348633 28.03998374938965
2 21.225061416625977 3.1177783012390137 55.481964111328125 21.175674438476562 7 17.59906005859375 22.59697151184082 49.765228271484375 40.36236572265625
3 4.400213718414307 15.1355562210083 27.07377052307129 30.217126846313477
5 37.43621063232422 95.42815399169922 84.511962890625 114.6821517944336
3 31.97814178466797 41.872745513916016 80.63105010986328 69.58920288085938 1 33.2181396484375 87.7967758178711 81.56456756591797 106.96026611328125 4 33.56744384765625 68.30494689941406 80.93568420410156 90.74808502197266
5 11.437382698059082 36.27257537841797 48.15293502807617 55.306114196777344 3 8.937750816345215 20.403139114379883 48.710453033447266 38.839359283447266
5 13.451421737670898 12.393964767456055 41.29777145385742 26.897462844848633 4 11.099529266357422 0.10007236152887344 39.99089431762695 14.413139343261719 8 14.719440460205078 25.020174026489258 39.878074645996094 38.343021392822266
8 7.58635139465332 12.839666366577148 27.966073989868164 25.830015182495117 3 7.050663948059082 25.193918228149414 27.82793617248535 36.11336135864258
9 23.056106567382812 26.09823989868164 64.70616149902344 44.25661849975586 4 23.311119079589844 6.045752048492432 65.06990814208984 26.791576385498047 0 24.063920974731445 43.68593978881836 64.93859100341797 62.06653594970703
7 5.388142108917236 14.538917541503906 25.186904907226562 26.32862663269043 4 6.529019832611084 1.7468161582946777 26.642406463623047 14.193222999572754
7 8.419445037841797 13.235316276550293 33.628292083740234 28.695995330810547 5 8.036905288696289 0.8716530799865723 34.68104934692383 16.343490600585938 9 8.239883422851562 27.438077926635742 33.4752197265625 41.515625
8 17.479446411132812 48.224143981933594 62.23683166503906 70.41911315917969 7 29.32063865661621 29.411930084228516 71.55929565429688 50.524330139160156 4 37.60432815551758 10.204408645629883 78.95269012451172 32.493499755859375
1 20.694005966186523 40.09611511230469 57.72673797607422 65.13095092773438 7 23.170162200927734 62.75611877441406 58.07467269897461 86.18619537353516
6 27.600664138793945 49.852874755859375 45.439449310302734 64.19784545898438 8 26.62799835205078 50.96095657348633 46.82435607910156 64.78732299804688 6 24.624547958374023 37.4415168762207 50.544227600097656 53.78129959106445
2 17.667625427246094 33.02490997314453 44.378273010253906 49.73997116088867 2 20.480798721313477 26.66006851196289 46.35626983642578 40.38017654418945
0 8.987980842590332 27.93905258178711 47.13972091674805 49.71038818359375 4 5.385187149047852 4.050795555114746 45.63674545288086 25.170930862426758
2 39.487396240234375 74.05915832519531 84.82115173339844 97.91532897949219 0 36.8767204284668 95.3935546875 80.75231170654297 121.13735961914062
5 14.52617073059082 48.3394889831543 62.041465759277344 69.4700927734375 7 14.36723804473877 31.61058807373047 60.13850021362305 49.80307388305664 2 18.483198165893555 12.707964897155762 62.26453399658203 34.707576751708984
2 32.952720642089844 37.84880065917969 81.46842956542969 66.72089385986328
2 69.74419403076172 133.9322509765625 106.55215454101562 158.6627960205078 3 67.98592376708984 136.14959716796875 106.64610290527344 165.8193817138672 9 70.88888549804688 132.57130432128906 107.02934265136719 158.29183959960938
8 5.60972261428833 13.191600799560547 22.819385528564453 23.803747177124023 9 7.323409557342529 3.1203479766845703 23.15666389465332 13.765399932861328
9 15.752598762512207 29.1386775970459 64.02165222167969 53.0806999206543 6 15.84217643737793 26.747074127197266 63.91746520996094 54.035667419433594
5 20.786212921142578 5.818146705627441 53.16941833496094 25.37005615234375
0 14.769206047058105 44.613128662109375 59.17424392700195 61.437095642089844 4 13.837252616882324 30.875446319580078 57.79353713989258 45.85306167602539 7 15.166977882385254 59.550785064697266 58.60444259643555 72.79248809814453
0 8.294548988342285 18.78917121887207 32.55567169189453 36.02355194091797 1 8.252191543579102 6.143505096435547 32.5584716796875 18.825363159179688
1 17.795963287353516 22.092756271362305 48.83158493041992 37.33555603027344 1 21.887426376342773 40.715721130371094 53.107723236083984 55.17207336425781 6 23.620466232299805 56.70027160644531 55.48533248901367 74.49113464355469
5 5.848968982696533 15.610679626464844 29.660301208496094 28.439525604248047
2 33.15785598754883 22.491985321044922 61.61186599731445 37.54692077636719 1 31.198259353637695 10.174927711486816 62.70158004760742 24.909879684448242 8 30.324779510498047 36.016319274902344 62.224082946777344 52.72294998168945
8 7.124569892883301 3.7433183193206787 28.269041061401367 15.610503196716309 0 6.745487213134766 15.099631309509277 28.041118621826172 26.542274475097656
9 47.998558044433594 72.01553344726562 100.2890853881836 97.21063995361328 3 45.413848876953125 61.12831115722656 106.79924774169922 90.63240814208984 3 35.815311431884766 71.2480697631836 98.20308685302734 100.78459930419922
2 81.48904418945312 90.47173309326172 137.9046630859375 120.198486328125 8 85.41345977783203 117.80526733398438 141.5728302001953 147.46739196777344
0 35.97026443481445 41.08428955078125 74.3042984008789 68.79271697998047
2 76.61231994628906 10.748873710632324 152.87623596191406 47.33400344848633 4 82.02653503417969 53.810028076171875 151.90599060058594 88.86605834960938 2 79.9122543334961 27.50524139404297 148.68016052246094 59.26759338378906
4 13.02830696105957 14.469494819641113 37.950538635253906 27.742481231689453 8 16.210582733154297 1.4649091958999634 43.283145904541016 14.169278144836426 9 15.968372344970703 1.7015997171401978 42.32362365722656 14.191207885742188
0 23.85346794128418 10.366822242736816 74.46385955810547 42.18210983276367 9 22.92726707458496 7.288908958435059 85.22200775146484 43.395782470703125 6 16.301620483398438 8.533720970153809 71.22824096679688 45.502296447753906
7 28.12166976928711 23.14265251159668 60.30189895629883 39.28219223022461 3 28.231687545776367 39.69866180419922 61.13382339477539 58.177825927734375
2 4.354660511016846 0.20403912663459778 28.62704849243164 13.420185089111328
9 5.597601413726807 16.37204360961914 24.374156951904297 30.090211868286133 5 5.787990570068359 2.7994251251220703 25.46875 17.07122230529785
7 1.2728219032287598 21.00966453552246 23.874547958374023 32.022918701171875 4 3.6150779724121094 13.37237548828125 24.40806770324707 24.13172149658203
2 35.54741668701172 27.14395523071289 83.09404754638672 52.256072998046875 2 40.57816696166992 66.74386596679688 84.55953979492188 91.7514419555664 7 38.19933319091797 48.616058349609375 84.76659393310547 70.62822723388672
1 54.00920867919922 6.833376884460449 100.78269958496094 27.698715209960938
3 9.222326278686523 6.071341514587402 36.066307067871094 22.810094833374023 5 9.645697593688965 24.121110916137695 35.8956298828125 40.24454879760742
7 51.05577087402344 30.441652297973633 86.90263366699219 55.032352447509766
0 38.307682037353516 66.49263000488281 104.32939910888672 108.5938720703125 5 44.678245544433594 20.5869083404541 118.2519760131836 67.08877563476562 5 19.3214054107666 109.17647552490234 88.65808868408203 151.94851684570312
1 46.549903869628906 34.16676330566406 78.86307525634766 55.24742889404297 0 49.902767181396484 20.550411224365234 79.96510314941406 39.907447814941406
4 14.288688659667969 23.91576385498047 36.766319274902344 37.63962173461914 8 15.385685920715332 8.306963920593262 36.45058822631836 22.46268081665039
6 89.45597076416016 35.932682037353516 134.8164825439453 68.4688491821289 5 46.321083068847656 132.10983276367188 130.97494506835938 180.42459106445312 9 94.54485321044922 40.7468376159668 135.4600372314453 66.57083892822266
1 44.86991882324219 0.34031182527542114 76.83588409423828 16.43307876586914 9 46.390045166015625 18.135791778564453 84.43437957763672 44.43836975097656 1 55.448265075683594 70.77729797363281 91.48759460449219 91.11280822753906
1 30.53614044189453 44.89393615722656 69.8404312133789 62.57047653198242 0 31.473848342895508 55.67793273925781 71.23606872558594 76.96176147460938
9 3.5044968128204346 3.440451145172119 24.005809783935547 17.431110382080078
6 43.47236251831055 33.98764419555664 68.97064971923828 52.756282806396484 5 41.970985412597656 50.82321548461914 69.11199951171875 66.6752700805664 2 45.29819107055664 65.83076477050781 69.06455993652344 84.0
0 21.983030319213867 60.19856262207031 82.36804962158203 86.4139175415039 2 14.9891939163208 32.0041389465332 85.00553131103516 62.775909423828125
2 11.4692964553833 4.066720485687256 31.45315170288086 16.43619728088379 0 12.61226749420166 16.150650024414062 30.170364379882812 27.806182861328125 4 10.414957046508789 27.151416778564453 29.27211570739746 37.67939376831055
1 70.7492446899414 65.46112060546875 181.88763427734375 103.77845001220703 5 99.63044738769531 131.650146484375 152.9411163330078 179.13865661621094 3 98.77456665039062 133.70584106445312 153.12733459472656 178.16452026367188
4 5.599963665008545 2.2140953540802 25.23366928100586 15.549347877502441 9 5.236961841583252 16.238037109375 27.04110336303711 29.90989112854004
9 9.043471336364746 0.0 36.5891227722168 24.291152954101562 2 10.948841094970703 1.6667978763580322 35.95887756347656 18.558961868286133 6 9.328424453735352 0.0 35.70941162109375 22.65566062927246
2 16.32770538330078 57.64128875732422 46.415321350097656 76.54443359375 4 17.636659622192383 40.05264663696289 52.265750885009766 59.30897521972656
7 4.302520751953125 19.33674430847168 26.060348510742188 31.990039825439453
6 31.210325241088867 23.638723373413086 106.29670715332031 74.52880859375 6 37.36637878417969 45.819862365722656 104.33446502685547 90.51426696777344 9 27.653274536132812 38.388916015625 105.79188537597656 95.75164031982422
5 11.00274658203125 4.900773525238037 37.46160888671875 17.351051330566406 4 11.959192276000977 19.29874610900879 37.47294616699219 30.68863296508789 6 13.73659896850586 25.076560974121094 39.0328483581543 38.07696533203125
5 26.499664306640625 30.149442672729492 54.9708251953125 44.61681365966797 3 22.69866180419922 29.2198429107666 53.48211669921875 45.76735305786133
4 8.51986312866211 31.070417404174805 27.823108673095703 44.19014358520508 9 8.648824691772461 19.097675323486328 29.472400665283203 32.68885040283203 2 8.172611236572266 18.393207550048828 32.97147750854492 33.22918701171875
2 6.901619911193848 1.7544670104980469 32.14374542236328 17.047069549560547 2 6.368541717529297 18.011754989624023 31.975711822509766 34.65211486816406
1 9.784714698791504 21.676250457763672 42.432350158691406 34.0845947265625 1 10.452146530151367 33.93850326538086 41.610939025878906 46.99981689453125
8 36.671531677246094 27.185415267944336 87.58712005615234 51.01683044433594 6 39.174400329589844 26.245227813720703 89.65279388427734 49.772735595703125 0 53.88236999511719 30.628463745117188 87.48194885253906 49.9693603515625
4 8.378130912780762 16.724721908569336 30.2056827545166 28.547866821289062 4 7.760073661804199 2.334568977355957 30.5147762298584 14.342070579528809
2 8.20805549621582 13.343215942382812 32.7256965637207 26.395292282104492 7 9.337367057800293 27.976930618286133 34.1632194519043 40.39128112792969
2 18.178327560424805 64.32261657714844 109.5323715209961 115.26234436035156
2 17.214866638183594 9.30129337310791 54.76784896850586 33.843231201171875 1 19.656356811523438 36.98948287963867 54.645179748535156 55.5704231262207
1 25.53546142578125 23.317535400390625 49.75027084350586 35.53155517578125 7 20.773080825805664 45.93604278564453 46.57785415649414 60.26619338989258
4 21.186914443969727 23.21730613708496 42.67888259887695 36.39472198486328 5 21.9338436126709 31.8314208984375 44.085445404052734 44.89011764526367 3 21.222564697265625 31.802791595458984 43.48677062988281 44.10049819946289
0 14.032600402832031 21.2567081451416 46.54483413696289 35.63691711425781 1 14.243328094482422 11.059696197509766 48.4387092590332 23.018321990966797 6 6.265592575073242 34.20646286010742 40.26329803466797 49.0621223449707
1 47.658607482910156 0.0 104.98519134521484 31.938873291015625
1 11.932910919189453 5.153445720672607 56.919498443603516 23.36919403076172 0 17.083635330200195 23.124170303344727 58.384098052978516 48.21357345581055
2 11.156767845153809 15.862382888793945 47.88825607299805 35.79768371582031 4 11.512797355651855 39.05988693237305 52.058292388916016 58.98334884643555
1 8.750755310058594 0.8361690044403076 35.14759826660156 12.851869583129883 0 10.666614532470703 12.62796401977539 33.34720230102539 28.499980926513672 6 11.03013801574707 29.65825653076172 35.13429260253906 44.41398239135742
2 81.69864654541016 9.22197437286377 120.0918197631836 31.2047061920166 4 83.76056671142578 8.777447700500488 120.78784942626953 32.44791793823242 1 81.21381378173828 5.330950736999512 120.32113647460938 32.124935150146484
5 21.526931762695312 20.377992630004883 50.3836669921875 38.31344985961914 2 20.338171005249023 8.299662590026855 51.2568244934082 27.235876083374023 3 19.771316528320312 20.655006408691406 51.91312026977539 39.2474479675293
4 19.02390480041504 22.14780616760254 46.65023422241211 39.42734909057617 7 17.117525100708008 3.543091058731079 47.011009216308594 21.093042373657227
2 22.855772018432617 0.9131953120231628 51.92026138305664 15.583869934082031
4 50.225013732910156 10.188348770141602 81.76789093017578 27.033782958984375
1 5.692925453186035 23.026945114135742 25.89287757873535 34.435665130615234
0 11.876773834228516 35.7722053527832 39.254825592041016 50.27831268310547 7 12.219095230102539 23.36427116394043 40.764610290527344 35.50844192504883 6 20.15993309020996 11.907139778137207 44.69844055175781 26.522172927856445
9 16.621898651123047 7.812564849853516 54.992305755615234 37.248172760009766 4 13.094451904296875 40.41412353515625 55.797813415527344 64.83353424072266
4 16.893444061279297 69.37334442138672 167.85870361328125 138.59425354003906 1 145.8161163330078 148.85101318359375 224.858642578125 179.21969604492188 1 1.5589252710342407 86.51847839355469 135.70138549804688 132.270751953125
2 29.053253173828125 41.31358337402344 55.12238311767578 59.00674057006836 4 22.6937198638916 25.002079010009766 58.42304229736328 45.11749267578125 2 25.60054588317871 25.24202537536621 56.67320251464844 43.435367584228516
3 7.013581275939941 23.133901596069336 38.80723190307617 44.17285919189453 3 6.362148284912109 1.869149923324585 36.99549102783203 21.109214782714844
9 11.508468627929688 52.94365310668945 35.122703552246094 70.0 1 30.951385498046875 24.03499984741211 56.187950134277344 36.0471305847168 2 20.669570922851562 36.201820373535156 47.743080139160156 51.90291213989258
2 19.673625946044922 66.25560760498047 88.30909729003906 100.59547424316406 7 20.078170776367188 23.2484130859375 96.00228118896484 65.24441528320312
4 24.059389114379883 13.747756958007812 73.95175170898438 43.555076599121094 4 38.8521614074707 108.4068374633789 149.86463928222656 157.75238037109375
8 11.481271743774414 43.3760986328125 29.796098709106445 55.528106689453125
1 8.849069595336914 4.778294086456299 35.94740295410156 15.993738174438477 2 10.514995574951172 26.066362380981445 35.69532775878906 37.983436584472656 2 10.702324867248535 15.81428050994873 34.94158935546875 27.438987731933594
7 23.947046279907227 80.67964935302734 67.49211120605469 118.24451446533203 0 21.547988891601562 93.16363525390625 70.20488739013672 125.51154327392578 2 19.322551727294922 79.86494445800781 68.29431915283203 120.54252624511719
2 3.9076144695281982 7.618527889251709 32.035545349121094 25.015785217285156
5 16.385061264038086 60.39017105102539 62.561763763427734 80.84297943115234 2 15.236586570739746 24.10894203186035 59.14240264892578 45.81185531616211 9 15.348729133605957 44.10871887207031 60.39069747924805 61.699615478515625
3 5.405726432800293 4.730958938598633 38.76801300048828 22.597919464111328
6 18.494709014892578 51.68034744262695 74.89431762695312 80.7811508178711 4 14.211316108703613 14.312555313110352 67.44374084472656 49.56351089477539
5 17.122377395629883 49.19609451293945 58.73668670654297 75.36006927490234 1 18.119491577148438 74.25987243652344 56.74980545043945 90.6835708618164
2 39.773948669433594 62.83271408081055 83.46176147460938 85.26256561279297 2 41.76903533935547 82.60762786865234 79.17716979980469 104.99649047851562 3 40.75594711303711 98.31939697265625 84.12815856933594 121.06208801269531
2 15.14499282836914 36.766658782958984 43.75239181518555 56.032474517822266
5 27.181867599487305 42.92953872680664 66.51541137695312 63.99715805053711 8 26.96052360534668 8.52615737915039 65.56642150878906 26.433168411254883 9 26.884395599365234 26.892351150512695 64.77647399902344 42.65266036987305
2 17.24622344970703 38.072532653808594 40.56706237792969 51.719322204589844
1 22.858667373657227 61.814998626708984 72.31781768798828 83.03824615478516 2 28.823440551757812 34.68290328979492 76.49947357177734 66.41165161132812 3 17.11094856262207 79.03256225585938 66.5988998413086 106.47515869140625
1 24.590999603271484 2.281034469604492 50.285762786865234 14.563855171203613 7 23.882081985473633 10.863408088684082 50.82839584350586 27.962051391601562
6 10.292908668518066 26.761476516723633 37.81193542480469 42.25841522216797
8 22.391801834106445 24.454877853393555 47.38178253173828 41.617431640625 2 10.891022682189941 12.91274356842041 38.033607482910156 28.549901962280273
2 9.191047668457031 20.075836181640625 34.780914306640625 35.13544464111328 4 11.835705757141113 5.199233055114746 37.96539306640625 19.290477752685547
4 19.580928802490234 32.434688568115234 54.432106018066406 50.285369873046875
3 6.032827854156494 3.127459764480591 36.588157653808594 17.231063842773438 3 7.605732440948486 17.78273582458496 36.75006866455078 32.302791595458984
4 9.941851615905762 0.0 113.40888214111328 51.18284606933594 3 4.476613521575928 0.0 105.26603698730469 48.45716857910156 6 94.83604431152344 43.6651496887207 136.61050415039062 83.12252807617188
2 32.29975891113281 13.158536911010742 73.56189727783203 37.95855712890625 8 26.00447654724121 37.48166275024414 63.85073471069336 58.68475341796875
8 14.408166885375977 54.216636657714844 93.65119934082031 105.6358871459961 2 23.980905532836914 10.847762107849121 88.6788101196289 57.08063888549805
1 13.309344291687012 45.98215103149414 52.94447326660156 61.279720306396484 0 14.593488693237305 26.122467041015625 47.899147033691406 43.799373626708984
1 53.69548034667969 52.21954345703125 115.26896667480469 89.8505630493164 2 34.03883743286133 83.09976196289062 123.26933288574219 129.75961303710938 0 39.65502166748047 50.62882995605469 116.04583740234375 92.09082794189453
6 22.50640869140625 39.83224105834961 46.57775115966797 54.59122085571289 2 22.735048294067383 25.80829429626465 45.32804870605469 39.141845703125
2 13.182085037231445 16.224273681640625 36.21611022949219 30.32872200012207 3 19.09834098815918 3.034156560897827 41.095924377441406 16.663326263427734 0 8.583197593688965 29.871517181396484 30.83930015563965 44.43241882324219
1 144.47720336914062 55.67988967895508 178.65879821777344 82.17896270751953 8 141.5662078857422 87.51075744628906 184.4530487060547 120.3124008178711 4 145.73104858398438 57.894954681396484 183.2109832763672 86.3964614868164
4 4.325366020202637 21.635520935058594 19.4803466796875 31.03868865966797 7 4.775406360626221 13.547235488891602 20.535322189331055 22.082672119140625
7 38.50947952270508 40.82707214355469 67.69947052001953 56.98258590698242 1 43.78544235229492 17.394725799560547 72.49793243408203 34.120086669921875 6 39.247459411621094 15.948393821716309 98.40231323242188 44.258480072021484
4 27.71148681640625 77.53282928466797 57.48482131958008 95.92167663574219 4 23.890226364135742 31.160171508789062 58.79037094116211 52.80517578125 1 21.81829833984375 59.52466583251953 61.26305389404297 82.61315155029297
2 5.372766971588135 5.73837947845459 28.227930068969727 17.521249771118164 5 5.120495796203613 17.854385375976562 26.42803382873535 30.138931274414062
7 13.448945999145508 34.3317756652832 37.89891815185547 47.86662673950195 0 13.769796371459961 18.062908172607422 40.56865692138672 34.156558990478516 1 13.302499771118164 4.951220512390137 40.133750915527344 17.972190856933594
7 5.306334495544434 12.232232093811035 31.015710830688477 29.783411026000977
3 8.86924934387207 14.483296394348145 37.6047477722168 28.921123504638672
2 19.774152755737305 28.023334503173828 42.32868576049805 41.51706314086914 7 18.903770446777344 39.6441764831543 41.41704177856445 52.19635772705078
5 8.38737964630127 23.57622718811035 36.43049240112305 39.585975646972656
9 8.846697807312012 14.889328956604004 33.947872161865234 30.990062713623047
9 4.21126651763916 4.0489702224731445 23.819189071655273 17.985036849975586
2 7.599835395812988 5.123797416687012 26.54149627685547 15.926859855651855
2 18.951847076416016 49.098934173583984 52.19198989868164 70.11978912353516
9 76.87594604492188 63.555233001708984 124.3583984375 101.4035873413086 9 76.99169921875 43.1055793762207 122.7601318359375 85.7332763671875 6 76.78364562988281 43.302772521972656 124.38117980957031 85.53483581542969
5 42.927001953125 129.94976806640625 129.17149353027344 178.6655731201172
7 30.37040138244629 45.66632843017578 63.70071792602539 58.18000411987305 3 26.584875106811523 54.983970642089844 66.8416519165039 73.09999084472656 3 32.415348052978516 13.510917663574219 55.5566291809082 26.181699752807617
1 7.580757141113281 16.522464752197266 43.358516693115234 29.570402145385742 4 7.404094219207764 26.460590362548828 43.198638916015625 47.14899826049805
2 7.494573593139648 5.230644226074219 32.50646209716797 22.01628875732422 1 6.400842189788818 21.639734268188477 30.807268142700195 32.05421829223633
4 30.730772018432617 60.23411178588867 56.316471099853516 76.34020233154297
0 37.581424713134766 155.70965576171875 83.59256744384766 183.93751525878906 6 38.900962829589844 155.04776000976562 81.39832305908203 184.30116271972656 0 49.641876220703125 154.7400665283203 65.53746795654297 181.22933959960938
2 9.937946319580078 2.2610104084014893 55.73450469970703 27.02691078186035 0 11.911972999572754 31.050159454345703 53.511993408203125 58.30904006958008
2 19.295427322387695 62.6535530090332 72.4778823852539 91.09703826904297 5 20.591310501098633 30.894445419311523 73.13115692138672 60.207801818847656
3 23.10730743408203 38.252357482910156 85.1823959350586 77.79867553710938 5 54.878211975097656 67.21533203125 123.1944808959961 107.75408172607422
4 6.735642433166504 18.033706665039062 32.76759338378906 34.23268127441406 3 7.303671836853027 4.1246562004089355 31.429203033447266 17.597774505615234
7 12.532904624938965 3.081268310546875 40.91828155517578 17.982994079589844
2 3.362302541732788 1.3110042810440063 39.51313018798828 21.94846534729004 1 4.399638652801514 19.135610580444336 39.43083572387695 36.10816192626953
3 12.49496078491211 34.79325485229492 41.13633728027344 51.906837463378906
3 26.205028533935547 10.774435043334961 75.77869415283203 33.929630279541016 6 25.13124656677246 31.57685089111328 66.5533447265625 57.303428649902344
2 59.52371597290039 31.685264587402344 91.45255279541016 52.19003677368164
1 8.971895217895508 2.626797914505005 42.050601959228516 18.501667022705078 5 9.4047212600708 14.613581657409668 40.65020751953125 32.19270324707031
1 42.322235107421875 34.683372497558594 64.82501983642578 49.245845794677734 9 37.474456787109375 43.23370361328125 62.856101989746094 61.50939178466797 8 37.97896194458008 44.52132034301758 64.57559204101562 61.37727737426758
1 13.92197036743164 1.1029198169708252 58.5665168762207 18.189138412475586 1 18.94007682800293 24.41451072692871 66.31719970703125 47.42805862426758
1 11.46292495727539 17.682252883911133 47.26766586303711 33.49460220336914 5 13.529041290283203 29.6817626953125 45.9535026550293 48.048927307128906
2 6.438252925872803 13.612889289855957 32.538997650146484 30.137210845947266 7 6.371933937072754 0.3894878923892975 32.33658981323242 13.900136947631836
2 37.84192657470703 26.91510009765625 100.9742660522461 62.67728805541992
4 28.930957794189453 18.20691680908203 59.963218688964844 38.05662536621094 5 37.449737548828125 39.36819076538086 67.99317169189453 64.62028503417969
3 7.402832984924316 0.18343611061573029 36.77033615112305 16.8178653717041 5 9.155741691589355 16.757810592651367 39.700435638427734 36.73759841918945
9 5.0443434715271 20.107864379882812 31.427682876586914 34.34001922607422 2 6.022310256958008 19.51115608215332 35.84757995605469 36.378204345703125
3 25.885339736938477 1.2061238288879395 63.24563217163086 18.83020782470703 2 30.541122436523438 0.0 64.91343688964844 17.64214515686035 5 24.43291664123535 0.0 60.82929992675781 17.646106719970703
0 24.592824935913086 42.83047103881836 94.09654235839844 80.90599822998047 1 17.919126510620117 23.55864906311035 97.50968933105469 51.48906707763672
6 6.9261603355407715 16.792354583740234 27.419891357421875 27.656476974487305 8 7.06889533996582 17.526798248291016 26.245214462280273 28.243440628051758 3 4.636144638061523 3.1955409049987793 27.215526580810547 14.17281723022461
4 5.369423866271973 1.0513916015625 27.1391658782959 14.83544921875
4 11.708751678466797 7.401816368103027 30.393930435180664 19.611845016479492 0 7.878817558288574 21.06556510925293 29.000240325927734 33.77763366699219
3 79.45914459228516 141.63531494140625 131.33627319335938 168.80844116210938 3 101.31184387207031 168.27105712890625 155.63992309570312 212.8866729736328 5 77.67588806152344 12.44393253326416 139.3798370361328 47.66704559326172
2 75.33209991455078 93.91754913330078 101.68073272705078 112.1805648803711 2 71.94424438476562 84.54411315917969 100.20045471191406 101.89613342285156 2 69.07106018066406 4.922760963439941 106.13642883300781 34.821533203125
2 28.179494857788086 33.71016311645508 60.94812774658203 52.44119644165039
0 14.819915771484375 23.304874420166016 36.69115447998047 37.46119689941406 3 8.62234115600586 9.640056610107422 32.689979553222656 23.34902572631836
2 5.1259894371032715 2.5954742431640625 28.197620391845703 16.626768112182617 7 4.520458221435547 16.1175594329834 27.038663864135742 29.085275650024414
7 6.054945468902588 5.974207401275635 31.943803787231445 21.84083366394043
9 11.224564552307129 12.677680969238281 42.34755325317383 30.016725540161133 1 8.900872230529785 29.67754364013672 42.372779846191406 45.90079116821289
6 8.558728218078613 3.165149450302124 35.1975212097168 18.86598014831543
7 31.719390869140625 21.601604461669922 55.40784454345703 36.40188980102539
2 105.45066833496094 34.9156608581543 129.185791015625 53.40371322631836 9 106.00447082519531 35.87959671020508 127.15921783447266 54.270748138427734 3 104.61328125 36.06157684326172 127.47509765625 53.8343620300293
4 40.31300735473633 81.56897735595703 96.24446868896484 110.5283432006836 5 15.797039031982422 53.33503723144531 74.37003326416016 84.46336364746094 1 51.20073699951172 111.69781494140625 107.0397720336914 132.0
5 16.719038009643555 0.0 45.40834426879883 13.400725364685059
2 6.021970748901367 7.524916648864746 33.99955749511719 22.46865463256836 3 7.090856075286865 21.091266632080078 34.44682312011719 35.82103729248047
0 9.223868370056152 27.705474853515625 27.812347412109375 39.31938934326172 1 13.26524829864502 14.558361053466797 32.1102180480957 22.49184799194336 4 11.069101333618164 21.20892906188965 30.212038040161133 29.351350784301758
1 6.897194862365723 3.6069138050079346 24.208820343017578 11.883140563964844
2 65.95806121826172 47.379154205322266 98.1709213256836 63.899078369140625 3 59.604705810546875 52.640140533447266 101.66864013671875 71.4877700805664 1 64.93536376953125 34.507591247558594 101.45114135742188 50.64472198486328
7 16.856460571289062 60.27454376220703 38.02478790283203 73.43069458007812
2 9.641613006591797 19.31834602355957 30.970840454101562 33.23456954956055 1 9.046172142028809 10.754907608032227 31.19198226928711 20.836389541625977
6 51.31011962890625 26.954566955566406 98.12531280517578 61.61277770996094
2 75.67327117919922 103.46171569824219 140.78948974609375 138.10391235351562 2 67.43695831298828 73.52079010009766 136.0023956298828 104.21540832519531
8 5.793984413146973 14.736136436462402 31.692806243896484 29.352622985839844
2 26.710660934448242 27.2513484954834 58.56343460083008 40.99822235107422 8 23.689733505249023 49.18891906738281 57.16374588012695 62.018062591552734 0 25.961347579956055 38.07087707519531 55.74051284790039 52.532711029052734
6 10.982141494750977 4.449554920196533 54.91367721557617 29.34204864501953 7 11.472320556640625 31.32719612121582 54.100006103515625 55.9428596496582
1 70.70722198486328 134.7987823486328 141.54872131347656 167.6319122314453
2 8.159311294555664 11.367077827453613 44.57445526123047 30.90166473388672
0 44.719478607177734 22.444032669067383 86.50960540771484 44.1287841796875 5 41.14554977416992 1.932071566581726 83.97124481201172 24.955432891845703
1 11.131633758544922 20.593915939331055 49.634674072265625 37.622501373291016 1 9.98851203918457 4.510984420776367 47.49152374267578 21.68209457397461
6 11.91909408569336 30.949039459228516 33.57263946533203 44.16115951538086 9 12.719752311706543 18.81195640563965 33.13628387451172 31.565258026123047
3 27.064443588256836 6.184467315673828 52.24530029296875 22.14126968383789 8 13.335980415344238 30.770109176635742 36.40340042114258 46.963233947753906 5 19.33330535888672 20.070772171020508 43.02556228637695 36.137847900390625
6 2.4971368312835693 1.9467604160308838 21.998088836669922 13.658992767333984
1 43.715797424316406 2.0408854484558105 95.40552520751953 27.806711196899414
4 12.086169242858887 3.5552403926849365 58.11048126220703 36.19002914428711 8 31.56450843811035 39.396278381347656 73.7259750366211 68.1343765258789
3 6.14019775390625 12.975345611572266 31.406131744384766 28.85946273803711
5 6.859361171722412 21.86713409423828 31.457014083862305 35.606414794921875 1 10.408612251281738 11.816895484924316 32.833011627197266 22.00324058532715
5 5.951437473297119 0.0 24.424591064453125 11.185471534729004 4 5.29591178894043 9.400947570800781 25.646896362304688 19.944847106933594
2 162.66600036621094 190.2477569580078 174.62750244140625 200.2564239501953 2 147.21353149414062 182.92189025878906 194.00010681152344 211.3856201171875 2 160.60630798339844 182.0185546875 175.08639526367188 204.00033569335938
8 2.929098606109619 0.9481728076934814 20.770015716552734 12.933883666992188
3 4.707428932189941 18.348590850830078 27.308120727539062 29.188161849975586
6 7.489568710327148 19.085033416748047 33.367759704589844 35.95293045043945
8 116.03372192382812 147.3848876953125 172.46490478515625 190.54718017578125 6 119.7817611694336 144.1622772216797 165.66172790527344 189.69381713867188 9 113.70049285888672 149.32810974121094 174.1385955810547 191.64224243164062
0 9.231895446777344 21.793479919433594 37.013912200927734 38.096900939941406 3 7.2852349281311035 4.411142826080322 36.4731330871582 22.637531280517578
0 119.92375946044922 67.172119140625 186.066650390625 119.20242309570312 1 121.0050277709961 6.660839557647705 189.09146118164062 43.51572036743164
9 4.441887855529785 14.612890243530273 27.591541290283203 28.958524703979492
5 22.875652313232422 4.6879191398620605 74.63887023925781 27.328205108642578 6 21.718263626098633 30.525598526000977 71.75653076171875 55.01066970825195
3 37.223934173583984 16.61114501953125 90.85183715820312 64.1153335571289 9 49.0168342590332 22.83649444580078 98.84270477294922 59.69929504394531 2 44.586544036865234 18.23042869567871 110.77204895019531 63.52606964111328
4 7.550364017486572 4.02367639541626 34.236080169677734 22.639305114746094 0 8.765827178955078 23.0750789642334 32.223148345947266 41.0
3 57.792564392089844 18.283687591552734 88.2205810546875 36.139339447021484 1 61.422584533691406 35.292633056640625 88.61711883544922 48.94905471801758
2 17.08085823059082 0.12656022608280182 33.97712707519531 10.838421821594238 2 13.880098342895508 20.21019744873047 33.46445083618164 32.47057342529297 9 14.524984359741211 9.868087768554688 34.617828369140625 22.52605438232422
4 10.225975036621094 8.757342338562012 33.2413215637207 24.126110076904297 4 10.407552719116211 23.003402709960938 32.40465545654297 38.27885437011719
9 3.0737404823303223 2.6283323764801025 20.15304183959961 13.66681957244873
6 67.18215942382812 13.620034217834473 94.27615356445312 31.44222640991211 8 63.348426818847656 31.716514587402344 87.91866302490234 49.74650573730469 8 65.10836791992188 12.448257446289062 96.65827178955078 32.82637405395508
4 70.961181640625 0.0 155.5596160888672 45.831214904785156 1 41.018531799316406 0.0 158.99496459960938 46.88407897949219 7 42.07240295410156 8.566679000854492 151.72079467773438 93.0541763305664
6 35.46441650390625 68.75836944580078 64.30821990966797 86.41805267333984
0 7.761561393737793 13.912763595581055 31.390087127685547 28.328466415405273 5 7.928041458129883 1.6536779403686523 30.8028621673584 14.10589599609375
7 10.032649040222168 18.313575744628906 34.76847457885742 33.923683166503906 3 10.292243957519531 3.6966116428375244 36.04743957519531 19.78644371032715
5 6.147340774536133 1.824124813079834 31.327329635620117 17.604707717895508
6 5.270090579986572 17.251678466796875 30.365398406982422 32.77829360961914
3 6.700949668884277 9.500679969787598 37.760562896728516 28.694791793823242
1 32.27424621582031 45.47422790527344 69.61131286621094 62.1204833984375 0 34.779266357421875 60.587772369384766 72.59390258789062 82.0934066772461
3 41.327720642089844 94.1488037109375 106.09963989257812 122.11002349853516 2 41.9992790222168 97.64849090576172 76.22020721435547 118.2579574584961 6 68.15750885009766 92.74205780029297 106.5290298461914 120.20918273925781
1 33.69612121582031 86.4842758178711 93.43770599365234 110.7816162109375
4 19.382883071899414 54.263370513916016 44.61365509033203 66.0820541381836
9 11.205734252929688 19.198528289794922 43.601654052734375 38.711036682128906 5 11.349637985229492 0.13581548631191254 43.44013977050781 18.289791107177734
6 5.875084400177002 9.000740051269531 37.58195495605469 27.482994079589844
4 62.771827697753906 82.91232299804688 100.24763488769531 106.85721588134766 2 64.73790740966797 83.04431915283203 98.30961608886719 104.57755279541016 3 65.62287139892578 91.32991027832031 99.8212661743164 117.72383117675781
4 5.338175296783447 18.5645694732666 27.28022003173828 31.27271842956543 9 7.516949653625488 5.429166793823242 26.936185836791992 19.2596435546875
4 75.31248474121094 15.84597110748291 100.42345428466797 35.947654724121094 7 72.61534118652344 13.218185424804688 100.71049499511719 36.90693664550781 4 18.799283981323242 3.085315227508545 100.93437194824219 39.910308837890625
1 28.10588836669922 20.302688598632812 85.3299331665039 41.179222106933594 0 29.952198028564453 41.85972213745117 87.03292846679688 77.66555786132812
7 9.343059539794922 36.74566650390625 50.33311080932617 60.49032211303711
5 23.239898681640625 53.12261962890625 56.47513961791992 73.61114501953125
7 5.318317413330078 7.128383159637451 35.19688415527344 23.618663787841797 8 4.918664932250977 21.250547409057617 33.412044525146484 37.74843978881836
5 22.233028411865234 14.46997356414795 52.45028305053711 31.28828239440918 3 18.347036361694336 28.984540939331055 50.34463882446289 43.37748718261719 4 17.98410987854004 42.58536911010742 48.26713943481445 57.92304229736328
4 8.768977165222168 23.028215408325195 38.32500457763672 42.20014953613281
8 0.6530337333679199 3.407552480697632 44.89434051513672 27.131805419921875 3 3.864715576171875 23.6474552154541 45.260948181152344 45.75588607788086
5 8.920341491699219 19.11117935180664 39.19672393798828 39.108497619628906
1 25.49520492553711 29.212718963623047 63.57136535644531 46.333152770996094 8 26.745946884155273 44.39500045776367 63.42124938964844 65.91207885742188
5 9.367379188537598 1.2907209396362305 40.31218338012695 20.210464477539062
6 7.260357856750488 4.481646537780762 27.71396255493164 16.93695068359375 4 5.987909317016602 17.870607376098633 25.82424545288086 29.86869239807129
7 8.109811782836914 18.1511173248291 32.198974609375 33.236175537109375
9 9.69624137878418 18.48868751525879 28.363967895507812 31.007713317871094 7 9.13455581665039 7.587649345397949 27.48430633544922 18.311386108398438
8 26.521194458007812 35.321136474609375 56.269840240478516 53.575714111328125
3 18.179323196411133 57.225730895996094 72.3122329711914 84.07661437988281 1 14.357437133789062 15.10010051727295 68.89994049072266 35.801849365234375 4 15.709769248962402 30.92110252380371 70.2092056274414 58.50579071044922
1 34.08625793457031 51.66299819946289 118.64913940429688 90.91252136230469 5 21.57383155822754 80.18035888671875 114.5953369140625 136.7371063232422
2 42.88921356201172 4.359893798828125 90.4181137084961 38.12364196777344 0 15.279415130615234 61.8252067565918 63.96870040893555 90.25228118896484 7 23.82933807373047 34.490142822265625 76.06378173828125 61.93052291870117
2 13.908254623413086 3.527961254119873 61.21192169189453 40.78029251098633 4 9.658623695373535 43.86505889892578 60.356597900390625 74.55934143066406
4 16.423568725585938 11.697650909423828 85.93865203857422 59.112884521484375
8 12.791298866271973 40.070289611816406 42.375545501708984 63.807281494140625 6 18.428417205810547 20.490854263305664 52.31343078613281 43.398101806640625 1 27.760129928588867 6.813390731811523 59.38235855102539 30.08945083618164
6 9.943401336669922 0.1610095500946045 42.84153747558594 27.736957550048828
9 27.19794464111328 16.858064651489258 116.05486297607422 80.94232940673828
7 9.443316459655762 31.139625549316406 30.613285064697266 45.49287033081055
3 22.380611419677734 37.43679428100586 47.771183013916016 50.748172760009766
2 17.713665008544922 41.57657241821289 46.35133743286133 60.082855224609375 1 16.48663330078125 9.945448875427246 44.7207145690918 26.62862777709961
5 10.608670234680176 17.733415603637695 31.290523529052734 29.56294059753418 2 11.71720027923584 4.089166641235352 32.746543884277344 17.12567138671875 7 8.065302848815918 29.39518165588379 27.598011016845703 40.497432708740234
1 78.49866485595703 43.1964111328125 106.17477416992188 58.02436447143555 4 23.53921127319336 53.28593063354492 78.4207992553711 86.98701477050781 2 74.58355712890625 56.13462448120117 100.68153381347656 74.32544708251953
9 17.452119827270508 31.94522476196289 65.12428283691406 58.11334991455078 2 25.031421661376953 6.72962760925293 71.54632568359375 32.180686950683594 0 15.33286190032959 56.2406120300293 57.48915481567383 78.56407928466797
4 15.115036964416504 58.62596130371094 104.36461639404297 118.58382415771484 4 17.4891414642334 11.925079345703125 113.49581909179688 65.23838806152344
5 12.809371948242188 4.535337448120117 60.705894470214844 28.979555130004883
2 6.4513349533081055 3.4773714542388916 32.40686798095703 18.788509368896484 9 7.2097907066345215 19.01103973388672 32.48459243774414 32.8433837890625
2 7.822999954223633 10.419626235961914 36.423362731933594 28.47620964050293
3 72.89559936523438 48.25998306274414 97.25615692138672 67.79513549804688 3 73.87039947509766 43.84828567504883 96.8978500366211 56.94618606567383 1 54.13874053955078 67.06732177734375 81.90713500976562 89.24764251708984
1 16.03440284729004 64.19274139404297 77.56830596923828 86.49067687988281 9 13.677788734436035 41.909446716308594 80.56942749023438 69.5851058959961 5 17.45836067199707 15.546760559082031 74.70526885986328 43.183631896972656
2 7.036228656768799 21.332304000854492 32.98548889160156 37.27053451538086 2 8.486276626586914 3.2056918144226074 33.211463928222656 20.552215576171875
2 11.908967971801758 24.828929901123047 35.12125778198242 37.19320297241211 4 12.962041854858398 15.620319366455078 35.09980010986328 28.209558486938477
2 8.016056060791016 2.9535112380981445 25.841039657592773 15.79166030883789 2 7.639822006225586 15.610532760620117 24.721426010131836 26.325714111328125
1 63.47626495361328 81.40857696533203 107.7823257446289 96.55886840820312 3 21.284713745117188 48.00515365600586 68.76873016357422 75.7284164428711 6 67.50557708740234 101.1100845336914 95.26329803466797 117.5606460571289
7 73.48699951171875 95.41747283935547 103.27039337158203 117.95951843261719
2 24.561065673828125 11.610465049743652 48.68271255493164 28.297151565551758 1 23.320972442626953 27.325519561767578 47.644466400146484 41.248558044433594 8 22.51335906982422 40.857452392578125 46.04627990722656 57.47509002685547
4 17.55266571044922 31.541446685791016 38.829933166503906 46.172420501708984 5 18.3693790435791 18.094865798950195 40.470733642578125 32.59541702270508
3 6.634000301361084 2.1096651554107666 31.43460464477539 18.10710906982422 0 6.049297332763672 16.673086166381836 30.078882217407227 30.816171646118164
6 17.780059814453125 17.800521850585938 49.829158782958984 30.499540328979492 5 22.50891876220703 4.193982124328613 51.76520538330078 18.011390686035156
2 16.69632911682129 19.573997497558594 37.933284759521484 32.317657470703125
7 33.95718002319336 21.787824630737305 57.40959930419922 34.474185943603516
2 27.412151336669922 35.81259536743164 71.90838623046875 61.51472854614258 3 14.308305740356445 57.63400650024414 57.528202056884766 82.26294708251953
2 10.194476127624512 11.46780014038086 29.093164443969727 23.510435104370117 5 10.541491508483887 23.172439575195312 28.895526885986328 36.1421012878418
2 37.36537551879883 17.993913650512695 64.5772476196289 35.27373123168945
0 17.580217361450195 28.616395950317383 43.55129623413086 45.7025260925293 1 19.496047973632812 19.180706024169922 47.44889831542969 34.44137954711914 4 16.33026123046875 18.99974250793457 45.03849792480469 37.12443161010742
4 20.86215591430664 36.207679748535156 95.71575927734375 89.79185485839844
9 27.67657470703125 58.22044372558594 65.69947052001953 85.86780548095703
4 34.75723648071289 45.13715744018555 79.6643295288086 67.82337951660156 7 37.1739387512207 24.84886932373047 84.44173431396484 44.44029235839844
8 12.850591659545898 9.483489990234375 57.752803802490234 33.12239074707031 2 23.147136688232422 22.02120018005371 75.81124114990234 53.03065490722656
2 14.798171043395996 8.598281860351562 43.64783477783203 22.756980895996094 5 12.635336875915527 22.136859893798828 42.47401809692383 35.38811111450195 8 11.874120712280273 34.0312385559082 42.273014068603516 47.37532424926758
3 12.809240341186523 49.986358642578125 89.99239349365234 87.26690673828125 6 18.55261993408203 10.946259498596191 75.96575164794922 43.02097702026367
8 20.880342483520508 100.60090637207031 89.49774932861328 130.74227905273438 1 24.96019172668457 83.62979888916016 94.63360595703125 105.9947738647461
2 22.513198852539062 21.74560546875 45.0141716003418 36.30378341674805 5 23.364788055419922 38.31931686401367 45.03662109375 53.41304016113281
4 3.4815568923950195 3.833218574523926 16.850303649902344 13.484522819519043
2 22.493282318115234 68.69810485839844 59.838348388671875 92.08940887451172 0 27.253978729248047 74.74883270263672 55.40566635131836 91.4785385131836 9 25.87557601928711 72.8470230102539 54.876373291015625 93.62688446044922
8 16.612028121948242 47.784271240234375 65.37110900878906 64.13243865966797 0 17.5155086517334 26.451133728027344 65.29878234863281 47.9134407043457 1 14.079573631286621 8.590936660766602 64.14894104003906 26.97746467590332
2 5.0857696533203125 2.1389150619506836 24.811809539794922 13.176971435546875 9 4.895178318023682 12.815351486206055 25.432214736938477 23.97049903869629
3 48.749855041503906 61.072444915771484 129.18899536132812 96.40190887451172
6 18.414167404174805 31.90606689453125 78.93450927734375 85.75711059570312 1 68.22282409667969 103.09716796875 145.69956970214844 135.3212127685547 9 13.90925407409668 24.599939346313477 125.31068420410156 89.33659362792969
6 2.8052597045898438 7.180183410644531 20.74329376220703 18.464221954345703
2 29.407033920288086 79.50452423095703 69.39276885986328 106.85941314697266 4 30.501008987426758 79.59899139404297 70.53675079345703 105.50497436523438 2 79.12516784667969 79.74742126464844 104.7321548461914 94.30892944335938
4 3.7577850818634033 3.6138877868652344 31.131576538085938 19.855188369750977
2 5.3355841636657715 1.838085651397705 28.076066970825195 16.480215072631836 7 4.519489288330078 16.370756149291992 27.247804641723633 28.81283950805664
2 9.284189224243164 0.0 44.122257232666016 18.679336547851562 8 8.867766380310059 18.217844009399414 41.17461395263672 33.90183639526367
2 22.89352035522461 12.799510955810547 53.24835205078125 28.65149688720703 5 24.013408660888672 37.01169204711914 53.490577697753906 52.08310317993164 4 22.48981285095215 26.78291893005371 53.36192321777344 40.38055419921875
0 10.907164573669434 27.179622650146484 43.23532485961914 41.643863677978516 3 11.10891056060791 8.613574981689453 42.31087875366211 27.256240844726562 5 13.921740531921387 40.0902214050293 41.94538497924805 53.5496940612793
1 72.680908203125 36.82059860229492 114.51121520996094 59.46001434326172 1 72.92781829833984 47.553035736083984 109.93616485595703 65.38787841796875 2 69.22607421875 59.959964752197266 103.02139282226562 77.8316421508789
1 35.57101058959961 9.234747886657715 62.66804885864258 20.755521774291992
2 52.361087799072266 17.571414947509766 79.05406951904297 32.50456619262695 2 53.53553771972656 24.905567169189453 77.33855438232422 37.59175109863281 5 50.11101531982422 34.45689392089844 79.81687927246094 50.513832092285156
3 5.003774166107178 1.3326971530914307 32.356109619140625 16.87586784362793 3 7.115715503692627 18.477323532104492 32.319419860839844 33.53508758544922
3 79.5760269165039 62.74032211303711 120.36861419677734 83.51720428466797
4 23.2096004486084 15.973484992980957 58.08324432373047 32.57535934448242 4 23.497406005859375 30.060924530029297 58.52169418334961 48.612613677978516 1 22.102052688598633 4.211348056793213 59.74415588378906 19.932086944580078
5 10.796500205993652 16.01167869567871 30.10702133178711 28.081262588500977 5 10.909025192260742 27.74745750427246 30.248088836669922 40.227359771728516
5 34.47001266479492 33.69669723510742 63.7330436706543 52.94242477416992
1 151.86541748046875 144.34324645996094 217.0 177.81326293945312 4 33.54765701293945 19.258031845092773 156.3610382080078 115.47454071044922 2 51.37740707397461 32.58037185668945 180.12107849121094 125.11160278320312
4 20.830116271972656 28.198719024658203 61.09928512573242 49.7208251953125 7 21.163183212280273 7.781091690063477 60.35930252075195 28.38492202758789
2 18.512638092041016 77.29827117919922 81.88392639160156 111.72834777832031 3 34.706321716308594 14.679588317871094 91.51612854003906 46.5241584777832
2 40.92424392700195 57.14854049682617 82.1865234375 86.91109466552734 4 42.42063903808594 30.424070358276367 81.72332763671875 55.471397399902344 6 40.02863311767578 86.74494171142578 83.13377380371094 114.13172912597656
0 18.91482925415039 61.95419692993164 42.54673385620117 77.54792785644531 9 18.650789260864258 51.87055587768555 42.57088851928711 69.2151870727539 7 51.639198303222656 91.06920623779297 104.40574645996094 121.61026763916016
4 25.221698760986328 22.059999465942383 141.4198455810547 88.86395263671875 9 77.64360046386719 2.8991832733154297 138.310302734375 39.33738327026367 2 74.17743682861328 2.775956869125366 149.42892456054688 40.61447525024414
9 10.431984901428223 22.640443801879883 39.28020477294922 41.488563537597656
3 29.5748348236084 61.31941223144531 64.62723541259766 81.78546905517578
5 30.815982818603516 29.99793243408203 107.2948989868164 81.57212829589844 5 25.62226676940918 80.8338394165039 97.96402740478516 130.0704803466797
6 70.51155853271484 52.4692268371582 139.2415771484375 91.15343475341797
2 22.686504364013672 37.8558235168457 83.77766418457031 70.62739562988281 4 59.31591033935547 46.87444305419922 84.08876037597656 63.132110595703125 2 59.63707733154297 47.48593521118164 85.70519256591797 62.70301818847656
9 9.185619354248047 0.6965042948722839 29.072818756103516 14.607027053833008
2 5.050277233123779 4.1397905349731445 26.801912307739258 16.60484504699707 2 4.278217315673828 17.844505310058594 26.578474044799805 29.92455291748047
5 2.331207036972046 12.907173156738281 26.08037757873535 27.633024215698242
5 29.469322204589844 1.7948322296142578 62.20703125 20.092592239379883 6 27.390920639038086 18.9676456451416 63.08317565917969 39.887393951416016
7 34.904136657714844 0.0 100.1974105834961 51.54339599609375
1 22.44854736328125 27.432743072509766 51.881046295166016 39.76866149902344 1 20.953161239624023 36.83458709716797 52.11555099487305 48.340911865234375
6 8.010103225708008 27.002944946289062 35.421295166015625 42.22065734863281 8 9.955267906188965 9.544950485229492 34.71841812133789 24.883216857910156
0 11.731621742248535 35.900787353515625 44.238765716552734 52.161109924316406 9 11.422788619995117 20.500886917114258 41.936248779296875 37.173526763916016 8 9.754632949829102 3.504779815673828 41.481605529785156 20.48293113708496
3 15.113967895507812 10.599969863891602 42.89170837402344 26.598026275634766
6 11.069625854492188 18.75568962097168 47.989315032958984 44.601776123046875
2 24.34676170349121 46.17630386352539 46.748783111572266 61.90115737915039 0 26.10007667541504 35.3121452331543 45.15834426879883 48.0406608581543 4 24.40314483642578 22.689910888671875 42.58291244506836 34.08977508544922
7 16.885242462158203 21.9064998626709 42.05683135986328 37.07225799560547 4 23.069364547729492 7.776277542114258 44.785919189453125 22.01099967956543 7 11.49547004699707 34.86109924316406 36.90532302856445 50.43186950683594
2 8.387863159179688 22.354522705078125 41.16433334350586 41.383182525634766 6 10.172711372375488 1.1226788759231567 43.52184295654297 21.046072006225586
5 6.8666462898254395 0.0 35.911170959472656 14.507073402404785
2 10.18252182006836 13.610243797302246 39.766754150390625 29.838333129882812
9 17.231971740722656 14.220061302185059 41.57821273803711 30.29379653930664
7 12.850778579711914 28.83085060119629 47.34428787231445 41.48064041137695 7 15.502374649047852 41.58995819091797 49.296714782714844 54.31504440307617
5 42.39639663696289 0.0 119.42250061035156 35.982643127441406 3 21.82688331604004 9.201482772827148 49.813133239746094 30.61916732788086 5 20.59422492980957 34.781532287597656 44.12832260131836 52.36310958862305
8 14.201762199401855 14.765456199645996 58.99698257446289 43.53056335449219 1 10.147565841674805 45.76611328125 61.14048767089844 70.39398193359375
5 11.544820785522461 0.32208961248397827 29.09346580505371 11.93535041809082
2 7.86918306350708 4.110764980316162 38.421478271484375 23.271406173706055 8 8.87623119354248 24.540098190307617 39.543155670166016 42.31957244873047
7 16.582683563232422 21.453266143798828 37.29179382324219 32.30974578857422 7 16.106658935546875 17.13663101196289 37.29859161376953 26.27463722229004
5 34.51655197143555 37.130977630615234 91.50422668457031 70.0929946899414 1 28.205238342285156 64.6904525756836 88.89812469482422 90.02281951904297 1 22.983903884887695 78.87911224365234 89.19928741455078 100.83312225341797
2 17.226266860961914 0.9366983771324158 59.21267318725586 20.79961395263672 8 24.27968406677246 21.160289764404297 68.35701751708984 43.64898681640625
6 12.535194396972656 30.60708236694336 37.7297477722168 41.989681243896484 4 14.052688598632812 19.148557662963867 36.20662307739258 30.067331314086914
6 57.578704833984375 77.7374496459961 121.92366027832031 116.70716857910156 9 53.755523681640625 87.97493743896484 120.47167205810547 124.25736999511719 8 60.261985778808594 82.35688781738281 108.08683013916016 122.99930572509766
6 10.817490577697754 43.97648620605469 35.545875549316406 62.1720085144043
4 8.016603469848633 17.042648315429688 32.15093994140625 31.916168212890625 1 6.2835540771484375 3.997622013092041 33.589420318603516 15.621294021606445
6 6.475398063659668 13.02816390991211 33.02568435668945 28.888660430908203
2 9.63789176940918 38.272674560546875 35.894290924072266 53.88236999511719 1 9.948559761047363 26.012916564941406 45.368927001953125 41.41476821899414 9 10.897821426391602 6.544936180114746 42.59101486206055 28.51865005493164
6 6.782153606414795 0.8492036461830139 32.303985595703125 16.222518920898438 9 9.419862747192383 16.144811630249023 33.07610321044922 30.429126739501953
4 28.274433135986328 51.13068389892578 66.96424102783203 70.25127410888672 2 11.004040718078613 18.843379974365234 52.036075592041016 39.74188995361328 3 17.751760482788086 36.53778839111328 56.14423751831055 54.928977966308594
7 12.438226699829102 25.89350700378418 32.28813552856445 37.06062316894531 0 13.381983757019043 15.230696678161621 33.29008483886719 26.240827560424805 2 13.247303009033203 3.419532299041748 32.982818603515625 15.23021125793457
9 35.136962890625 5.266302585601807 64.76261901855469 22.735061645507812 9 0.0 54.800724029541016 26.833555221557617 74.18233489990234 5 0.0 53.94906997680664 24.44745635986328 73.49596405029297
2 15.64419174194336 27.33156967163086 46.9268798828125 39.59037780761719 1 7.662553310394287 39.83706283569336 43.60560607910156 53.334205627441406
3 38.597747802734375 15.985183715820312 69.35662841796875 35.351600646972656 1 23.78281593322754 4.714969158172607 44.544593811035156 15.490239143371582 8 22.433298110961914 25.623003005981445 42.937835693359375 34.32390213012695
6 9.0811185836792 20.7547664642334 33.35371398925781 39.76536178588867 1 8.064404487609863 3.1362836360931396 33.366058349609375 19.50783920288086
9 10.928040504455566 44.129295349121094 35.54218673706055 55.62708282470703 6 9.23604965209961 29.667354583740234 34.287322998046875 44.520076751708984 8 10.294795036315918 43.430091857910156 35.463802337646484 56.01686096191406
1 33.65241241455078 28.230472564697266 62.678802490234375 45.82206726074219 5 31.64338493347168 40.57816696166992 61.0806999206543 59.8175048828125
8 6.053768157958984 11.393853187561035 28.547523498535156 25.85835838317871
4 16.72836685180664 93.5753173828125 102.3750991821289 134.83670043945312
8 0.8448036909103394 10.285447120666504 23.623140335083008 26.033864974975586
7 14.727523803710938 14.647987365722656 42.16098403930664 27.595842361450195 9 12.226505279541016 26.351486206054688 40.072715759277344 39.90719223022461 8 16.827648162841797 2.3855509757995605 45.599609375 18.167316436767578
2 10.565552711486816 0.7619193196296692 36.75301742553711 15.886422157287598 5 9.944441795349121 29.462080001831055 36.231529235839844 44.94620895385742 3 9.240835189819336 15.834919929504395 35.81129837036133 30.008407592773438
7 10.057846069335938 40.21769714355469 55.04358673095703 68.0601577758789 1 13.509398460388184 24.862964630126953 56.42109680175781 42.60923767089844
1 65.93621063232422 44.22358703613281 124.58846282958984 89.22645568847656 7 65.17132568359375 41.20285415649414 125.4783935546875 87.3965072631836 0 61.833065032958984 39.78923797607422 124.89139556884766 90.93895721435547
9 8.42501449584961 12.554530143737793 32.45234680175781 27.663436889648438
0 23.828041076660156 32.930484771728516 52.756649017333984 50.77600860595703 1 23.05989646911621 17.440500259399414 54.31071472167969 32.42206954956055
8 24.90955924987793 66.33015441894531 88.25659942626953 101.89248657226562
1 16.235673904418945 33.41559600830078 100.43016815185547 62.84788131713867 3 68.14459991455078 82.44910430908203 114.89920806884766 108.901611328125
7 7.570492744445801 41.096534729003906 49.61131286621094 64.65937805175781 5 14.19991683959961 19.771879196166992 56.651161193847656 42.122745513916016 1 14.977654457092285 4.98911190032959 61.923038482666016 19.191328048706055
2 6.369841575622559 10.094733238220215 23.493356704711914 21.83177947998047 2 7.037167549133301 0.45349621772766113 24.187355041503906 9.352067947387695
9 20.18968963623047 19.954309463500977 53.14845275878906 37.863868713378906 8 21.230297088623047 19.421432495117188 53.54698181152344 38.194557189941406 0 15.3239107131958 18.85399055480957 53.13006591796875 38.87998962402344
5 17.429725646972656 32.89872741699219 52.36508560180664 53.685394287109375 3 16.547876358032227 14.760307312011719 55.35065460205078 32.982940673828125
2 8.486828804016113 8.276366233825684 29.497047424316406 24.029460906982422
1 13.696791648864746 4.069005012512207 37.70221710205078 14.956357955932617 0 13.079803466796875 12.207615852355957 37.472347259521484 24.18879508972168
8 15.346548080444336 16.767274856567383 42.86367416381836 35.53926467895508 4 9.579769134521484 34.48863983154297 38.065303802490234 52.52503967285156 1 19.539552688598633 0.9810068011283875 46.1614875793457 18.61235809326172
6 13.438647270202637 48.11412811279297 71.96771240234375 87.27767944335938
6 5.6271843910217285 19.848310470581055 30.57738494873047 35.112449645996094
6 12.897699356079102 21.03610610961914 52.29082489013672 37.14617919921875 1 9.061973571777344 5.7370476722717285 49.838294982910156 20.26995086669922 5 16.741252899169922 38.51176452636719 56.34406280517578 57.57425308227539
9 34.60487747192383 10.2100830078125 56.99580001831055 23.417661666870117 9 32.933189392089844 21.887191772460938 56.33131790161133 35.6884765625 1 33.585689544677734 0.08999976515769958 55.504947662353516 11.696965217590332
5 7.797586441040039 10.158308029174805 30.995702743530273 24.511533737182617
9 14.119290351867676 65.33529663085938 44.73637008666992 87.0224838256836 8 13.752135276794434 65.44190216064453 45.88521194458008 85.88507843017578 2 17.58662223815918 55.552310943603516 47.00029754638672 72.4803695678711
8 19.05886459350586 35.37453842163086 44.84928512573242 53.13446807861328
5 10.75676155090332 19.628620147705078 51.28523254394531 41.6340446472168
9 7.104748725891113 23.092178344726562 33.06449508666992 38.99074172973633
8 7.9952497482299805 8.728857040405273 29.876934051513672 23.583330154418945 1 9.846341133117676 9.503172874450684 30.077430725097656 22.186256408691406 9 8.682682037353516 4.368414878845215 29.960205078125 23.92772674560547
4 39.041011810302734 33.9969367980957 59.30825424194336 48.41937255859375 3 16.74394416809082 38.30100631713867 36.51909255981445 52.760345458984375 2 39.21599578857422 32.66587448120117 61.61069107055664 48.38265609741211
2 18.142417907714844 6.969283580780029 49.07550048828125 21.78304672241211
7 17.038570404052734 26.256757736206055 77.91300964355469 71.10220336914062
3 50.80772018432617 10.369524955749512 113.89521789550781 38.66426086425781 8 50.13107681274414 9.426115036010742 116.71167755126953 40.37436294555664 5 55.751487731933594 10.079068183898926 111.91529846191406 37.841983795166016
2 19.81502914428711 21.97207260131836 54.83092498779297 45.71946334838867 1 27.905887603759766 7.992271423339844 66.83091735839844 25.24646759033203 8 8.436474800109863 44.497257232666016 42.123451232910156 66.8818359375
4 11.806219100952148 38.46053695678711 42.11494827270508 55.92985916137695 1 5.401803493499756 21.052675247192383 39.84634780883789 35.56831359863281 4 12.270263671875 27.0587215423584 57.50739669799805 59.11136245727539
0 21.035884857177734 41.46723937988281 51.25193786621094 57.87577819824219 4 20.210079193115234 25.97454071044922 52.430992126464844 43.12208938598633
2 5.698454856872559 13.26867389678955 27.26189422607422 25.33201789855957
1 28.381397247314453 66.26395416259766 83.58684539794922 83.33631134033203 5 32.05418395996094 84.76461029052734 82.63243103027344 105.84290313720703 1 27.38263511657715 49.658348083496094 80.4833984375 71.26495361328125
2 5.400391101837158 6.6606855392456055 27.562894821166992 20.8487548828125
2 15.030681610107422 36.025150299072266 40.011962890625 49.021400451660156
8 5.4450788497924805 0.7024843692779541 27.45612335205078 12.681567192077637 0 4.912426948547363 13.539024353027344 27.642383575439453 26.07158851623535
5 35.451927185058594 31.01708984375 81.96231842041016 61.01938247680664 1 33.675880432128906 6.42644739151001 83.42326354980469 30.27191734313965 7 34.136138916015625 60.97553634643555 83.48883819580078 91.22088623046875
3 11.99252700805664 27.33963394165039 45.188053131103516 42.6817626953125 5 12.535690307617188 40.8304557800293 43.634674072265625 57.49046325683594
4 23.97774314880371 27.049694061279297 53.77812957763672 45.72417068481445 1 25.003435134887695 6.533257484436035 55.29043197631836 23.703113555908203
1 43.666690826416016 13.757516860961914 79.48921203613281 40.20928955078125 0 32.99900817871094 30.290035247802734 64.13426208496094 57.227928161621094 8 14.077488899230957 42.949485778808594 50.322444915771484 77.37263488769531
2 49.58783721923828 38.18492889404297 80.81008911132812 54.312103271484375
1 50.48176193237305 82.34638977050781 136.6298065185547 135.52532958984375 7 50.39593505859375 205.84080505371094 132.02105712890625 276.8097229003906 8 55.62975311279297 139.52627563476562 132.64596557617188 203.07164001464844
2 40.76292419433594 39.92638397216797 72.57051849365234 56.55665588378906
7 14.796109199523926 34.012054443359375 43.71923828125 48.96341323852539 5 16.158550262451172 21.366933822631836 44.03879928588867 35.33351135253906
4 9.400306701660156 8.227527618408203 35.82685470581055 23.503416061401367 6 6.9834370613098145 23.522279739379883 34.977684020996094 40.10271072387695
9 8.51807975769043 1.2261481285095215 34.38409423828125 19.00313949584961 0 10.207612037658691 18.2055721282959 33.83068084716797 35.17304611206055
4 34.44652557373047 66.96023559570312 142.51771545410156 131.44964599609375 1 27.367530822753906 78.05094909667969 110.79531860351562 116.81355285644531 1 59.44353485107422 53.134708404541016 145.7628936767578 81.93264770507812
7 14.404156684875488 20.808156967163086 47.187129974365234 39.60920715332031 8 10.974922180175781 37.43561935424805 44.5001335144043 55.38850784301758 3 21.631370544433594 4.410562992095947 54.85124588012695 25.765445709228516
5 7.884014129638672 19.295913696289062 30.876209259033203 32.860374450683594 9 7.208404541015625 0.7481381297111511 30.39129638671875 13.327789306640625
6 7.4386491775512695 31.47109031677246 39.345882415771484 48.76396179199219
2 9.212434768676758 21.009323120117188 29.495485305786133 32.18367385864258 2 8.51649284362793 8.352774620056152 28.428951263427734 20.202308654785156
4 8.803967475891113 26.8284854888916 32.119834899902344 41.79149627685547
7 8.26976203918457 2.030333995819092 29.824993133544922 13.35012435913086 8 7.425947189331055 14.64981460571289 28.42550277709961 27.420703887939453
2 44.405277252197266 56.59830856323242 70.15023803710938 72.64166259765625
5 14.35947036743164 8.425568580627441 37.44016647338867 23.584379196166992
1 14.882339477539062 32.931793212890625 36.02919006347656 45.08671188354492
1 11.410859107971191 0.27373364567756653 52.47526550292969 17.353744506835938 1 7.69181489944458 15.2566556930542 46.062503814697266 32.50531005859375
9 38.878055572509766 70.37833404541016 128.1814727783203 125.01892852783203 6 32.24300003051758 53.197998046875 137.32803344726562 125.73214721679688 9 33.0730094909668 100.48858642578125 132.7908477783203 156.48312377929688
4 7.818431854248047 12.371525764465332 29.373294830322266 24.314817428588867 2 13.061662673950195 22.471210479736328 36.76657485961914 35.10850524902344
9 33.64682388305664 68.09674072265625 85.77717590332031 95.84484100341797 8 38.465457916259766 42.27266311645508 86.74492645263672 66.9390640258789
2 95.24246978759766 107.58491516113281 134.552001953125 130.80787658691406 2 91.26094055175781 117.56509399414062 128.00148010253906 138.3587188720703 3 89.14871215820312 115.47479248046875 128.406005859375 138.19114685058594
3 28.93967056274414 22.446916580200195 94.86736297607422 67.35040283203125 4 18.79498291015625 66.7071304321289 87.5320053100586 104.38824462890625
3 20.96796417236328 47.584781646728516 53.60831832885742 66.94963836669922
6 20.173961639404297 26.52998161315918 73.98179626464844 57.60517120361328 3 24.069398880004883 32.20724105834961 70.55342864990234 57.774967193603516 9 18.02107810974121 31.37641143798828 72.43706512451172 61.72990036010742
4 7.544579029083252 13.83404541015625 50.73603057861328 38.510406494140625 3 7.728338241577148 0.0 46.34226608276367 12.375140190124512
7 7.292469501495361 12.048134803771973 37.22344970703125 29.84193992614746 2 10.158618927001953 0.0 39.1168098449707 10.996604919433594
1 145.6482391357422 147.37033081054688 193.2336883544922 178.41038513183594 8 134.76170349121094 149.44741821289062 192.11431884765625 181.6735382080078 1 108.83805084228516 131.79953002929688 209.14076232910156 188.15342712402344
1 72.06050109863281 41.75042724609375 133.9692840576172 83.64476776123047 6 22.22425651550293 99.32388305664062 74.40472412109375 139.94149780273438 8 49.89931106567383 67.33939361572266 111.35413360595703 112.69505310058594
5 6.427056312561035 14.956056594848633 39.08350372314453 36.741493225097656
9 1.8078745603561401 20.065263748168945 30.44658088684082 37.44610595703125 0 2.190492868423462 18.07063102722168 31.414283752441406 37.445106506347656 2 27.869783401489258 58.313194274902344 53.739688873291016 76.07144927978516
2 11.788810729980469 17.431011199951172 37.229225158691406 31.492477416992188 0 13.241114616394043 30.404890060424805 36.81019592285156 44.39580535888672
2 16.772506713867188 54.7734489440918 51.248294830322266 76.55693054199219 3 30.404951095581055 23.87116813659668 65.27542877197266 45.9226188659668 1 23.04859161376953 41.19443893432617 58.46944046020508 57.28455352783203
1 12.46352481842041 24.323881149291992 37.851016998291016 36.925113677978516 5 30.918075561523438 50.1005859375 53.98247146606445 65.0 6 18.54585075378418 35.68526840209961 47.37739562988281 51.59549331665039
6 9.116706848144531 17.851165771484375 32.51519775390625 31.549846649169922 2 8.685504913330078 3.501072883605957 32.30046463012695 17.479042053222656
6 67.16535949707031 60.885719299316406 98.31086730957031 82.3694839477539
6 67.7691650390625 123.77754211425781 121.40252685546875 152.02346801757812 3 64.91637420654297 81.884033203125 115.53096008300781 103.8751220703125
1 8.954920768737793 0.9087318778038025 43.543514251708984 13.281216621398926 5 7.351194381713867 11.102104187011719 43.55902099609375 29.019853591918945
2 4.15952730178833 2.9551758766174316 25.36548614501953 15.64116382598877
2 19.355331420898438 23.226486206054688 56.80097961425781 46.23748016357422 2 39.96199417114258 51.06648254394531 68.99777221679688 68.75534057617188 1 7.9237961769104 5.53535270690918 43.78687286376953 22.226158142089844
0 90.96989440917969 76.26809692382812 164.15234375 127.64530181884766 9 94.04814147949219 75.7605209350586 164.49932861328125 126.13633728027344 6 86.88200378417969 75.9072265625 158.9489288330078 127.00760650634766
1 10.905023574829102 19.59015464782715 42.982460021972656 38.799800872802734
3 64.44300842285156 58.69853973388672 105.40570068359375 89.54781341552734 5 56.433597564697266 47.67573547363281 104.03379821777344 87.66740417480469 9 62.2310905456543 49.72011947631836 106.46177673339844 82.66372680664062
2 21.269685745239258 75.17530059814453 71.73481750488281 104.47247314453125 3 40.357826232910156 13.08270263671875 90.5396728515625 43.24131393432617 5 30.186918258666992 45.4233283996582 80.13777923583984 74.91045379638672
2 7.288630962371826 4.540740013122559 45.42542266845703 27.721071243286133 5 10.294634819030762 27.095077514648438 42.858665466308594 47.8679313659668 6 9.501209259033203 27.37539291381836 44.61764907836914 47.84157943725586
1 55.010189056396484 53.39162826538086 95.3138198852539 71.83467102050781 8 57.824180603027344 71.75841522216797 93.1707534790039 97.49516296386719 3 56.23054122924805 26.88724708557129 95.84901428222656 49.788841247558594
4 63.29391860961914 103.63066864013672 109.52066802978516 146.81851196289062 3 59.17462921142578 113.28785705566406 108.44681549072266 149.396240234375 5 136.76185607910156 64.02510833740234 167.6381378173828 86.43875122070312
3 9.471704483032227 23.585853576660156 31.106779098510742 36.28374099731445 3 11.675710678100586 11.90405559539795 30.942678451538086 23.737747192382812
8 30.17930030822754 41.91877746582031 74.8041000366211 66.95809936523438
8 0.22512686252593994 18.816892623901367 28.476253509521484 36.44929504394531
1 9.35811710357666 8.768787384033203 33.67610168457031 22.973127365112305 0 9.45080280303955 26.178632736206055 33.69879150390625 42.186344146728516
9 25.071636199951172 61.36609649658203 51.131839752197266 75.42369079589844
5 5.718791961669922 4.9708027839660645 28.314115524291992 20.717937469482422
9 25.99251937866211 37.764591217041016 60.587162017822266 55.35276794433594 6 27.7145938873291 58.687896728515625 63.03340530395508 75.88318634033203 1 29.502473831176758 5.603733062744141 63.66338348388672 18.58596420288086
1 4.7042236328125 3.3016860485076904 27.164926528930664 15.400469779968262 0 5.080993175506592 14.260113716125488 27.353351593017578 28.48587989807129
2 15.71839714050293 4.0665669441223145 37.089630126953125 18.018428802490234 0 16.625932693481445 18.000852584838867 38.456443786621094 32.779476165771484
1 13.271068572998047 11.331546783447266 31.058460235595703 20.282470703125 0 12.160114288330078 20.688804626464844 31.334491729736328 33.21702194213867
6 14.414824485778809 46.42024612426758 50.10939407348633 67.0
7 14.638875007629395 29.84170913696289 41.369747161865234 44.74598693847656 8 15.291131019592285 10.439360618591309 42.021846771240234 27.112483978271484
9 110.05518341064453 20.4830322265625 150.0044708251953 44.90590286254883 1 26.484615325927734 12.262321472167969 71.82328033447266 44.607234954833984 5 95.565673828125 9.923025131225586 153.18478393554688 46.84016418457031
9 4.9986772537231445 9.198323249816895 24.574752807617188 22.548770904541016 5 3.949129819869995 9.413276672363281 23.966289520263672 22.6229305267334 6 4.402346134185791 10.148058891296387 23.81584930419922 23.177576065063477
4 6.124089241027832 7.425526142120361 32.4147834777832 23.45646858215332 4 7.852449893951416 23.0137939453125 33.0633659362793 40.00668716430664
4 31.980070114135742 43.15890121459961 57.531307220458984 58.75312423706055 0 63.23046112060547 43.77396774291992 90.86421966552734 57.2392463684082 0 68.99164581298828 39.081871032714844 96.18671417236328 63.536678314208984
3 27.756624221801758 32.33494186401367 63.251827239990234 47.82504653930664 1 35.073848724365234 31.54790687561035 60.71910095214844 40.83879470825195 5 29.215770721435547 30.370025634765625 62.20391082763672 45.759552001953125
4 5.249972343444824 20.86558723449707 31.8704833984375 38.76860046386719 8 7.748601913452148 2.9134979248046875 33.026344299316406 19.828893661499023
9 6.366825103759766 18.099599838256836 37.220951080322266 35.74337387084961 5 17.377408981323242 32.14550018310547 43.67612838745117 47.816307067871094
4 18.350250244140625 39.847068786621094 49.81545639038086 56.846622467041016 6 17.710540771484375 25.583253860473633 44.09731674194336 41.042354583740234
2 15.71701431274414 11.623716354370117 41.95298767089844 28.000469207763672
9 6.013099193572998 16.089027404785156 27.274749755859375 27.443103790283203 3 5.499395847320557 2.887810707092285 28.313695907592773 15.73865795135498
9 8.399271011352539 26.074642181396484 35.54051971435547 41.70191192626953
0 22.089031219482422 40.565635681152344 71.96028137207031 90.05892944335938 6 15.858333587646484 42.23698425292969 68.66991424560547 87.64591979980469 9 20.177738189697266 41.675987243652344 70.67971801757812 88.29517364501953
4 25.438806533813477 105.87831115722656 90.03045654296875 145.09230041503906 6 56.80331039428711 72.08788299560547 127.46146392822266 111.97949981689453 1 83.92704010009766 48.028533935546875 147.0574188232422 84.15477752685547
0 60.03352355957031 137.64736938476562 99.22840881347656 163.50682067871094 9 54.818931579589844 127.52217864990234 113.44566345214844 169.3446807861328 4 45.85655212402344 124.83428955078125 119.42269134521484 175.00843811035156
4 13.279097557067871 14.883589744567871 38.049068450927734 28.00596046447754 2 13.276850700378418 2.446673631668091 36.309391021728516 16.067380905151367
0 29.61402702331543 66.0934066772461 73.10517120361328 94.18608856201172
3 9.8095121383667 14.557965278625488 28.33102035522461 24.986671447753906 3 9.997350692749023 24.805246353149414 28.216440200805664 34.6416130065918
8 8.468537330627441 3.87484073638916 34.28218078613281 21.360912322998047 3 8.328203201293945 21.164934158325195 33.90709686279297 39.372833251953125
8 5.101664066314697 17.452186584472656 33.43175506591797 30.741321563720703
8 18.665407180786133 43.18321228027344 67.20145416259766 74.02748107910156 6 16.514360427856445 41.447452545166016 68.12044525146484 75.58103942871094
2 22.10032081604004 16.896377563476562 86.86619567871094 48.89498519897461
5 7.7618632316589355 21.596271514892578 36.13026809692383 36.758358001708984 8 8.885649681091309 7.510366439819336 36.66336441040039 21.905517578125
1 60.84922409057617 71.63636016845703 104.54914855957031 94.73165893554688
5 12.419013023376465 25.905763626098633 39.13325500488281 41.304710388183594 9 7.823919773101807 13.034823417663574 31.665719985961914 26.752883911132812
9 23.003952026367188 35.74875259399414 59.55910110473633 55.84300231933594 3 23.14863395690918 19.056285858154297 58.34843444824219 38.000083923339844 6 23.9610538482666 53.8013916015625 60.68564224243164 76.02884674072266
1 12.55894947052002 64.93163299560547 62.169578552246094 80.46774291992188 7 14.145697593688965 41.54252624511719 64.63130950927734 66.17251586914062 1 16.438716888427734 24.272491455078125 68.48527526855469 44.332584381103516
7 20.88972282409668 20.613183975219727 68.38082885742188 53.85886764526367 1 32.20900344848633 25.718233108520508 64.87611389160156 46.2335205078125 5 24.771312713623047 47.58158493041992 62.718875885009766 65.9933090209961
6 14.473904609680176 2.742063045501709 49.12557601928711 17.17533302307129 8 12.96134090423584 17.510211944580078 49.390289306640625 32.97611999511719
1 60.87930679321289 106.79720306396484 113.74150848388672 128.9051971435547 1 63.48027420043945 0.0 129.96339416503906 30.837142944335938 1 46.87010192871094 75.14207458496094 121.78897094726562 109.74844360351562
2 74.48046875 89.87841033935547 137.58407592773438 123.84268188476562 5 79.30953216552734 59.786922454833984 137.9816436767578 98.03060150146484 0 83.69488525390625 20.601579666137695 138.8475799560547 58.26718521118164
1 12.742413520812988 5.189777374267578 57.96790313720703 24.284709930419922 9 21.34450912475586 20.32503318786621 59.36924362182617 44.92510223388672 6 18.86076545715332 20.27527618408203 57.36293029785156 43.2508430480957
0 15.002248764038086 35.33309555053711 52.29299545288086 58.18439483642578 1 12.955047607421875 19.022220611572266 50.02970504760742 35.17063522338867 1 12.913813591003418 6.579980850219727 51.2083625793457 23.75940704345703
2 20.718677520751953 0.8651562333106995 49.7322883605957 12.839265823364258 3 20.209983825683594 12.343103408813477 48.853675842285156 24.527938842773438
6 35.14079284667969 50.450382232666016 70.98529815673828 68.0772705078125
2 5.448771953582764 0.47289007902145386 27.623703002929688 13.681211471557617 2 7.523519039154053 14.198103904724121 26.237627029418945 27.774229049682617
4 38.19753646850586 56.55305862426758 83.3247299194336 78.31464385986328
2 23.813968658447266 5.225854396820068 59.338871002197266 23.059011459350586 0 24.828628540039062 23.211532592773438 59.46413803100586 42.73781204223633
9 11.755948066711426 36.51121520996094 37.325347900390625 46.601131439208984 4 11.245923042297363 25.77315330505371 37.553260803222656 37.69276428222656
0 110.13819885253906 144.1869659423828 169.00091552734375 202.70628356933594 4 57.589237213134766 192.53651428222656 175.67108154296875 271.7217712402344 2 62.484249114990234 182.7501678466797 173.97213745117188 266.9951477050781
5 25.73460578918457 88.70620727539062 143.29708862304688 152.3834991455078 5 21.57206916809082 17.389827728271484 140.10545349121094 81.24248504638672
6 11.57663631439209 0.7259780764579773 34.364017486572266 16.048900604248047
2 8.804827690124512 5.596278667449951 41.2513427734375 22.726470947265625 0 10.216520309448242 24.51804542541504 42.14482498168945 43.36056137084961
4 8.458542823791504 19.160879135131836 41.83164596557617 37.413936614990234 2 15.112807273864746 4.377819061279297 47.3085823059082 21.76415252685547
2 8.622326850891113 4.332180500030518 39.47779083251953 24.42405891418457 3 8.226799964904785 26.837318420410156 38.373138427734375 45.26690673828125
4 22.119705200195312 21.080745697021484 47.40215301513672 33.52885055541992 0 23.42181396484375 31.90052032470703 46.57344055175781 44.795188903808594
3 9.414667129516602 30.425893783569336 44.28912353515625 47.4532470703125 6 9.398675918579102 13.165847778320312 43.491729736328125 31.529071807861328
4 36.111351013183594 80.7177963256836 141.8333740234375 125.79134368896484 0 94.85362243652344 52.19984817504883 127.05164337158203 76.50936889648438 7 23.028579711914062 76.40760040283203 141.8889617919922 128.17684936523438
7 7.297782897949219 20.704566955566406 34.18804168701172 35.367374420166016 5 7.068884372711182 3.630044937133789 34.328147888183594 19.77656364440918
6 10.64516830444336 57.8340950012207 47.83810806274414 74.73168182373047 3 10.90483283996582 42.5482292175293 45.75413513183594 57.34534454345703
4 17.50096893310547 2.553510904312134 42.38922882080078 20.497879028320312
1 82.26174926757812 6.821321487426758 115.06878662109375 25.315601348876953 7 4.937926769256592 0.0 65.64812469482422 29.52363395690918 9 80.53406524658203 16.7601375579834 114.12747955322266 38.009979248046875
7 14.481164932250977 53.48099136352539 61.0922966003418 77.31852722167969 1 20.15680694580078 12.794034004211426 65.26371765136719 32.036720275878906 3 15.484428405761719 31.175710678100586 64.27107238769531 57.660587310791016
2 9.918824195861816 18.616817474365234 32.419010162353516 29.945043563842773 0 8.449103355407715 31.236379623413086 30.6025390625 41.0
8 29.089210510253906 42.150299072265625 47.74614715576172 54.304298400878906
7 28.514205932617188 41.470237731933594 101.2064208984375 72.61782836914062 7 18.92558479309082 18.968318939208984 86.87752532958984 47.63835906982422
9 15.993935585021973 52.94798278808594 58.17071533203125 71.06084442138672 2 30.717817306518555 13.509101867675781 77.03459930419922 35.641357421875 9 22.221885681152344 32.68378829956055 63.35068893432617 55.31145095825195
3 67.97986602783203 68.80586242675781 90.85578918457031 84.37096405029297
9 21.15399932861328 9.572163581848145 75.03549194335938 44.05134963989258
2 26.02093505859375 25.30640411376953 52.2774658203125 39.788848876953125 5 20.982868194580078 40.829383850097656 49.77241134643555 56.218196868896484
2 2.6880266666412354 10.33831787109375 23.131628036499023 24.11335563659668
6 20.650131225585938 3.1033365726470947 49.26853942871094 20.093393325805664 0 22.962453842163086 20.101198196411133 50.9439582824707 36.25371170043945
8 97.79643249511719 119.40018463134766 151.91903686523438 153.65293884277344 8 95.96307373046875 91.52751159667969 155.66802978515625 123.33074188232422 4 102.28514862060547 61.71743392944336 154.40835571289062 97.26094055175781
1 64.5151138305664 16.840364456176758 98.8282470703125 37.707759857177734
2 33.01164627075195 37.68938064575195 67.59574127197266 56.86470031738281 9 32.60837173461914 17.175447463989258 65.78373718261719 41.52393341064453
6 7.710834980010986 25.471755981445312 33.427486419677734 40.781951904296875 9 7.7153801918029785 10.95836067199707 34.00649642944336 25.893394470214844
4 7.406609058380127 24.65047264099121 35.9535026550293 43.61910629272461 1 7.611608028411865 11.268279075622559 34.366546630859375 24.529340744018555
2 11.700977325439453 15.368203163146973 34.303863525390625 30.02523422241211 1 11.338759422302246 29.309274673461914 33.986839294433594 41.772254943847656
4 8.619823455810547 18.598115921020508 32.09251022338867 34.84577178955078 3 18.30906867980957 37.12577819824219 45.066322326660156 52.9282112121582
6 10.302716255187988 42.84209442138672 48.6915283203125 61.2600212097168 4 13.779647827148438 24.792810440063477 50.76082229614258 42.46276092529297 2 15.852909088134766 2.9556570053100586 54.02940368652344 24.943622589111328
9 5.4360127449035645 20.18235206604004 32.346309661865234 35.70541000366211
7 3.293356418609619 11.659631729125977 17.407764434814453 19.89049530029297 5 3.214926242828369 8.081581115722656 18.456802368164062 20.0 3 4.989349365234375 10.778141021728516 19.40777587890625 19.67728614807129
3 9.989405632019043 18.194433212280273 37.86577606201172 35.18572998046875 0 29.22739028930664 29.738258361816406 57.68492126464844 48.1400260925293
5 57.80068588256836 10.99920654296875 92.10562896728516 31.95524024963379
2 11.32983112335205 17.431049346923828 33.276641845703125 31.029712677001953
4 10.990839004516602 37.32561492919922 36.60539245605469 54.84641647338867
0 14.0743408203125 41.23927307128906 52.10490036010742 69.84042358398438
7 6.71457576751709 1.7425346374511719 37.71560287475586 20.654916763305664 2 11.099424362182617 22.76947784423828 41.69523620605469 46.401493072509766
0 87.60554504394531 18.830427169799805 114.00919342041016 35.629432678222656 9 85.0960464477539 17.646364212036133 114.6305923461914 37.51701354980469 1 82.611328125 5.523980140686035 112.98408508300781 21.4140682220459
3 20.607736587524414 25.948375701904297 46.924007415771484 41.39213562011719 8 23.1496639251709 43.594566345214844 45.451446533203125 57.05743408203125 6 25.590944290161133 43.28965377807617 47.38008499145508 56.587554931640625
9 105.52362060546875 96.25355529785156 159.46400451660156 136.81863403320312 8 106.70187377929688 94.20889282226562 160.95925903320312 136.0784454345703 6 107.93354797363281 94.96822357177734 157.9774169921875 135.30734252929688
4 9.401131629943848 9.764995574951172 33.0316276550293 23.007186889648438 7 8.12708854675293 23.615680694580078 30.124727249145508 37.512577056884766
4 21.361534118652344 104.29121398925781 67.24624633789062 146.721435546875 8 92.38802337646484 86.56803131103516 134.32318115234375 115.97948455810547 9 93.82737731933594 88.2984390258789 134.3357391357422 116.15706634521484
5 12.552163124084473 14.544686317443848 34.92879104614258 26.663877487182617 5 12.826655387878418 3.224076747894287 35.13407516479492 16.845664978027344 7 8.554574966430664 25.40518569946289 36.11362838745117 36.73798370361328
9 17.09371566772461 24.676559448242188 50.1292610168457 45.32936477661133 2 18.8377628326416 3.835059881210327 52.023040771484375 22.95948028564453
7 8.513907432556152 16.801755905151367 35.96418380737305 31.2998046875 9 8.655811309814453 1.2302601337432861 35.85184860229492 18.69934844970703
7 11.794305801391602 41.64212417602539 40.36000442504883 63.54420852661133 4 15.579401969909668 28.797176361083984 43.60477828979492 47.30928421020508
2 7.527138710021973 4.318898677825928 25.47103500366211 16.883615493774414 8 15.269829750061035 17.605363845825195 32.66730499267578 29.22099494934082
4 44.89012908935547 84.17314910888672 88.98585510253906 107.04960632324219 0 46.25223159790039 58.31462478637695 88.99652862548828 83.19864654541016 1 49.697654724121094 41.3203125 95.38260650634766 63.53711700439453
3 6.804966926574707 4.695764064788818 24.94746971130371 14.618329048156738 5 7.067611217498779 13.51861572265625 26.497699737548828 23.420331954956055
0 12.402383804321289 23.678316116333008 39.33668899536133 36.4533576965332 6 10.837255477905273 9.381847381591797 36.28835678100586 22.92412757873535
0 13.171859741210938 30.293193817138672 41.31129455566406 45.326202392578125 0 12.587640762329102 14.921948432922363 40.82538986206055 30.694673538208008 1 11.708995819091797 3.206913948059082 40.128353118896484 14.073612213134766
0 10.009882926940918 34.6130256652832 32.967533111572266 49.786598205566406 0 9.213285446166992 19.72449493408203 33.434566497802734 34.47298049926758 1 7.565469264984131 9.899089813232422 35.53038787841797 20.218976974487305
3 27.405885696411133 57.74507522583008 61.8806037902832 75.6536865234375
1 21.174564361572266 134.43775939941406 75.12681579589844 157.9805450439453 1 25.672517776489258 94.29412078857422 78.87921905517578 125.2082290649414 2 31.966644287109375 21.07558822631836 67.50901794433594 41.86751937866211
2 20.36970329284668 24.853635787963867 46.53643035888672 38.79386901855469
1 29.729265213012695 16.506887435913086 68.34192657470703 30.1851806640625 6 36.971065521240234 35.05195617675781 75.93790435791016 54.43140411376953 1 32.972843170166016 24.192989349365234 70.40950775146484 41.02757263183594
3 17.90728187561035 39.35128402709961 68.28132629394531 65.5575180053711 2 13.495784759521484 63.90268325805664 60.143341064453125 94.0267333984375
5 13.012188911437988 47.50982666015625 53.81581497192383 65.6144790649414 1 15.878074645996094 20.794784545898438 54.23336410522461 35.55953598022461
9 5.432727813720703 5.656493663787842 27.833938598632812 22.02035140991211 5 5.1327362060546875 5.197210788726807 31.01300621032715 21.8121337890625 7 5.275607109069824 7.024097442626953 30.055274963378906 21.688180923461914
1 3.257434606552124 23.167667388916016 38.46672439575195 38.20890426635742
9 7.690911769866943 12.488319396972656 29.5247802734375 26.45012855529785
2 6.32627010345459 7.84920072555542 42.10076141357422 28.957313537597656 8 7.066800117492676 28.093950271606445 38.648109436035156 44.2535400390625
4 10.503235816955566 5.002536773681641 39.657691955566406 23.367494583129883 4 8.573810577392578 24.48410415649414 37.9950065612793 44.28767395019531
7 13.316500663757324 11.571861267089844 40.091331481933594 26.171159744262695
8 68.16724395751953 12.866314888000488 120.89063262939453 43.84894561767578 3 58.41193389892578 11.005358695983887 115.4821548461914 43.282474517822266 2 54.86482238769531 10.281201362609863 111.68972778320312 38.614559173583984
3 4.471421718597412 5.462850570678711 35.89536666870117 27.073713302612305
2 20.9814395904541 40.8950080871582 35.672149658203125 53.347042083740234
2 7.4705119132995605 7.7857794761657715 42.002906799316406 29.3052921295166 0 8.045936584472656 28.5106201171875 42.89256286621094 47.99320983886719
8 13.239039421081543 39.0877571105957 52.034423828125 59.9436149597168 4 15.91897964477539 1.1825345754623413 51.48504638671875 23.39089584350586 1 18.13803482055664 3.2752914428710938 53.97782897949219 23.449832916259766
7 10.871710777282715 23.12641143798828 39.696895599365234 39.296546936035156
7 95.40373229980469 116.87870788574219 138.81019592285156 143.5765838623047
0 18.76108169555664 34.73659133911133 100.24163818359375 88.66165924072266 1 16.98491096496582 1.4130141735076904 96.88102722167969 33.028160095214844
9 26.26659393310547 55.75624465942383 85.05487823486328 81.79442596435547 1 27.54983901977539 35.59379196166992 86.03019714355469 59.459014892578125
4 18.72333335876465 20.151620864868164 85.65105438232422 59.23411560058594 6 18.582504272460938 58.064598083496094 89.30640411376953 91.89382934570312
9 14.14046573638916 17.770465850830078 37.4085807800293 32.98158645629883
0 16.30455780029297 52.99777603149414 77.20578002929688 87.31632995605469 2 18.0284481048584 27.53034782409668 75.2456283569336 54.148738861083984 4 15.018741607666016 6.484120845794678 73.59469604492188 27.969552993774414
3 32.085933685302734 123.99034881591797 179.7901153564453 187.57199096679688 1 99.9993667602539 66.52277374267578 210.10337829589844 104.06436157226562
2 3.675487756729126 0.8736630082130432 31.575786590576172 17.05874252319336 2 4.574753284454346 18.647565841674805 32.86406707763672 35.135162353515625
7 8.59426498413086 38.291038513183594 33.36875534057617 50.59685516357422 1 7.10553503036499 31.21140480041504 36.7655029296875 40.98614501953125
2 33.31937026977539 19.632387161254883 84.34293365478516 42.48610305786133 3 29.846370697021484 60.408531188964844 79.5206298828125 81.66404724121094 8 26.53913116455078 39.2812385559082 80.48326873779297 63.35030746459961
3 13.267012596130371 26.39896583557129 41.40456008911133 39.141624450683594
9 21.272045135498047 77.42333984375 97.43779754638672 118.6760482788086
6 26.131847381591797 11.943315505981445 66.4374771118164 35.0224723815918 1 25.022207260131836 33.361392974853516 67.29076385498047 49.37244415283203
9 8.201766967773438 36.39203643798828 33.574378967285156 51.64338684082031
1 37.493385314941406 4.221837520599365 77.96820068359375 23.9143123626709
3 18.93172264099121 20.01609230041504 53.116661071777344 37.9331169128418 4 16.34539222717285 39.02957534790039 51.44663619995117 53.759769439697266 5 17.153982162475586 53.12910079956055 47.44902420043945 67.57376861572266
1 12.635809898376465 35.75468826293945 43.51559829711914 50.56938934326172
4 39.53383255004883 86.20150756835938 193.22850036621094 161.34913635253906 0 51.028255462646484 79.78031921386719 181.0907440185547 154.4191436767578 0 43.53739929199219 29.562692642211914 178.9932403564453 113.46343231201172
6 82.65039825439453 149.70005798339844 184.7570343017578 210.25860595703125
4 16.312450408935547 30.600671768188477 50.98127365112305 52.4111442565918 1 16.68147087097168 46.897884368896484 51.38694763183594 65.22846984863281
7 27.586807250976562 38.26580810546875 101.76649475097656 74.35115814208984 6 19.54909324645996 67.0681381225586 98.20068359375 101.85706329345703 3 37.967735290527344 17.822509765625 103.96250915527344 46.17561340332031
2 57.07704544067383 27.966873168945312 100.7434310913086 55.70188522338867 1 15.079113006591797 87.30272674560547 60.92596435546875 109.20982360839844 9 34.628055572509766 59.627296447753906 80.27851104736328 85.3404541015625
1 28.249231338500977 49.97036361694336 56.82491683959961 66.38105010986328
7 25.31428337097168 33.34865951538086 47.3553581237793 46.8046760559082 5 24.537473678588867 24.32564353942871 47.358272552490234 36.80116653442383
9 180.223388671875 112.81795501708984 251.02413940429688 168.8019561767578 8 180.26869201660156 114.0641860961914 249.21580505371094 169.577880859375 6 183.38235473632812 111.20036315917969 253.01625061035156 168.83071899414062
3 6.96583890914917 9.009209632873535 34.804534912109375 22.53158187866211 9 6.467423915863037 21.170663833618164 33.20362854003906 36.46398162841797
9 34.89109420776367 5.513297080993652 104.32372283935547 42.9578857421875 6 37.5115966796875 0.0 101.9361343383789 39.46703338623047 0 44.623600006103516 2.546187400817871 103.48284149169922 38.968536376953125
6 23.340782165527344 72.67655181884766 59.740474700927734 102.75310516357422 0 27.596355438232422 72.56044006347656 65.085205078125 103.80404663085938 2 20.648448944091797 76.90896606445312 77.16059875488281 107.29949188232422
9 10.01152229309082 13.999667167663574 41.75575256347656 31.584442138671875 0 10.30737018585205 33.197914123535156 40.348819732666016 49.43619155883789 1 9.14836597442627 1.0801482200622559 41.96514129638672 13.861458778381348
2 6.062057018280029 3.542241334915161 26.909990310668945 17.067331314086914 0 5.310128688812256 16.08353042602539 25.05331039428711 30.005151748657227
3 28.34041404724121 7.7765212059021 53.578948974609375 23.742387771606445
1 12.522889137268066 3.897968053817749 41.91740036010742 17.57575035095215 6 12.842842102050781 16.186113357543945 43.19995880126953 34.57414245605469
7 7.726512908935547 17.624832153320312 37.666133880615234 35.5541877746582
0 18.192873001098633 38.91997528076172 39.17121124267578 48.77666091918945 0 18.24808120727539 28.858905792236328 38.92141342163086 39.68948745727539 6 14.431305885314941 14.553228378295898 37.458892822265625 26.742517471313477
5 2.0452096462249756 4.886738300323486 19.07257652282715 17.372095108032227
8 11.523490905761719 23.398090362548828 39.176780700683594 39.35221862792969 4 12.075356483459473 6.820339202880859 39.6796760559082 23.531635284423828
2 11.36558723449707 4.270310401916504 70.9057846069336 36.548561096191406 5 12.345443725585938 34.480323791503906 69.20858764648438 66.10244750976562
1 6.433199882507324 5.145519733428955 30.291027069091797 16.446775436401367 2 7.4437575340271 16.806255340576172 32.58080291748047 31.532690048217773
9 37.416343688964844 65.74036407470703 82.67214965820312 97.32147979736328 1 32.94519805908203 36.239742279052734 106.25167083740234 67.82459259033203 1 32.2913932800293 78.32418060302734 106.0007095336914 123.95471954345703
2 11.286282539367676 5.7835283279418945 30.757551193237305 17.096879959106445 1 10.581832885742188 16.853010177612305 29.844818115234375 25.156017303466797
1 44.28101348876953 30.335025787353516 111.0628890991211 56.474334716796875 3 27.12091827392578 55.40299606323242 97.75482177734375 94.6377944946289 1 54.46504211425781 6.495199203491211 120.73443603515625 31.646230697631836
9 41.26145935058594 96.81066131591797 110.00885009765625 134.12115478515625 1 23.443843841552734 72.80510711669922 97.7619400024414 101.68093872070312
2 17.593414306640625 27.86966323852539 50.0814094543457 44.993751525878906 3 15.529080390930176 13.058855056762695 47.98274230957031 30.022518157958984 3 15.1242094039917 2.4852213859558105 46.67082214355469 15.855474472045898
1 13.850802421569824 10.407203674316406 40.20892333984375 23.26647186279297 6 15.697604179382324 23.002391815185547 40.23400115966797 39.142154693603516
5 6.592048645019531 16.425090789794922 35.720970153808594 32.073238372802734
4 4.969004154205322 17.861679077148438 24.32876205444336 27.98953628540039 9 5.563701152801514 8.018777847290039 22.360002517700195 18.590564727783203
1 62.00611114501953 121.4757308959961 122.3654556274414 147.7078094482422
3 17.38380241394043 47.76492691040039 52.721736907958984 68.51866149902344 3 29.279321670532227 31.150869369506836 63.64751434326172 50.82698059082031
4 51.187042236328125 102.5601577758789 103.81382751464844 141.60032653808594 4 47.38995361328125 71.93156433105469 119.58694458007812 113.62955474853516 2 40.37450408935547 95.18994903564453 123.08736419677734 143.043701171875
2 6.182370185852051 0.41960105299949646 34.3856315612793 18.137413024902344 1 5.918920040130615 18.5048885345459 33.68568801879883 32.648704528808594
3 3.874769449234009 10.178162574768066 38.417564392089844 28.043363571166992
4 10.94345760345459 3.467468500137329 38.94306945800781 19.993492126464844 6 11.782601356506348 20.579015731811523 37.49879837036133 37.18575668334961
0 19.19016456604004 29.35675811767578 53.86957550048828 46.357147216796875 5 23.896299362182617 12.131357192993164 57.010719299316406 31.836885452270508 0 14.296028137207031 45.2530632019043 48.131996154785156 64.78214263916016
0 102.53057861328125 107.31640625 138.83489990234375 126.52802276611328
6 12.706364631652832 15.180782318115234 43.59571075439453 34.006561279296875
7 9.808296203613281 2.6201276779174805 38.50340270996094 17.267061233520508
3 15.207124710083008 56.571998596191406 43.057308197021484 75.20027160644531 1 16.186180114746094 42.34503173828125 39.681793212890625 54.52083969116211 4 16.597089767456055 40.66786193847656 42.05324935913086 61.89275360107422
1 54.65476608276367 17.575428009033203 86.1756820678711 34.11024856567383 7 49.194129943847656 33.99427795410156 86.631103515625 50.108375549316406
8 7.4089741706848145 15.28819751739502 25.201974868774414 26.208290100097656 3 6.692499160766602 5.020913600921631 26.418235778808594 15.409151077270508
2 16.486249923706055 7.228206634521484 35.817039489746094 19.055288314819336 8 14.976940155029297 18.763120651245117 35.72635269165039 31.574363708496094
8 6.824836730957031 0.09329023212194443 33.05649185180664 16.603525161743164
2 21.600473403930664 39.514076232910156 73.39161682128906 65.28097534179688 3 25.562225341796875 14.15206527709961 77.1171646118164 41.58917236328125 8 22.257001876831055 66.90576171875 74.15923309326172 89.59441375732422
6 27.877784729003906 44.696720123291016 91.04267120361328 75.14095306396484 7 25.990930557250977 73.76696014404297 86.77950286865234 108.14810180664062 7 29.47081756591797 8.835386276245117 94.67276763916016 45.047122955322266
1 47.665103912353516 31.14165687561035 75.6927261352539 50.26697540283203
5 9.361783981323242 5.663286209106445 50.174034118652344 28.557315826416016 7 11.053272247314453 27.045616149902344 52.334999084472656 49.63095474243164
6 10.489097595214844 7.8245930671691895 35.6288948059082 22.252933502197266 0 14.75507926940918 22.021425247192383 40.09270477294922 35.235626220703125
6 5.142882347106934 25.249305725097656 34.1308708190918 42.0
6 6.03665018081665 7.246193885803223 28.024606704711914 21.409595489501953 7 6.8892340660095215 22.83599853515625 27.14617919921875 33.86737060546875
1 58.38593673706055 3.3967041969299316 83.91773986816406 15.506085395812988 1 55.92423629760742 16.236814498901367 83.98866271972656 26.48996925354004 1 53.722293853759766 27.576854705810547 84.66490936279297 43.949825286865234
2 11.189592361450195 5.496194362640381 36.198280334472656 21.23609733581543 9 6.769430160522461 24.774269104003906 33.86239242553711 44.46656036376953
2 38.69947052001953 68.09825897216797 79.53109741210938 92.37449645996094
4 13.830617904663086 17.338777542114258 44.35923385620117 34.88639450073242 8 17.397855758666992 0.09676176309585571 43.638694763183594 15.651104927062988
5 29.165931701660156 15.844313621520996 52.28038787841797 31.805667877197266 3 27.789663314819336 15.140031814575195 52.20327377319336 31.350990295410156
2 11.004589080810547 22.601530075073242 43.13484191894531 42.570518493652344 4 12.203683853149414 42.15304946899414 44.075130462646484 59.272674560546875 1 13.326430320739746 57.61458969116211 44.44988250732422 71.70542907714844
4 39.437744140625 0.0 101.87751007080078 42.031105041503906 1 25.360797882080078 86.34703063964844 92.92097473144531 117.00252532958984 5 29.374963760375977 42.057228088378906 94.73296356201172 83.69892120361328
9 19.20718002319336 72.53263854980469 127.24893951416016 141.8948516845703
4 83.37850952148438 83.22013854980469 110.79003143310547 104.4062728881836 4 82.2289047241211 98.4820556640625 109.37700653076172 119.058837890625 1 83.36737060546875 84.6887435913086 110.2157974243164 97.62934875488281
2 70.00473022460938 47.704124450683594 117.67471313476562 76.1547622680664 1 44.68668746948242 10.897100448608398 134.00253295898438 40.83454132080078 2 75.63524627685547 66.10821533203125 112.55192565917969 87.44583892822266
2 45.08098602294922 46.92390060424805 78.15123748779297 67.72537231445312
2 5.641396522521973 5.96006965637207 34.15884017944336 22.57305145263672 9 7.575066566467285 21.772315979003906 33.56272506713867 36.36196517944336
3 22.819263458251953 17.688135147094727 52.64616012573242 37.84828186035156 1 47.045799255371094 37.267669677734375 112.7208023071289 63.339176177978516 3 23.552234649658203 27.382587432861328 49.651981353759766 41.652400970458984
7 20.88483238220215 30.277267456054688 64.8027572631836 54.97946548461914 8 18.552921295166016 52.43202590942383 63.15604019165039 80.71868896484375
4 5.856281280517578 1.2045091390609741 31.200885772705078 14.657142639160156 8 5.722088813781738 14.163567543029785 31.36532211303711 28.694717407226562
6 9.43620491027832 24.506305694580078 34.22354507446289 42.814144134521484 3 8.913179397583008 4.678999900817871 32.57362365722656 21.051082611083984 6 9.332529067993164 1.7718801498413086 33.821754455566406 18.188735961914062
5 29.662687301635742 34.15363311767578 52.72726821899414 49.823753356933594 4 28.078628540039062 36.33552932739258 52.41436004638672 50.5562629699707 4 16.016498565673828 16.87716293334961 43.18069839477539 34.16057586669922
5 13.223729133605957 13.325413703918457 64.57549285888672 43.29102325439453 9 27.55609703063965 45.89411163330078 81.888671875 71.73402404785156
2 69.8646240234375 117.07716369628906 115.36471557617188 149.04441833496094 2 72.67496490478516 106.12864685058594 115.1466293334961 131.2939910888672 1 110.09817504882812 169.71832275390625 164.81979370117188 199.93569946289062
2 7.815249919891357 10.787501335144043 40.01720428466797 28.6259822845459
5 7.892617702484131 19.005233764648438 31.455078125 34.814449310302734 6 9.694427490234375 6.898831844329834 31.47893714904785 20.760765075683594 3 6.624042510986328 19.79969596862793 33.687835693359375 35.76428985595703
9 16.052593231201172 15.438189506530762 41.960662841796875 29.183563232421875 6 13.546629905700684 12.729835510253906 42.101924896240234 29.74728775024414 8 14.947547912597656 14.967367172241211 41.33901596069336 29.279569625854492
3 27.431074142456055 29.435375213623047 61.913780212402344 50.44297409057617 2 29.245264053344727 30.052003860473633 59.91382598876953 48.475887298583984 4 29.69776725769043 29.855327606201172 62.133277893066406 48.891910552978516
5 16.346683502197266 22.884395599365234 65.51610565185547 49.06936264038086 4 18.61358070373535 1.602293610572815 71.45687103271484 26.634735107421875
1 18.62924575805664 65.77398681640625 64.30552673339844 85.70120239257812 1 36.684669494628906 0.0 75.34598541259766 14.619852066040039 7 17.505800247192383 71.7658920288086 59.25751495361328 94.50253295898438
5 10.557312965393066 14.617847442626953 28.521629333496094 26.19532012939453 3 8.5681791305542 26.319576263427734 28.340925216674805 38.23307418823242
2 83.69509887695312 38.851348876953125 115.8849868774414 64.83699035644531 5 82.69512939453125 7.414679527282715 118.87318420410156 37.06819534301758 2 16.78661346435547 44.562469482421875 102.57477569580078 100.70670318603516
1 94.7371597290039 77.43408966064453 119.10482025146484 92.92918395996094 1 20.336082458496094 16.081192016601562 77.49005126953125 43.73009490966797 4 94.52850341796875 96.67489624023438 119.57746124267578 117.80706024169922
0 27.795703887939453 69.975341796875 75.91800689697266 91.01628112792969 5 28.312236785888672 36.68198776245117 77.08232116699219 58.216957092285156 1 26.445598602294922 55.84796142578125 76.80320739746094 73.77764129638672
9 29.84918785095215 79.94866943359375 63.85453796386719 103.72596740722656
3 8.104829788208008 6.792929172515869 35.96916198730469 26.269601821899414
0 10.867351531982422 34.60431671142578 42.0566520690918 49.971595764160156 4 9.684391975402832 3.2178707122802734 39.537967681884766 21.284873962402344 7 10.014240264892578 19.532527923583984 38.900634765625 34.66403579711914
0 31.255029678344727 65.57428741455078 55.110897064208984 80.1655502319336
6 81.4464340209961 44.41118240356445 125.22749328613281 77.24543762207031 0 72.0290298461914 39.622657775878906 128.5813751220703 80.15752410888672 2 12.587248802185059 73.60081481933594 103.60187530517578 138.07034301757812
9 6.691677570343018 9.587335586547852 45.53096008300781 31.72393798828125
3 18.70954704284668 8.319083213806152 75.50511169433594 45.12451171875 8 18.068357467651367 8.493274688720703 76.55876159667969 44.50100326538086 1 42.83607482910156 8.259551048278809 75.07868957519531 25.609498977661133
5 10.627065658569336 6.310031890869141 33.773136138916016 19.21526527404785 1 11.122137069702148 17.40424346923828 33.22792434692383 27.948532104492188
9 10.140012741088867 20.133464813232422 32.23564147949219 41.35614013671875
6 9.7927885055542 18.936372756958008 33.980281829833984 36.579795837402344 1 8.287871360778809 4.304030418395996 31.839818954467773 18.573711395263672
2 112.35431671142578 62.39876174926758 145.7133331298828 82.4709701538086 4 86.17311096191406 118.4827880859375 166.29812622070312 164.1542205810547 4 108.26484680175781 79.42833709716797 147.85504150390625 100.62104034423828
7 16.53363037109375 52.36571502685547 48.19306182861328 66.226318359375 3 15.15231990814209 35.09077453613281 49.13214874267578 50.37942123413086
2 6.981204032897949 1.8337125778198242 34.3243408203125 16.857866287231445 0 8.934001922607422 22.895349502563477 36.88494110107422 38.984683990478516
8 17.366104125976562 22.548274993896484 44.28452682495117 36.51662826538086 2 8.246792793273926 11.530674934387207 37.05964279174805 24.42436408996582
1 10.217098236083984 68.66365051269531 103.43466186523438 88.6962661743164 1 17.94483184814453 5.4173760414123535 43.36468505859375 19.447118759155273 8 15.511611938476562 12.010941505432129 44.5881462097168 30.86211585998535
1 97.77146911621094 165.80352783203125 171.09649658203125 197.55226135253906 0 43.26396942138672 104.910888671875 92.7101058959961 130.90528869628906 4 95.02506256103516 161.94602966308594 172.14212036132812 202.70086669921875
6 19.731834411621094 20.463773727416992 44.887577056884766 34.055782318115234 8 18.383014678955078 31.15619468688965 44.34158706665039 45.60238265991211
4 24.505367279052734 6.195669174194336 139.81446838378906 75.89945220947266
6 10.678743362426758 4.87338924407959 43.46348190307617 26.072010040283203 1 9.510472297668457 23.988847732543945 43.08970260620117 46.367286682128906
5 4.631016254425049 13.800281524658203 30.7171688079834 31.255508422851562
8 32.250816345214844 76.66072845458984 131.74786376953125 155.1361541748047 2 143.62615966796875 110.84464263916016 196.4771728515625 138.9607391357422 6 34.7784538269043 83.76715850830078 120.88964080810547 159.9999542236328
4 19.37548828125 63.57682418823242 114.15351104736328 136.15467834472656 1 17.23663330078125 0.0 111.6084976196289 63.14522933959961 4 18.26691246032715 1.9762599468231201 119.84490966796875 68.90079498291016
7 16.111827850341797 30.258451461791992 36.04166030883789 42.6745719909668 6 15.97679615020752 18.852842330932617 35.00017166137695 31.75035858154297
3 42.33445358276367 30.902023315429688 91.40525817871094 64.97827911376953 5 48.43098831176758 34.47078323364258 90.46173858642578 65.58578491210938 5 33.17304611206055 24.40987205505371 119.25434875488281 71.41390228271484
1 35.820430755615234 24.606674194335938 68.0533218383789 39.84417724609375 8 34.70531463623047 46.6300163269043 62.65468215942383 62.13016128540039
7 46.58737564086914 7.730225086212158 90.63500213623047 31.601022720336914 1 48.08463668823242 6.126279830932617 91.1425552368164 27.437551498413086 7 42.67485046386719 26.478179931640625 93.07449340820312 49.14710998535156
6 5.706888198852539 8.304450988769531 21.73314094543457 20.3801212310791
2 67.57554626464844 65.43489837646484 99.05455017089844 82.79926300048828 9 65.94564819335938 90.61680603027344 96.80895233154297 109.96990966796875
2 13.540897369384766 17.916166305541992 42.689605712890625 37.450069427490234
2 39.4163932800293 48.66728973388672 70.15541076660156 64.340087890625 4 39.7950553894043 62.61628723144531 68.46553039550781 79.57366943359375
4 57.348045349121094 119.88240051269531 91.31407928466797 142.66737365722656 2 56.7769889831543 100.64098358154297 87.60224151611328 119.18016815185547 4 57.17993927001953 99.19453430175781 88.31092834472656 118.2000732421875
1 32.542083740234375 19.68780517578125 63.30965042114258 33.213905334472656 4 33.39998245239258 31.5662784576416 60.3189697265625 49.39512252807617
0 8.647109031677246 23.482873916625977 33.64361572265625 35.9996452331543 5 9.013168334960938 12.23941421508789 34.75546646118164 24.065120697021484 1 10.51648998260498 3.196481466293335 34.688682556152344 13.67264175415039
0 16.720239639282227 61.73676300048828 47.56147766113281 81.39852142333984 4 18.20058250427246 43.799705505371094 48.96051025390625 62.64904022216797
9 12.229857444763184 23.476856231689453 48.735809326171875 42.94330596923828 1 13.68881607055664 42.8765983581543 46.752506256103516 58.98811340332031
9 14.585345268249512 22.825361251831055 53.136688232421875 41.275447845458984 6 9.462747573852539 41.675662994384766 49.764034271240234 60.68452835083008
5 3.789017677307129 2.479285478591919 28.5924129486084 14.567513465881348 1 4.291795253753662 12.092155456542969 29.074445724487305 21.841867446899414
9 81.95826721191406 51.01987075805664 139.38148498535156 86.05816650390625 7 80.28971099853516 79.82465362548828 137.69076538085938 115.0333023071289 3 85.2283935546875 17.46784210205078 151.62071228027344 56.57170486450195
1 46.806800842285156 27.892961502075195 67.60275268554688 38.14306640625
2 8.7745361328125 78.71501922607422 62.53266143798828 120.80458068847656 2 62.56614685058594 58.57632064819336 120.36168670654297 87.99420166015625 1 52.44213104248047 57.95994186401367 115.29625701904297 88.39213562011719
2 24.896072387695312 114.77271270751953 84.1693344116211 148.22218322753906 9 22.120769500732422 115.1883773803711 89.22877502441406 146.57537841796875 2 117.04547119140625 110.86518859863281 147.33924865722656 132.47825622558594
2 22.491491317749023 7.253210544586182 66.5431137084961 34.68257522583008 1 10.083752632141113 29.13642120361328 54.648555755615234 53.01012420654297
2 7.442171096801758 15.900375366210938 28.96510887145996 30.571060180664062 2 7.562105655670166 1.265172004699707 27.1998291015625 14.144102096557617
8 26.45431900024414 17.40386199951172 50.6243896484375 32.690330505371094 1 26.201766967773438 7.884703636169434 48.44199752807617 20.752065658569336
2 17.161558151245117 14.7868013381958 91.97418212890625 55.994720458984375 6 22.204593658447266 69.58621978759766 96.34310150146484 108.45858001708984
5 12.045135498046875 37.18777847290039 57.059104919433594 63.75990295410156 6 12.0528564453125 14.909867286682129 52.780845642089844 38.153900146484375
7 6.044232368469238 19.50772476196289 26.01154136657715 31.520811080932617
5 32.857757568359375 46.79436111450195 53.260986328125 59.26877975463867 2 34.084903717041016 35.26786422729492 52.75455856323242 47.7944450378418
2 26.794282913208008 1.5866807699203491 54.82286834716797 19.5056095123291 4 35.035865783691406 16.546300888061523 60.243408203125 35.73609161376953
6 8.346380233764648 6.6039509773254395 32.43763732910156 22.43216323852539 0 9.005136489868164 22.334739685058594 30.636905670166016 36.817176818847656
1 3.699496269226074 19.874265670776367 29.119932174682617 32.59499740600586 3 5.320868492126465 5.138950347900391 31.557313919067383 19.931076049804688
2 8.943424224853516 3.5882339477539062 32.16622543334961 20.078392028808594 9 9.136963844299316 18.975627899169922 32.564754486083984 34.25346374511719
4 6.330751419067383 12.30907154083252 41.24552536010742 27.290102005004883
7 21.834997177124023 29.64274024963379 117.64633178710938 92.78240203857422 1 17.05370330810547 0.0 118.1977310180664 44.3437614440918 4 28.598512649536133 5.18480110168457 133.74635314941406 51.90999984741211
6 30.17655372619629 16.40492057800293 57.315895080566406 34.429771423339844 9 32.892330169677734 33.512168884277344 63.535709381103516 52.32356643676758
1 47.68385696411133 73.788818359375 82.89922332763672 93.80358123779297 2 48.63395309448242 74.86141204833984 82.953125 94.44915771484375 4 49.20454788208008 87.4092788696289 80.9665756225586 108.52458953857422
1 10.89317798614502 51.148109436035156 69.60198974609375 78.96998596191406 2 13.977295875549316 12.357327461242676 66.82747650146484 46.29935073852539
2 29.298311233520508 22.033931732177734 61.68630599975586 44.23649597167969
4 8.900225639343262 21.06420135498047 40.45622253417969 40.09461975097656
2 10.283218383789062 15.589739799499512 38.51079559326172 35.005714416503906
1 36.320499420166016 4.185817718505859 56.45148849487305 16.83309555053711
1 17.70379066467285 1.7362500429153442 62.7869873046875 13.916893005371094 5 10.214163780212402 11.424908638000488 54.611305236816406 29.08473777770996
9 39.99000930786133 63.474788665771484 79.77732849121094 86.994384765625 2 39.015079498291016 40.19615173339844 85.46272277832031 64.1605224609375 7 38.173194885253906 86.0867691040039 84.11227416992188 105.77757263183594
2 8.19621467590332 1.6354527473449707 29.93785858154297 14.689108848571777 6 6.749416351318359 15.072399139404297 27.77492904663086 26.368085861206055
4 7.0603179931640625 46.74319839477539 38.75624465942383 61.635353088378906 6 9.933183670043945 61.5466194152832 36.54896926879883 79.03089141845703 5 6.037662029266357 20.80240249633789 71.62889099121094 49.9918212890625
6 44.322566986083984 0.0 188.22023010253906 98.4754638671875 2 154.83412170410156 163.45758056640625 202.1996612548828 199.11387634277344 3 49.61116409301758 8.303789138793945 187.43104553222656 84.44693756103516
4 5.815213680267334 9.850580215454102 27.495895385742188 26.528139114379883
0 127.53605651855469 108.24179077148438 161.18954467773438 131.2002716064453 0 134.7257843017578 112.21504211425781 148.40829467773438 125.5434341430664 0 136.50270080566406 115.94791412353516 145.8948974609375 122.55728912353516
9 12.779403686523438 35.70980453491211 40.50881576538086 52.23149108886719 1 14.342580795288086 23.271677017211914 40.622554779052734 37.31318283081055 5 13.686290740966797 50.04445266723633 42.69772720336914 70.66738891601562
2 27.065340042114258 24.074840545654297 54.10785675048828 42.27351379394531 1 27.2934627532959 6.419266223907471 54.27338790893555 21.252437591552734 1 25.250246047973633 44.48110580444336 53.456809997558594 60.89810562133789
1 24.108369827270508 62.253684997558594 47.53140640258789 74.01134490966797 9 22.896806716918945 49.706512451171875 52.44710922241211 66.50507354736328
2 21.120210647583008 34.349727630615234 48.426761627197266 53.48470687866211
2 79.49105834960938 6.8044114112854 112.87891387939453 26.00778579711914 7 75.35711669921875 25.00101661682129 106.997314453125 46.05063247680664 2 80.55882263183594 27.839366912841797 119.7352523803711 48.632015228271484
7 8.584335327148438 4.43685245513916 40.842124938964844 22.663793563842773 4 11.142634391784668 22.12824249267578 40.84103012084961 40.790794372558594
4 13.938578605651855 23.0437068939209 52.15433883666992 40.601314544677734
2 43.60083770751953 70.03096771240234 73.87506866455078 87.53524017333984 3 41.05674743652344 66.76348876953125 78.57411193847656 88.87256622314453 2 45.6140022277832 86.90855407714844 73.3897476196289 103.32682037353516
1 7.64105749130249 0.723903238773346 68.03124237060547 19.003437042236328
5 8.730602264404297 23.190263748168945 37.442718505859375 39.83463668823242 2 8.792685508728027 6.346322059631348 37.68294143676758 23.535293579101562
5 8.612173080444336 34.93391036987305 32.52955627441406 50.591880798339844
1 10.667009353637695 8.197293281555176 34.311744689941406 18.42020606994629
7 6.132096290588379 20.212955474853516 27.931297302246094 32.644081115722656 5 6.567571640014648 7.9719343185424805 27.86648178100586 21.168682098388672
0 28.36979103088379 73.82054901123047 77.37837982177734 101.03083038330078 5 31.51386070251465 48.82082748413086 79.15129089355469 77.80899047851562
3 17.62199592590332 70.73857879638672 61.654972076416016 89.157958984375 5 18.069194793701172 69.2865219116211 61.66938018798828 90.00629425048828 8 15.441898345947266 68.0468978881836 51.89837646484375 90.89031982421875
1 83.88479614257812 36.624916076660156 127.77852630615234 60.11595916748047 3 89.29322814941406 68.27833557128906 124.90168762207031 87.14374542236328 5 90.51363372802734 67.7513198852539 125.20706939697266 86.29763793945312
7 19.175113677978516 22.728742599487305 46.472415924072266 38.0484504699707 2 20.195133209228516 5.668353080749512 46.353858947753906 20.841747283935547 3 19.283260345458984 5.6526103019714355 46.994441986083984 22.14409065246582
6 9.098366737365723 10.337176322937012 27.29652976989746 23.919824600219727 2 8.764758110046387 22.870634078979492 26.39241600036621 34.77983474731445
9 53.46916198730469 39.81407928466797 90.6715087890625 66.44744110107422 6 54.744327545166016 37.382591247558594 87.82496643066406 66.85663604736328 4 54.73915100097656 37.438724517822266 90.2608871459961 68.34710693359375
3 7.001867771148682 18.774171829223633 34.58600616455078 36.47464370727539
9 36.5158805847168 81.53578186035156 87.96158599853516 113.04421997070312 4 21.388826370239258 50.8717041015625 74.83470153808594 81.54655456542969
3 16.58924674987793 9.840719223022461 43.795989990234375 25.384624481201172 5 20.203655242919922 15.056051254272461 40.79690170288086 24.603017807006836 2 12.354131698608398 5.557679176330566 38.19382858276367 21.187747955322266
1 8.532135963439941 1.8452163934707642 35.050941467285156 10.885007858276367 8 9.19372272491455 10.997900009155273 33.91454315185547 23.774032592773438
8 23.76403045654297 29.793920516967773 54.34857940673828 46.829166412353516 4 23.483671188354492 46.743106842041016 51.83000946044922 63.48061752319336 1 25.148818969726562 15.28929328918457 54.8404541015625 30.535573959350586
4 23.545330047607422 44.73444747924805 45.609832763671875 59.65245056152344 1 24.041908264160156 32.57059860229492 45.57476043701172 45.74856185913086
5 46.33699417114258 33.6317138671875 71.42044830322266 49.49592590332031 9 46.24431610107422 46.891441345214844 72.64789581298828 65.63076782226562 0 46.42301559448242 51.83222961425781 70.59043884277344 64.00025939941406
4 36.813899993896484 39.67625427246094 62.86075210571289 58.74116516113281
6 15.177978515625 75.29257202148438 48.69111251831055 99.3447265625 8 17.370996475219727 75.00941467285156 51.42953109741211 101.2205581665039 9 15.729316711425781 76.20454406738281 52.611209869384766 102.38993072509766
4 42.45613098144531 67.00885772705078 76.37696838378906 85.434326171875
5 24.30406379699707 47.88641357421875 57.577877044677734 66.2392349243164 3 25.219181060791016 50.976348876953125 58.523033142089844 69.45722961425781 4 27.65825653076172 47.0936393737793 57.249717712402344 66.12726593017578
8 7.730437278747559 20.408998489379883 32.30677032470703 34.694984436035156
0 14.455809593200684 77.02005004882812 60.95828628540039 103.06411743164062
2 56.507877349853516 58.662010192871094 83.37377166748047 74.66027069091797 2 52.62125015258789 64.61775207519531 81.22127532958984 83.83668518066406 4 54.090877532958984 65.48714447021484 80.14549255371094 84.0916519165039
8 16.132099151611328 49.39500045776367 61.12308120727539 74.31474304199219 8 36.77598190307617 69.19324493408203 84.85148620605469 94.43450164794922
2 7.641977310180664 2.5198068618774414 32.611907958984375 14.531205177307129 9 6.895999908447266 12.064460754394531 32.32257843017578 27.69219207763672
6 8.081952095031738 11.389699935913086 32.51852798461914 27.104066848754883 5 9.353608131408691 0.0 33.03477478027344 12.575422286987305
8 22.1387882232666 22.062801361083984 46.78062438964844 36.66181564331055 8 21.824241638183594 34.725337982177734 47.23442840576172 49.654212951660156 3 22.360774993896484 7.580738067626953 48.231101989746094 22.340999603271484
9 17.511783599853516 59.6413688659668 90.91081237792969 98.63481903076172
1 31.059452056884766 41.14796829223633 58.372276306152344 59.66357421875 2 30.242891311645508 23.61412811279297 60.64437484741211 45.094200134277344 9 29.198484420776367 56.92509841918945 64.67207336425781 81.28996276855469
8 39.41567611694336 50.96593475341797 64.16110229492188 67.59547424316406 9 42.853858947753906 50.547080993652344 64.05430603027344 67.48818969726562 6 16.3413143157959 46.24930191040039 65.8507308959961 73.07905578613281
8 7.632899284362793 4.316322326660156 27.300064086914062 17.423564910888672 4 5.423112392425537 17.519901275634766 28.613826751708984 32.295413970947266
3 12.138062477111816 29.07472801208496 57.78895950317383 52.3143196105957
6 16.315174102783203 28.816593170166016 73.1493148803711 61.05594253540039 9 15.58698844909668 26.941225051879883 74.34835815429688 62.98841857910156 4 12.15446662902832 27.672578811645508 71.54714965820312 64.4771499633789
7 25.47791290283203 28.715574264526367 64.68855285644531 51.14904022216797 5 16.34101104736328 10.408248901367188 66.104248046875 36.31937026977539 6 14.729201316833496 9.384989738464355 60.89520263671875 35.96591567993164
0 9.673543930053711 14.129992485046387 39.1367073059082 33.52241897583008
2 20.26152992248535 24.818267822265625 44.00871658325195 38.941219329833984 1 20.507740020751953 38.06547546386719 44.29080581665039 49.957332611083984
5 11.005545616149902 12.71934700012207 49.01888656616211 31.896800994873047 7 15.364315032958984 49.593292236328125 56.14882278442383 68.9113998413086 8 12.840378761291504 31.345657348632812 51.28736877441406 49.48536682128906
4 7.267492294311523 22.766109466552734 33.536930084228516 37.97401809692383 1 6.930567264556885 13.801459312438965 35.523826599121094 25.406949996948242
6 4.022902488708496 18.504892349243164 27.35089111328125 31.91613006591797
3 7.004473686218262 11.367712020874023 24.99132537841797 21.89305305480957
9 50.61789321899414 133.63682556152344 83.69905090332031 153.00018310546875 0 51.32789993286133 133.55661010742188 81.70061492919922 152.79782104492188 6 50.801387786865234 135.46800231933594 82.50984954833984 152.6748809814453
1 10.220342636108398 15.00806999206543 53.551239013671875 37.836936950683594
2 19.243085861206055 10.323054313659668 51.48705291748047 32.064666748046875 4 42.19834518432617 39.921504974365234 72.09992218017578 52.719825744628906 4 43.72886276245117 31.575382232666016 88.12625885009766 53.268192291259766
2 15.582736015319824 29.37171173095703 42.10872268676758 45.64824676513672 6 11.14423656463623 9.133589744567871 44.70244216918945 33.59958267211914
2 49.75636291503906 119.04088592529297 102.88508605957031 161.67202758789062 5 59.037322998046875 163.03619384765625 144.48789978027344 230.0 3 97.17864227294922 187.449951171875 138.5558319091797 214.32806396484375
2 17.035242080688477 13.889368057250977 46.90163803100586 30.648578643798828 5 25.909982681274414 29.210084915161133 54.035884857177734 44.560245513916016
2 10.068366050720215 1.2614914178848267 39.34748840332031 18.177398681640625 7 9.51793098449707 18.3713321685791 39.82234191894531 35.231292724609375
9 23.138248443603516 103.23778533935547 95.05833435058594 149.69033813476562 6 19.256689071655273 97.53704071044922 98.11748504638672 152.42941284179688 0 24.5902042388916 96.74030303955078 94.68803405761719 153.95436096191406
0 23.977060317993164 77.60547637939453 76.43305206298828 108.13269805908203
5 2.593416452407837 6.062381744384766 21.174842834472656 18.068227767944336
2 13.187559127807617 11.368396759033203 38.3834342956543 25.885868072509766 0 14.629159927368164 26.710033416748047 39.78718185424805 42.78881072998047
1 28.069272994995117 74.21116638183594 77.60342407226562 90.99138641357422 3 22.219263076782227 36.60725784301758 72.00702667236328 58.79475021362305 1 28.676490783691406 57.03351974487305 74.7575912475586 78.3480224609375
8 13.641127586364746 8.68453311920166 40.355472564697266 26.829526901245117
5 3.434784412384033 3.4449305534362793 25.405925750732422 14.851465225219727 2 6.1211323738098145 14.09248161315918 25.297060012817383 24.928951263427734
0 8.403746604919434 24.785934448242188 35.36022186279297 39.36137390136719 3 8.504496574401855 12.011609077453613 34.14007568359375 24.77469253540039
4 12.836231231689453 2.7744925022125244 37.94929122924805 18.565414428710938 5 12.620266914367676 19.71734619140625 35.892459869384766 35.803993225097656
2 2.2384889125823975 27.901330947875977 40.45261001586914 51.78226852416992
2 13.28863525390625 2.929537057876587 47.02321243286133 19.04086685180664 1 18.99681854248047 34.146541595458984 53.31896209716797 46.89850616455078 6 16.488906860351562 19.074716567993164 51.622493743896484 35.77556228637695
5 25.579082489013672 17.9676456451416 55.51762771606445 41.47713851928711 1 27.3414363861084 4.803730487823486 57.49931716918945 19.83597755432129
2 29.388294219970703 54.02870559692383 71.98423767089844 79.09113311767578
5 19.30182647705078 29.511743545532227 58.31120300292969 46.5445442199707 5 20.70941162109375 18.322216033935547 56.647525787353516 34.44769287109375
7 5.668912887573242 2.612424612045288 26.391672134399414 13.993230819702148 5 5.06005859375 14.166732788085938 25.399974822998047 26.31449317932129
5 32.11967849731445 87.646484375 85.41373443603516 131.33135986328125 6 35.250545501708984 85.68687438964844 88.19274139404297 132.83348083496094 2 39.54283905029297 87.08415222167969 94.28801727294922 133.35101318359375
8 7.792618751525879 18.17140007019043 29.838775634765625 32.047603607177734 8 7.960431098937988 3.192800283432007 27.942392349243164 16.494794845581055 6 8.048020362854004 2.6650044918060303 28.694780349731445 15.865544319152832
2 6.392327308654785 2.5334622859954834 32.67889404296875 14.687137603759766 6 6.140434741973877 12.317793846130371 31.6448917388916 26.046096801757812
3 21.654638290405273 8.151222229003906 83.15422821044922 70.60342407226562 5 15.393635749816895 10.963066101074219 82.1105728149414 67.33912658691406 2 21.760555267333984 11.46347427368164 87.61979675292969 73.54622650146484
6 6.5932207107543945 0.9256319999694824 28.55164909362793 14.191181182861328 8 8.174501419067383 14.376047134399414 29.945415496826172 28.439289093017578
6 56.62366485595703 78.41124725341797 137.21917724609375 114.01415252685547 0 88.28034973144531 86.642578125 127.63529205322266 109.19029235839844 9 85.67507934570312 84.77764892578125 134.37359619140625 113.75294494628906
6 18.65978240966797 28.619333267211914 111.61473083496094 78.99553680419922
4 7.525040149688721 6.759851455688477 29.37005043029785 22.77792739868164 5 8.77659797668457 22.231229782104492 30.14984893798828 37.76428985595703
2 62.36361312866211 58.44962692260742 118.39042663574219 85.79331970214844 2 65.30973815917969 75.1732177734375 115.882568359375 101.15681457519531
2 5.3085713386535645 7.284135818481445 30.89863395690918 19.867027282714844
9 9.11215877532959 31.974023818969727 43.30646514892578 53.65959548950195 2 10.383824348449707 7.314756393432617 42.93217468261719 30.35002326965332
2 15.174553871154785 21.814672470092773 47.45079040527344 37.38985824584961 7 13.095125198364258 39.00990295410156 47.54894256591797 59.8734016418457 1 12.84885025024414 12.604692459106445 50.93397521972656 26.105924606323242
9 18.723834991455078 5.341472625732422 63.380184173583984 31.422868728637695
6 15.157490730285645 39.42756271362305 51.94478225708008 58.72004318237305 6 14.449145317077637 3.778677463531494 50.12336349487305 22.537790298461914 1 16.02570152282715 24.044898986816406 49.87260055541992 38.63848876953125
6 31.19495964050293 0.793115496635437 80.38832092285156 29.991016387939453 8 28.179990768432617 37.25043487548828 76.19366455078125 65.08252716064453
4 9.232911109924316 3.7093944549560547 60.930416107177734 27.674739837646484 8 21.95275115966797 53.664649963378906 68.14502716064453 77.04422760009766 2 16.41748809814453 28.11690902709961 65.63485717773438 52.64384460449219
0 40.56049346923828 68.44953918457031 67.63701629638672 84.73651123046875 6 16.502586364746094 56.044830322265625 68.92544555664062 85.7079086303711
9 17.51375961303711 17.503787994384766 39.81346130371094 32.42377471923828 1 17.250469207763672 4.564323902130127 41.36484909057617 17.646907806396484
2 3.963576078414917 0.5467970371246338 19.973609924316406 11.35244369506836 5 4.705416679382324 12.165186882019043 19.969585418701172 22.88795280456543
5 11.907539367675781 5.990520477294922 41.798179626464844 22.836570739746094 1 9.8975191116333 21.281034469604492 41.094970703125 33.62644958496094
1 13.124750137329102 25.254657745361328 45.18300247192383 42.25104522705078 0 13.601423263549805 42.308937072753906 45.950408935546875 61.57276916503906
5 63.79497528076172 59.40922927856445 112.9726333618164 89.56507110595703
8 6.431684494018555 16.024181365966797 26.8126220703125 29.145584106445312
4 43.75042724609375 73.56815338134766 79.01036071777344 91.67635345458984 6 44.19719314575195 91.34811401367188 79.41972351074219 114.44713592529297
2 7.188856601715088 37.63029098510742 39.49322509765625 57.297481536865234 1 21.99187469482422 13.429594039916992 56.15696716308594 32.46501541137695 1 15.230774879455566 26.000795364379883 45.965667724609375 41.664024353027344
5 5.7713446617126465 1.0217682123184204 31.425325393676758 15.679767608642578 4 6.700955390930176 15.444074630737305 30.251720428466797 29.98307991027832
2 95.6912612915039 176.025634765625 196.80828857421875 234.79083251953125 4 80.9662857055664 86.17181396484375 195.80870056152344 167.67442321777344 1 25.414525985717773 148.7209014892578 75.74177551269531 186.76455688476562
7 11.953899383544922 4.806893348693848 37.437068939208984 19.565567016601562 1 12.569483757019043 28.184057235717773 39.4050407409668 43.08101272583008
5 7.453481197357178 23.575233459472656 32.51710510253906 40.092018127441406 2 6.719028949737549 5.34377384185791 33.8759880065918 21.98184585571289
8 27.401458740234375 11.085248947143555 63.36741638183594 31.856891632080078 9 20.4693660736084 29.316614151000977 60.39793395996094 52.5219612121582
4 8.173213958740234 9.870351791381836 42.624114990234375 26.778560638427734 0 6.878570556640625 24.08308982849121 43.739776611328125 44.95879364013672
0 6.589760780334473 18.866939544677734 29.704397201538086 34.80170822143555 1 6.50675106048584 7.030932903289795 30.96651268005371 19.586442947387695
4 56.3110237121582 18.77222442626953 167.84909057617188 76.76751708984375 1 98.91339874267578 6.376157760620117 177.54220581054688 46.128963470458984 9 81.72752380371094 31.719505310058594 180.4284210205078 82.79999542236328
5 9.579535484313965 23.949932098388672 32.902889251708984 37.95022201538086 3 10.251480102539062 14.469839096069336 33.58259201049805 26.632471084594727
2 67.91770935058594 87.37493133544922 94.52574920654297 108.84089660644531 3 65.27767181396484 87.5541763305664 93.90984344482422 108.96340942382812 6 64.95083618164062 88.06181335449219 93.40595245361328 108.73345947265625
5 9.653092384338379 22.780099868774414 36.55426025390625 40.29324722290039
3 16.24591827392578 23.200319290161133 39.537437438964844 40.00218200683594 3 19.3935489654541 11.127044677734375 43.18142318725586 26.92706298828125
4 22.14027214050293 30.171369552612305 72.66580200195312 69.54067993164062
0 37.07477569580078 102.02315521240234 66.93804931640625 119.8470230102539 9 32.14417266845703 101.13038635253906 68.73094940185547 121.19084930419922 9 35.11540222167969 90.1531753540039 67.39048767089844 109.6558837890625
8 12.137588500976562 23.897863388061523 38.23861312866211 40.3187370300293 3 13.654715538024902 24.453018188476562 38.642818450927734 40.50681686401367
2 17.009565353393555 31.223100662231445 37.6910285949707 44.59820556640625
2 23.015729904174805 7.68829345703125 50.95746612548828 25.962154388427734 5 21.15192413330078 36.06622314453125 50.324378967285156 52.19635009765625 9 24.779006958007812 26.829181671142578 46.67586898803711 39.248531341552734
6 30.247453689575195 57.38568878173828 83.23078918457031 97.30001831054688
2 74.53269958496094 49.11194610595703 176.096435546875 95.21583557128906 2 122.85919952392578 13.447561264038086 203.32119750976562 53.04482650756836 2 82.80020141601562 40.262046813964844 133.5753936767578 75.04631042480469
3 5.008808135986328 0.02747488021850586 25.897720336914062 9.749969482421875
2 38.79242706298828 53.62284469604492 64.95392608642578 70.49150085449219
2 9.867692947387695 8.887012481689453 34.26483154296875 22.61890983581543 2 9.088275909423828 21.955020904541016 31.930667877197266 35.337432861328125 3 6.80350399017334 21.9356746673584 33.84284591674805 36.81739807128906
0 30.038476943969727 42.3476676940918 64.51542663574219 61.28233337402344 1 31.040313720703125 26.68903350830078 63.94818115234375 43.3337287902832 5 27.67426109313965 60.3871955871582 63.17333221435547 79.27518463134766
6 20.74408721923828 54.311153411865234 97.41004180908203 93.0687255859375
6 15.201152801513672 39.529815673828125 50.70124435424805 58.730857849121094 4 13.055126190185547 26.282325744628906 52.73490524291992 44.07178497314453
2 43.618709564208984 60.41518783569336 83.01219940185547 83.44161224365234 1 40.880287170410156 81.74646759033203 79.87629699707031 98.0 1 14.524185180664062 7.423826694488525 91.97110748291016 43.77289962768555
7 6.274813652038574 38.80781555175781 31.206016540527344 54.511024475097656
0 32.66453552246094 35.3173942565918 63.059654235839844 51.40902328491211 2 12.810198783874512 7.533454418182373 46.74126434326172 25.58719825744629 5 20.608352661132812 23.37687110900879 57.669307708740234 39.18793487548828
8 17.153696060180664 28.121891021728516 115.26605224609375 90.88949584960938
3 12.51909351348877 41.1899299621582 50.96385192871094 59.17574691772461 2 10.269135475158691 21.053224563598633 48.20688247680664 40.358882904052734
1 8.701136589050293 8.603306770324707 39.4310188293457 25.030433654785156
1 18.98952293395996 67.46621704101562 74.7443618774414 86.89079284667969 9 22.26160430908203 104.95419311523438 72.17288970947266 126.20724487304688 8 22.899372100830078 85.05206298828125 73.38456726074219 105.32694244384766
6 9.5763521194458 12.584844589233398 32.43003463745117 24.853879928588867 6 9.133359909057617 23.55774688720703 31.73579978942871 37.152366638183594
1 14.990751266479492 24.70604133605957 38.722618103027344 36.9999885559082 1 15.79201889038086 7.041114807128906 39.30270767211914 19.624774932861328
8 56.64927673339844 91.76364135742188 90.79180145263672 115.51313781738281 6 59.23238754272461 66.66777801513672 90.67725372314453 88.89488983154297 8 59.56656265258789 67.35336303710938 92.49614715576172 89.28120422363281
5 8.502249717712402 4.07950496673584 42.09663009643555 25.730876922607422 3 10.016653060913086 30.441787719726562 44.4989128112793 52.66703796386719 9 8.971989631652832 28.8662166595459 44.194671630859375 50.98527908325195
6 10.784645080566406 46.05461120605469 34.41207504272461 60.48933410644531 8 14.66367244720459 34.40761947631836 34.493690490722656 47.15694046020508 0 13.60072135925293 46.19158935546875 36.361358642578125 59.940513610839844
7 17.573692321777344 41.96153259277344 36.18169021606445 54.755340576171875 1 18.908357620239258 27.975330352783203 39.02113342285156 38.00710678100586 7 17.86847496032715 38.28645324707031 37.086124420166016 48.81165313720703
9 5.981372833251953 12.291492462158203 28.12574005126953 25.700687408447266 4 6.590200901031494 0.6673746705055237 28.123157501220703 11.86016845703125 1 8.898605346679688 1.503571629524231 27.949514389038086 11.225668907165527
0 8.483769416809082 37.196876525878906 45.93022155761719 61.801109313964844 1 25.137407302856445 0.0 64.88138580322266 23.106828689575195 7 14.771804809570312 14.829907417297363 52.636470794677734 39.13261413574219
0 16.86090660095215 50.980125427246094 65.82495880126953 75.04608154296875 6 16.31310272216797 28.910898208618164 65.52320098876953 50.65501403808594 1 17.708005905151367 10.2161283493042 68.10413360595703 31.073368072509766
9 22.980266571044922 82.9134292602539 108.08654022216797 140.40478515625
4 8.980457305908203 11.664887428283691 48.22761535644531 32.60322952270508 5 9.27862548828125 33.445255279541016 47.54654312133789 54.49088668823242
2 37.502418518066406 1.1083308458328247 62.82368469238281 17.635295867919922 0 38.90023422241211 17.24833106994629 63.5069465637207 33.6917839050293 9 39.23851776123047 33.73530578613281 62.98716354370117 51.073089599609375
4 10.650270462036133 19.20334243774414 45.655357360839844 36.16501235961914 1 13.99172306060791 5.528495788574219 46.30443572998047 20.539627075195312
2 50.63364028930664 63.04829025268555 80.1209945678711 80.10095977783203 4 52.55754089355469 77.82451629638672 79.15100860595703 93.81314086914062
7 8.812990188598633 29.61595916748047 39.755855560302734 48.26118087768555 4 8.448325157165527 10.888654708862305 39.26662826538086 31.196102142333984
1 6.899724960327148 13.36959171295166 43.30747604370117 29.113004684448242 1 7.554741859436035 26.545888900756836 43.72428512573242 41.926666259765625
4 81.8473892211914 84.8936767578125 145.42388916015625 118.17991638183594 2 69.68177032470703 45.890769958496094 132.17617797851562 80.70222473144531
2 36.65150833129883 33.224483489990234 60.584571838378906 50.78522872924805
1 7.9661865234375 5.951147079467773 44.861236572265625 22.138517379760742
2 6.082304954528809 2.17378568649292 25.658437728881836 13.796283721923828 0 6.598045349121094 13.14122486114502 24.949934005737305 25.524677276611328
5 9.743263244628906 9.169490814208984 47.92665481567383 30.058141708374023
6 13.114336013793945 6.300929546356201 54.62001037597656 31.4447021484375 1 14.01045036315918 34.805641174316406 55.39121627807617 53.66596984863281
4 6.095963478088379 3.8104114532470703 49.023136138916016 27.078432083129883 6 10.65423583984375 26.285282135009766 47.07036590576172 47.655670166015625
3 10.020965576171875 32.901710510253906 45.241615295410156 53.11428451538086 1 10.246648788452148 15.41234302520752 46.1050910949707 33.19065856933594
2 14.081071853637695 41.14289093017578 80.95768737792969 79.30831909179688 6 12.962352752685547 6.354384899139404 76.25532531738281 38.207618713378906
0 12.669376373291016 13.401390075683594 48.257530212402344 40.3230094909668
7 31.766029357910156 33.26700210571289 57.16857147216797 49.46359634399414 2 29.999923706054688 17.114152908325195 60.202938079833984 33.83143997192383
2 7.9390153884887695 26.698747634887695 36.10029220581055 40.08422088623047 2 6.185080051422119 5.862226486206055 36.35623550415039 17.75986671447754
3 41.823909759521484 27.764768600463867 61.0 38.615013122558594 1 9.513410568237305 0.0 52.3498649597168 14.136685371398926 9 13.886013984680176 0.3427976071834564 54.245174407958984 14.08080768585205
2 9.164030075073242 11.173005104064941 41.282901763916016 29.56713104248047 4 10.12606143951416 28.589208602905273 39.80311965942383 45.5015983581543
7 4.518686771392822 9.707076072692871 26.219898223876953 22.873579025268555
4 10.02364730834961 12.253570556640625 33.21318054199219 27.702863693237305 4 11.228283882141113 1.668867826461792 32.66355895996094 14.065845489501953
4 9.876847267150879 9.72749137878418 43.1728515625 26.26097869873047
6 7.029821395874023 18.739076614379883 28.764245986938477 31.671039581298828 4 7.002965927124023 8.20694351196289 27.281620025634766 20.59256935119629
1 31.407135009765625 5.458413600921631 88.76717376708984 30.6965389251709 6 10.082286834716797 51.09260940551758 64.57494354248047 83.47056579589844 4 23.135915756225586 27.991487503051758 78.08220672607422 55.17325973510742
3 14.254830360412598 39.858726501464844 47.41181564331055 57.99702835083008 3 16.227088928222656 3.546898126602173 51.09914779663086 22.273372650146484 5 16.69729232788086 23.60268783569336 49.77073669433594 40.91299057006836
2 9.149358749389648 20.861238479614258 31.141183853149414 33.39952087402344 1 11.071210861206055 13.319629669189453 31.36577033996582 23.012142181396484
1 25.580228805541992 0.0 132.15493774414062 37.294212341308594 4 24.8044490814209 11.885780334472656 144.87405395507812 94.74409484863281 4 34.79341125488281 0.0 138.7039337158203 38.231475830078125
9 45.766563415527344 35.76348876953125 72.37517547607422 51.69432067871094
4 3.8693618774414062 19.44756507873535 29.534420013427734 33.72249984741211 2 4.334743022918701 2.4950947761535645 28.829410552978516 18.507266998291016
1 56.178741455078125 79.059326171875 88.88909912109375 91.8721923828125 8 56.05418395996094 92.1354751586914 92.33619689941406 113.71172332763672 3 55.959163665771484 88.41844940185547 90.63532257080078 106.9592514038086
6 65.45018005371094 23.69719886779785 99.70793914794922 45.601104736328125 1 65.75178527832031 46.27619552612305 97.05949401855469 62.13481140136719 4 64.58993530273438 70.85389709472656 96.25666046142578 88.994140625
6 17.384748458862305 21.549863815307617 53.45518493652344 40.901676177978516 2 15.722285270690918 38.95026779174805 55.55427932739258 58.3056755065918
2 20.176254272460938 17.049346923828125 44.3926887512207 32.83219528198242
0 33.75320053100586 13.615762710571289 53.86664962768555 27.221776962280273 2 32.580535888671875 2.6734752655029297 51.59665298461914 14.197928428649902
8 29.22939682006836 35.535579681396484 65.29190063476562 56.60933303833008 1 8.027934074401855 24.066965103149414 44.70820617675781 37.27584457397461
8 30.757247924804688 65.58261108398438 63.40765380859375 85.51535034179688 6 25.265005111694336 62.349029541015625 61.29558181762695 87.62659454345703 9 29.11144256591797 64.89208984375 69.26152038574219 88.11569213867188
1 7.641898155212402 12.768303871154785 30.429906845092773 24.74408531188965 7 6.393958568572998 33.48617935180664 27.75541114807129 46.15663528442383
5 32.91130828857422 95.22908020019531 87.4930648803711 125.28286743164062 1 33.77476119995117 72.91029357910156 87.41685485839844 98.40550231933594 1 33.28839111328125 49.276397705078125 94.543701171875 76.7627944946289
4 14.636857032775879 25.178674697875977 32.11266326904297 37.02874755859375 8 9.3564453125 15.218229293823242 27.19002914428711 25.767969131469727
3 12.44731330871582 28.011005401611328 41.452552795410156 44.766117095947266 9 14.751426696777344 44.22526550292969 40.419559478759766 58.792213439941406
5 4.634088516235352 20.437108993530273 36.721092224121094 39.98874282836914 6 9.513934135437012 3.32729434967041 39.871665954589844 21.345783233642578
0 4.584432125091553 11.452373504638672 29.85676383972168 38.283973693847656 9 6.951260089874268 13.827754020690918 31.115623474121094 36.80568313598633 2 9.203287124633789 15.528976440429688 33.595542907714844 35.8624267578125
1 2.1034512519836426 144.7478485107422 115.90277099609375 201.7240447998047 5 64.47737884521484 0.2484138458967209 133.11331176757812 45.964778900146484 9 75.66192626953125 0.7528284192085266 137.9563446044922 43.04939651489258
3 61.66722106933594 22.938819885253906 96.70596313476562 45.04109191894531 2 61.7669563293457 41.71725082397461 89.89360809326172 59.72690200805664 1 59.98577880859375 4.15581750869751 95.55107116699219 27.09086799621582
3 102.02384948730469 122.77645874023438 151.2509765625 156.11053466796875 7 28.038278579711914 79.5357894897461 95.7033462524414 121.27597045898438 2 28.142375946044922 80.4845199584961 93.23456573486328 118.08373260498047
2 6.4169487953186035 4.482624530792236 31.737335205078125 19.60541343688965 8 6.330702304840088 18.37468719482422 31.55787467956543 33.38108444213867
7 13.626703262329102 45.3553581237793 49.950199127197266 65.43144989013672 2 16.112272262573242 19.986366271972656 52.10512161254883 42.63140869140625 1 15.80256462097168 2.090447425842285 53.266517639160156 18.99698829650879
1 34.9166145324707 28.382570266723633 72.54905700683594 53.03540802001953
3 6.182890892028809 6.354511260986328 35.979949951171875 25.445302963256836
9 35.292747497558594 17.105676651000977 70.0683822631836 39.327083587646484
9 12.777510643005371 25.74078941345215 35.0290412902832 41.953243255615234
1 30.36598014831543 26.260984420776367 106.04619598388672 51.13430404663086 1 21.15042495727539 78.00884246826172 104.77581787109375 102.27490234375
0 13.14263916015625 38.96489715576172 49.7677001953125 63.74956512451172 0 18.49776268005371 52.09619140625 44.493255615234375 65.92227935791016 1 18.982032775878906 52.8765869140625 43.13982391357422 66.0
9 3.9221673011779785 5.62763786315918 21.814006805419922 17.644996643066406
8 12.453516006469727 44.35711669921875 33.66187286376953 57.677486419677734
6 3.0682642459869385 17.016279220581055 33.62959671020508 31.225549697875977 2 3.168984889984131 28.594608306884766 34.15980529785156 44.47822570800781 3 2.735809087753296 1.7276926040649414 36.612586975097656 18.851055145263672
4 20.69434928894043 23.568906784057617 77.69254302978516 59.999420166015625 7 20.06691551208496 55.4387321472168 70.61141204833984 87.10877990722656
6 15.362309455871582 2.5961947441101074 39.22042465209961 16.604124069213867 6 13.192529678344727 17.366127014160156 41.075748443603516 32.34063720703125
2 6.932793140411377 15.488421440124512 36.428314208984375 32.145347595214844
2 25.539451599121094 27.33687973022461 52.84718704223633 44.323360443115234 1 24.662931442260742 11.170377731323242 51.231117248535156 23.60770034790039
1 52.86492156982422 74.1521224975586 81.5670166015625 86.91429901123047
0 55.30245590209961 88.17931365966797 127.02864074707031 154.41668701171875
4 20.594188690185547 41.240020751953125 114.98553466796875 109.09114074707031 6 77.55960845947266 92.63436126708984 116.29710388183594 128.58767700195312 8 79.46472930908203 93.95963287353516 116.85758972167969 128.3518524169922
1 15.76144027709961 2.643207311630249 83.64797973632812 31.90789222717285 9 15.966313362121582 33.922760009765625 84.52445220947266 70.87447357177734 1 16.985017776489258 72.36740112304688 85.41775512695312 101.47423553466797
2 13.9044189453125 15.445588111877441 62.941864013671875 40.61418533325195 9 15.806844711303711 40.38279342651367 63.564544677734375 64.36074829101562 8 15.926187515258789 39.722164154052734 64.60810089111328 65.08089447021484
2 11.10158920288086 30.248558044433594 34.395042419433594 42.93075942993164 3 12.211186408996582 4.2898783683776855 35.135189056396484 18.990291595458984 5 12.658637046813965 3.634547472000122 35.45585632324219 19.547943115234375
2 26.56340217590332 27.4067325592041 57.55113983154297 46.294673919677734 9 24.808664321899414 47.17026901245117 57.87995147705078 65.26480865478516
2 34.844017028808594 35.27074432373047 81.73197174072266 67.5747299194336
2 17.74593162536621 0.5472370982170105 51.83400344848633 23.652650833129883 4 13.26838207244873 24.190053939819336 48.91088104248047 44.83304977416992 6 10.617810249328613 44.81553649902344 44.61416244506836 66.0
7 12.774209976196289 4.058992385864258 50.09444046020508 31.37057876586914 3 16.29159927368164 34.5444221496582 51.18550109863281 61.325050354003906
4 12.045249938964844 5.8959808349609375 89.55638122558594 49.987125396728516 6 12.110699653625488 47.81435012817383 83.17704772949219 91.62205505371094
8 18.11039161682129 56.1029052734375 57.17079544067383 72.8301773071289 1 19.9499454498291 41.20539093017578 60.716190338134766 59.7159309387207
2 10.581352233886719 41.86785888671875 33.240020751953125 57.317352294921875 4 10.358963012695312 41.48696517944336 34.11531448364258 57.10118103027344 3 10.84978199005127 40.97552490234375 35.80465316772461 59.825889587402344
8 5.361929416656494 1.2131441831588745 26.658735275268555 12.469487190246582
7 21.64306640625 95.77145385742188 59.452171325683594 124.06620788574219 1 17.717552185058594 85.08221435546875 65.1250228881836 104.47732543945312 4 18.4587345123291 96.8935775756836 66.00971221923828 119.41647338867188
6 10.5314359664917 4.523910045623779 44.386024475097656 29.148937225341797 5 8.948744773864746 28.138139724731445 46.87541198730469 50.960662841796875
2 12.256585121154785 16.370094299316406 50.52829360961914 40.211116790771484
2 21.880910873413086 19.351459503173828 51.29998016357422 37.85417938232422 7 17.91254425048828 44.382286071777344 42.19938278198242 60.937721252441406
5 54.80742645263672 12.218969345092773 93.7523422241211 35.822269439697266
2 10.664018630981445 21.443971633911133 43.8154182434082 40.96915817260742
2 37.71604537963867 57.98392868041992 154.14500427246094 128.86447143554688 1 35.13987350463867 6.924062728881836 152.20555114746094 56.04106521606445
3 5.59326171875 8.442933082580566 25.718372344970703 20.57070541381836
0 3.7367007732391357 14.479307174682617 26.13054084777832 28.941896438598633 2 4.606544494628906 2.441908121109009 24.62071990966797 15.108865737915039 3 4.996373653411865 2.73820424079895 26.321657180786133 15.794949531555176
3 20.130191802978516 28.528562545776367 55.11888122558594 46.129478454589844 0 26.907045364379883 46.07516860961914 55.3624267578125 65.05790710449219 6 16.419157028198242 48.13706970214844 51.66926956176758 64.86373138427734
2 25.357707977294922 17.885360717773438 64.08890533447266 41.2697868347168 2 22.926156997680664 41.64488983154297 62.37519454956055 68.3270263671875
0 29.37604522705078 9.418863296508789 115.31236267089844 62.22901153564453 0 55.27862548828125 103.55542755126953 96.13168334960938 124.28081512451172
6 9.398768424987793 34.368919372558594 36.02647018432617 50.64400100708008 1 7.532734394073486 20.8330135345459 34.31782150268555 31.962841033935547
6 6.831575393676758 29.501853942871094 33.43528366088867 44.47168731689453
2 85.05110931396484 102.0992431640625 124.38217163085938 124.33087158203125
3 31.410694122314453 4.655033111572266 76.8494644165039 25.309295654296875 9 23.699230194091797 24.852397918701172 73.12948608398438 45.3052978515625 0 24.003122329711914 43.135536193847656 71.18095397949219 64.10216522216797
3 18.858089447021484 7.20549201965332 123.19664001464844 60.627201080322266 1 23.077068328857422 59.918277740478516 123.35218048095703 104.51573181152344
2 10.987631797790527 6.259086608886719 33.76188659667969 21.880823135375977
7 85.15660095214844 41.57369613647461 143.1900177001953 72.37568664550781 2 83.7013168334961 68.82271575927734 138.8135986328125 103.17301177978516
0 17.856887817382812 26.72451400756836 44.87089538574219 48.619632720947266
7 5.519136905670166 5.981326580047607 28.294336318969727 18.38168716430664 4 6.066383361816406 17.33607292175293 28.216428756713867 30.258302688598633
1 26.00267219543457 32.70038986206055 49.12868881225586 47.72419738769531 4 26.30977439880371 31.049942016601562 50.968074798583984 47.689720153808594 4 26.281221389770508 44.56531524658203 50.5339469909668 59.03002166748047
2 43.63297653198242 33.461368560791016 66.42431640625 50.90521240234375 5 39.78302001953125 54.81757736206055 64.45246887207031 70.654052734375 3 42.61468505859375 34.3787841796875 67.41140747070312 50.90892791748047
1 86.40097045898438 22.424137115478516 156.7718505859375 53.45758819580078 5 79.5489273071289 56.92765808105469 157.9633026123047 108.37937927246094
9 11.05984115600586 28.72595977783203 36.25590515136719 44.78793716430664 1 11.868895530700684 19.0196475982666 36.73779296875 30.124860763549805
8 64.63172149658203 93.25968933105469 105.08821105957031 116.66804504394531 1 62.379173278808594 74.64291381835938 100.7244873046875 91.43017578125 3 55.2670783996582 67.04301452636719 106.79518127441406 93.24394989013672
6 15.576460838317871 10.059083938598633 67.86160278320312 48.68232727050781
4 23.090717315673828 87.0204086303711 55.913909912109375 105.93132781982422 2 26.035913467407227 88.44369506835938 54.692867279052734 104.86444091796875 3 25.35920524597168 88.64995574951172 52.05331802368164 107.34663391113281
9 10.097973823547363 10.29227352142334 49.52443313598633 34.1180305480957
9 9.178417205810547 7.415796756744385 37.78252410888672 23.622058868408203
8 3.545515775680542 10.580912590026855 23.94801902770996 23.11212730407715 9 2.9726996421813965 9.86240291595459 23.74473762512207 23.063554763793945 6 2.9691083431243896 10.687922477722168 24.029157638549805 22.64796257019043
4 16.175661087036133 18.531932830810547 43.38654327392578 35.879581451416016 6 14.582026481628418 36.37946701049805 41.425350189208984 51.4119758605957
7 10.310487747192383 1.5016897916793823 35.39158630371094 15.60112476348877 5 12.906807899475098 14.208815574645996 37.55241012573242 29.621700286865234
2 21.585147857666016 15.33315658569336 51.26701354980469 29.330320358276367 1 18.454843521118164 4.1324286460876465 51.3237190246582 17.076642990112305
0 25.848487854003906 10.558021545410156 60.67973327636719 29.004850387573242 9 88.9937744140625 5.942183971405029 129.31423950195312 26.111995697021484 0 21.965351104736328 20.5352783203125 61.27559280395508 38.78358459472656
6 11.24251937866211 6.706110000610352 53.126285552978516 34.20951461791992
7 13.148974418640137 38.79304122924805 36.292598724365234 53.0 4 13.898028373718262 22.919099807739258 40.682647705078125 38.87595748901367
7 47.7685546875 77.42919921875 97.0075454711914 98.69841003417969 9 47.419986724853516 91.82254791259766 94.7757797241211 120.53519439697266 3 47.07878112792969 83.86042785644531 96.50025939941406 117.92372131347656
5 22.792755126953125 38.82966613769531 49.99800491333008 54.287841796875 6 14.410209655761719 24.529687881469727 42.698890686035156 39.614227294921875
3 12.386067390441895 0.0 30.376571655273438 10.659786224365234 0 9.385079383850098 10.120830535888672 28.529254913330078 23.716440200805664
2 51.82504653930664 214.5422821044922 94.94796752929688 243.17527770996094 2 45.22340393066406 203.7371826171875 102.55693817138672 258.0 4 97.21400451660156 127.94047546386719 192.27308654785156 172.68142700195312
9 21.433034896850586 21.43784523010254 42.5389289855957 35.77256774902344
2 9.383777618408203 2.9798946380615234 40.56793212890625 18.464744567871094
7 18.330787658691406 66.9096908569336 67.08134460449219 94.15483093261719
9 6.851199626922607 16.314115524291992 31.62683868408203 30.95170783996582 5 9.053342819213867 0.33866095542907715 31.82364845275879 13.426229476928711
2 36.24579620361328 8.92007827758789 77.53246307373047 32.81581115722656
0 9.754899978637695 19.039569854736328 38.189151763916016 37.29831314086914 2 9.049924850463867 3.768187999725342 39.5238037109375 20.20409393310547
7 9.205218315124512 17.76813507080078 51.15218734741211 41.82375717163086
7 19.59548568725586 11.645766258239746 42.939002990722656 27.46248435974121 4 19.533428192138672 28.256107330322266 48.516143798828125 43.30005645751953
3 21.297679901123047 16.593074798583984 46.31142044067383 32.39994430541992
9 17.263195037841797 25.515491485595703 49.83983612060547 45.524635314941406
2 8.637497901916504 32.112728118896484 50.91508865356445 58.59135055541992
2 5.411791801452637 3.4693760871887207 27.119606018066406 17.913890838623047 0 6.150429725646973 17.456741333007812 28.159029006958008 31.433822631835938
1 11.155241012573242 55.26773452758789 47.68088912963867 72.22599029541016
5 8.74896240234375 11.08468246459961 42.929176330566406 29.52202033996582 7 8.23926830291748 30.24036979675293 42.158103942871094 48.47023391723633
1 73.00347137451172 8.753857612609863 145.24742126464844 51.9605712890625 5 72.08776092529297 30.3253231048584 147.4635467529297 78.57769012451172 3 71.66941833496094 36.495731353759766 144.83676147460938 86.23881530761719
1 20.84986114501953 98.25493621826172 122.18832397460938 145.6181182861328 1 21.050762176513672 61.91373825073242 117.20758819580078 104.86170196533203 4 18.00949478149414 0.0 114.02272033691406 69.93470001220703
5 7.885928630828857 9.311931610107422 30.944259643554688 23.076156616210938
9 11.424742698669434 10.781800270080566 32.58943176269531 23.827022552490234 0 11.280561447143555 22.172000885009766 32.31719207763672 33.91497039794922
8 11.514122009277344 5.511938095092773 44.7505989074707 23.97114372253418 5 11.10832405090332 23.934829711914062 43.91404724121094 43.6390380859375
1 32.970706939697266 9.868154525756836 64.36531066894531 25.98424530029297 5 28.428298950195312 32.32436752319336 58.97927474975586 51.28424072265625
2 6.070577144622803 11.326318740844727 23.524763107299805 22.65840721130371 4 6.3680925369262695 1.032467246055603 24.923254013061523 12.073410034179688
5 57.27971267700195 76.0598373413086 102.33049011230469 105.83948516845703 1 59.321224212646484 54.12282180786133 106.32159423828125 75.42989349365234
5 2.674880027770996 3.178971290588379 33.52676773071289 17.422565460205078 2 3.8412787914276123 17.341632843017578 35.66838836669922 33.92790603637695
3 47.845401763916016 0.0 79.65522766113281 7.916951656341553 9 32.350101470947266 0.0 96.71900177001953 32.8226318359375 3 41.006038665771484 0.0 87.8104248046875 15.280814170837402
2 5.308078765869141 22.084135055541992 30.814294815063477 35.50906753540039 2 8.34852409362793 9.1785306930542 31.263999938964844 21.589889526367188
2 3.8001246452331543 16.62778663635254 30.152996063232422 30.286842346191406
7 24.74530792236328 33.93860626220703 62.184471130371094 55.583457946777344 8 23.334178924560547 56.579837799072266 64.84405517578125 79.01303100585938 4 26.79266357421875 14.863794326782227 65.98906707763672 34.48649215698242
1 60.01769256591797 38.79497528076172 97.34732818603516 61.40726852416992
1 10.512696266174316 5.799821853637695 61.068382263183594 27.799774169921875
1 24.26770782470703 1.3449013233184814 46.97039794921875 12.90018367767334 3 22.09498405456543 23.382732391357422 44.407135009765625 38.266387939453125
4 6.338348865509033 13.295308113098145 27.48357582092285 26.033607482910156 1 7.14369010925293 13.53229808807373 27.408428192138672 25.020145416259766 6 5.840970039367676 12.968728065490723 26.55716323852539 25.8002986907959
1 9.191917419433594 15.411322593688965 41.515380859375 27.372419357299805 8 10.433273315429688 28.94304084777832 43.01169204711914 43.162349700927734
8 11.679647445678711 18.5589542388916 48.26572799682617 39.49885177612305 1 11.76488971710205 3.7683370113372803 47.87230682373047 19.13675880432129
4 10.604551315307617 18.290178298950195 41.24610137939453 38.070770263671875 5 10.11362075805664 0.6953505277633667 41.19109344482422 18.63274383544922
2 40.64133834838867 72.17915344238281 98.93706512451172 113.76937103271484 3 44.67721176147461 29.812164306640625 100.97041320800781 67.2252426147461 5 41.891319274902344 25.885135650634766 104.46675109863281 67.13368225097656
5 45.340721130371094 54.713321685791016 81.59107971191406 78.23745727539062
4 16.501930236816406 45.50832748413086 43.81862258911133 61.32262420654297 8 17.493999481201172 59.67853546142578 45.31844711303711 76.81958770751953
1 42.81659698486328 52.99502944946289 90.324951171875 73.87162780761719 1 41.020381927490234 26.887428283691406 90.3657455444336 50.80982208251953 3 41.83134841918945 74.59514617919922 90.7845230102539 105.26172637939453
2 28.393943786621094 46.69309997558594 57.143943786621094 62.573787689208984 2 29.33051300048828 29.021411895751953 60.052860260009766 46.3945198059082
2 30.344829559326172 43.84324264526367 70.72246551513672 65.3325424194336 1 32.42266845703125 29.751434326171875 72.86917114257812 46.198707580566406
7 18.097457885742188 21.218101501464844 50.22050857543945 34.640926361083984 1 17.696216583251953 6.553792476654053 48.547420501708984 17.483911514282227
3 75.59262084960938 109.80171966552734 117.5919418334961 129.2783660888672 7 74.43228149414062 109.73890686035156 116.37165069580078 130.2816162109375 0 74.595947265625 100.0189437866211 115.1079330444336 124.96512603759766
9 6.439095973968506 0.6591272354125977 30.14751625061035 15.046399116516113
4 5.120018005371094 10.128079414367676 27.04415512084961 23.08492660522461
0 34.748294830322266 60.69407653808594 71.05165100097656 82.8747329711914 6 26.220651626586914 85.01142883300781 63.84939193725586 112.98782348632812 5 17.260465621948242 84.547607421875 64.53394317626953 116.57230377197266
2 29.626628875732422 26.994667053222656 105.15939331054688 74.28861999511719 0 24.802534103393555 71.33903503417969 96.5843276977539 120.59759521484375
9 36.620765686035156 37.68220901489258 98.9384765625 88.60648345947266 6 33.295921325683594 36.15275955200195 91.7639389038086 85.90138244628906 0 36.9124870300293 39.994049072265625 90.38743591308594 78.18595886230469
9 44.620689392089844 8.837357521057129 75.16291809082031 26.52715492248535
2 5.78334379196167 3.306532621383667 28.245424270629883 18.470748901367188
2 34.91650390625 42.99058532714844 91.02251434326172 72.81908416748047 7 34.08671188354492 72.14268493652344 87.52103424072266 102.73770904541016
6 11.612969398498535 5.447066783905029 40.771297454833984 19.161640167236328 8 10.771320343017578 15.74044418334961 43.527259826660156 29.900205612182617 1 10.518861770629883 2.0411763191223145 43.58235168457031 14.463802337646484
6 11.86902141571045 51.86007308959961 34.7946662902832 64.82556915283203
8 7.690720081329346 21.783855438232422 25.455717086791992 33.32972717285156
6 28.82764434814453 3.8811850547790527 50.67798614501953 17.889516830444336
2 14.309891700744629 17.134777069091797 40.72220230102539 33.531883239746094 0 14.992610931396484 32.58245849609375 39.957130432128906 49.05590057373047
3 42.841251373291016 12.268433570861816 78.59943389892578 35.370704650878906 8 42.23539352416992 42.624000549316406 76.82646942138672 65.26866149902344
2 10.484344482421875 9.357664108276367 56.976959228515625 33.9232292175293 4 11.164727210998535 33.78807067871094 56.567359924316406 56.19107437133789
4 95.19490814208984 62.37769317626953 149.102783203125 102.8929443359375 4 93.80989837646484 77.72895050048828 145.61471557617188 122.0901870727539 7 87.26366424560547 74.70124053955078 147.2725067138672 122.32279968261719
4 31.696271896362305 80.16557312011719 72.7839584350586 102.62907409667969 3 29.479534149169922 57.656455993652344 70.08354187011719 79.27069091796875 2 29.44773292541504 79.22607421875 70.33048248291016 99.98494720458984
2 11.989144325256348 13.510932922363281 29.837818145751953 24.1777400970459 8 7.9030914306640625 24.514745712280273 25.785667419433594 35.14348602294922
4 19.844533920288086 31.7291316986084 42.51762390136719 45.944026947021484
4 18.65724754333496 27.37180519104004 50.34807205200195 43.81313705444336 3 14.975147247314453 13.651989936828613 47.02779769897461 28.175561904907227
4 6.177799224853516 15.194610595703125 27.241344451904297 27.316905975341797 2 6.752074718475342 25.54281234741211 25.33073616027832 34.4891242980957
5 3.918959379196167 11.179726600646973 22.500709533691406 23.065994262695312
5 25.526409149169922 10.053956031799316 80.25885009765625 41.061519622802734 1 19.140766143798828 39.592857360839844 69.38894653320312 59.568153381347656
6 43.75617218017578 46.86383056640625 111.46551513671875 100.0474853515625 9 44.17490768432617 50.632442474365234 108.46992492675781 97.12751007080078 7 48.90446090698242 11.008978843688965 147.02377319335938 37.21812057495117
0 12.17071533203125 46.521060943603516 49.395408630371094 66.0 3 13.719476699829102 24.984588623046875 52.80575942993164 46.14753341674805 5 12.775491714477539 22.406347274780273 53.258113861083984 45.08127212524414
8 6.319025039672852 14.2902193069458 37.32426071166992 30.93207550048828 5 7.566993236541748 0.0 37.84415817260742 14.099664688110352
6 26.234102249145508 23.30679702758789 73.87739562988281 57.887081146240234
5 27.544885635375977 50.558082580566406 68.09440612792969 72.7957763671875 5 27.767057418823242 9.970568656921387 65.4431381225586 31.240488052368164 9 25.159942626953125 32.803504943847656 66.36373901367188 51.35118865966797
0 39.98325729370117 50.755733489990234 70.1081771850586 70.96900177001953 3 43.00904083251953 15.334617614746094 93.61041259765625 40.76732635498047 6 38.26637268066406 49.78034973144531 66.47109985351562 70.2286605834961
4 11.634127616882324 16.89915657043457 39.9227180480957 34.75115966796875 3 9.867894172668457 28.607318878173828 37.325252532958984 43.22153854370117
1 92.44569396972656 74.04927825927734 196.71856689453125 121.79558563232422 1 45.124019622802734 90.70051574707031 187.1292266845703 151.74624633789062 7 90.76335144042969 69.08856201171875 203.27145385742188 125.8238754272461
0 28.276050567626953 33.5208740234375 82.45922088623047 60.5318489074707 1 28.835617065429688 10.343816757202148 81.28191375732422 34.80091094970703
2 22.298208236694336 13.13160228729248 44.107398986816406 27.89375114440918
2 1.8320012092590332 2.83785343170166 19.19428062438965 14.106378555297852
2 20.905567169189453 36.28432846069336 48.43729019165039 52.663818359375 7 10.978002548217773 17.540525436401367 36.920814514160156 34.08092498779297
3 80.3230972290039 27.570022583007812 143.88658142089844 59.16569137573242 2 80.50798034667969 24.49036979675293 145.32774353027344 56.334835052490234 4 81.61487579345703 24.02861976623535 135.27748107910156 56.08012390136719
4 38.113121032714844 51.00429916381836 87.71562957763672 87.76359558105469 8 13.911041259765625 78.05555725097656 33.226871490478516 96.72077941894531 9 14.445374488830566 80.125244140625 33.61803436279297 95.23893737792969
3 9.871402740478516 17.51858901977539 44.17426681518555 34.94898986816406
2 6.810897350311279 9.276098251342773 38.25961685180664 28.428260803222656 8 8.542167663574219 27.278799057006836 37.94157409667969 46.825050354003906
3 44.60292053222656 13.711740493774414 83.51526641845703 38.810279846191406 6 49.3714599609375 40.12355041503906 89.67731475830078 62.55186462402344
8 12.39905834197998 29.046459197998047 32.977943420410156 42.81844711303711 9 11.37527084350586 28.978588104248047 34.88243103027344 43.83619689941406 6 12.176756858825684 29.49758529663086 32.4375 43.08047103881836
2 38.58904266357422 33.219112396240234 76.44794464111328 58.13859176635742
3 9.974760055541992 25.921550750732422 56.58210754394531 50.71620559692383
3 6.301008701324463 7.9523725509643555 28.120859146118164 19.857135772705078
2 77.02896118164062 6.368716716766357 130.09107971191406 49.677066802978516 5 67.82122039794922 42.252803802490234 131.50637817382812 85.64705657958984
5 10.797826766967773 18.119522094726562 62.43683624267578 53.56162643432617
0 12.697994232177734 69.05689239501953 95.73965454101562 104.50859832763672
9 18.612516403198242 0.0 67.16127014160156 38.6253547668457 0 21.863161087036133 0.0 73.60638427734375 46.02899932861328 6 17.2092227935791 0.0 65.40962982177734 42.800880432128906
2 51.41374588012695 34.47943115234375 76.82691955566406 47.201560974121094 2 51.363548278808594 26.316089630126953 79.48617553710938 40.20649719238281 3 50.395145416259766 6.054714679718018 79.2820816040039 25.696142196655273
3 32.99671936035156 0.882205605506897 63.23828887939453 15.860006332397461 2 30.724130630493164 10.65242862701416 63.92142105102539 27.00349998474121 3 18.671175003051758 1.7683967351913452 61.363807678222656 26.3173770904541
2 13.202474594116211 4.547046661376953 35.1977424621582 17.521942138671875 7 11.66543197631836 18.544504165649414 34.87700271606445 31.072214126586914
7 31.721893310546875 43.87740707397461 56.45703125 57.30350112915039
2 10.3294038772583 13.311738014221191 30.899932861328125 24.814664840698242 5 11.186912536621094 23.937498092651367 30.665205001831055 36.40644073486328
3 8.54193115234375 8.928030014038086 31.330705642700195 21.282316207885742 3 9.313566207885742 20.168441772460938 34.214820861816406 33.66929244995117
1 9.014097213745117 34.38838195800781 44.021549224853516 47.267417907714844
0 9.164329528808594 35.79981231689453 42.195960998535156 50.84376525878906 3 9.57677173614502 12.349623680114746 43.84529113769531 26.779659271240234 7 10.289837837219238 26.476457595825195 41.7384147644043 37.16796112060547
9 8.58151626586914 23.327316284179688 29.18409538269043 35.32561492919922 1 9.13635540008545 13.93682861328125 31.104223251342773 25.14485740661621
5 7.837982177734375 2.040371894836426 29.32734489440918 14.733797073364258
8 10.252642631530762 23.573001861572266 35.494197845458984 38.123416900634766
2 5.053568363189697 20.79265022277832 33.15250015258789 33.99429702758789 9 3.5294342041015625 6.541200160980225 30.249483108520508 19.930017471313477
1 9.410917282104492 14.016217231750488 39.32674789428711 25.940319061279297 0 8.863253593444824 23.594701766967773 39.75675964355469 42.730735778808594
3 21.148426055908203 7.317709445953369 51.99412536621094 26.498779296875 4 22.87891387939453 8.461605072021484 49.59019088745117 27.036846160888672 2 24.819297790527344 11.334423065185547 50.585105895996094 24.37974739074707
2 10.378947257995605 0.43784958124160767 32.203094482421875 13.644349098205566 3 12.021322250366211 11.470329284667969 37.83122253417969 24.638317108154297
0 8.58322525024414 29.825759887695312 43.5980110168457 45.175743103027344 6 11.535446166992188 19.080150604248047 43.61925506591797 32.86498260498047
9 58.173282623291016 45.784629821777344 108.11136627197266 84.96190643310547 4 100.42691040039062 131.505859375 178.97970581054688 187.01707458496094 6 57.33552932739258 42.888362884521484 106.45606994628906 84.79125213623047
8 22.60428237915039 2.553170680999756 56.69691467285156 19.083179473876953 9 21.14382553100586 2.6900527477264404 58.1563720703125 21.31598663330078 6 18.906774520874023 1.622370719909668 55.87335968017578 21.05670738220215
8 14.590559959411621 18.917011260986328 79.62460327148438 44.82074737548828
4 12.543667793273926 112.12461853027344 108.13789367675781 146.77090454101562 8 126.7459487915039 147.78414916992188 195.0 179.6755828857422 2 91.61738586425781 111.04987335205078 106.93338012695312 126.40093994140625
3 18.418596267700195 42.663333892822266 44.16717529296875 58.29970932006836 6 17.423126220703125 57.181190490722656 45.10787582397461 74.10782623291016 8 19.548938751220703 57.32138442993164 44.98856735229492 73.83401489257812
7 6.476694583892822 21.342519760131836 29.914880752563477 35.03728103637695 5 11.214223861694336 9.340542793273926 31.46684455871582 22.29860496520996
3 15.127761840820312 10.054558753967285 41.7319221496582 25.386945724487305
2 39.373558044433594 81.82289123535156 99.83438110351562 115.22598266601562 9 27.678491592407227 110.90281677246094 82.5644302368164 143.445068359375
8 13.492125511169434 22.591917037963867 37.868980407714844 33.928287506103516 1 12.1427583694458 16.884483337402344 37.037418365478516 25.867233276367188
5 6.224465847015381 16.50675392150879 31.73456573486328 29.971235275268555 4 8.117405891418457 6.135848522186279 31.133169174194336 18.592636108398438
3 7.480201721191406 24.193334579467773 41.85920333862305 42.16826629638672 4 9.624364852905273 2.174405574798584 44.266197204589844 21.375465393066406 7 3.8473849296569824 1.0640512704849243 42.38771057128906 21.72232437133789
2 186.5296173095703 219.32872009277344 254.91725158691406 280.2557373046875 4 196.13072204589844 218.0238494873047 251.46568298339844 278.9156188964844 4 47.164398193359375 43.252132415771484 203.0432891845703 141.81381225585938
1 11.690994262695312 9.222339630126953 32.83930587768555 21.065895080566406 5 11.250907897949219 19.045915603637695 31.53119659423828 32.29114532470703 3 10.253398895263672 20.469528198242188 32.100563049316406 32.2296142578125
3 7.629185199737549 22.641328811645508 30.391904830932617 34.90498733520508
3 15.49891185760498 48.17852783203125 64.35662841796875 74.3559341430664
3 12.83578109741211 18.30635643005371 36.32761001586914 33.03079605102539 2 11.72999095916748 0.712462842464447 34.39670944213867 15.232196807861328
1 92.59414672851562 22.640869140625 146.45091247558594 52.23749542236328
4 19.87082862854004 34.78891372680664 84.90217590332031 66.31753540039062 4 21.24203109741211 1.7944632768630981 86.31529998779297 36.541046142578125 3 16.968931198120117 62.25060272216797 79.89035034179688 98.41885375976562
4 8.618797302246094 1.0907809734344482 29.945171356201172 15.206068992614746 8 6.327619552612305 15.465124130249023 29.477230072021484 31.180343627929688
2 22.553518295288086 28.90264320373535 41.93587112426758 39.23560333251953 8 23.863849639892578 38.336124420166016 41.84407043457031 52.418636322021484
3 49.829227447509766 71.61190795898438 87.28240203857422 94.75065612792969 8 50.086280822753906 71.85443878173828 89.07379150390625 95.06595611572266 9 52.175758361816406 73.82655334472656 89.70661163330078 96.14950561523438
3 8.218679428100586 20.160335540771484 35.295387268066406 38.703453063964844 7 8.00119686126709 1.481430172920227 35.63999938964844 17.64931869506836
2 17.103466033935547 27.633569717407227 54.013885498046875 54.00125503540039
2 10.756263732910156 23.222576141357422 38.29633331298828 37.01630401611328 2 11.556464195251465 34.36833190917969 36.45077896118164 46.8453369140625
4 34.40748977661133 54.6309814453125 60.64521789550781 72.05149841308594 6 9.390802383422852 55.800315856933594 31.128944396972656 72.40231323242188 9 38.96831512451172 36.39585494995117 61.90888595581055 54.196380615234375
4 55.160343170166016 142.6236114501953 137.60647583007812 209.4379425048828 1 120.65910339355469 55.9370002746582 186.6018829345703 112.41541290283203 1 145.4271240234375 35.05312728881836 192.21604919433594 71.8609390258789
3 29.324993133544922 33.948570251464844 59.39727783203125 53.023048400878906 3 27.4754695892334 52.3785285949707 57.47550582885742 72.72454071044922
9 24.44147300720215 7.866148471832275 73.04899597167969 49.95619201660156
2 28.46843147277832 36.18471145629883 65.37867736816406 52.495662689208984 3 27.159143447875977 53.611122131347656 68.04190826416016 69.99431610107422 7 31.112552642822266 65.90988159179688 68.53262329101562 82.51144409179688
5 37.31835174560547 21.775171279907227 59.447940826416016 36.24713134765625 2 35.277740478515625 8.706111907958984 58.35251998901367 22.62407112121582
5 60.22102355957031 105.8000259399414 111.98062896728516 131.3306121826172 7 65.33798217773438 106.9720230102539 107.53298950195312 129.29266357421875 1 77.88175964355469 107.33493041992188 110.12754821777344 127.96379089355469
6 15.063600540161133 73.2200927734375 70.3526840209961 108.13406372070312 2 28.827533721923828 45.19063186645508 81.09931182861328 77.5680923461914 0 44.418739318847656 22.87370491027832 98.47467803955078 52.77013397216797
0 15.676387786865234 33.44047164916992 37.32500076293945 46.69136047363281
4 25.36568260192871 21.511152267456055 54.335548400878906 39.14260482788086 8 23.384336471557617 49.897579193115234 52.83510971069336 67.73917388916016 8 24.15474510192871 36.24863815307617 53.87807846069336 51.85963439941406
4 33.27611541748047 66.54864501953125 112.92329406738281 121.01567840576172
2 20.18143653869629 23.59886932373047 50.50814437866211 40.08209228515625 2 19.927471160888672 7.075839519500732 50.08506393432617 24.284997940063477 8 19.73169708251953 39.36852264404297 50.81385040283203 55.3026123046875
1 23.138574600219727 0.6845884323120117 59.60866928100586 15.138167381286621 6 22.50499153137207 12.504512786865234 57.67732238769531 31.7703914642334
4 4.114785671234131 13.060113906860352 22.340909957885742 23.73677635192871
1 12.352320671081543 28.43923568725586 57.95804977416992 48.4550895690918
2 9.62774658203125 3.339062213897705 42.586387634277344 20.156137466430664 0 8.945138931274414 33.06695556640625 41.756229400634766 49.56315994262695 7 8.415946960449219 17.890159606933594 40.12683868408203 33.985984802246094
4 11.712406158447266 6.760326385498047 31.80527687072754 20.154443740844727
8 145.9452362060547 28.808677673339844 187.6780548095703 63.53919982910156 3 145.8440399169922 30.229949951171875 186.014404296875 61.35450744628906 6 150.0389862060547 30.51860809326172 186.57363891601562 58.81201171875
2 23.796417236328125 4.637217998504639 55.228118896484375 21.536531448364258 6 22.387590408325195 22.61978530883789 53.89887237548828 39.47940444946289
4 4.166576385498047 13.662501335144043 27.639802932739258 28.04244041442871
2 19.197511672973633 31.06878089904785 43.0882568359375 44.81391525268555 2 20.18961524963379 17.286474227905273 46.25711441040039 31.090988159179688 1 20.10146141052246 4.583001613616943 46.30710983276367 17.89511489868164
8 114.6496810913086 67.52864837646484 194.7543487548828 110.34619903564453
4 7.255066871643066 19.215803146362305 33.88269805908203 35.06277084350586 9 6.992420673370361 3.0038020610809326 35.787723541259766 19.048704147338867
6 7.6465888023376465 19.240304946899414 28.917871475219727 32.83987808227539 2 8.516461372375488 30.29807472229004 28.832401275634766 45.220428466796875
5 5.256776809692383 21.489543914794922 35.99637985229492 39.06425094604492
5 29.38128662109375 51.735877990722656 73.12166595458984 74.11450958251953
3 14.697324752807617 2.711794853210449 34.60635757446289 16.48944854736328 9 11.52736759185791 2.0369997024536133 36.24688720703125 17.891321182250977 8 13.800053596496582 2.3454551696777344 35.413875579833984 16.59901237487793
5 33.41934585571289 35.66128158569336 88.07682800292969 62.11781311035156 6 26.49225616455078 27.982942581176758 90.34590148925781 67.7583236694336 3 27.922182083129883 36.305908203125 84.22528076171875 63.7984619140625
2 46.7805290222168 22.48447608947754 79.29356384277344 40.15055465698242 2 45.58002471923828 2.534372091293335 78.69658660888672 21.035198211669922
1 19.487585067749023 31.990358352661133 58.01496505737305 53.2876091003418 9 13.647884368896484 52.51713180541992 60.09897994995117 80.4688491821289
9 7.543486595153809 15.852898597717285 32.6506462097168 33.08565902709961 7 7.656803607940674 2.3093600273132324 35.71234130859375 17.48340606689453
2 13.76097583770752 2.5885727405548096 41.102108001708984 18.691755294799805 8 14.985132217407227 18.69281005859375 40.25397491455078 32.67914581298828
3 3.770601749420166 5.202022075653076 25.48134422302246 19.22513771057129
4 23.75980567932129 17.73726463317871 46.92191696166992 34.57788848876953 8 26.071147918701172 3.42997670173645 49.76390838623047 18.558334350585938
1 10.189685821533203 31.84575653076172 33.23455047607422 42.293792724609375 5 10.939708709716797 2.3603897094726562 33.827091217041016 16.741531372070312 5 10.26274585723877 17.82038116455078 33.06179428100586 31.253314971923828
2 6.7860822677612305 0.7661463618278503 34.528038024902344 14.321474075317383
8 0.7322370409965515 6.710227012634277 35.19561004638672 26.535429000854492 1 1.4298951625823975 27.303037643432617 34.509185791015625 40.40609359741211
6 5.695320129394531 0.8445246815681458 27.351743698120117 14.066861152648926 5 6.053138256072998 18.667539596557617 26.59687042236328 31.758054733276367
5 6.883890151977539 18.648046493530273 28.525096893310547 30.9628849029541
2 7.769321441650391 2.1377382278442383 27.82808494567871 16.486438751220703
7 13.747435569763184 45.07978057861328 41.28777313232422 64.92898559570312
4 33.83107376098633 10.328532218933105 59.16208267211914 26.138294219970703 6 34.820762634277344 27.10663604736328 64.40013885498047 42.63197708129883
1 119.78075408935547 0.5465596318244934 241.55142211914062 38.8670654296875 4 64.37300872802734 33.61194610595703 222.0649871826172 106.47698974609375 2 52.85042953491211 12.532963752746582 222.85621643066406 105.29454040527344
2 29.582021713256836 21.23453140258789 62.30024337768555 41.07262420654297 4 24.429859161376953 41.76211929321289 58.347991943359375 60.650917053222656 0 22.32314682006836 59.930301666259766 57.58292007446289 79.04496765136719
2 30.410642623901367 29.140193939208984 57.89639663696289 46.27752685546875
1 38.135128021240234 6.0033745765686035 126.9066390991211 46.07268524169922 4 44.406986236572266 0.0 123.33313751220703 51.72316360473633 4 91.49996948242188 106.29396057128906 171.62550354003906 151.3755645751953
4 36.078128814697266 31.08303451538086 75.7181396484375 57.77578353881836
2 14.822354316711426 3.286404609680176 75.96817016601562 44.207603454589844 0 29.17116928100586 46.159339904785156 64.79938507080078 71.84127044677734 9 29.601430892944336 45.797481536865234 68.42135620117188 72.38941192626953
1 15.793147087097168 13.749614715576172 72.99515533447266 41.908905029296875 1 26.00637435913086 66.62599182128906 114.56362915039062 95.6843490600586
2 60.57786560058594 35.502418518066406 102.1094970703125 59.07510757446289 0 61.95144271850586 59.92061996459961 101.16970825195312 80.33234405517578
3 10.373191833496094 10.031972885131836 40.726863861083984 30.82626724243164
7 18.035879135131836 2.468597173690796 43.62704849243164 15.325124740600586 8 18.148229598999023 15.071029663085938 42.7780876159668 29.509626388549805
4 12.29661750793457 11.280647277832031 43.10401153564453 39.185150146484375 6 12.536436080932617 10.150634765625 49.57502746582031 37.57927322387695 8 15.999383926391602 10.339756965637207 47.558109283447266 36.975833892822266
8 43.31895065307617 62.31023406982422 73.1519546508789 82.4897232055664 1 8.963184356689453 18.681425094604492 40.53603744506836 33.188499450683594 0 25.426101684570312 38.262882232666016 58.37206268310547 59.27378845214844
9 28.930517196655273 61.15972137451172 51.46442413330078 76.16903686523438
3 36.42519760131836 35.58221435546875 74.8963623046875 56.4527473449707
2 53.3846321105957 53.01012420654297 75.56664276123047 68.12678527832031 1 53.63530731201172 39.413944244384766 76.83800506591797 51.770240783691406
3 32.34598159790039 69.36530303955078 71.33306121826172 92.81898498535156 5 38.391353607177734 71.60323333740234 72.41594696044922 92.6874008178711 6 42.116676330566406 74.59117889404297 69.11396789550781 89.21184539794922
6 46.51474380493164 84.97879028320312 99.09662628173828 111.97554779052734
8 16.684587478637695 44.717811584472656 45.027923583984375 64.14457702636719 2 17.65841293334961 29.087671279907227 47.30140686035156 46.57635498046875
1 20.647552490234375 20.910831451416016 59.495269775390625 34.87132263183594 4 15.235179901123047 34.07958221435547 57.614871978759766 52.85175704956055 9 13.205952644348145 51.335567474365234 54.69416809082031 71.52911376953125
5 13.37583065032959 54.88400650024414 48.0380744934082 77.1973876953125 5 32.93488693237305 7.991255283355713 66.92060852050781 29.40011978149414 5 20.470752716064453 32.23147201538086 56.349281311035156 52.0234375
8 11.130078315734863 10.257195472717285 38.66550064086914 26.296823501586914 5 11.631805419921875 25.588333129882812 38.49912643432617 43.26472473144531
1 69.92342376708984 24.767513275146484 114.8345718383789 47.012054443359375
9 0.8800502419471741 45.835182189941406 62.41494369506836 75.47210693359375
7 52.94913864135742 40.61904525756836 83.28516387939453 59.933528900146484 4 51.736167907714844 23.623464584350586 81.87118530273438 43.05207443237305
1 6.586746692657471 4.98176908493042 30.756103515625 16.49688720703125 5 6.610713958740234 15.355067253112793 30.804075241088867 29.92403793334961
0 11.22476577758789 19.25592041015625 32.61049270629883 33.49886703491211 1 10.215550422668457 10.326305389404297 31.903823852539062 20.296865463256836
2 49.954246520996094 60.032283782958984 104.97745513916016 86.07074737548828 3 42.06509017944336 102.63800048828125 97.26097106933594 128.6339569091797
2 41.697200775146484 26.589521408081055 69.51509094238281 40.44551086425781 3 36.80662155151367 32.07963180541992 71.73028564453125 49.793643951416016 2 38.06813430786133 15.022525787353516 72.04383087158203 36.3871955871582
1 19.780635833740234 33.6551399230957 45.83781433105469 45.40653610229492 1 21.4353084564209 26.378704071044922 46.45585250854492 40.681556701660156 6 20.516056060791016 46.96193313598633 45.026493072509766 60.83121871948242
2 7.027190685272217 21.63976287841797 26.404489517211914 35.07718276977539 2 6.068972110748291 11.017251014709473 27.740583419799805 22.804134368896484
1 39.04434585571289 9.979369163513184 72.83082580566406 27.352794647216797 5 29.82716178894043 33.37775421142578 63.95012664794922 52.27808380126953 5 33.48164367675781 8.940653800964355 71.84464263916016 33.94383239746094
9 6.1128692626953125 7.919381141662598 25.964155197143555 21.98745346069336
1 15.280438423156738 51.448631286621094 93.88139343261719 95.47550964355469 6 121.68496704101562 64.57341003417969 201.11111450195312 108.71875 7 92.08338928222656 200.60321044921875 240.96775817871094 261.8575439453125
6 4.098520755767822 5.7191162109375 28.054241180419922 19.86992073059082
7 14.320616722106934 19.09124183654785 35.29100036621094 32.86955642700195
6 19.4278507232666 52.893821716308594 76.79251861572266 90.45146179199219 2 67.57524108886719 52.63957977294922 117.65768432617188 76.46142578125 8 79.16362762451172 71.76416015625 117.167724609375 90.66898345947266
2 5.895068645477295 1.544205665588379 31.484825134277344 17.720382690429688 3 5.741554260253906 18.099163055419922 30.389110565185547 33.18534469604492
9 8.821133613586426 8.411860466003418 29.58165740966797 20.144758224487305 7 7.475126266479492 20.20400047302246 28.782258987426758 31.942434310913086
6 16.92755699157715 70.4542465209961 59.67782211303711 95.61708068847656 1 20.443286895751953 59.449039459228516 61.06818771362305 76.18292236328125
2 27.008010864257812 51.0255126953125 68.43035125732422 71.062744140625 7 25.939271926879883 15.571206092834473 68.40038299560547 35.2503776550293 3 24.778596878051758 34.24484634399414 68.36113739013672 52.94084167480469
9 10.331494331359863 14.979092597961426 33.469810485839844 28.066444396972656 2 9.392616271972656 27.792770385742188 34.13621520996094 42.27414321899414 1 9.504607200622559 3.150714159011841 33.14286804199219 14.481492042541504
3 25.181291580200195 32.8677864074707 63.19205093383789 58.234947204589844 3 25.032011032104492 38.34930419921875 78.37631225585938 75.4318618774414
9 7.384373188018799 38.6895751953125 44.176963806152344 55.9021110534668 3 11.05274772644043 22.534427642822266 46.53496170043945 39.42671585083008 5 12.436495780944824 3.523643970489502 47.1303596496582 23.431013107299805
6 11.161828994750977 4.556681156158447 34.75794982910156 17.621915817260742 7 12.131975173950195 16.73263168334961 35.97591018676758 27.373634338378906
6 29.06363868713379 25.396289825439453 68.21768951416016 52.454856872558594
8 8.105649948120117 9.171764373779297 32.261627197265625 22.51544952392578
4 20.69977378845215 5.763370990753174 175.18289184570312 78.76707458496094
1 72.62503814697266 27.20720672607422 221.35629272460938 89.0008316040039 1 68.42798614501953 81.7785415649414 207.12472534179688 139.27740478515625 1 0.0 200.3095245361328 97.94231414794922 285.5191650390625
5 5.552913188934326 34.31980895996094 33.21112060546875 50.509033203125 3 6.11607551574707 18.3717041015625 36.448326110839844 32.32010269165039
7 89.05239868164062 92.57209014892578 121.98271942138672 110.05247497558594
5 7.267826557159424 7.270657062530518 27.47130584716797 17.7689151763916
2 73.36902618408203 19.873760223388672 111.1651382446289 40.30842208862305
2 23.104747772216797 9.174182891845703 53.07510757446289 24.290781021118164 2 22.620376586914062 22.07151985168457 52.06698989868164 35.10352325439453
6 20.63688087463379 54.13245391845703 54.32067108154297 68.62435913085938 7 21.61155128479004 42.049598693847656 56.48649978637695 54.62873077392578 7 20.87256622314453 30.963623046875 55.01678466796875 46.15764236450195
4 7.653534889221191 12.703264236450195 28.765460968017578 26.74701690673828 1 5.4893879890441895 4.0856757164001465 30.74300765991211 14.464659690856934
2 5.674099922180176 4.221631050109863 22.859315872192383 14.408089637756348 6 4.488637447357178 14.201272964477539 22.51800537109375 24.60733985900879
2 78.49435424804688 118.93867492675781 127.89470672607422 150.4031524658203 1 71.7270736694336 97.11309814453125 127.90808868408203 124.90436553955078
1 15.719738006591797 45.341346740722656 43.18995666503906 60.30891799926758 2 13.850510597229004 61.206565856933594 41.079246520996094 76.76007080078125
4 6.609706401824951 17.864112854003906 28.639507293701172 32.35005187988281 9 5.4466166496276855 3.277275562286377 28.099197387695312 17.940196990966797
6 80.46919250488281 86.22198486328125 167.85479736328125 144.93702697753906 9 88.3232421875 92.72986602783203 170.83531188964844 143.94821166992188 8 81.15660858154297 86.1380386352539 170.2025909423828 141.5450897216797
8 5.035356521606445 12.660907745361328 29.728103637695312 28.116241455078125
2 15.17005729675293 58.4235725402832 52.63115310668945 76.1834716796875 2 17.08759117126465 40.59357452392578 56.05356216430664 59.467445373535156
7 10.860944747924805 16.80830192565918 32.079532623291016 31.03434944152832 9 11.867447853088379 4.644007682800293 31.50658416748047 16.931806564331055
6 31.871950149536133 35.3614616394043 96.8317642211914 72.89495849609375 8 26.873353958129883 70.40837097167969 89.04452514648438 111.89212799072266
1 76.75750732421875 4.825425148010254 120.52173614501953 26.079498291015625 8 77.16566467285156 28.05366325378418 118.999755859375 52.27265930175781
5 12.672778129577637 32.32738494873047 70.73822784423828 61.523868560791016 3 19.29261016845703 3.9792377948760986 77.15170288085938 33.80327606201172
2 17.61949348449707 13.579994201660156 37.40443420410156 28.712844848632812
9 4.358784198760986 5.077270984649658 27.890905380249023 18.977006912231445
9 24.769123077392578 44.855525970458984 73.31446075439453 74.93714904785156 1 34.488258361816406 27.056604385375977 84.72454071044922 48.6280632019043 5 48.68170928955078 2.138340473175049 95.91524505615234 31.343280792236328
7 38.92481994628906 66.0567398071289 76.68720245361328 89.53682708740234
5 4.779722690582275 3.3951051235198975 25.146772384643555 15.872623443603516 1 5.260859489440918 14.23059368133545 25.994853973388672 23.974702835083008
9 42.85401153564453 64.57238006591797 89.68467712402344 104.08245086669922 0 39.43971633911133 64.23240661621094 84.06351470947266 102.65483093261719 2 40.62261962890625 65.658203125 96.40396881103516 103.39032745361328
4 28.137269973754883 36.20720291137695 54.27318572998047 49.04330825805664 1 29.931734085083008 24.24602508544922 57.720359802246094 37.05278778076172 4 25.96144676208496 47.678253173828125 51.764102935791016 62.175132751464844
5 13.214030265808105 16.5152645111084 39.284358978271484 34.08417510986328 5 11.966561317443848 34.48618698120117 38.402557373046875 54.44807052612305
4 33.3860969543457 93.45612335205078 113.11204528808594 141.9698486328125 1 44.037757873535156 63.97442626953125 125.2027359008789 103.24937438964844 3 53.904945373535156 34.944725036621094 137.62319946289062 76.4083480834961
6 4.779080390930176 3.8932411670684814 36.178916931152344 26.74809455871582
3 12.763352394104004 14.370843887329102 35.54977035522461 28.404163360595703 4 15.23939323425293 2.8172338008880615 35.36797332763672 15.212738990783691
2 10.833171844482422 2.5101687908172607 36.796382904052734 20.22251319885254 4 11.164684295654297 16.906293869018555 36.708534240722656 31.574726104736328 3 12.380669593811035 29.040746688842773 36.629615783691406 45.30165100097656
2 8.109917640686035 14.741729736328125 31.213478088378906 29.405181884765625 0 8.956541061401367 30.450897216796875 29.760948181152344 45.479862213134766
2 9.665350914001465 12.270556449890137 29.858888626098633 24.325841903686523 9 8.334304809570312 25.15850257873535 27.1302547454834 36.96965408325195
6 14.910527229309082 12.128265380859375 38.83024215698242 28.952001571655273
7 8.234816551208496 28.440921783447266 47.936134338378906 51.94776153564453
4 13.428838729858398 5.966195583343506 45.546226501464844 25.14358139038086 5 12.392867088317871 27.416154861450195 41.60305404663086 44.954742431640625
4 29.5949764251709 24.289581298828125 127.95480346679688 97.10711669921875 1 104.89558410644531 6.104459762573242 137.63726806640625 29.08692741394043 8 103.55561065673828 9.60543155670166 135.7346649169922 34.4444580078125
7 9.34093189239502 35.98862838745117 30.783662796020508 47.17411804199219 2 9.561671257019043 21.706871032714844 30.678136825561523 35.00475311279297
4 3.5834457874298096 4.298027992248535 21.653074264526367 17.840280532836914
1 54.39883804321289 20.259788513183594 108.36467742919922 46.544986724853516
8 20.083152770996094 49.436248779296875 67.36380767822266 70.9027099609375 1 23.991283416748047 10.272595405578613 67.79747009277344 28.142024993896484 1 14.553667068481445 30.293899536132812 68.96897888183594 48.22096252441406
6 10.768648147583008 11.588573455810547 46.656288146972656 36.81984329223633
4 9.380749702453613 13.168025970458984 36.21189498901367 28.664466857910156 4 9.907662391662598 28.12742805480957 36.85246276855469 43.14476013183594
3 11.647705078125 18.605579376220703 50.5975341796875 38.87725830078125
9 9.349483489990234 16.22751235961914 29.568954467773438 29.300037384033203 8 16.910375595092773 26.2984561920166 36.42540740966797 39.075050354003906
8 34.51150131225586 41.706844329833984 64.46693420410156 58.95669174194336
8 33.66877746582031 84.6827392578125 71.74329376220703 103.24807739257812 3 34.82234191894531 69.47418975830078 76.3246078491211 85.96705627441406
6 16.7687931060791 7.569897651672363 40.499412536621094 22.355100631713867
3 7.591355800628662 11.806990623474121 34.50908660888672 29.29327392578125
5 15.833677291870117 43.6854362487793 45.37599563598633 58.37902069091797 1 17.22731590270996 30.937427520751953 47.9718017578125 43.062713623046875
3 20.346595764160156 70.59759521484375 90.2382583618164 106.41931915283203 4 22.786418914794922 13.601123809814453 83.69989013671875 47.28096008300781
8 8.713520050048828 12.248236656188965 36.75468826293945 33.06702423095703
3 6.591788291931152 19.874643325805664 32.731815338134766 34.89486312866211 1 6.7233991622924805 8.518491744995117 33.5052604675293 20.307260513305664
2 48.25661087036133 40.264801025390625 92.0090560913086 62.96808624267578 9 49.08134460449219 20.97760772705078 90.1161880493164 44.68621826171875 4 52.75712966918945 57.38570022583008 97.55557250976562 85.57164764404297
8 2.4926087856292725 11.516765594482422 28.84189224243164 26.8984317779541
2 33.08074188232422 39.947776794433594 65.8749008178711 55.87757110595703 2 30.830995559692383 53.5837516784668 60.65969467163086 68.60028076171875 2 29.209938049316406 68.85372161865234 59.99125671386719 86.92514038085938
9 16.605342864990234 6.546632766723633 137.25637817382812 67.19429779052734 3 22.889602661132812 4.319364547729492 125.08613586425781 58.26874542236328 8 24.041240692138672 2.0442371368408203 131.8634490966797 62.09761047363281
2 7.49218225479126 13.796475410461426 32.49147415161133 26.898292541503906 7 6.332124710083008 26.552825927734375 31.338783264160156 39.203880310058594
6 9.424758911132812 32.631683349609375 43.21767807006836 53.0
1 47.91539764404297 14.709235191345215 69.58734130859375 26.724573135375977 6 48.29801940917969 24.636606216430664 68.33513641357422 37.92005157470703 1 40.19449234008789 2.7106029987335205 74.27729797363281 22.9299373626709
3 60.94694137573242 105.7912368774414 115.21885681152344 132.39044189453125 9 30.72970962524414 48.05601501464844 74.51514434814453 76.51080322265625 0 31.678810119628906 47.048038482666016 74.01080322265625 75.98636627197266
9 7.464110851287842 9.513411521911621 27.83505630493164 22.605464935302734
3 19.776134490966797 39.93206024169922 46.91891098022461 55.99696731567383 6 21.172901153564453 22.57845687866211 47.950923919677734 39.100868225097656
5 8.18978214263916 1.0926876068115234 44.64535903930664 24.511348724365234 1 7.3498711585998535 27.073463439941406 43.808631896972656 48.618682861328125
2 7.743935585021973 4.7033467292785645 44.072059631347656 27.332509994506836
5 11.986008644104004 4.42679500579834 29.96097755432129 15.010311126708984 2 9.43458366394043 13.941967964172363 34.2076301574707 27.264650344848633
2 19.043594360351562 28.661529541015625 45.88398361206055 43.41100311279297 6 18.54973793029785 16.63164520263672 44.8859748840332 30.511871337890625 3 18.510581970214844 2.8614587783813477 45.659061431884766 16.6527042388916
3 63.199806213378906 10.554247856140137 108.2409439086914 36.9130973815918 5 60.6840705871582 8.867067337036133 108.2550048828125 37.2012825012207 5 57.34797668457031 21.868894577026367 111.94857025146484 50.873775482177734
3 5.999114990234375 4.769344329833984 27.512907028198242 17.877426147460938 9 5.294426441192627 18.009475708007812 27.66904640197754 30.293594360351562
0 15.10981273651123 32.030948638916016 47.35523986816406 55.849708557128906 6 13.68053150177002 11.150697708129883 49.35708236694336 33.197994232177734
4 10.76740550994873 16.455583572387695 31.093814849853516 29.681991577148438
7 50.748477935791016 73.01637268066406 141.16754150390625 129.03675842285156 3 54.3338623046875 92.06446838378906 140.79437255859375 142.86465454101562 1 151.26406860351562 118.08882904052734 195.99188232421875 149.41519165039062
2 10.636479377746582 10.21781063079834 35.80147933959961 25.86227035522461 6 27.35240936279297 40.94288635253906 50.434478759765625 56.72993469238281 8 20.1050968170166 25.60206413269043 43.4068603515625 40.48247528076172
2 34.16508865356445 42.698089599609375 68.74747467041016 63.746700286865234 0 38.956390380859375 59.82480239868164 66.4930191040039 79.94037628173828
0 25.517677307128906 42.26043701171875 70.66203308105469 66.28733825683594 7 22.411487579345703 25.745813369750977 71.34656524658203 46.99077606201172
2 22.8349552154541 17.976943969726562 72.19033813476562 48.04462814331055 5 24.554136276245117 75.0822982788086 70.24219512939453 104.61451721191406
2 20.251142501831055 61.07691955566406 68.18399810791016 90.20838165283203 1 40.94971466064453 27.39140510559082 94.35051727294922 50.780662536621094 0 32.15947723388672 42.926002502441406 83.58268737792969 66.35005950927734
4 43.934844970703125 15.05242919921875 83.315673828125 39.877174377441406 5 44.565696716308594 37.624271392822266 82.0613021850586 57.09308624267578 6 11.886272430419922 28.245208740234375 37.21851348876953 51.24818420410156
3 4.286459922790527 4.5234527587890625 25.05241584777832 16.902225494384766 3 7.404338836669922 16.029661178588867 26.902860641479492 27.24685287475586
2 30.701175689697266 67.78145599365234 103.75560760498047 99.18268585205078
9 4.1884074211120605 13.819775581359863 26.54598045349121 29.24885368347168
2 10.828375816345215 19.461530685424805 33.957088470458984 33.5355110168457 5 10.461625099182129 32.89426803588867 31.15134620666504 45.03910446166992
2 32.189796447753906 60.16396713256836 55.461143493652344 72.30670928955078 2 32.302608489990234 46.56373596191406 60.03343963623047 61.764095306396484
5 4.533289909362793 28.579450607299805 44.35514450073242 48.86178207397461 1 8.050389289855957 0.9439998269081116 50.90016174316406 17.71603775024414 4 2.9412803649902344 13.457293510437012 49.16633224487305 32.4196662902832
6 5.160304069519043 14.947338104248047 27.055843353271484 27.651384353637695
2 108.78483581542969 28.842763900756836 137.7833709716797 47.90870666503906 2 108.0562515258789 41.76478958129883 137.62075805664062 61.619136810302734 1 24.824796676635742 55.55577850341797 131.33090209960938 93.51769256591797
6 10.374444961547852 27.3392391204834 58.12044906616211 60.579261779785156
7 17.490530014038086 36.5070686340332 55.714656829833984 54.81040954589844 1 20.219694137573242 19.674392700195312 56.5150260925293 36.0400276184082
4 9.411609649658203 0.8116832971572876 40.04228210449219 22.52176284790039 8 9.276383399963379 24.19858169555664 42.78477478027344 46.496360778808594
6 12.839341163635254 5.607553482055664 60.85968780517578 30.036273956298828
4 9.584461212158203 33.84675216674805 51.103851318359375 57.63542938232422 1 10.845135688781738 19.269609451293945 50.833274841308594 33.673789978027344
9 10.832047462463379 26.21814727783203 28.223031997680664 41.38631820678711
7 54.30772399902344 104.52140045166016 105.09346771240234 132.70724487304688
0 4.934474945068359 11.515195846557617 20.691993713378906 21.926843643188477 2 4.720623016357422 0.7596683502197266 20.849071502685547 10.825133323669434
3 20.12165641784668 8.934508323669434 42.48066329956055 21.299354553222656
5 60.90705108642578 32.618526458740234 99.23046112060547 58.288150787353516
6 18.241119384765625 22.094486236572266 63.483184814453125 59.4554557800293 9 16.36880874633789 23.662033081054688 63.22129440307617 59.517555236816406 0 19.516616821289062 22.294519424438477 64.05500030517578 59.11700439453125
3 6.974963665008545 8.399802207946777 38.137176513671875 28.37163543701172
5 21.68043327331543 0.0 93.31092071533203 51.161624908447266 2 35.893836975097656 3.098742961883545 115.51786041259766 53.701995849609375 6 25.43161964416504 0.06940382719039917 89.4846420288086 53.641056060791016
8 9.704082489013672 13.249911308288574 26.60887908935547 24.21686363220215 0 11.511149406433105 23.24233055114746 24.416748046875 32.88150405883789
4 10.968958854675293 14.114331245422363 28.93841552734375 25.093523025512695 8 10.691563606262207 24.028247833251953 29.729965209960938 35.12345886230469
6 30.512191772460938 66.43843078613281 66.21757507324219 88.22340393066406 1 29.873872756958008 54.280147552490234 68.89384460449219 74.76072692871094 4 29.553436279296875 82.83399200439453 61.93747329711914 101.08515167236328
5 13.86141586303711 44.95499801635742 41.46216583251953 61.28535079956055
7 17.924755096435547 40.37288284301758 42.02590560913086 57.00106430053711
5 24.284149169921875 19.251140594482422 52.23394012451172 38.88541793823242 3 25.0634708404541 41.49534606933594 54.06742858886719 58.0586051940918
0 27.531538009643555 46.58809280395508 57.87202453613281 63.088157653808594 3 22.95240020751953 28.46356201171875 56.22612762451172 46.572662353515625
2 14.157739639282227 37.24406433105469 50.091087341308594 53.96354293823242 2 11.262094497680664 23.831884384155273 46.73679733276367 37.1345329284668 2 9.202959060668945 7.6104512214660645 43.13947296142578 23.192222595214844
6 12.137481689453125 16.357093811035156 51.30305099487305 47.21095275878906
4 28.77668571472168 52.37668991088867 126.36148834228516 104.15689086914062 4 26.75996971130371 4.190820693969727 132.0220184326172 54.47285079956055
2 10.787095069885254 30.47783660888672 46.35593795776367 51.10881805419922 3 11.023767471313477 8.956048965454102 48.351219177246094 29.840795516967773
7 10.155468940734863 19.826154708862305 33.27080154418945 32.56882095336914
4 22.110321044921875 26.608661651611328 49.83751678466797 42.12696075439453
3 50.55027770996094 80.10221862792969 99.66844177246094 107.13468170166016 2 53.92717742919922 81.81488037109375 112.08280944824219 108.36553192138672
7 41.838706970214844 60.11766815185547 68.0672378540039 80.74105834960938
2 18.502716064453125 66.06745147705078 101.84494018554688 108.03190612792969 1 31.905099868774414 26.03087615966797 58.476375579833984 42.41071319580078 6 28.180953979492188 28.467552185058594 63.03643798828125 59.9761848449707
1 9.753316879272461 21.390832901000977 36.62424850463867 32.451820373535156 3 10.501456260681152 32.28641891479492 37.46941375732422 45.41313934326172
4 7.646114349365234 1.2330797910690308 31.73889923095703 12.55270767211914 8 9.260905265808105 11.423465728759766 32.48616409301758 22.701404571533203
3 26.380678176879883 2.403064250946045 57.401947021484375 16.970252990722656 5 25.98715591430664 13.928542137145996 59.75647735595703 31.1148738861084
4 37.776817321777344 29.040714263916016 66.91836547851562 45.72166061401367 2 36.11402893066406 18.276132583618164 66.41961669921875 36.244266510009766
4 105.04595947265625 143.1078338623047 196.31463623046875 203.22865295410156 7 89.00769805908203 186.8581085205078 200.31297302246094 252.70611572265625
3 90.73678588867188 132.05792236328125 124.43571472167969 152.21070861816406 4 90.4179916381836 129.16941833496094 125.55497741699219 155.90992736816406 2 86.94629669189453 129.0349578857422 123.62808990478516 157.59388732910156
9 8.216392517089844 22.467182159423828 43.485252380371094 41.79587173461914 9 15.585870742797852 3.4981837272644043 47.782867431640625 23.83584976196289
2 11.187432289123535 16.74964141845703 30.91667366027832 29.92395782470703 5 13.605316162109375 32.00519943237305 30.62034034729004 44.60179901123047
2 28.095333099365234 22.505746841430664 54.36884689331055 39.7048225402832
9 10.387038230895996 33.457618713378906 45.1490364074707 55.46183776855469 8 7.6159515380859375 33.86807632446289 45.803470611572266 55.87556076049805 2 8.87466049194336 36.1212272644043 45.16553497314453 54.09347915649414
5 6.89532995223999 2.3074517250061035 26.101186752319336 13.9317045211792 3 6.103732109069824 1.5845024585723877 26.13628578186035 13.683598518371582
7 8.007418632507324 29.745878219604492 29.524526596069336 42.063323974609375 6 9.07491397857666 18.28080940246582 32.3509521484375 32.944610595703125
9 7.4325056076049805 1.784138798713684 34.95845031738281 18.207807540893555
0 18.616159439086914 26.705280303955078 44.03498840332031 39.938785552978516 4 17.269302368164062 38.31034851074219 44.281944274902344 54.59029769897461 4 17.404348373413086 13.5734224319458 45.054595947265625 28.40312385559082
2 13.4912748336792 21.35957908630371 61.602054595947266 46.960575103759766 4 13.553718566894531 21.149154663085938 60.44798278808594 47.776145935058594 9 14.476051330566406 21.807580947875977 63.735958099365234 44.92517852783203
6 3.2632200717926025 3.9136464595794678 27.287511825561523 19.0191707611084
4 20.823486328125 14.854683876037598 49.0821533203125 32.09737777709961 5 21.650897979736328 26.072649002075195 48.6465950012207 40.067535400390625 6 15.809857368469238 15.77858829498291 50.063987731933594 39.18891906738281
9 21.821949005126953 30.364343643188477 53.75339889526367 53.09898376464844 0 18.998638153076172 28.33034324645996 59.08852005004883 55.02098846435547 6 21.483694076538086 29.25218391418457 54.39041519165039 53.889251708984375
2 23.191980361938477 24.248394012451172 52.56283187866211 45.56007766723633
2 17.560304641723633 32.94407653808594 44.13285827636719 47.92288589477539
7 19.89201545715332 23.359333038330078 40.80317306518555 37.57809829711914 7 19.280986785888672 10.56373119354248 39.81930923461914 24.728803634643555
5 22.226566314697266 21.827550888061523 49.792240142822266 41.087059020996094 1 6.815800666809082 8.380844116210938 47.507240295410156 27.15237045288086 3 20.996362686157227 23.612144470214844 50.15034103393555 41.660037994384766
5 7.946993350982666 10.879920959472656 36.34487533569336 24.762392044067383
9 9.44672679901123 0.0 44.0155143737793 17.91938591003418 2 8.450149536132812 0.0 41.407535552978516 19.693159103393555 3 7.454376697540283 0.0 41.75410461425781 17.691736221313477
2 15.084083557128906 26.180614471435547 44.937660217285156 44.032752990722656 4 16.71725082397461 42.0189094543457 47.298370361328125 54.38418197631836
9 10.281420707702637 24.2275390625 40.68806457519531 49.22395706176758 6 10.48175048828125 10.364521026611328 43.01298904418945 32.97983169555664 3 14.309693336486816 14.461243629455566 40.53950119018555 28.34262466430664
9 13.470088958740234 23.29627799987793 38.78879165649414 36.43279266357422 7 17.376882553100586 34.28681945800781 41.89444351196289 46.189178466796875 1 12.488503456115723 14.356607437133789 35.171077728271484 25.027088165283203
0 16.445926666259766 56.48189926147461 62.70813751220703 78.13460540771484 1 26.431289672851562 16.813196182250977 74.55465698242188 36.962677001953125 8 21.83661651611328 36.02595138549805 69.47625732421875 55.95414733886719
1 57.47355270385742 24.480243682861328 100.46524810791016 45.726436614990234 4 60.0501823425293 26.749841690063477 98.9664077758789 49.03586196899414 2 55.70133590698242 23.83457374572754 97.60844421386719 46.777679443359375
4 28.080198287963867 51.551578521728516 139.48114013671875 118.20635223388672 4 38.575172424316406 113.10459899902344 126.5593490600586 155.56797790527344
5 5.974769592285156 10.752771377563477 29.474720001220703 26.59654426574707
8 5.622268199920654 13.512014389038086 32.485931396484375 28.856992721557617
1 44.05166244506836 24.1752872467041 88.61820983886719 44.512184143066406 4 46.01311111450195 40.29509353637695 85.86771392822266 65.4272232055664
8 9.347960472106934 14.490021705627441 30.24371910095215 26.997756958007812 4 8.433165550231934 3.2379560470581055 31.087398529052734 14.77662181854248
9 8.639354705810547 25.812252044677734 49.08195877075195 50.588069915771484
5 37.175167083740234 30.044208526611328 64.82942199707031 46.001007080078125 8 37.63322067260742 45.474853515625 66.07736206054688 62.47187042236328
4 10.052135467529297 29.280920028686523 47.920833587646484 50.869441986083984 4 8.499194145202637 9.697686195373535 47.17813491821289 30.025556564331055
5 4.443604469299316 18.458301544189453 25.37940788269043 31.39838218688965
1 7.266745567321777 5.003176212310791 33.82061767578125 21.637908935546875 7 7.832369804382324 5.589471340179443 36.10585403442383 22.4775390625 3 8.425933837890625 4.474461078643799 35.223899841308594 22.41261100769043
3 96.82245635986328 47.16264724731445 170.2842559814453 88.14518737792969
8 80.6235122680664 59.41457748413086 147.503662109375 91.71088409423828 5 26.427738189697266 20.64240074157715 99.97394561767578 58.426578521728516 2 86.13330078125 27.23794937133789 145.9400634765625 62.31393051147461
7 4.545300006866455 16.993995666503906 31.004226684570312 33.252647399902344 4 7.440843105316162 1.4756813049316406 33.59925079345703 18.565174102783203
3 15.743608474731445 3.2114970684051514 39.163116455078125 18.808568954467773
5 5.0798258781433105 1.4982168674468994 30.971446990966797 14.776398658752441 0 5.978277683258057 26.576114654541016 31.745258331298828 39.694156646728516 3 4.739171028137207 13.053576469421387 31.9643497467041 27.338443756103516
2 13.159425735473633 3.264942169189453 36.20463562011719 14.76346206665039 4 15.44590950012207 7.5369744300842285 36.042301177978516 20.87799644470215 1 16.31097984313965 15.900847434997559 34.25828170776367 22.791746139526367
1 58.42330551147461 24.345508575439453 104.171630859375 55.549171447753906 4 58.19656753540039 24.823442459106445 106.27122497558594 58.71102523803711 6 16.450183868408203 30.895742416381836 37.4516716003418 46.70336151123047
9 22.250009536743164 25.07950210571289 61.288108825683594 50.14337158203125 8 24.770938873291016 41.66053771972656 57.970176696777344 62.210384368896484
5 35.99404525756836 0.17596320807933807 106.08612823486328 40.34519958496094 4 38.352821350097656 81.44166564941406 141.72178649902344 131.6976776123047 0 46.24652862548828 178.2283477783203 100.28211975097656 202.03378295898438
8 8.154619216918945 12.675277709960938 29.06745719909668 26.531858444213867 1 8.882330894470215 25.48517608642578 29.394540786743164 37.64446258544922 4 7.453768730163574 13.02579116821289 29.200172424316406 25.897069931030273
4 30.988147735595703 17.450843811035156 54.30793762207031 29.534873962402344
2 44.57044982910156 24.452072143554688 124.05431365966797 70.5114974975586 1 43.37190246582031 72.444091796875 124.7562026977539 102.93360137939453
5 46.0975227355957 3.277430534362793 77.42054748535156 20.860862731933594 3 44.51734161376953 4.125505447387695 80.07644653320312 21.365760803222656 1 15.251907348632812 27.93842124938965 78.90081787109375 47.345706939697266
5 10.866483688354492 36.16457748413086 45.699466705322266 52.31585693359375
1 61.28833770751953 25.601526260375977 105.72640228271484 48.19588851928711
9 18.4350643157959 27.88205909729004 47.683650970458984 46.387168884277344
5 30.552669525146484 28.218547821044922 59.73975372314453 47.07201385498047 2 34.95606994628906 11.880126953125 62.347412109375 31.239971160888672
1 22.114248275756836 11.542542457580566 54.20151901245117 26.31018829345703 6 22.250391006469727 25.319561004638672 49.78578186035156 42.702186584472656
9 11.207730293273926 19.920352935791016 42.43327713012695 39.480247497558594
5 23.990909576416016 10.931652069091797 50.641326904296875 29.70570182800293
2 17.627948760986328 34.2322998046875 56.23033905029297 56.08707046508789 6 21.08926773071289 54.05311965942383 54.81158447265625 72.37834930419922
2 27.291515350341797 41.791969299316406 59.35575866699219 62.44059371948242
3 4.071497440338135 2.1666033267974854 30.530120849609375 15.692190170288086
5 24.17670249938965 30.61335563659668 52.15556335449219 46.791786193847656 5 25.138324737548828 15.749317169189453 52.40621566772461 30.88549041748047
5 3.402534246444702 4.861819744110107 34.8657112121582 27.372520446777344
1 10.147598266601562 39.53352355957031 38.290157318115234 52.00947189331055
6 70.9372329711914 41.403045654296875 98.1607894897461 63.65975570678711 5 46.064090728759766 40.3897590637207 79.8934555053711 61.40187454223633 3 46.622657775878906 40.19363784790039 80.88182830810547 62.75878143310547
5 10.685270309448242 2.839219331741333 32.4453010559082 16.62991714477539 2 11.597126007080078 15.908998489379883 34.39661407470703 28.053531646728516 7 11.193463325500488 27.31292724609375 34.05196762084961 40.86431884765625
5 6.2716145515441895 16.981563568115234 27.831968307495117 28.55120849609375 4 5.9455132484436035 5.067871570587158 28.177967071533203 16.69436264038086
2 66.103759765625 68.13874053955078 92.31391143798828 86.85897064208984 0 66.23277282714844 85.83488464355469 95.23370361328125 106.66722106933594
1 23.19879722595215 6.079374313354492 43.30118942260742 18.223894119262695 2 21.151390075683594 19.054838180541992 42.66909408569336 32.63136672973633
8 35.593624114990234 42.153045654296875 60.682655334472656 58.10911560058594 9 36.98204040527344 43.24002456665039 60.533260345458984 57.38985061645508 4 33.51665496826172 42.26112747192383 60.29877471923828 57.66811752319336
5 96.10112762451172 10.240459442138672 187.63973999023438 56.14039611816406 3 95.21434020996094 15.175342559814453 200.7224884033203 61.52330017089844 6 89.93751525878906 70.21041870117188 158.88677978515625 108.08619689941406
6 23.961008071899414 52.274837493896484 84.93115234375 86.75923156738281 3 28.74163246154785 63.9793815612793 76.02920532226562 88.60456085205078 8 28.39795684814453 62.35593795776367 78.00833129882812 88.25248718261719
2 9.32818603515625 24.770832061767578 32.02613067626953 39.00069046020508 4 7.735385894775391 12.486234664916992 32.705936431884766 26.126550674438477 1 7.2173309326171875 1.9906129837036133 32.95752716064453 13.401837348937988
5 6.917335510253906 23.6903076171875 49.58296203613281 48.891334533691406
9 8.34224796295166 14.725286483764648 30.96225357055664 29.653423309326172
5 19.022171020507812 55.785221099853516 107.82221984863281 107.30323028564453 5 15.488953590393066 9.815873146057129 91.70774841308594 54.46153259277344
3 126.77410125732422 129.1157684326172 153.20542907714844 150.35202026367188 2 125.94470977783203 128.81956481933594 152.26622009277344 149.4248504638672 0 127.26756286621094 131.7958221435547 154.4895782470703 150.96795654296875
4 12.551403999328613 32.8599739074707 37.88627624511719 47.030216217041016 1 9.327445030212402 25.249269485473633 38.545005798339844 36.38572311401367
7 43.250511169433594 80.86310577392578 152.57748413085938 137.74122619628906 8 113.818359375 58.707672119140625 168.22413635253906 110.85931396484375 1 37.96029281616211 15.881189346313477 168.33676147460938 79.66346740722656
2 24.51759147644043 42.002716064453125 56.109100341796875 64.69679260253906 4 22.28345489501953 59.648231506347656 55.568458557128906 80.8575210571289
0 17.364341735839844 36.39968490600586 45.69659423828125 55.394317626953125 1 11.105949401855469 18.85536766052246 41.99834442138672 33.42658233642578
9 18.789878845214844 50.82390594482422 54.91617202758789 70.53746032714844 5 23.058979034423828 32.43974685668945 60.31447219848633 54.32931900024414
2 14.912360191345215 23.033113479614258 53.67111587524414 53.350223541259766 1 15.856687545776367 4.270963191986084 53.09745788574219 21.509239196777344
7 11.398015975952148 22.111385345458984 31.46474838256836 32.91648483276367 3 10.131830215454102 12.09111213684082 30.762758255004883 24.401464462280273
1 49.379119873046875 44.07669448852539 100.17478942871094 67.17169952392578 4 44.312904357910156 68.0543441772461 96.21417236328125 97.96835327148438
3 11.88780403137207 28.979999542236328 34.05421447753906 40.6505126953125 2 10.082657814025879 5.115540027618408 32.894378662109375 17.519268035888672 0 11.003281593322754 17.307254791259766 33.88608169555664 28.82464599609375
7 11.274995803833008 20.65227508544922 35.199615478515625 35.58308029174805 1 10.64470386505127 7.94337272644043 37.24641036987305 20.1187744140625
2 14.502843856811523 17.048778533935547 40.16653060913086 32.97872543334961 3 13.191786766052246 2.0327796936035156 40.18084716796875 17.934001922607422 6 15.40746021270752 32.70524597167969 40.245269775390625 47.01551055908203
9 44.89925765991211 33.57975387573242 70.7276382446289 55.31144332885742 3 16.822040557861328 28.350961685180664 43.92325210571289 46.88315963745117 8 40.195491790771484 31.6853084564209 73.50257110595703 56.18474578857422
0 35.75682830810547 44.5098991394043 76.18045043945312 74.21283721923828 1 31.566320419311523 28.011377334594727 76.42716979980469 52.23995590209961
2 11.053308486938477 43.037841796875 29.958053588867188 56.158172607421875
3 9.335668563842773 22.435916900634766 36.335968017578125 38.936309814453125 6 16.260000228881836 37.639793395996094 46.47074890136719 52.295169830322266
6 45.988216400146484 6.104974269866943 101.49732208251953 43.72715759277344
4 41.58442687988281 82.1516342163086 123.41868591308594 152.00045776367188 2 49.8651237487793 136.037109375 110.22738647460938 191.8204803466797 1 37.64434051513672 76.8895492553711 118.88015747070312 144.82284545898438
6 9.398782730102539 25.235126495361328 31.36836814880371 39.545352935791016
8 6.956203460693359 26.22794532775879 35.28121566772461 39.68721389770508
7 4.448285102844238 12.990927696228027 21.11990737915039 24.367130279541016 8 4.088526725769043 2.171186923980713 20.336475372314453 13.81390380859375
1 2.7963290214538574 2.5539259910583496 23.44300651550293 13.851451873779297 9 4.201147556304932 14.268623352050781 20.756187438964844 26.0
6 12.729715347290039 7.863912105560303 52.8494987487793 41.04354476928711 9 16.747478485107422 19.370872497558594 50.67716979980469 39.98855972290039 2 19.486696243286133 19.55947494506836 46.97433090209961 37.31608581542969
2 9.510141372680664 2.1419854164123535 31.79006004333496 14.563699722290039 7 9.258829116821289 14.130834579467773 31.620813369750977 25.733369827270508
4 4.751838207244873 4.540626525878906 37.454925537109375 20.463573455810547 0 7.611072063446045 18.033157348632812 38.82499313354492 35.82736587524414 9 6.241762638092041 17.53575897216797 40.1798095703125 35.79887390136719
7 3.22929310798645 11.959953308105469 22.189414978027344 24.763671875
3 47.750328063964844 39.396480560302734 112.05209350585938 71.47627258300781 3 54.09487533569336 62.478240966796875 114.25104522705078 101.4005126953125
1 17.697980880737305 59.58039855957031 49.53108596801758 74.10266876220703 0 13.042403221130371 44.9288215637207 47.50796890258789 61.01677703857422
4 11.567440032958984 46.59774398803711 61.6512565612793 75.44170379638672 1 20.224157333374023 26.109283447265625 67.28436279296875 44.424896240234375
1 20.12449073791504 40.84245681762695 96.24269104003906 70.47602081298828 7 80.38615417480469 95.93045806884766 104.69761657714844 110.8563232421875 4 79.40603637695312 95.12630462646484 104.91578674316406 111.31990051269531
8 7.765678405761719 7.35673713684082 30.63875961303711 20.881135940551758
1 21.92879295349121 8.068997383117676 55.71543502807617 23.599319458007812 7 19.477325439453125 30.39260482788086 52.85740280151367 49.02096176147461 1 20.375385284423828 17.338565826416016 55.61736297607422 32.89610290527344
0 32.48262023925781 115.88310241699219 66.75910186767578 133.34002685546875 1 34.196929931640625 97.79989624023438 67.57821655273438 115.38216400146484 6 29.96172523498535 114.36869049072266 65.6192398071289 132.5373077392578
0 26.315521240234375 28.656869888305664 75.92992401123047 56.716156005859375 5 25.271493911743164 60.87725830078125 75.59374237060547 88.71154022216797 9 29.854406356811523 1.7395286560058594 71.64183807373047 27.899169921875
2 34.98025894165039 35.280242919921875 78.56495666503906 70.61089324951172 3 47.71516418457031 8.738263130187988 90.2796630859375 41.39356994628906 7 16.551612854003906 60.17694854736328 60.82106018066406 92.63754272460938
1 18.167110443115234 43.29620361328125 58.836273193359375 62.89003372192383 4 18.454885482788086 19.21269989013672 56.712860107421875 42.69620132446289
2 8.168296813964844 6.588902473449707 37.46741485595703 25.209854125976562 7 8.211511611938477 24.402618408203125 37.83802032470703 39.11572265625
9 35.231834411621094 13.050686836242676 81.61634826660156 36.1329231262207 0 30.000276565551758 24.854246139526367 77.21146392822266 48.593505859375 6 33.89647674560547 9.451048851013184 77.87848663330078 32.63705062866211
7 14.508874893188477 29.64800453186035 39.0018196105957 43.839942932128906 7 15.881902694702148 15.464065551757812 40.623226165771484 28.60447120666504
2 81.22340393066406 53.07724380493164 143.90525817871094 88.33289337158203
5 20.864362716674805 40.35453414916992 47.51601028442383 56.98769760131836 7 21.049545288085938 22.484159469604492 46.657596588134766 38.38063049316406
9 50.379642486572266 125.32518768310547 145.16859436035156 183.9190673828125
1 30.224231719970703 3.395646572113037 52.55403137207031 17.16872787475586
2 16.63423728942871 41.6938591003418 44.39458465576172 58.25198745727539 9 17.061416625976562 57.923118591308594 42.41755294799805 72.25627136230469
4 31.460723876953125 101.65693664550781 71.84297180175781 129.12887573242188 1 35.45721435546875 76.00035095214844 72.38824462890625 93.88872528076172 1 35.20317459106445 91.59998321533203 69.63246154785156 106.10475158691406
3 9.707578659057617 1.976588487625122 39.26084899902344 22.4532470703125 0 12.53281307220459 22.56950569152832 40.35432815551758 41.37176513671875
2 155.47463989257812 118.44989013671875 207.32737731933594 149.4508819580078 2 153.89732360839844 91.39727020263672 211.43936157226562 123.6009750366211
6 5.982284069061279 7.321832656860352 32.72251510620117 21.989669799804688 6 7.021500110626221 20.91878318786621 33.97623825073242 36.45024108886719
1 25.322132110595703 22.469959259033203 82.87317657470703 53.57481002807617 5 9.873636245727539 67.56012725830078 83.91256713867188 93.61418151855469 2 24.965755462646484 37.93773651123047 85.23249816894531 74.0857925415039
3 43.17597961425781 42.006771087646484 75.22828674316406 58.026939392089844 0 48.17684555053711 57.35000991821289 77.58743286132812 74.515869140625
9 34.97966766357422 76.75479888916016 80.26072692871094 101.40338134765625
1 15.901812553405762 43.9918212890625 50.61336135864258 59.162296295166016 5 14.852201461791992 19.116622924804688 46.444297790527344 41.680789947509766
2 152.0756378173828 201.71017456054688 221.1540985107422 248.04574584960938 9 155.12564086914062 200.4976806640625 216.54550170898438 251.1070556640625 5 141.95721435546875 200.18885803222656 208.79949951171875 248.65476989746094
1 89.40354919433594 32.869789123535156 149.5709228515625 64.0357894897461
3 13.713587760925293 8.55601692199707 37.74829864501953 21.23369026184082
3 6.642658710479736 7.120153903961182 29.07568359375 23.91004753112793
2 9.715121269226074 11.342245101928711 35.49171829223633 23.833499908447266 4 7.975038051605225 21.519235610961914 34.930381774902344 36.59233093261719
0 79.56390380859375 102.9800796508789 136.7304229736328 135.84632873535156
2 6.354167461395264 17.83269500732422 28.548004150390625 33.41218566894531 3 6.793529987335205 4.28217077255249 30.33406639099121 18.127803802490234
3 8.495111465454102 8.851824760437012 28.1992244720459 22.587364196777344
4 6.16572904586792 22.4400577545166 31.515073776245117 38.77826690673828 3 7.560589790344238 2.889326572418213 30.657655715942383 18.68157386779785
4 11.628037452697754 8.90301513671875 61.44390106201172 41.23637390136719
9 24.327560424804688 92.04618072509766 56.48872375488281 108.96250915527344 1 23.350826263427734 80.60430145263672 56.944068908691406 95.794189453125 9 23.965084075927734 98.79122924804688 56.85513687133789 117.58515930175781
6 2.238356828689575 19.746732711791992 21.141942977905273 31.519132614135742
3 14.830312728881836 18.551639556884766 43.625057220458984 34.575958251953125 0 16.616806030273438 33.85230255126953 44.22787094116211 47.377044677734375 2 17.9636173248291 47.56180191040039 45.688262939453125 62.380157470703125
6 23.15141487121582 64.71605682373047 64.9888687133789 90.37418365478516 1 27.774198532104492 9.271163940429688 67.66817474365234 27.587038040161133 9 26.058473587036133 32.473960876464844 65.20565032958984 58.27639389038086
7 6.092154026031494 13.918037414550781 26.129501342773438 25.97871971130371
3 11.327980041503906 27.725116729736328 39.644405364990234 44.957759857177734 1 10.413983345031738 12.905454635620117 37.956138610839844 25.985759735107422
2 58.49957275390625 70.8189468383789 85.40108489990234 87.34664154052734 8 56.468299865722656 69.95014190673828 84.20702362060547 87.00996398925781 6 64.16487884521484 85.66280364990234 85.67646789550781 97.46609497070312
2 19.695919036865234 21.65993881225586 50.756309509277344 39.4096565246582 2 23.913639068603516 7.034210681915283 54.002872467041016 24.27666473388672
9 10.868886947631836 19.949264526367188 50.294036865234375 41.35429382324219 0 21.92020034790039 36.45071792602539 61.22765350341797 59.030696868896484
6 15.116209030151367 3.651900053024292 45.3115348815918 27.54497528076172 9 18.069475173950195 7.948153495788574 41.226993560791016 25.469100952148438 8 14.189998626708984 5.00251579284668 43.724266052246094 29.86347198486328
4 52.37724304199219 49.45774459838867 181.35357666015625 153.2293243408203 6 27.119298934936523 14.527751922607422 62.563045501708984 40.13241958618164 8 27.476547241210938 14.171538352966309 63.92142105102539 41.889976501464844
5 6.354013442993164 18.30123519897461 31.72096061706543 32.306175231933594 2 7.709294319152832 5.1890411376953125 33.91518020629883 18.846845626831055 9 7.339816093444824 6.377143383026123 33.268890380859375 19.44307518005371
0 16.48771095275879 38.73277282714844 65.04354095458984 64.90705108642578 1 16.826736450195312 18.23116683959961 69.50078582763672 39.93952941894531
1 14.120221138000488 10.321233749389648 66.00790405273438 28.81258201599121 7 14.690323829650879 29.042255401611328 70.02561950683594 57.2862548828125
2 18.6964054107666 13.202400207519531 51.542808532714844 34.31367492675781 7 16.62397575378418 32.654212951660156 45.16605758666992 49.71943283081055
9 5.864422798156738 1.1147217750549316 31.188323974609375 18.21842384338379 6 5.3672776222229 15.841397285461426 30.859155654907227 30.395599365234375
8 7.3848161697387695 3.349703311920166 31.194725036621094 18.439075469970703
1 18.91644287109375 23.206552505493164 58.671260833740234 37.52537155151367 1 15.723796844482422 46.413169860839844 55.570926666259766 61.495948791503906 6 19.342744827270508 35.309654235839844 57.82167434692383 49.9568977355957
7 94.98186492919922 58.416412353515625 142.8301544189453 90.12338256835938
1 18.165761947631836 34.54389953613281 47.84865951538086 55.007938385009766 0 12.669402122497559 28.544513702392578 52.490909576416016 61.62075424194336 9 13.130335807800293 26.45277214050293 54.75251007080078 65.02552032470703
4 7.521454811096191 12.96894359588623 40.51481246948242 28.190885543823242 1 6.8772125244140625 2.22749662399292 40.722965240478516 14.99288272857666
2 16.630483627319336 18.45868682861328 40.95515060424805 29.872358322143555 1 15.389429092407227 6.102134704589844 38.71942901611328 16.889625549316406 9 17.537616729736328 30.393421173095703 42.112937927246094 44.454322814941406
1 13.907212257385254 30.747718811035156 38.431575775146484 44.6929817199707 3 18.376420974731445 46.68198776245117 43.96628189086914 64.89689636230469 1 16.52774429321289 60.57367706298828 45.80008316040039 79.14217376708984
5 4.366997241973877 6.872980117797852 29.719175338745117 24.625286102294922
6 10.767460823059082 37.22364807128906 53.948638916015625 71.51606750488281 5 12.779121398925781 48.541908264160156 54.771568298339844 69.75577545166016 3 9.746779441833496 1.7439130544662476 54.14923095703125 28.930679321289062
5 64.748046875 55.09812927246094 104.52816772460938 83.7960205078125 4 65.45446014404297 53.930442810058594 102.5311050415039 86.48877716064453 0 36.34652328491211 96.31906127929688 84.62220764160156 126.30866241455078
8 21.830154418945312 39.506038665771484 47.94636154174805 53.98440170288086 2 20.730220794677734 28.330440521240234 47.64714050292969 42.09029006958008
3 62.89096450805664 36.24843978881836 130.73715209960938 80.34579467773438
7 20.355268478393555 19.3072566986084 38.404022216796875 30.894792556762695 3 19.916658401489258 9.807065963745117 40.36800765991211 22.4339599609375
2 6.997199535369873 1.9670833349227905 27.63912582397461 15.893885612487793 4 6.808715343475342 16.6861572265625 26.7855224609375 31.091278076171875
2 0.6874232292175293 1.2140824794769287 18.93594741821289 12.177227973937988
6 16.835981369018555 1.1499603986740112 55.10584259033203 20.98664093017578
4 24.322437286376953 30.45505714416504 87.05782318115234 64.22702026367188 0 16.511274337768555 56.98255920410156 74.67574310302734 92.05747985839844
6 3.6699411869049072 5.133112907409668 22.73693084716797 17.776962280273438
0 57.489051818847656 45.79014587402344 96.74205017089844 71.03984069824219 0 57.9183464050293 23.044422149658203 101.14155578613281 46.818477630615234 1 61.28473663330078 6.193613052368164 95.84423828125 25.02906036376953
2 7.4695916175842285 16.09433364868164 31.277671813964844 29.267282485961914 7 6.623683452606201 4.493582725524902 31.0142765045166 17.55644416809082
0 19.876352310180664 22.195478439331055 47.90004348754883 38.0020866394043 4 22.34416389465332 36.868038177490234 47.184844970703125 50.7013053894043 1 19.685558319091797 11.912284851074219 46.572025299072266 22.78145408630371
6 23.75835609436035 43.320945739746094 64.15278625488281 74.68840026855469 9 33.34468078613281 44.68174743652344 71.94469451904297 77.55535125732422 8 24.55159568786621 43.504913330078125 69.26732635498047 75.7566909790039
1 19.362060546875 55.75278854370117 69.48118591308594 79.77033233642578
9 4.925223350524902 13.500466346740723 22.40519142150879 26.009553909301758
3 31.589561462402344 49.75169372558594 67.50546264648438 72.91431427001953 2 16.045425415039062 24.002002716064453 51.973209381103516 46.82448196411133
1 14.478480339050293 21.57813835144043 39.17813491821289 33.6324577331543 9 12.04421615600586 39.62874984741211 39.06309127807617 52.753780364990234 7 24.686187744140625 57.7116584777832 77.7447738647461 88.0
1 9.061663627624512 49.15813446044922 46.85436248779297 65.96807861328125 5 49.53446578979492 35.86208724975586 72.98683166503906 51.649261474609375 2 50.026817321777344 51.481529235839844 72.32305908203125 64.54354095458984
0 70.30766296386719 15.014081001281738 101.87208557128906 33.634002685546875 9 70.38634490966797 9.165046691894531 104.02227020263672 29.02583885192871 2 68.84979248046875 8.977211952209473 102.2562255859375 27.745750427246094
2 28.822494506835938 46.936546325683594 53.678001403808594 63.0296630859375 0 29.436832427978516 38.482845306396484 54.39299774169922 50.888118743896484 1 30.388721466064453 32.07533645629883 54.84249496459961 41.96630096435547
9 11.950956344604492 5.081686496734619 63.16903305053711 31.588075637817383
5 6.594962120056152 3.1058571338653564 35.88921356201172 19.6832218170166
4 21.056440353393555 0.0 87.98464965820312 39.57792663574219 4 20.223369598388672 31.749250411987305 80.25050354003906 78.14185333251953 7 48.97269058227539 14.064888000488281 81.3197250366211 37.43377685546875
0 28.803958892822266 44.92378616333008 63.912925720214844 66.90038299560547
0 35.018287658691406 82.0674819946289 73.97630310058594 101.21855163574219 2 27.08921241760254 62.86365509033203 76.06498718261719 90.70491790771484 8 28.793493270874023 74.31307220458984 76.01658630371094 102.737548828125
7 53.882957458496094 52.16897964477539 89.42900085449219 69.385498046875 1 52.64994430541992 45.111167907714844 88.49205017089844 62.75543975830078 1 19.001567840576172 48.73625183105469 48.62495803833008 59.97553253173828
4 7.404503345489502 9.314138412475586 28.672056198120117 22.352705001831055
6 25.260665893554688 25.137475967407227 101.31649780273438 71.0868911743164
1 20.422252655029297 18.976587295532227 49.87940216064453 32.388248443603516 9 21.026382446289062 33.33584976196289 50.2939453125 50.79436492919922
5 6.459708213806152 1.4703998565673828 32.83751678466797 16.579256057739258 6 6.36512565612793 14.259408950805664 31.639711380004883 29.810693740844727
4 23.507266998291016 12.40813159942627 64.70248413085938 32.490196228027344 3 20.915271759033203 42.204124450683594 61.25491714477539 64.2982177734375 1 19.795772552490234 28.54445457458496 65.25130462646484 44.15922164916992
9 10.949724197387695 6.626470565795898 39.23523712158203 18.86590576171875
1 10.075352668762207 59.74806213378906 77.7176284790039 82.66368103027344
3 8.781745910644531 4.188296318054199 32.79469299316406 18.447141647338867 4 9.390874862670898 16.48426055908203 33.14006805419922 32.16126251220703 3 9.349461555480957 17.81439208984375 35.696449279785156 33.4560546875
2 6.747307777404785 4.5482378005981445 30.752498626708984 20.344383239746094 7 4.982551574707031 20.158735275268555 27.69776153564453 33.42364501953125
5 7.1724419593811035 14.783426284790039 27.055469512939453 24.999418258666992 5 6.5411763191223145 4.988195419311523 27.20037078857422 16.121070861816406
5 22.254831314086914 9.110036849975586 71.20576477050781 41.33396911621094 6 26.128782272338867 47.624473571777344 68.93248748779297 72.54682922363281
5 43.74039840698242 66.03437042236328 88.7015151977539 99.54669952392578 1 40.550209045410156 40.72779083251953 86.84598541259766 65.65814208984375
2 12.312152862548828 26.726308822631836 28.816133499145508 39.38505935668945 4 8.520249366760254 6.617089748382568 35.019805908203125 29.154726028442383
7 63.10043716430664 35.80870056152344 93.93307495117188 51.210693359375 7 63.14023971557617 21.141639709472656 96.54924774169922 42.287353515625
5 43.146854400634766 21.32931900024414 73.97611236572266 38.52884292602539
3 9.185644149780273 24.7628116607666 40.117191314697266 46.973751068115234
5 4.583027362823486 1.9881362915039062 23.1953067779541 14.948684692382812 5 4.036482810974121 14.045052528381348 23.786998748779297 26.51591682434082
4 7.045864105224609 0.0 35.80267333984375 15.18918228149414 9 3.984130859375 15.2927827835083 33.59608459472656 31.051982879638672
5 16.583646774291992 37.07246780395508 43.06327819824219 50.43667221069336 5 16.937129974365234 25.09528160095215 44.23308563232422 39.849830627441406
3 20.414875030517578 24.207183837890625 49.02262878417969 41.34806823730469
6 105.06564331054688 87.24795532226562 136.7113494873047 109.41908264160156
6 9.406654357910156 15.5532865524292 30.038860321044922 27.92715835571289 9 8.62346363067627 25.77039909362793 30.32503890991211 37.69697189331055
1 16.24681854248047 3.4448819160461426 47.420658111572266 17.884246826171875 1 8.492992401123047 31.49790382385254 38.44752883911133 47.10794448852539 0 12.431402206420898 17.611591339111328 43.60014343261719 33.38374328613281
9 58.43478012084961 162.14208984375 159.4122314453125 214.36416625976562 2 69.4150619506836 160.66465759277344 168.3665313720703 219.67007446289062 4 48.32942199707031 157.32562255859375 161.179931640625 216.5851593017578
2 14.280488967895508 25.235916137695312 58.34797668457031 42.8658332824707 5 13.776525497436523 40.59378433227539 55.55754470825195 60.34162139892578 1 14.421487808227539 8.278792381286621 62.59247589111328 26.910749435424805
2 7.546341419219971 6.8808159828186035 50.255958557128906 33.081790924072266
4 17.171106338500977 49.71101760864258 57.26375198364258 77.52671813964844
2 57.22353744506836 55.57176971435547 84.06285095214844 73.73294067382812 2 50.75555419921875 69.51025390625 82.23104095458984 88.90763092041016 2 23.764936447143555 83.4400634765625 55.34413528442383 109.88261413574219
2 39.4212646484375 32.662933349609375 74.33015441894531 49.535587310791016 2 28.007787704467773 20.793453216552734 66.57548522949219 41.361541748046875
2 64.00300598144531 84.46630096435547 133.7869873046875 143.51611328125 1 59.821754455566406 34.200836181640625 128.6329803466797 74.10948181152344 2 48.060909271240234 129.08505249023438 127.62166595458984 176.19793701171875
7 9.884256362915039 13.705428123474121 28.120603561401367 26.211946487426758
2 20.235977172851562 23.451168060302734 60.953182220458984 45.90849304199219
2 16.97145652770996 4.363117694854736 38.563716888427734 19.056140899658203
0 20.813335418701172 29.785924911499023 81.98846435546875 64.74506378173828
1 41.92161560058594 66.48043823242188 74.68102264404297 86.67784881591797
5 3.6268258094787598 6.3940582275390625 19.509521484375 16.185129165649414
1 11.522257804870605 9.644142150878906 56.137672424316406 29.389202117919922 4 10.054781913757324 30.020288467407227 54.43941879272461 55.245330810546875
2 40.092342376708984 37.733070373535156 69.6949234008789 57.146541595458984
2 70.23959350585938 28.86066436767578 104.68492889404297 49.90752029418945
2 39.38997268676758 106.0060806274414 134.7290496826172 164.90988159179688 1 41.68998336791992 112.72743225097656 119.01283264160156 149.97068786621094 4 43.816959381103516 129.92642211914062 168.7711181640625 190.24545288085938
1 23.92928695678711 11.372925758361816 45.02796173095703 22.49705696105957
2 7.4603071212768555 23.14533042907715 30.176054000854492 35.62120056152344 1 8.160930633544922 14.493937492370605 30.568735122680664 24.32030487060547
8 4.60265588760376 11.551265716552734 26.62606430053711 26.272899627685547
2 6.6825056076049805 7.5633625984191895 26.231840133666992 17.877851486206055
2 56.85161590576172 32.700138092041016 92.81395721435547 56.2033805847168 8 58.42295837402344 54.04336166381836 87.86616516113281 75.5790786743164
7 6.364770412445068 15.968881607055664 26.974700927734375 28.974790573120117
6 10.506755828857422 34.74269104003906 49.422027587890625 57.26716995239258 2 8.476296424865723 11.630753517150879 50.278831481933594 32.68508529663086
5 8.239240646362305 9.486031532287598 30.410367965698242 23.015506744384766 1 6.771329402923584 20.82105827331543 30.362009048461914 34.12296676635742
9 17.99083709716797 41.47959518432617 116.66189575195312 98.91609954833984
9 21.031553268432617 7.565743446350098 79.86752319335938 63.01319122314453
8 34.1514892578125 50.285369873046875 64.69537353515625 71.07484436035156
6 11.430557250976562 21.15276527404785 31.918930053710938 33.30113983154297 3 9.416321754455566 7.897202491760254 30.642478942871094 20.351112365722656
5 21.214214324951172 20.129459381103516 52.05946350097656 39.06184387207031 3 24.059062957763672 2.0808844566345215 51.01591873168945 20.00465965270996
5 7.512633800506592 13.822745323181152 24.5843563079834 23.091100692749023 3 6.430878162384033 3.539247989654541 25.721691131591797 14.406319618225098
3 5.390855312347412 1.5961583852767944 23.768217086791992 12.920661926269531 6 13.143741607666016 12.183797836303711 31.486141204833984 22.98837661743164
3 25.761117935180664 34.76433181762695 135.59942626953125 87.25845336914062 3 22.82805824279785 89.31724548339844 137.06663513183594 144.1638946533203
1 3.802811622619629 4.8774895668029785 20.36119842529297 13.18692684173584
6 8.5806884765625 9.66550350189209 56.06672286987305 34.171112060546875 4 9.633636474609375 32.2254753112793 56.26641845703125 56.18915557861328
3 11.677497863769531 12.492997169494629 50.69791793823242 34.47377014160156 5 12.173013687133789 32.96894836425781 50.47258377075195 53.141448974609375
2 108.1781997680664 75.11971282958984 154.26077270507812 112.5982666015625 0 104.76607513427734 126.49232482910156 153.93104553222656 160.01434326171875 6 107.30879211425781 124.65245056152344 152.81959533691406 160.8994598388672
5 19.587078094482422 30.5585880279541 42.65321731567383 43.762535095214844 3 20.339984893798828 44.72270202636719 43.5060920715332 58.444766998291016
2 12.524352073669434 25.041107177734375 35.17000198364258 40.32197189331055 2 11.592463493347168 12.412232398986816 35.1127815246582 25.40834617614746
2 7.552937984466553 0.5711510181427002 31.912973403930664 14.163063049316406 5 9.25778865814209 16.621889114379883 29.272253036499023 28.4656982421875
5 7.193333625793457 19.786962509155273 34.35987091064453 35.885990142822266 2 12.228256225585938 3.2242259979248047 38.56230926513672 19.070693969726562
7 7.3331780433654785 2.937051296234131 29.43737030029297 15.224674224853516 0 7.774794101715088 14.064226150512695 27.93044090270996 28.599451065063477
5 47.094120025634766 57.600799560546875 105.07584381103516 94.0645751953125 6 55.03271484375 96.20613098144531 99.80418395996094 126.37509155273438 3 51.591712951660156 92.39917755126953 117.59883117675781 131.74501037597656
0 10.126784324645996 29.394643783569336 29.054765701293945 43.178253173828125 8 9.69775104522705 16.277633666992188 29.444486618041992 30.68075942993164
6 4.949725151062012 9.569411277770996 28.351186752319336 25.455686569213867
2 18.76412010192871 82.60364532470703 62.91584777832031 107.85032653808594 7 36.403564453125 54.881446838378906 85.98283386230469 80.9749526977539 4 56.856849670410156 29.89438247680664 104.26783752441406 54.97858428955078
3 33.63433837890625 5.333073139190674 60.92143630981445 23.665557861328125 7 41.54752731323242 86.54557037353516 129.73731994628906 133.0260009765625 5 28.70746612548828 31.51043701171875 58.337215423583984 49.69091033935547
9 23.151920318603516 27.656517028808594 42.60246658325195 43.01506042480469
0 25.871978759765625 17.977336883544922 62.87004852294922 37.43585205078125 3 27.22036361694336 0.35797032713890076 63.5728759765625 19.261449813842773 0 26.472185134887695 36.05549240112305 64.3656997680664 54.94517135620117
3 5.618257999420166 1.4527086019515991 34.52796173095703 17.01463508605957 7 6.432613372802734 17.29204559326172 33.34379577636719 33.17524337768555
9 120.43441009521484 136.3765106201172 173.83099365234375 171.29139709472656 2 41.605403900146484 120.31367492675781 104.2751235961914 167.67149353027344 3 39.84067153930664 124.77885437011719 113.24791717529297 171.78941345214844
1 50.36092758178711 16.152088165283203 76.43446350097656 36.18327713012695 0 47.35601806640625 32.99229431152344 71.6640853881836 54.60969161987305 7 50.96772384643555 38.976802825927734 75.9454116821289 56.782135009765625
8 22.637643814086914 50.26407241821289 52.07350158691406 66.95211791992188 7 23.530208587646484 36.4884147644043 54.360233306884766 51.409690856933594
5 12.514510154724121 14.31837272644043 34.43589782714844 27.409942626953125
3 20.297033309936523 28.622751235961914 53.03981399536133 47.3469123840332 9 21.577831268310547 10.516579627990723 54.450748443603516 29.40390968322754 2 22.612098693847656 9.122096061706543 60.83887481689453 30.911733627319336
2 21.426748275756836 33.243282318115234 56.325042724609375 56.07993698120117 3 12.856242179870605 10.811767578125 44.34721755981445 31.474870681762695
0 7.643516540527344 23.293737411499023 33.10581970214844 38.169151306152344 5 7.8832597732543945 7.5850725173950195 33.07547378540039 23.18246078491211
9 8.682624816894531 20.539432525634766 32.536659240722656 36.041786193847656 9 11.335411071777344 4.819362640380859 34.751251220703125 20.273963928222656
4 48.9860725402832 71.12332153320312 85.41130828857422 91.39152526855469 1 48.287113189697266 53.041656494140625 88.67146301269531 72.52227783203125
9 9.374351501464844 28.079484939575195 39.457454681396484 48.201881408691406
7 14.350173950195312 18.661544799804688 37.116851806640625 34.318939208984375
9 28.94810676574707 56.063533782958984 62.474056243896484 77.44449615478516
6 7.704885482788086 9.310869216918945 29.803728103637695 22.274728775024414
6 10.509153366088867 18.010238647460938 39.429840087890625 31.053009033203125
2 12.68664836883545 38.53897476196289 44.155826568603516 55.75072479248047 2 14.139848709106445 55.668060302734375 41.419334411621094 72.49879455566406
6 13.058205604553223 5.794767379760742 77.97454071044922 42.53177261352539 9 18.177600860595703 1.045722246170044 80.65109252929688 40.07223892211914 0 14.389302253723145 1.9663559198379517 81.1639175415039 41.46265411376953
4 17.790311813354492 48.13029479980469 86.04830169677734 80.75059509277344 6 20.42770004272461 10.99209213256836 89.64752197265625 46.3753547668457
3 14.62594223022461 1.550950288772583 40.015525817871094 14.020406723022461 2 8.332839965820312 15.107635498046875 42.27827835083008 31.89162826538086
7 5.976621627807617 23.907575607299805 34.926212310791016 39.7361946105957 4 6.774052143096924 6.8818535804748535 32.2057991027832 24.103500366210938
7 55.925655364990234 41.103660583496094 89.68462371826172 58.22793197631836 8 52.308658599853516 59.00669479370117 86.30963897705078 79.21697235107422 1 58.59833526611328 40.56764221191406 90.32485961914062 57.12139129638672
9 13.973315238952637 9.397357940673828 50.28923034667969 30.70669937133789 1 15.20116138458252 0.0 52.01661682128906 12.290532112121582
6 18.328950881958008 48.78557205200195 48.06431579589844 66.20361328125 2 17.401987075805664 28.940444946289062 46.63102340698242 46.7915153503418
8 14.807427406311035 17.75432586669922 46.67272186279297 33.39284896850586 1 14.592249870300293 3.8845834732055664 48.1780891418457 18.100202560424805 0 13.850187301635742 31.71731948852539 46.86037063598633 52.99911117553711
2 9.912537574768066 1.360938549041748 28.068696975708008 11.169200897216797 9 8.053125381469727 12.205352783203125 26.70675277709961 20.962543487548828
6 8.82925033569336 16.164602279663086 53.633140563964844 43.622520446777344 0 12.171201705932617 42.6646728515625 55.240203857421875 68.25238037109375
6 11.130311965942383 11.333759307861328 29.67438507080078 21.981985092163086 4 12.570252418518066 1.377047061920166 29.698335647583008 10.439745903015137
6 14.925233840942383 63.30207824707031 50.28181457519531 85.07523345947266
3 4.118579864501953 2.5663726329803467 25.4019718170166 16.471981048583984
1 28.922489166259766 68.78192901611328 185.9580535888672 126.96556091308594
8 1.859268069267273 8.649826049804688 33.0 26.684999465942383
2 54.16885757446289 146.7476043701172 96.22819519042969 169.65463256835938 9 56.11668395996094 148.52581787109375 94.74144744873047 168.37356567382812 1 11.193662643432617 57.63570785522461 101.36934661865234 112.2153091430664
0 10.738211631774902 37.56184005737305 38.39652633666992 53.0188102722168 1 10.9444580078125 20.186386108398438 37.49938201904297 33.4786262512207
9 10.073204040527344 28.567893981933594 33.888702392578125 45.57464599609375
7 13.411664009094238 50.856163024902344 51.85995101928711 74.6200942993164 2 36.12421417236328 27.725786209106445 79.86370086669922 51.9637451171875
4 15.300814628601074 18.827030181884766 87.7113037109375 53.594730377197266
3 6.880459785461426 3.1963419914245605 33.23271560668945 18.267749786376953 0 5.3956098556518555 17.059396743774414 29.62295913696289 32.260345458984375
4 4.942592144012451 8.507554054260254 20.565813064575195 19.23948097229004 6 5.6632795333862305 9.19815731048584 22.157629013061523 19.964157104492188 1 6.345724582672119 9.42806339263916 21.267805099487305 19.265167236328125
2 22.12944984436035 5.4722089767456055 63.70661926269531 29.49401092529297 4 19.684961318969727 25.2369441986084 62.35288619995117 46.2873649597168 2 16.93997573852539 41.57669448852539 57.678619384765625 63.9326057434082
4 4.7723798751831055 15.224604606628418 31.17662811279297 31.342540740966797 1 7.620491027832031 3.6576476097106934 31.927345275878906 14.158990859985352
3 15.821807861328125 33.314109802246094 39.272727966308594 46.13572311401367
3 6.56520414352417 11.368609428405762 30.947391510009766 23.989208221435547 0 8.0178804397583 23.946836471557617 31.29811668395996 35.604312896728516
9 62.730201721191406 91.93276977539062 88.70230102539062 103.74996948242188 8 58.710025787353516 73.91615295410156 89.70783233642578 91.8519287109375 6 58.108333587646484 72.66190338134766 88.24787139892578 89.76197052001953
6 87.15193939208984 82.84293365478516 184.53250122070312 150.74453735351562 9 86.76299285888672 92.8733901977539 182.8057861328125 147.06613159179688 5 0.10904055088758469 85.13517761230469 78.72650146484375 140.2373504638672
9 23.585721969604492 11.831093788146973 46.265228271484375 25.0378475189209 6 24.994218826293945 23.558223724365234 45.13896942138672 38.434814453125
8 8.125459671020508 5.937142848968506 30.380142211914062 18.829265594482422
2 7.636233329772949 1.3831158876419067 28.397808074951172 14.942194938659668 0 7.503108978271484 15.911490440368652 26.67621421813965 30.348072052001953
2 24.14598274230957 36.961421966552734 63.49241256713867 62.37859344482422
6 12.212675094604492 1.2280621528625488 39.02070999145508 14.580517768859863 3 8.610363006591797 21.937339782714844 38.267356872558594 35.82635498046875 0 9.890945434570312 11.97579574584961 38.85569763183594 23.05659294128418
9 5.820302486419678 4.253814697265625 25.275632858276367 15.837515830993652 9 5.199934959411621 16.884971618652344 24.57205581665039 28.912639617919922
7 17.710041046142578 16.78436279296875 39.79240036010742 31.87569236755371 4 17.667516708374023 31.405061721801758 40.862876892089844 46.94675064086914 1 18.083547592163086 3.788447618484497 42.51186752319336 17.230823516845703
2 6.768354892730713 3.304935932159424 36.3149299621582 18.65106964111328 8 8.110404968261719 17.92975616455078 35.5337028503418 34.24273681640625
5 9.495452880859375 17.245487213134766 36.916648864746094 35.30881881713867 8 9.407925605773926 0.9027783274650574 37.113277435302734 17.397741317749023
3 7.995882987976074 9.774447441101074 37.45812225341797 23.830549240112305 7 8.824739456176758 23.519126892089844 37.27980422973633 36.84276580810547
3 4.318770885467529 5.122869491577148 35.14031219482422 22.158004760742188 6 3.060258150100708 21.007373809814453 34.40781784057617 36.05652618408203
6 17.081497192382812 8.15890884399414 56.142913818359375 26.026634216308594 6 11.952937126159668 45.87144470214844 50.85462188720703 64.2926254272461 4 16.417591094970703 26.044689178466797 54.53184127807617 45.72783279418945
2 21.55950164794922 40.84492111206055 51.47344970703125 56.885616302490234
3 8.896870613098145 4.3270978927612305 30.522628784179688 18.58705711364746
6 10.273966789245605 15.64466667175293 30.30815315246582 27.431537628173828 5 10.050333023071289 3.0620484352111816 29.5623722076416 14.867179870605469
2 39.40305709838867 38.321563720703125 80.44499969482422 64.19527435302734 6 165.41184997558594 115.22318267822266 222.27737426757812 172.21133422851562 8 161.93258666992188 116.07585906982422 222.9549560546875 170.30401611328125
7 4.340611457824707 7.119037628173828 31.309743881225586 21.686691284179688 8 5.089709758758545 21.180105209350586 30.954219818115234 35.95588684082031
5 19.786012649536133 30.525846481323242 101.33628845214844 84.0446548461914 0 27.859333038330078 80.75736999511719 86.06303405761719 118.59654998779297 1 45.339351654052734 3.2222299575805664 102.59423065185547 37.96381378173828
5 12.50971508026123 7.738948345184326 37.745765686035156 22.70311164855957 0 8.259810447692871 33.1868896484375 33.67585372924805 45.37046813964844 0 10.891093254089355 22.613914489746094 36.94459533691406 34.02067947387695
4 7.388352870941162 30.278152465820312 34.55236053466797 44.92354202270508 1 7.156386852264404 7.099062442779541 33.26679611206055 18.15707015991211 8 7.569567680358887 17.523101806640625 33.385292053222656 31.37581443786621
4 7.5854058265686035 28.40776824951172 29.843324661254883 41.666446685791016 6 7.964174747467041 13.669543266296387 28.16280746459961 26.938087463378906 5 6.635087966918945 14.332547187805176 27.638813018798828 28.000089645385742
2 17.292627334594727 9.623270988464355 60.67206954956055 30.560546875 7 12.544516563415527 31.28066635131836 60.238983154296875 52.21662902832031
0 19.173503875732422 25.421146392822266 45.50599670410156 40.46928024291992 4 19.098976135253906 12.888110160827637 44.75760269165039 27.803619384765625
5 7.585747241973877 20.627002716064453 32.892425537109375 35.84651565551758
2 17.89025115966797 6.349452495574951 44.408958435058594 22.086729049682617 3 17.96881675720215 20.596399307250977 43.61591339111328 36.83576965332031 8 19.472278594970703 36.635223388671875 44.32194137573242 52.53461456298828
4 17.060117721557617 35.052494049072266 53.782955169677734 60.15517044067383 3 12.43168830871582 12.678231239318848 50.038021087646484 33.83285140991211
3 48.79972839355469 5.373929977416992 75.39483642578125 23.171083450317383 2 49.53634262084961 6.021587371826172 74.83072662353516 21.927051544189453 3 49.5775032043457 19.8479061126709 79.89508819580078 42.58365249633789
3 11.700098037719727 3.360520839691162 41.58314514160156 19.608173370361328 2 12.886689186096191 19.816621780395508 42.060874938964844 36.70121765136719
9 4.18562126159668 3.270690679550171 19.853174209594727 14.053741455078125
8 87.45272827148438 66.7752685546875 126.61339569091797 94.45447540283203 1 10.633047103881836 95.30506134033203 75.19058990478516 128.98536682128906 0 7.377223491668701 86.02385711669922 80.46588897705078 122.4978256225586
9 3.149636745452881 15.539544105529785 23.715391159057617 27.768327713012695 9 3.887877941131592 4.180309772491455 21.3855037689209 16.34110450744629 4 4.245006084442139 3.3106677532196045 24.167570114135742 15.736891746520996
7 15.343740463256836 7.2331366539001465 36.361656188964844 21.73258399963379 9 13.508416175842285 22.43012237548828 36.50789260864258 37.37165069580078
7 17.24043083190918 15.156586647033691 56.28585433959961 39.06026077270508 2 22.689741134643555 36.404930114746094 55.62933349609375 56.3447380065918
4 25.051979064941406 31.06965446472168 60.203208923339844 53.1208381652832 0 25.909549713134766 54.18833541870117 62.835731506347656 75.23579406738281
1 4.836220741271973 64.05501556396484 51.5711784362793 92.10041046142578 1 18.33150291442871 3.4853174686431885 35.947235107421875 15.068564414978027 1 18.779783248901367 0.16849088668823242 37.86385726928711 4.549761772155762
2 0.0 77.83187866210938 47.56120300292969 105.00291442871094 3 27.538591384887695 52.043052673339844 86.27973175048828 80.57809448242188 3 59.3014030456543 30.70035171508789 117.56700134277344 61.47502899169922
9 11.724882125854492 20.245702743530273 51.49357604980469 43.427520751953125 5 11.005659103393555 1.1771514415740967 50.015174865722656 21.62096405029297
8 75.64905548095703 108.60556030273438 116.57593536376953 140.1940155029297 6 77.92762756347656 110.4911880493164 114.18618774414062 138.31057739257812 9 77.21161651611328 112.1760025024414 115.4767074584961 140.06752014160156
4 14.510409355163574 28.99058723449707 32.898834228515625 41.18773651123047 7 14.439872741699219 16.331876754760742 33.51271057128906 27.36444854736328
2 10.211055755615234 9.093865394592285 37.401424407958984 23.685571670532227 2 10.161670684814453 22.946123123168945 35.03349685668945 36.884918212890625
2 8.788005828857422 4.120321750640869 38.25777053833008 28.4852352142334
6 6.137814521789551 1.9243850708007812 23.68653678894043 14.199823379516602 3 7.085974216461182 14.421942710876465 25.00445556640625 24.986276626586914
2 6.613081932067871 2.204240322113037 27.562210083007812 18.317352294921875
1 50.39772033691406 20.704187393188477 77.85726928710938 35.52761459350586
2 13.386331558227539 4.423068523406982 46.5307731628418 29.13010025024414 0 10.796375274658203 28.974117279052734 44.73329162597656 52.96192932128906
2 28.643705368041992 54.875736236572266 71.0085678100586 80.53105163574219 2 34.82286834716797 31.125396728515625 76.78659057617188 55.614234924316406
2 64.6783676147461 70.342041015625 103.11483764648438 94.33911895751953
4 18.120100021362305 18.943742752075195 56.770416259765625 39.91678237915039 2 11.217484474182129 38.66461181640625 48.03757858276367 59.05100631713867
1 13.303505897521973 32.43607711791992 67.38497161865234 53.790496826171875 9 13.382589340209961 55.796119689941406 62.45583724975586 81.34138488769531
8 6.4327802658081055 20.5679988861084 29.579538345336914 36.25090789794922
6 17.391206741333008 46.061683654785156 57.51029586791992 63.319339752197266 3 33.63065719604492 0.3482935130596161 77.99024200439453 18.535499572753906 3 17.48549461364746 26.54954719543457 61.190608978271484 49.24745559692383
7 3.5872790813446045 2.146371603012085 22.591732025146484 14.587102890014648
6 14.4251127243042 27.483797073364258 54.284934997558594 54.1778678894043 9 19.375633239746094 26.41986846923828 52.767662048339844 53.57251739501953 0 16.109935760498047 27.522716522216797 54.6616096496582 54.12803649902344
7 89.89177703857422 166.5750274658203 183.30262756347656 234.91436767578125 3 97.8082275390625 170.74276733398438 191.85198974609375 238.0 2 28.81018829345703 39.56777572631836 181.56312561035156 110.91278076171875
2 21.357378005981445 4.732328414916992 47.07643508911133 20.924476623535156 7 17.71414566040039 32.38417434692383 45.61626434326172 46.701236724853516 0 21.00498390197754 20.240129470825195 46.95341873168945 34.21054458618164
0 17.08295440673828 26.365280151367188 51.92098617553711 43.94860076904297 2 15.420968055725098 42.969947814941406 48.44606018066406 63.11977005004883 3 16.76874351501465 5.165534019470215 53.65687942504883 27.208192825317383
5 8.263592720031738 24.370513916015625 44.3568115234375 47.74120330810547 1 6.91896390914917 8.415392875671387 44.66407012939453 23.710208892822266
3 5.048529148101807 3.301361322402954 32.200592041015625 18.88347053527832
5 8.196354866027832 19.823339462280273 37.153717041015625 36.36037063598633 3 8.3731689453125 4.12876033782959 37.58298873901367 20.411039352416992 5 9.68120002746582 2.860295295715332 36.44844436645508 19.710594177246094
3 25.20948028564453 26.109418869018555 109.87094116210938 72.82776641845703 1 28.311859130859375 1.564692735671997 109.80642700195312 27.586509704589844 0 27.413785934448242 72.98404693603516 116.73934173583984 138.0
7 13.128767967224121 26.224641799926758 49.320064544677734 47.067352294921875 4 17.99708366394043 2.2581286430358887 51.78681182861328 26.78564453125
1 35.439388275146484 23.959365844726562 69.24732208251953 37.916080474853516 8 33.9361572265625 37.14683532714844 68.59481811523438 55.02192687988281 1 32.44930648803711 54.80638122558594 67.77853393554688 68.62606811523438
3 6.985893726348877 5.837646484375 35.409263610839844 23.112533569335938 1 9.074101448059082 22.359678268432617 34.57956314086914 35.110595703125 7 6.7692952156066895 22.4029598236084 35.43498229980469 38.07219314575195
9 11.955219268798828 20.430438995361328 40.54608917236328 42.25660705566406
2 11.675474166870117 18.60954475402832 50.24858093261719 42.10865020751953 5 11.413808822631836 43.29014205932617 48.3062744140625 66.3941879272461
6 19.560495376586914 97.21345520019531 72.8604965209961 131.77944946289062 8 58.07081985473633 122.88131713867188 121.96200561523438 153.69775390625
9 23.97810935974121 53.26618194580078 63.46404266357422 74.23432159423828 7 22.06891632080078 29.680110931396484 64.16050720214844 54.14409255981445 4 22.77293586730957 7.625226020812988 62.35224533081055 31.262306213378906
2 42.93924331665039 70.92874908447266 111.26350402832031 115.02014923095703 4 23.876619338989258 29.092180252075195 95.97112274169922 71.4116439819336
9 7.887959003448486 13.609277725219727 32.52389144897461 28.489484786987305 1 8.42559814453125 4.805138111114502 29.058555603027344 16.213022232055664
4 10.772195816040039 1.6580482721328735 35.145530700683594 19.495187759399414 2 9.660829544067383 20.118040084838867 34.996826171875 40.38181686401367
4 48.939842224121094 44.55867385864258 94.89210510253906 70.29798126220703 8 22.6350040435791 94.79766845703125 67.30835723876953 127.32601165771484 5 33.459449768066406 69.53385162353516 78.4976577758789 96.29369354248047
9 16.670351028442383 10.294822692871094 51.20489501953125 30.03403663635254 3 16.88951301574707 1.9377156496047974 48.573848724365234 17.144805908203125 2 19.810468673706055 0.6309025287628174 50.01740646362305 17.374887466430664
4 7.501691818237305 17.433330535888672 32.26612854003906 33.6191291809082 2 7.106290817260742 2.9808144569396973 30.56328773498535 18.523237228393555
2 30.90502166748047 96.79303741455078 112.62620544433594 158.66543579101562 9 31.833782196044922 104.22509002685547 84.04601287841797 154.7913818359375 6 35.879180908203125 98.83447265625 81.60935974121094 141.30946350097656
6 30.644813537597656 48.19148254394531 117.11617279052734 95.34201049804688 4 16.243253707885742 3.3954710960388184 99.32455444335938 49.94098663330078
5 70.2820053100586 53.57137680053711 160.88693237304688 101.14483642578125
7 14.411073684692383 14.348904609680176 46.046051025390625 30.697250366210938 7 12.666603088378906 0.3331829011440277 44.747135162353516 13.044475555419922
1 33.39352798461914 28.6411190032959 50.7397575378418 38.28364181518555 9 32.75582504272461 38.88086700439453 48.72746276855469 49.0162239074707 7 16.544191360473633 30.09269142150879 34.144447326660156 43.67366027832031
3 10.818510055541992 17.23206329345703 34.35078430175781 30.452682495117188 5 11.797844886779785 30.130428314208984 35.713680267333984 44.077362060546875
8 21.258203506469727 28.641212463378906 69.78811645507812 52.59964370727539 3 21.46864128112793 1.0853278636932373 69.92657470703125 27.290775299072266 7 15.820709228515625 51.96610641479492 70.30742645263672 84.73155975341797
2 96.60078430175781 74.61251068115234 127.34563446044922 99.72000885009766 2 98.43326568603516 53.97403335571289 126.19046020507812 69.512939453125 1 18.659114837646484 0.9800527691841125 126.12842559814453 30.500532150268555
7 21.4088134765625 28.306604385375977 47.26609802246094 44.39631652832031 3 17.805448532104492 8.655206680297852 45.99032974243164 23.966859817504883
5 17.212017059326172 27.638059616088867 58.26859664916992 56.440650939941406 3 15.328658103942871 4.613835334777832 54.08182144165039 28.77635955810547
7 6.327705383300781 18.352481842041016 33.2270622253418 36.70265579223633
9 22.031993865966797 44.02839279174805 45.30097198486328 58.16493225097656
2 9.96138858795166 5.84476900100708 40.83572006225586 26.935890197753906 4 16.29161834716797 27.27831268310547 47.955875396728516 46.7823600769043
9 12.042729377746582 39.64189529418945 50.41737365722656 59.4925537109375 3 14.701680183410645 7.879083156585693 51.117610931396484 27.921703338623047
4 7.8703083992004395 25.056333541870117 33.021080017089844 40.37208557128906 2 5.996702194213867 8.658232688903809 33.609195709228516 24.597002029418945
2 23.365978240966797 22.970476150512695 55.65846633911133 40.252628326416016 8 27.785953521728516 39.51765823364258 54.85495376586914 53.77333068847656 6 26.537668228149414 50.39593505859375 57.438697814941406 67.15452575683594
2 8.123675346374512 7.437321186065674 41.758174896240234 23.59601402282715 2 13.0650053024292 21.423507690429688 41.261573791503906 37.695068359375
4 6.410305976867676 16.247129440307617 26.332365036010742 28.67583656311035 5 6.361091613769531 2.786205768585205 27.610816955566406 15.371591567993164
7 17.029537200927734 16.687664031982422 42.820953369140625 31.589500427246094 5 16.082754135131836 4.591487884521484 41.346641540527344 18.353954315185547 3 16.58089828491211 5.414564609527588 42.59934997558594 19.19634246826172
2 27.97665786743164 19.902301788330078 65.95052337646484 40.632137298583984 5 27.42337989807129 4.008778095245361 63.85969161987305 23.371845245361328
6 29.65876579284668 3.003201961517334 71.96226501464844 36.137794494628906 2 26.788074493408203 2.2039055824279785 74.45258331298828 37.78562545776367 1 28.099853515625 23.778871536254883 78.24517059326172 49.920860290527344
4 11.125205993652344 15.34703540802002 39.150978088378906 30.373037338256836 5 10.87842082977295 29.55059814453125 39.426780700683594 44.90921401977539 3 11.360758781433105 0.40388599038124084 39.23453903198242 15.12236499786377
8 13.102190017700195 38.828128814697266 61.248382568359375 64.06429290771484 1 12.190071105957031 19.052385330200195 62.32147216796875 36.89812088012695
2 36.09164810180664 41.2118034362793 57.168643951416016 53.75741195678711
4 34.6768684387207 57.73241424560547 70.06438446044922 84.08635711669922 1 34.15134811401367 33.53204345703125 75.80338287353516 54.19818878173828
4 36.86515808105469 45.42042541503906 94.46640014648438 76.26740264892578 5 37.5893440246582 8.580822944641113 98.4358901977539 38.251583099365234
3 10.119404792785645 26.28352165222168 36.15642547607422 39.71042251586914 3 8.269207000732422 12.623298645019531 34.73412322998047 25.33119773864746
8 17.935527801513672 18.42168617248535 45.3764533996582 33.4780158996582
5 14.704355239868164 72.2053451538086 35.28973388671875 85.50889587402344 4 45.07515335083008 47.04161071777344 93.46788024902344 79.25247955322266 3 14.952540397644043 81.68675994873047 36.074249267578125 94.82861328125
2 28.184202194213867 5.940369606018066 88.18817901611328 42.78770446777344 4 36.06156539916992 45.1030387878418 86.4365463256836 75.6567153930664
8 7.261325836181641 15.323257446289062 37.73481369018555 32.122642517089844
7 15.95059585571289 38.442440032958984 35.21992492675781 50.639564514160156 1 16.007366180419922 16.85320281982422 35.989933013916016 26.829509735107422 8 17.75838851928711 27.847232818603516 35.73917007446289 39.203861236572266
2 9.276217460632324 6.107116222381592 36.47663497924805 20.036705017089844 7 8.31678295135498 20.936351776123047 36.03025436401367 34.327369689941406
0 30.91463279724121 83.48392486572266 73.83858489990234 104.7467269897461 4 32.68224334716797 50.218162536621094 81.36744689941406 71.91978454589844 5 30.68416404724121 68.06722259521484 77.8897476196289 88.38233184814453
3 14.552882194519043 42.36545181274414 38.90898513793945 59.034629821777344
6 63.961212158203125 65.88937377929688 110.38699340820312 106.04239654541016 0 61.269744873046875 67.4116439819336 110.0624771118164 104.77301025390625 9 67.81229400634766 68.67096710205078 115.3682861328125 104.67122650146484
6 2.7934322357177734 14.914377212524414 42.5203742980957 41.89578628540039
9 16.906644821166992 51.723724365234375 60.55751419067383 75.96009063720703 5 17.162097930908203 30.027584075927734 60.645538330078125 52.3955192565918 1 14.196245193481445 11.768950462341309 56.370758056640625 28.427509307861328
1 38.631103515625 192.14320373535156 181.7469940185547 258.6251220703125 7 113.35132598876953 67.34146118164062 164.8378143310547 99.38037872314453 1 57.39458465576172 135.664794921875 192.24002075195312 204.51528930664062
5 55.44137954711914 15.294156074523926 88.48450469970703 32.752750396728516 1 18.109344482421875 45.804988861083984 93.85904693603516 77.23463439941406 3 56.258487701416016 0.1814694106578827 84.47600555419922 8.22890567779541
9 15.34385871887207 2.2031261920928955 53.43449783325195 29.872690200805664
9 12.151049613952637 11.981956481933594 37.147098541259766 30.247848510742188 8 10.641406059265137 28.926469802856445 37.525325775146484 44.459468841552734 6 9.43031120300293 28.35169792175293 38.30141830444336 46.18669509887695
6 17.718820571899414 30.86031150817871 59.23125076293945 57.184871673583984 3 9.635075569152832 7.600563049316406 53.04554748535156 30.83711814880371
2 9.500986099243164 5.561435222625732 36.1612663269043 21.27149772644043 0 13.999039649963379 30.796995162963867 36.639404296875 42.09236526489258 3 13.652688026428223 21.78960418701172 39.15723419189453 33.0174446105957
4 7.1104021072387695 0.0 32.71760940551758 13.733888626098633
9 17.961788177490234 25.798490524291992 42.366783142089844 41.19277572631836 2 14.822361946105957 28.404190063476562 47.002384185791016 48.5882682800293 5 8.112931251525879 6.914174556732178 35.04417419433594 26.26866340637207
9 11.171464920043945 1.834282636642456 35.129859924316406 19.582168579101562
0 192.48681640625 127.38800048828125 252.69700622558594 185.72119140625 6 192.91964721679688 132.62738037109375 250.12945556640625 188.6294403076172 9 196.20147705078125 133.13116455078125 255.20777893066406 190.17227172851562
4 5.747844696044922 8.511697769165039 37.29700469970703 30.91131019592285 0 8.76163387298584 28.95020866394043 38.96295166015625 50.69997787475586
9 13.089578628540039 4.177355766296387 38.86674118041992 20.855623245239258 4 9.61461353302002 20.53591537475586 40.95884323120117 42.46434020996094
4 8.463705062866211 24.483266830444336 28.695899963378906 36.0
1 9.395764350891113 25.260311126708984 42.87930679321289 37.11997985839844 1 8.02578353881836 10.562528610229492 44.17771530151367 24.978593826293945
2 7.474830627441406 12.905095100402832 35.42363739013672 30.51418685913086
1 6.788601398468018 18.249338150024414 34.831939697265625 31.30976104736328 7 38.774742126464844 45.603031158447266 65.1179428100586 62.373138427734375 0 24.738435745239258 31.224132537841797 50.88560485839844 49.31524658203125
5 15.489286422729492 63.21908187866211 61.0177116394043 91.01049041748047 2 35.228370666503906 18.25921630859375 83.0315933227539 48.943965911865234 1 24.553613662719727 43.467323303222656 71.60690307617188 64.34959411621094
4 9.006957054138184 13.685134887695312 26.96062469482422 26.559600830078125 7 8.15787124633789 26.249597549438477 24.776321411132812 38.47893524169922 1 10.464301109313965 5.573599338531494 28.392017364501953 14.131420135498047
6 4.1091837882995605 7.505252838134766 26.452163696289062 20.559690475463867
6 21.39263916015625 57.243690490722656 88.58502960205078 92.51751708984375 2 16.47234535217285 18.77980613708496 84.75404357910156 58.38796615600586
7 15.259230613708496 15.043746948242188 37.5129280090332 27.37784767150879 3 16.757539749145508 2.1875417232513428 38.5600700378418 13.818252563476562 1 12.03335189819336 25.916057586669922 39.695350646972656 38.07344436645508
3 34.214054107666016 86.8811264038086 78.03565979003906 111.53228759765625 8 52.64049530029297 62.621437072753906 95.34420013427734 89.95024108886719
9 8.759332656860352 15.014118194580078 28.82501983642578 27.66811180114746
1 30.50919532775879 7.581841468811035 102.15605926513672 30.847942352294922
5 17.107582092285156 3.013260841369629 49.60010528564453 22.782428741455078 5 11.043844223022461 26.866670608520508 39.12434387207031 46.17658996582031
4 24.783517837524414 73.86705780029297 74.7353744506836 105.04903411865234 1 29.729450225830078 81.51992797851562 68.98099517822266 104.35575103759766 1 21.443174362182617 52.98137283325195 75.65152740478516 82.88133239746094
1 8.934042930603027 7.691269397735596 42.83154296875 21.595191955566406 7 9.102015495300293 20.84602165222168 42.020896911621094 36.75056457519531
5 19.493806838989258 12.116748809814453 92.56488800048828 50.0609016418457 5 21.551597595214844 47.794097900390625 93.88737487792969 87.36096954345703
6 47.346622467041016 38.578765869140625 93.38371276855469 66.0599594116211 2 47.96575164794922 18.07950782775879 91.95132446289062 43.449703216552734 3 42.573368072509766 63.422950744628906 93.0838851928711 90.11559295654297
4 35.73979568481445 3.6182918548583984 142.00254821777344 87.71086883544922
2 8.96367073059082 4.606164932250977 32.41004943847656 16.260162353515625 9 7.115333557128906 14.838407516479492 31.604339599609375 28.153398513793945
6 8.530177116394043 6.928850173950195 29.975181579589844 19.658493041992188 2 21.395421981811523 16.018413543701172 45.99802017211914 31.317218780517578
5 19.05060386657715 20.78651237487793 47.84099578857422 34.72636413574219 8 18.886489868164062 6.379870414733887 45.09988021850586 20.960708618164062
2 45.0233268737793 34.55390930175781 77.24016571044922 53.05222702026367 6 45.156524658203125 53.85261535644531 76.58668518066406 74.00161743164062
7 26.4887638092041 29.22806739807129 71.10297393798828 52.6149787902832
7 13.008843421936035 12.672833442687988 35.71617889404297 26.66170310974121
1 17.17337417602539 5.289576053619385 39.06495666503906 17.099828720092773 0 16.733388900756836 16.863805770874023 38.96320343017578 32.0109977722168
1 19.477548599243164 39.120399475097656 50.075721740722656 52.24693298339844 8 20.839353561401367 50.971134185791016 50.62018966674805 67.86155700683594
7 15.250612258911133 65.55162811279297 48.77574920654297 90.66741943359375 2 15.070341110229492 45.25688552856445 50.91969299316406 65.80838775634766
4 75.74182891845703 36.238861083984375 138.80604553222656 72.3382568359375 1 74.5232925415039 33.28218460083008 126.41386413574219 56.67537307739258
4 16.33526611328125 61.2794303894043 35.9084587097168 71.88536071777344 1 16.873998641967773 66.02913665771484 36.01318359375 80.80260467529297 2 16.365474700927734 56.13967514038086 35.33172607421875 65.99024963378906
6 10.78657341003418 7.316335201263428 36.69961929321289 23.787872314453125 7 9.619560241699219 24.076583862304688 36.75761795043945 40.89197540283203
9 21.990764617919922 2.3361682891845703 58.77748107910156 31.725038528442383
9 9.714259147644043 30.576988220214844 34.82915115356445 46.77981185913086
4 3.7351555824279785 13.722067832946777 24.502450942993164 26.895078659057617
6 6.27496337890625 5.628098964691162 28.82833480834961 18.01984405517578 3 7.367027282714844 18.334630966186523 29.01759910583496 29.484745025634766
4 10.001315116882324 15.900716781616211 30.632966995239258 31.82373809814453 9 11.067911148071289 5.529289245605469 31.172489166259766 19.748193740844727 2 9.029574394226074 5.444759845733643 31.822410583496094 21.317241668701172
2 21.329755783081055 10.200671195983887 51.69728469848633 27.108829498291016 1 19.947708129882812 31.727842330932617 54.21763610839844 46.6856575012207
2 10.568918228149414 5.99056339263916 33.847198486328125 18.927146911621094 9 9.192997932434082 31.1411075592041 29.429330825805664 45.153289794921875 9 8.64423656463623 19.105222702026367 30.75591278076172 32.70869827270508
7 88.41065979003906 32.90054702758789 174.10440063476562 76.96752166748047 1 91.51966857910156 20.41714096069336 177.96786499023438 66.23738861083984 6 46.13520431518555 76.42151641845703 90.14537811279297 114.3634033203125
1 36.52838897705078 24.24930763244629 58.78822326660156 37.80179214477539 8 29.979938507080078 39.976619720458984 61.007808685302734 58.510746002197266 3 30.194076538085938 40.25973892211914 59.364173889160156 58.472923278808594
7 26.71233367919922 34.22071838378906 53.605133056640625 46.26921081542969 6 23.903623580932617 46.38100051879883 49.70399475097656 61.032405853271484 1 28.87255859375 27.42544174194336 55.064910888671875 37.59718704223633
4 15.878774642944336 2.808431625366211 52.749839782714844 25.544391632080078 4 13.257379531860352 26.647939682006836 50.81000900268555 49.304622650146484
2 31.15814781188965 3.06327486038208 56.063194274902344 16.250720977783203 7 32.73147964477539 13.636686325073242 56.96279525756836 24.692014694213867
1 9.35608196258545 8.382847785949707 30.22902488708496 18.624387741088867
4 14.722762107849121 31.272485733032227 36.629573822021484 44.346797943115234 3 15.327099800109863 18.473955154418945 37.83932113647461 30.789018630981445
5 16.765945434570312 18.050153732299805 43.55323791503906 31.91846466064453 9 18.927440643310547 2.9269890785217285 39.657928466796875 15.64533519744873
9 27.821949005126953 21.07075309753418 71.64608764648438 50.642494201660156
8 9.541155815124512 12.06212329864502 32.71297836303711 26.297216415405273 6 7.932538986206055 10.560867309570312 33.85981369018555 27.02511215209961
2 70.27995300292969 50.90443420410156 115.96210479736328 72.56134033203125 9 65.0716323852539 60.07482147216797 120.26404571533203 90.45266723632812 1 63.321022033691406 28.580371856689453 119.78041076660156 59.55337905883789
1 40.372867584228516 46.19889831542969 115.22785186767578 79.99162292480469
6 34.948307037353516 55.58429718017578 66.81306457519531 73.16934204101562 3 29.698486328125 2.6742947101593018 75.98705291748047 22.34401512145996 4 33.700313568115234 55.41646957397461 67.92212677001953 73.11019134521484
1 10.942375183105469 31.0286808013916 45.652584075927734 44.42793273925781 5 11.401407241821289 42.39299392700195 41.890560150146484 60.324893951416016
3 10.593832015991211 21.159404754638672 42.84673309326172 40.02503967285156 9 8.582320213317871 2.100715160369873 41.10076904296875 22.49129295349121 8 7.92866849899292 2.400057315826416 41.61915588378906 21.260080337524414
3 50.85051727294922 220.76937866210938 134.3879852294922 281.578125 2 54.52949523925781 220.02685546875 140.40821838378906 279.96319580078125 1 47.97675704956055 179.83914184570312 140.48660278320312 232.8003692626953
4 4.384748935699463 16.080886840820312 26.982242584228516 31.158720016479492 2 3.2509913444519043 3.4653751850128174 26.328977584838867 17.32140350341797
5 6.66225004196167 1.6741904020309448 33.66640853881836 17.181203842163086 1 8.858224868774414 19.369184494018555 34.51417922973633 31.5119686126709
1 47.134254455566406 6.4810285568237305 82.00821685791016 19.334836959838867
2 22.679031372070312 36.87502670288086 52.60405349731445 53.49039077758789 2 22.780372619628906 52.815521240234375 52.71454620361328 67.50389862060547
3 5.29651403427124 0.0 27.64979362487793 11.915689468383789 3 5.4452338218688965 11.790783882141113 28.07296371459961 25.445390701293945
1 12.21914005279541 2.5267245769500732 52.86185073852539 20.081809997558594 4 12.760858535766602 29.58599090576172 52.02965545654297 54.667842864990234
2 41.578128814697266 27.832239151000977 66.7039566040039 47.330955505371094
4 7.037837028503418 20.336109161376953 29.896467208862305 33.76628875732422 2 7.993953227996826 6.019443511962891 30.21696662902832 20.59410285949707
6 7.488783836364746 23.477825164794922 36.71583557128906 43.87571716308594
7 30.426128387451172 51.28858184814453 73.55555725097656 73.2371826171875 1 28.34091567993164 15.997427940368652 71.64835357666016 36.228084564208984 1 28.9801025390625 33.42142105102539 75.06949615478516 51.70086669921875
1 56.27667999267578 34.611263275146484 80.62650299072266 51.853057861328125 4 59.315093994140625 34.83571243286133 81.05117797851562 49.651161193847656 1 60.06841278076172 47.82642364501953 80.31050872802734 56.89543914794922
3 16.204509735107422 24.966846466064453 41.20106887817383 41.53411102294922
9 31.251176834106445 5.360421180725098 88.60454559326172 44.93500900268555 6 29.737958908081055 4.863832473754883 88.3717041015625 40.95888137817383 0 28.811796188354492 2.184231758117676 89.17550659179688 48.50014877319336
5 47.187416076660156 54.79234313964844 72.76558685302734 74.19036102294922 8 48.194942474365234 71.54193878173828 71.11355590820312 90.39969635009766
2 4.825047016143799 9.03951358795166 34.53105545043945 28.517114639282227
8 15.108377456665039 21.491680145263672 55.468753814697266 46.61138153076172 3 17.572763442993164 25.601749420166016 57.49663543701172 45.56547164916992 2 10.968469619750977 11.584425926208496 54.69661331176758 35.063594818115234
1 16.301128387451172 3.8060238361358643 40.515838623046875 15.049962043762207 9 16.146839141845703 14.514348983764648 39.854713439941406 28.08368682861328 0 17.494857788085938 13.711153984069824 38.73817443847656 27.393054962158203
3 5.957208156585693 18.234554290771484 28.472383499145508 32.070556640625
0 13.63767147064209 25.184921264648438 49.49494552612305 45.516136169433594 5 18.903112411499023 46.90597152709961 50.948280334472656 63.4038200378418 3 12.562664985656738 2.023317813873291 48.367042541503906 22.43410301208496
7 6.565513610839844 16.6746826171875 32.931663513183594 30.590620040893555 4 6.71549654006958 2.34857439994812 32.26757049560547 16.7724609375
4 22.1636962890625 10.908303260803223 52.24570083618164 30.673084259033203 0 9.226994514465332 28.498315811157227 36.287506103515625 49.548519134521484
2 42.614356994628906 23.3414363861084 92.88883209228516 53.06926727294922 7 43.46525192260742 72.335205078125 93.57174682617188 98.73812866210938 2 43.868900299072266 51.3551139831543 95.29612731933594 74.77513122558594
0 11.312141418457031 32.02621078491211 57.536590576171875 63.90781021118164 9 13.612187385559082 30.793439865112305 56.763893127441406 64.74000549316406 6 13.045682907104492 32.78728485107422 54.05362319946289 63.753814697265625
4 11.323338508605957 22.38620376586914 41.216033935546875 39.9959716796875 2 13.62126636505127 38.99392318725586 38.034183502197266 54.0 2 12.782903671264648 5.354915142059326 39.86092758178711 23.319581985473633
9 15.61175537109375 7.720698356628418 37.30584716796875 21.72473907470703
