7 45.10805892944336 56.94581985473633 73.1395263671875 80.6398696899414 2 44.33675765991211 42.60860824584961 76.23097229003906 64.99783325195312
4 25.705875396728516 38.821136474609375 79.0009536743164 70.30883026123047 1 25.79435920715332 81.46392059326172 90.47358703613281 106.6117172241211 3 8.434633255004883 11.374330520629883 72.75225067138672 43.51714324951172 4 25.654014587402344 54.945457458496094 70.89106750488281 80.13509368896484
2 15.317170143127441 20.195144653320312 29.023740768432617 29.901988983154297 2 8.185748100280762 4.158200740814209 26.896135330200195 15.27919864654541 4 12.473381042480469 4.673727512359619 27.745258331298828 13.894883155822754

3 26.191627502441406 5.198635101318359 67.5750503540039 35.200279235839844 2 37.44900894165039 8.55029296875 74.53072357177734 29.232913970947266

0 26.555593490600586 66.40769958496094 82.16575622558594 91.24430084228516 5 21.541290283203125 36.412193298339844 75.19145202636719 62.75251770019531
7 55.09008026123047 104.80353546142578 86.25936889648438 125.43830108642578 1 55.20896911621094 96.0659408569336 89.83914947509766 118.32020568847656

4 29.750574111938477 40.36995315551758 62.23191833496094 61.40464401245117 5 13.401220321655273 20.24825668334961 53.34614562988281 42.2291374206543 1 27.180477142333984 46.92378234863281 62.245826721191406 64.84364318847656
5 12.800408363342285 25.039640426635742 38.13246536254883 39.37359619140625 2 14.439579963684082 9.5339994430542 40.76323318481445 23.745161056518555

7 11.070147514343262 36.07844543457031 38.8297119140625 50.97856903076172 0 13.48734188079834 4.914513111114502 42.202571868896484 18.26744842529297 1 7.5573039054870605 2.8216638565063477 42.86090850830078 16.7251033782959 1 13.879258155822754 8.70461368560791 42.2597541809082 22.413528442382812
7 16.87491798400879 19.09292221069336 44.465858459472656 35.23073959350586 9 15.110431671142578 35.950836181640625 45.551639556884766 51.03466033935547 0 12.757808685302734 34.888404846191406 41.927879333496094 51.948429107666016 1 18.178268432617188 13.251752853393555 48.213138580322266 28.900476455688477 4 14.313004493713379 28.44149398803711 50.318119049072266 43.15309524536133
2 28.060861587524414 67.68521118164062 80.63520812988281 95.89222717285156 1 21.744226455688477 43.18095779418945 80.00057983398438 66.12682342529297 4 14.205212593078613 19.9256534576416 68.8675308227539 47.26839065551758
9 96.56888580322266 19.9622802734375 124.60169219970703 42.228904724121094 1 24.377517700195312 12.000094413757324 103.88462829589844 47.44190216064453 8 82.62974548339844 16.41585922241211 131.77049255371094 46.30657196044922
2 11.079679489135742 9.635180473327637 28.50161361694336 20.401325225830078
6 34.193538665771484 17.53251838684082 62.87508010864258 32.86830520629883 6 36.606117248535156 29.9149227142334 61.84897994995117 45.23622512817383
3 16.8762149810791 50.64427185058594 48.38291931152344 68.95594787597656 7 10.46782112121582 27.13427734375 47.518646240234375 48.617820739746094 1 17.030113220214844 30.424816131591797 47.4418830871582 45.843971252441406
4 54.352272033691406 10.26400089263916 115.06332397460938 50.39346694946289
2 20.2150936126709 31.731176376342773 47.33445739746094 48.750732421875 4 24.844959259033203 54.47296905517578 55.55580139160156 69.4795913696289 5 23.0267333984375 41.43208694458008 54.75143814086914 58.111446380615234 4 21.98399543762207 32.867431640625 55.28852844238281 51.092140197753906
5 5.666038990020752 11.231769561767578 30.30280876159668 25.522573471069336

1 13.26553726196289 43.98138427734375 53.796058654785156 59.799346923828125 3 15.820947647094727 56.283504486083984 56.6839599609375 78.92481231689453
2 17.23106575012207 24.652755737304688 67.72967529296875 52.572242736816406 9 25.628738403320312 51.4200439453125 71.24600982666016 75.6144790649414 3 19.25498390197754 23.488597869873047 63.5848503112793 50.69089126586914 0 22.133277893066406 52.294979095458984 68.92032623291016 79.6268310546875 2 28.375259399414062 36.6934814453125 68.21610260009766 68.23356628417969
1 11.479517936706543 37.65346145629883 37.357398986816406 53.580257415771484
9 19.911169052124023 43.811737060546875 57.08049774169922 64.23566436767578 0 36.08979797363281 58.529563903808594 74.62915802001953 77.76947021484375 2 33.630306243896484 53.740020751953125 75.3525161743164 75.39478302001953 2 19.121971130371094 40.40803527832031 56.26605987548828 61.44321060180664
7 32.189857482910156 19.06303596496582 57.231082916259766 32.11050796508789 4 25.23543930053711 26.928569793701172 54.11603546142578 42.42622375488281 7 29.245569229125977 26.818906784057617 57.694847106933594 42.54218292236328

2 9.736960411071777 0.9985959529876709 26.901206970214844 10.778663635253906
3 11.029356956481934 1.4191023111343384 35.27452850341797 15.741690635681152
5 7.244672775268555 21.805152893066406 23.85744857788086 30.110910415649414
3 79.30994415283203 21.895633697509766 129.212890625 56.701663970947266 1 24.20262336730957 88.19606018066406 96.88716125488281 126.60244750976562 1 74.96654510498047 127.06765747070312 155.99459838867188 168.9755096435547
1 144.2915802001953 14.822659492492676 208.04678344726562 46.657737731933594 0 178.19065856933594 93.52679443359375 237.0 119.49516296386719 1 182.0 62.046268463134766 237.0 89.67474365234375 1 83.1675033569336 149.8363800048828 139.91452026367188 178.8734130859375 4 129.11614990234375 27.724536895751953 215.9761505126953 69.0920639038086
1 29.236515045166016 36.5694465637207 61.0 51.393917083740234

3 17.627315521240234 35.633949279785156 43.642425537109375 50.88402557373047 2 16.528465270996094 36.63127136230469 44.25066375732422 51.875396728515625 8 15.788806915283203 35.98577880859375 41.314979553222656 52.82864761352539 5 19.687440872192383 33.674957275390625 44.62370300292969 51.2735710144043
4 30.252256393432617 57.04098892211914 78.51152801513672 78.5914077758789 4 11.139891624450684 62.942386627197266 54.57769775390625 86.86636352539062 5 40.60235595703125 75.71427917480469 88.07844543457031 92.58509063720703 1 12.334246635437012 63.02783966064453 72.22371673583984 84.17583465576172
2 45.295677185058594 38.800071716308594 81.61927795410156 58.87350845336914 4 48.30070114135742 53.87418746948242 79.13615417480469 70.93797302246094 0 47.27345657348633 62.55768966674805 80.2618408203125 79.66549682617188 4 47.73527526855469 42.76232147216797 79.14193725585938 63.630558013916016
5 16.356130599975586 21.88088607788086 60.67901611328125 42.443119049072266 3 12.382262229919434 21.49631690979004 59.39295196533203 45.08871078491211
4 129.1432647705078 157.75228881835938 186.01463317871094 194.31005859375 1 127.43737030029297 136.82403564453125 187.1835174560547 160.49876403808594 1 33.80653762817383 51.122798919677734 183.32614135742188 109.17123413085938 1 134.1253662109375 140.95538330078125 195.0418701171875 187.01792907714844
2 13.202947616577148 5.6198039054870605 39.7247428894043 23.821327209472656
3 13.789931297302246 29.263259887695312 45.54732894897461 49.13321304321289 5 19.297039031982422 45.65020751953125 41.81690979003906 58.24744415283203 2 17.100576400756836 33.937232971191406 39.99257278442383 48.34052276611328 1 0.0 0.0 46.777042388916016 15.823668479919434
8 7.26531982421875 1.7185250520706177 25.88257598876953 13.245620727539062 4 8.51108455657959 11.04222297668457 28.658920288085938 23.5302791595459
4 30.085399627685547 51.438819885253906 69.44955444335938 71.44651794433594 6 29.604389190673828 33.928192138671875 65.61080169677734 53.905433654785156 5 38.051815032958984 33.01144027709961 67.75750732421875 51.135093688964844 3 36.81325912475586 37.8734016418457 60.53042221069336 53.62899398803711 4 35.26319885253906 43.54173278808594 63.606964111328125 62.0374641418457
1 34.522281646728516 57.96558380126953 62.30198287963867 71.13218688964844 3 35.525516510009766 39.86512756347656 65.08089447021484 59.54133987426758

6 12.88926887512207 43.379173278808594 47.82416534423828 66.61483001708984
2 52.97215270996094 12.837923049926758 99.12089538574219 41.637481689453125 3 34.30812072753906 42.20478057861328 81.4069595336914 68.63428497314453 0 24.81429100036621 70.4838638305664 69.62731170654297 98.81938934326172
9 8.797815322875977 11.795893669128418 27.41910743713379 22.1018009185791 2 8.715126037597656 3.4483237266540527 29.797828674316406 13.889873504638672
8 29.75057029724121 28.4329833984375 76.8061294555664 55.941463470458984 2 43.545135498046875 0.45301327109336853 89.50991821289062 27.375930786132812 7 15.366171836853027 50.18002700805664 63.7410774230957 79.68045043945312
1 67.75481414794922 62.797786712646484 98.42060852050781 73.31063842773438 6 66.70980834960938 74.1741714477539 98.3559799194336 91.84009552001953 1 61.889915466308594 51.91483688354492 95.38439178466797 69.49882507324219 8 72.6783447265625 72.80887603759766 101.25311279296875 89.97694396972656 6 62.46073532104492 67.6076889038086 101.35041046142578 83.02571105957031 1 51.884315490722656 2.8149991035461426 98.54969787597656 22.770627975463867
4 11.08940315246582 7.983107566833496 32.05323791503906 20.955707550048828 4 7.68558931350708 20.716232299804688 31.027936935424805 35.93852996826172

8 26.294572830200195 65.53570556640625 69.9733657836914 95.29608154296875 9 21.80594825744629 39.255104064941406 70.59905242919922 68.56852722167969 5 24.451980590820312 88.05946350097656 75.8431167602539 117.97486114501953 1 13.477214813232422 24.242584228515625 56.88834762573242 41.93739700317383 2 24.569875717163086 38.379356384277344 73.14398956298828 68.59555053710938
0 15.521639823913574 28.502986907958984 38.52469253540039 41.50328826904297 6 11.963159561157227 28.763687133789062 34.315399169921875 41.36881637573242 5 7.313362121582031 31.606121063232422 32.16335678100586 43.90145492553711
5 112.52452087402344 51.602108001708984 166.28077697753906 75.49976348876953 4 108.4072265625 25.66026496887207 167.59695434570312 55.47358322143555

9 38.92037582397461 33.431522369384766 65.72386932373047 48.8546257019043 0 37.19268035888672 20.09939956665039 66.72242736816406 33.27001190185547 3 36.080955505371094 1.6131935119628906 65.81748962402344 20.639055252075195
6 35.39179229736328 38.43254089355469 67.13716888427734 56.58050537109375

2 16.02802276611328 36.89518356323242 36.01205062866211 50.0 8 6.7242751121521 23.819917678833008 29.4459228515625 39.14181900024414
6 31.370014190673828 20.679189682006836 55.133426666259766 35.54106521606445
2 26.49874496459961 49.56632614135742 76.55390167236328 74.35051727294922 4 26.245019912719727 53.367618560791016 77.12007141113281 78.75281524658203 4 20.4305419921875 64.2087631225586 68.17594146728516 91.29053497314453

2 20.643217086791992 75.90160369873047 47.688255310058594 94.33517456054688 2 18.598106384277344 58.61158752441406 50.999000549316406 77.05989837646484 3 19.965269088745117 59.67396926879883 49.52423858642578 76.08067321777344
5 41.02727508544922 40.600364685058594 64.08415985107422 53.74061584472656 3 40.20214080810547 52.301876068115234 65.06578063964844 64.91661071777344 5 35.25770950317383 34.21283721923828 74.21509552001953 51.29130935668945 1 36.41259765625 3.273681640625 93.66471099853516 24.221630096435547 9 41.63388442993164 50.117958068847656 68.75731658935547 67.29676055908203 3 39.8791618347168 43.88494110107422 65.95569610595703 58.01758575439453
1 12.546117782592773 4.248495578765869 42.96646499633789 18.88357162475586 7 12.859521865844727 23.172395706176758 47.67580795288086 40.86442947387695
8 63.644317626953125 170.04891967773438 136.50466918945312 222.45852661132812 2 87.24354553222656 196.916259765625 136.13534545898438 224.0 2 64.28086853027344 162.0914764404297 137.048583984375 224.0
7 59.508724212646484 58.08160400390625 116.29744720458984 89.23432159423828 7 57.83005905151367 91.826904296875 115.64800262451172 121.82544708251953 1 62.505863189697266 78.59707641601562 111.67018127441406 99.55044555664062 4 60.290122985839844 62.65439987182617 120.93292999267578 98.33195495605469 1 65.95638275146484 87.60580444335938 120.37913513183594 111.20345306396484
2 12.920839309692383 8.714181900024414 37.07493209838867 22.47336769104004 5 10.742786407470703 23.937341690063477 31.323644638061523 38.27490234375
8 30.761863708496094 68.32030487060547 90.23185729980469 95.13359069824219 6 23.72602081298828 33.49653244018555 73.52436065673828 63.35712432861328 1 9.059213638305664 5.055588722229004 73.89866638183594 30.434898376464844

8 8.552563667297363 8.517243385314941 30.228185653686523 20.29081153869629
3 27.4498233795166 6.527040481567383 60.9693489074707 28.3850154876709
1 12.464985847473145 37.50074005126953 42.0584716796875 49.78614044189453 4 17.14828109741211 34.749610900878906 42.61589813232422 50.19477844238281

0 54.53367614746094 20.32685661315918 110.47775268554688 45.95857620239258
1 7.035140514373779 16.945646286010742 25.183664321899414 27.271677017211914 7 8.514780044555664 16.153621673583984 27.539379119873047 26.392122268676758 4 8.484169006347656 25.837968826293945 26.93129539489746 37.2389030456543

5 15.741806983947754 41.98095703125 48.411376953125 61.580814361572266 6 19.79268455505371 18.848339080810547 50.603519439697266 39.477840423583984 6 18.213275909423828 0.0 50.38913345336914 17.904399871826172 5 20.89350700378418 16.514785766601562 48.131717681884766 36.91338348388672 3 18.032867431640625 40.76026916503906 48.215728759765625 61.49482727050781 4 23.204347610473633 2.3613882064819336 53.362701416015625 17.189733505249023
5 9.662656784057617 3.567431688308716 28.692855834960938 14.167715072631836
0 28.538618087768555 52.204010009765625 59.06104278564453 65.58536529541016 7 8.009806632995605 49.073524475097656 42.95519256591797 67.95258331298828 4 15.533777236938477 50.066646575927734 47.68503189086914 65.86154174804688 6 15.131732940673828 52.76190185546875 55.04852294921875 66.7916259765625
2 9.15733814239502 7.62180757522583 31.06386947631836 21.2071475982666
2 8.99825668334961 18.205432891845703 37.21782684326172 33.70073699951172 1 8.383532524108887 30.37784767150879 40.31504821777344 43.60106658935547
9 33.94120407104492 72.4646987915039 72.27750396728516 95.27664184570312 0 37.038570404052734 48.409000396728516 85.42498016357422 69.78825378417969 4 45.51055908203125 24.33292579650879 85.8822021484375 49.670963287353516 9 37.87356948852539 50.65696334838867 85.8953857421875 70.13761138916016
6 54.59004592895508 71.07341003417969 129.9615936279297 118.74148559570312 5 50.58749771118164 114.56993865966797 122.88992309570312 169.2715606689453 1 43.20389175415039 36.69998550415039 134.46702575683594 74.90670776367188 6 38.390811920166016 114.9531021118164 128.43849182128906 169.5809326171875
4 15.87769889831543 47.26209259033203 53.42061233520508 65.21566009521484 2 15.700807571411133 28.103912353515625 46.216285705566406 49.02409362792969 4 19.03751564025879 61.520755767822266 52.03067398071289 83.73265075683594 1 53.21009826660156 39.18122863769531 116.64640808105469 64.2395248413086 4 14.840889930725098 33.76176834106445 50.55927658081055 54.88396072387695 1 71.16875457763672 101.2973861694336 126.0 126.0
2 13.379355430603027 4.297482490539551 35.988426208496094 15.20953369140625 3 16.445308685302734 24.416162490844727 38.41331481933594 35.60642623901367 9 13.898197174072266 13.447249412536621 39.533485412597656 24.238597869873047 0 14.216946601867676 13.463135719299316 34.24099349975586 24.755525588989258
4 76.4594955444336 17.304609298706055 115.47016143798828 43.13801956176758
3 15.48183536529541 4.843269348144531 44.09833908081055 20.572282791137695 2 12.32680892944336 6.540180683135986 38.92853546142578 20.627538681030273 1 28.6173152923584 48.07059097290039 61.999996185302734 60.56817626953125
6 23.318559646606445 90.076416015625 80.59883117675781 122.81380462646484 1 36.35642623901367 33.37666320800781 105.8669662475586 58.38591384887695 4 36.303096771240234 54.61393737792969 95.55146789550781 84.55866241455078
1 14.087308883666992 0.592039167881012 40.840545654296875 14.410587310791016 1 19.136682510375977 11.518712997436523 44.80565643310547 25.9816951751709
2 19.375770568847656 32.89159393310547 67.25666809082031 53.694984436035156 4 21.086503982543945 36.86631774902344 67.22600555419922 60.048858642578125 1 15.237092971801758 42.68268966674805 57.15787887573242 58.85036849975586 0 14.748906135559082 54.579864501953125 70.33647155761719 81.3533706665039 7 16.83694076538086 35.44709396362305 64.56999206542969 59.95588302612305


1 9.078997611999512 4.859262943267822 40.56746292114258 15.279121398925781 3 14.62519359588623 25.603036880493164 40.3987922668457 41.33069610595703 2 15.532440185546875 22.504480361938477 39.4310302734375 37.40420913696289
1 13.926326751708984 9.341611862182617 53.90254592895508 24.88201332092285 6 16.023096084594727 29.20711898803711 48.896366119384766 46.29979705810547
8 17.39947509765625 31.878131866455078 44.601715087890625 48.17265319824219 6 14.20728874206543 32.45848083496094 43.92879867553711 49.76155471801758
9 34.600502014160156 22.205245971679688 69.76686096191406 39.01951217651367 8 34.18946075439453 11.03671646118164 66.28746032714844 25.26497459411621 4 35.193729400634766 8.518830299377441 69.32748413085938 27.84518051147461 6 35.88557052612305 8.292754173278809 67.15108489990234 23.490663528442383 6 24.951101303100586 36.17839050292969 76.66876220703125 58.08700942993164 1 19.630443572998047 52.067626953125 72.21554565429688 72.69003295898438
1 22.009645462036133 32.22185516357422 94.58769989013672 59.484195709228516 0 35.67118453979492 66.74528503417969 99.77320861816406 94.1125717163086 1 24.457002639770508 47.0067138671875 89.28348541259766 71.63531494140625 6 21.505380630493164 62.25604248046875 91.46066284179688 98.24911499023438


1 6.012700080871582 15.846245765686035 23.166086196899414 24.79330062866211
8 27.75311851501465 9.624764442443848 64.87077331542969 28.880809783935547 9 28.19386100769043 16.937475204467773 62.98611831665039 32.33646011352539 1 28.266435623168945 39.1994514465332 86.24010467529297 58.23444747924805
2 7.157973766326904 29.5855770111084 35.269710540771484 42.6252555847168
3 11.54678726196289 30.574851989746094 40.72958755493164 49.37832260131836
2 22.408475875854492 21.44272232055664 55.029388427734375 42.90705108642578 7 19.12340545654297 39.89900588989258 53.40421676635742 58.381629943847656
5 19.58371925354004 34.0827522277832 46.63493728637695 50.72376251220703 7 17.005477905273438 51.63190460205078 50.533748626708984 66.3880386352539 2 23.345996856689453 33.32170486450195 53.93323516845703 48.63334655761719
4 14.578447341918945 28.835689544677734 39.75600051879883 42.28523635864258 1 13.685646057128906 29.923662185668945 39.29043960571289 42.35521697998047
3 23.707202911376953 36.61852264404297 46.07712173461914 51.226173400878906 4 4.658387184143066 35.165733337402344 31.319034576416016 50.34849548339844
9 28.369216918945312 42.68587112426758 67.84239959716797 63.53186798095703 1 35.791744232177734 6.011633396148682 77.17389678955078 22.760562896728516 0 28.34880256652832 20.06137466430664 69.97100830078125 41.35118103027344 3 28.748167037963867 61.07463073730469 68.86749267578125 88.04802703857422 5 29.07964324951172 64.656982421875 69.59898376464844 89.57308197021484
1 7.3155364990234375 6.939006805419922 33.11369323730469 18.39122200012207 7 11.794447898864746 16.312856674194336 33.729087829589844 30.205766677856445 1 9.73183536529541 30.56684684753418 36.31797790527344 42.310569763183594
1 10.871589660644531 35.95338821411133 46.931068420410156 52.733848571777344 4 14.665153503417969 27.823184967041016 47.56351852416992 47.523921966552734 3 10.904961585998535 4.2791266441345215 52.50151824951172 23.047073364257812
2 23.23833656311035 65.51493835449219 52.12847900390625 83.17447662353516
5 8.998725891113281 21.184040069580078 30.912057876586914 33.00983810424805
3 25.095617294311523 15.61492919921875 77.48388671875 46.679622650146484
9 7.749679088592529 2.0410068035125732 30.19290542602539 14.540026664733887 6 10.844776153564453 2.677802324295044 30.823440551757812 14.655399322509766
4 15.984651565551758 13.252256393432617 45.00434112548828 31.256582260131836 2 11.31335735321045 6.0626983642578125 45.47877502441406 22.18790626525879 1 10.696188926696777 14.594413757324219 42.26801300048828 31.341384887695312
7 33.65019226074219 62.882450103759766 61.97988510131836 79.9081802368164 2 27.89630126953125 74.43336486816406 64.48694610595703 96.45448303222656
7 16.477766036987305 28.517864227294922 52.55813980102539 46.22712707519531 2 27.027950286865234 14.924369812011719 64.18902587890625 35.71414566040039 2 13.674858093261719 45.515235900878906 52.992618560791016 65.79608917236328 7 15.907885551452637 39.44036865234375 49.55728530883789 58.49650955200195
2 16.513561248779297 0.49744006991386414 48.398094177246094 20.485530853271484 4 20.98430061340332 25.08809471130371 52.15471649169922 41.826820373535156
3 17.854339599609375 17.04276466369629 43.435089111328125 33.84259033203125 5 25.396366119384766 31.651016235351562 53.02724075317383 48.42219161987305 8 19.893016815185547 18.692380905151367 43.19193649291992 35.21146011352539 2 25.7323055267334 33.42479705810547 52.120277404785156 49.79673385620117
4 10.003664016723633 11.559192657470703 33.548912048339844 25.712316513061523 3 9.705728530883789 25.978656768798828 37.77159881591797 40.690155029296875
3 81.9784164428711 49.43117141723633 140.39869689941406 81.38365936279297 3 23.869335174560547 40.60248565673828 80.63130187988281 70.76587677001953 8 42.28781509399414 47.1832275390625 109.7840576171875 79.07095336914062 2 60.53851318359375 42.73414993286133 118.49958801269531 76.8228759765625 0 50.8365478515625 49.991153717041016 112.08414459228516 85.56523895263672
1 0.0 34.59015655517578 75.66966247558594 78.38465881347656 8 91.379638671875 154.6510772705078 170.16757202148438 196.0 4 58.007537841796875 103.02311706542969 143.2984161376953 164.07850646972656
2 13.885419845581055 27.534748077392578 54.803184509277344 51.794891357421875 8 58.87822341918945 28.7082576751709 101.87085723876953 56.34748840332031 8 14.752013206481934 25.517780303955078 69.43534851074219 52.01012420654297 9 68.19313049316406 25.0025691986084 106.84186553955078 54.23113250732422 8 43.563941955566406 30.24492073059082 75.02798461914062 50.94975280761719
1 33.28608703613281 102.12317657470703 88.87220764160156 121.45243835449219 8 42.48072814941406 116.01261138916016 85.25836181640625 144.5162811279297 6 160.37815856933594 116.58527374267578 202.7852783203125 146.64517211914062 1 24.461767196655273 105.23334503173828 75.00057983398438 136.82118225097656 6 36.557315826416016 125.67140197753906 99.71701049804688 148.0287628173828
9 11.982032775878906 31.859338760375977 43.8537712097168 45.03081512451172 6 8.675517082214355 32.14823532104492 33.97200393676758 46.44804000854492 3 10.811929702758789 11.980298042297363 39.48522186279297 28.891761779785156
8 35.47903060913086 59.97071075439453 90.69740295410156 91.06014251708984 3 21.16731834411621 68.92276763916016 75.69459533691406 100.4612045288086

1 7.122097015380859 8.693029403686523 39.71349334716797 22.3426513671875
1 23.201692581176758 11.407876968383789 70.73872375488281 33.417823791503906 2 19.789838790893555 33.63954544067383 72.0427474975586 59.83080291748047
4 60.34496307373047 150.97996520996094 90.27924346923828 168.0 4 66.3149642944336 140.4597625732422 93.97686767578125 152.13650512695312 4 70.51278686523438 134.93545532226562 103.06678771972656 160.86911010742188 1 69.067626953125 133.89195251464844 88.0050048828125 145.22482299804688
6 51.64267349243164 30.619525909423828 101.04072570800781 53.340293884277344 9 45.96684265136719 48.82550811767578 94.76807403564453 70.19532775878906


2 12.937604904174805 17.840280532836914 40.84159469604492 34.26350784301758 4 16.496213912963867 0.731355607509613 43.68513488769531 18.914573669433594
2 44.338623046875 58.081298828125 87.52432250976562 80.85569763183594 0 35.60066604614258 79.13766479492188 81.97057342529297 101.14435577392578
8 7.805614471435547 24.97736358642578 31.748950958251953 37.507389068603516 7 8.34967041015625 34.65885925292969 30.712018966674805 45.60981369018555 2 4.9883270263671875 34.23542785644531 30.405162811279297 45.6802864074707
8 11.4351806640625 26.209383010864258 40.580810546875 42.30659866333008 5 10.3619384765625 7.950413227081299 43.490318298339844 25.27730941772461
6 9.9642915725708 21.020111083984375 30.144588470458984 33.36068344116211 2 10.432632446289062 11.803489685058594 30.900684356689453 24.492399215698242
1 10.03760051727295 4.7640700340271 37.43342590332031 16.913728713989258 1 6.812557220458984 15.810123443603516 37.86981201171875 28.722566604614258 4 9.634147644042969 27.736820220947266 33.433162689208984 40.06095504760742
6 22.9155330657959 64.03646850585938 53.25819778442383 77.55143737792969 1 23.190210342407227 56.42537307739258 54.19228744506836 70.81642150878906 1 30.243125915527344 50.60231399536133 64.87467193603516 66.79097747802734
6 17.196218490600586 16.764192581176758 45.84176254272461 35.67796325683594 6 19.673137664794922 36.45222091674805 46.563045501708984 53.23948287963867
5 11.554471015930176 34.168209075927734 41.58868408203125 51.820613861083984 4 11.134554862976074 21.937047958374023 41.57056427001953 34.59794235229492
1 19.116289138793945 41.703285217285156 59.78538131713867 61.53074645996094 5 22.903514862060547 26.005901336669922 66.65342712402344 46.53425598144531 3 21.295841217041016 25.36737632751465 64.98493957519531 45.88288116455078 5 20.149311065673828 5.289215087890625 68.47201538085938 26.8496150970459 1 37.62461853027344 12.470503807067871 68.07010650634766 30.238004684448242 3 19.726428985595703 2.3111677169799805 59.9058952331543 27.8537540435791
3 90.26114654541016 54.34991455078125 156.989501953125 85.45465850830078 3 98.35101318359375 66.94940948486328 160.58554077148438 105.9565658569336 1 85.19190979003906 57.14997482299805 158.32598876953125 85.84418487548828 1 141.0706787109375 0.0 201.30674743652344 20.33844566345215

8 12.571111679077148 5.133249759674072 32.261741638183594 18.320863723754883 5 10.297560691833496 15.058749198913574 32.98817825317383 28.385181427001953
3 7.156657695770264 17.24930763244629 28.200801849365234 27.252927780151367
4 13.45650863647461 15.857728004455566 34.246864318847656 27.988723754882812 2 14.797114372253418 3.1644365787506104 37.6170654296875 17.071632385253906
3 12.109003067016602 17.64390754699707 33.85209655761719 30.8601016998291
5 11.342023849487305 10.06393814086914 34.238059997558594 23.706100463867188 2 13.820182800292969 2.3702378273010254 36.84897994995117 14.571114540100098
5 15.034398078918457 41.020469665527344 39.38609313964844 54.17024612426758 3 16.63063621520996 40.9549446105957 41.587093353271484 52.58103561401367
8 15.379582405090332 11.362502098083496 63.0135612487793 42.70454406738281 8 39.523799896240234 13.601733207702637 96.69963073730469 38.38639450073242
2 47.17798614501953 8.263642311096191 109.21253204345703 41.23247146606445 8 54.21767044067383 36.30095291137695 103.39495086669922 60.829689025878906 9 50.37214279174805 34.23429489135742 104.91766357421875 61.57881546020508 6 49.03989028930664 55.773170471191406 106.32743835449219 89.02863311767578
5 9.25235366821289 11.527846336364746 38.344966888427734 25.56113624572754 6 6.097221374511719 9.48914623260498 31.57054328918457 24.033002853393555
1 54.55720901489258 101.64141082763672 114.47078704833984 129.77127075195312 3 44.057167053222656 68.02359008789062 73.18392181396484 92.98561096191406 1 2.2232868671417236 34.46955490112305 78.53809356689453 61.94152069091797
6 21.5239200592041 83.72765350341797 77.9964599609375 117.1761703491211 7 17.588764190673828 69.4657974243164 59.0076789855957 90.22340393066406 1 20.09271240234375 52.29555130004883 61.50652313232422 72.97241973876953
9 25.400257110595703 28.318689346313477 58.82012939453125 45.441287994384766 3 28.257545471191406 13.167675018310547 60.2999153137207 31.85347557067871
2 21.35186004638672 24.094879150390625 47.264713287353516 38.1231575012207 3 16.15019989013672 48.717193603515625 43.25858688354492 62.24287414550781 6 20.53989601135254 35.1768913269043 45.39984130859375 50.94895935058594 5 21.2967472076416 35.511287689208984 47.35478210449219 51.59737777709961
8 24.264175415039062 36.599884033203125 56.83111572265625 56.82915115356445 9 11.972756385803223 15.714412689208984 43.87968063354492 35.726619720458984 3 21.432418823242188 40.03696823120117 57.358909606933594 57.68349075317383
1 3.925442934036255 6.8222737312316895 33.96046829223633 21.047103881835938
7 6.981049060821533 0.8588594794273376 33.22358703613281 13.76349925994873 3 6.574185848236084 0.32782480120658875 32.270721435546875 13.380266189575195
1 30.529478073120117 10.300752639770508 73.31312561035156 27.571041107177734 4 36.07552719116211 23.810630798339844 72.90708923339844 41.66959762573242 4 29.324100494384766 39.14440155029297 68.05205535888672 62.49106979370117 4 36.91000747680664 14.110881805419922 68.19430541992188 32.78341293334961 1 28.077716827392578 2.241642951965332 88.49933624267578 21.634946823120117
1 7.524107933044434 4.926557540893555 38.79036331176758 18.259525299072266 6 8.694236755371094 30.878801345825195 42.72488784790039 45.435462951660156 3 7.536703586578369 15.666062355041504 38.212615966796875 29.875253677368164 2 5.7544474601745605 15.72054386138916 36.883602142333984 30.860851287841797 8 9.453195571899414 14.990479469299316 40.44346237182617 29.52739906311035
1 18.89715576171875 18.353099822998047 57.94779586791992 35.44798278808594 5 21.12192726135254 30.212114334106445 58.49271774291992 52.65557861328125 6 18.41377830505371 27.19443702697754 59.36017608642578 44.877010345458984 7 10.597556114196777 60.49397277832031 42.82975769042969 73.9527587890625

2 58.72165298461914 40.401302337646484 89.29483795166016 62.00156784057617 9 39.75870132446289 21.818857192993164 76.8029556274414 45.02960968017578 9 33.535064697265625 60.89933776855469 76.8138656616211 83.46485137939453 9 16.923015594482422 6.923007488250732 61.107364654541016 29.47791862487793 4 18.52754783630371 51.1147575378418 56.565372467041016 78.19499206542969
2 11.45395278930664 3.2312464714050293 37.68893814086914 18.4693603515625 3 13.005181312561035 15.765357971191406 34.826873779296875 31.688125610351562 3 13.57046890258789 28.810745239257812 41.088897705078125 43.588748931884766 7 8.418447494506836 17.449148178100586 39.426212310791016 31.18804931640625 1 16.23859214782715 30.63397979736328 37.67470169067383 46.40925216674805

7 79.87260437011719 39.438385009765625 150.90957641601562 70.54339599609375 1 76.21356201171875 5.5356903076171875 153.70852661132812 32.31029510498047 1 24.47664451599121 58.17000198364258 105.72901916503906 88.76431274414062 1 21.70212745666504 22.958284378051758 92.81243133544922 50.76950454711914 1 26.393583297729492 94.78532409667969 92.92936706542969 124.78900909423828 1 67.40155792236328 39.93263626098633 148.34368896484375 67.6688003540039
2 156.76077270507812 80.60137176513672 203.93829345703125 115.74163818359375 2 152.82334899902344 101.70391082763672 204.4060821533203 129.8267059326172
7 23.436771392822266 42.56493377685547 51.271339416503906 63.1798210144043 1 20.725833892822266 29.89434051513672 56.63154602050781 49.00051498413086 4 22.753427505493164 32.17179870605469 59.45442581176758 56.359474182128906
6 19.430551528930664 48.82847595214844 51.03925323486328 66.87842559814453
2 31.99671173095703 33.72003173828125 71.35963439941406 55.36648941040039 6 4.856609344482422 54.366905212402344 47.49650955200195 74.9272689819336
2 5.4619269371032715 22.513839721679688 23.924427032470703 32.433265686035156
1 26.64305305480957 34.62396240234375 50.585174560546875 49.287208557128906 6 25.49006462097168 19.400157928466797 52.008827209472656 35.758548736572266 4 21.50977325439453 32.2865104675293 53.50291442871094 50.972164154052734
0 10.572470664978027 20.14217185974121 37.89365005493164 33.95241928100586 1 1.4488128423690796 39.915428161621094 33.4476318359375 52.76431655883789 1 9.927214622497559 12.297114372253418 38.81659698486328 23.52288055419922
2 13.422967910766602 3.8143272399902344 38.96133041381836 18.2755069732666 4 10.505953788757324 23.01782989501953 36.660179138183594 39.33919143676758
4 52.54874801635742 25.45180320739746 86.80904388427734 47.65404510498047 4 47.51267623901367 8.136975288391113 87.38986206054688 31.085264205932617 1 46.848270416259766 33.25410842895508 87.74021911621094 55.483177185058594
7 15.300469398498535 25.40163230895996 39.74529266357422 39.64789581298828 3 18.1518497467041 6.351903915405273 42.56180953979492 19.84800910949707
7 26.01399040222168 29.43134307861328 79.28070831298828 64.71939086914062 3 22.703020095825195 35.2348518371582 90.48881530761719 70.12234497070312 5 26.195940017700195 33.879241943359375 100.02449035644531 66.44988250732422 4 24.993776321411133 26.60216522216797 88.8160629272461 59.591915130615234
9 26.178464889526367 85.5047378540039 65.1180191040039 110.31391906738281
5 8.246467590332031 18.063827514648438 30.982641220092773 29.93842315673828
5 4.713078498840332 3.622570037841797 21.952899932861328 11.853384971618652
2 82.35313415527344 51.03440856933594 116.01264953613281 72.9296875 4 81.44757080078125 44.072792053222656 115.08412170410156 66.14753723144531 2 75.72994232177734 37.53117370605469 123.57025146484375 66.95420837402344 1 16.061965942382812 44.37128448486328 70.97811126708984 71.4453353881836 1 57.59056091308594 64.52262878417969 135.24037170410156 95.03367614746094
4 34.798828125 63.80866622924805 71.6839828491211 84.036376953125 7 11.841897964477539 31.8037109375 58.31367111206055 58.99333572387695 1 8.468634605407715 39.41007995605469 58.47570037841797 59.594261169433594
9 63.11163330078125 56.00823211669922 113.74420166015625 82.9470443725586 0 52.729122161865234 51.72047805786133 111.63887786865234 81.82987213134766
7 11.219480514526367 35.1792106628418 44.438907623291016 50.74797058105469 0 15.93701457977295 46.208003997802734 50.150264739990234 61.29109191894531 8 19.2913818359375 22.174413681030273 52.47627258300781 38.210025787353516 3 13.576641082763672 24.124923706054688 51.00605773925781 38.21070861816406 7 9.236710548400879 24.049467086791992 37.32426071166992 40.30439376831055
4 13.894881248474121 1.5744543075561523 38.929805755615234 15.203581809997559
5 12.710768699645996 27.639745712280273 36.063873291015625 43.14362716674805 2 15.841153144836426 25.7314453125 47.57317352294922 40.4014778137207 7 10.642106056213379 37.11257553100586 42.338897705078125 52.95451736450195 3 19.669981002807617 25.35247039794922 46.519866943359375 42.167877197265625
9 11.634678840637207 12.416007041931152 32.491519927978516 26.26869773864746
2 9.099803924560547 8.262964248657227 22.560874938964844 15.83850383758545
3 11.463790893554688 2.9393930435180664 37.29172134399414 17.112394332885742
6 15.447154998779297 8.287007331848145 40.71281051635742 19.894723892211914 8 15.497299194335938 8.800993919372559 39.66512680053711 20.509428024291992
8 37.468116760253906 60.855255126953125 64.43204498291016 76.12714385986328 1 35.26736831665039 47.769195556640625 67.11357879638672 66.02909088134766 6 36.21417999267578 60.51925277709961 66.70903778076172 75.80299377441406 1 6.147485733032227 12.359930992126465 45.72535705566406 30.632568359375
5 9.581807136535645 8.863995552062988 24.809476852416992 18.411787033081055
3 10.926370620727539 8.532788276672363 38.532169342041016 24.205997467041016 4 12.71127986907959 27.487070083618164 45.048309326171875 44.4852180480957
2 12.559565544128418 9.454244613647461 38.46603012084961 23.849916458129883 1 11.987162590026855 22.003286361694336 37.68891906738281 34.112728118896484 3 14.786751747131348 30.216516494750977 39.50752258300781 44.410404205322266 1 11.373554229736328 0.0 39.31792449951172 13.235346794128418
1 118.22201538085938 59.711585998535156 157.7979736328125 87.13773345947266 6 108.68737030029297 32.10681915283203 168.657470703125 64.00330352783203
2 17.46221351623535 25.4564151763916 57.261837005615234 41.409820556640625 1 12.32260799407959 15.549955368041992 46.46894454956055 30.584550857543945 1 26.889719009399414 36.82300567626953 71.52192687988281 53.63914489746094 2 24.612024307250977 14.094536781311035 63.17887496948242 36.65018844604492
4 58.02544403076172 14.1508150100708 86.29020690917969 36.31165313720703 2 35.2265510559082 34.05998229980469 94.224365234375 62.14069747924805
2 42.08744812011719 39.37971878051758 61.661312103271484 54.32439422607422 2 41.40980911254883 25.919118881225586 64.79218292236328 43.388702392578125 2 35.38526153564453 31.138093948364258 59.32099151611328 50.267478942871094 2 21.936655044555664 15.791461944580078 51.02122497558594 32.76902770996094 9 38.48554229736328 60.872459411621094 69.28731536865234 79.53518676757812 2 44.72093200683594 34.98835372924805 71.21907806396484 49.86460494995117
2 15.17769718170166 41.13661575317383 49.187477111816406 55.801025390625 1 0.0 0.0 31.939916610717773 15.692084312438965 1 32.13679885864258 0.0 67.0 14.77285099029541
2 32.27189636230469 34.30343246459961 71.123779296875 58.542781829833984 8 30.3543643951416 51.54494857788086 64.19300079345703 75.0541763305664 6 29.180635452270508 51.570499420166016 68.67666625976562 75.0141830444336
5 20.253061294555664 47.80891036987305 49.375709533691406 63.48981857299805
3 14.103896141052246 14.21905517578125 41.48485565185547 31.82774543762207 2 12.567167282104492 15.415902137756348 45.08480453491211 31.20417594909668 2 19.22722816467285 30.70257568359375 52.07246017456055 48.533294677734375
2 7.2909255027771 8.30981159210205 27.97739028930664 18.570274353027344
2 8.241897583007812 8.947100639343262 28.205812454223633 19.244796752929688 2 14.424613952636719 18.114593505859375 34.38422393798828 27.633037567138672 9 9.00843334197998 17.206724166870117 28.128929138183594 27.70612907409668
3 44.25800323486328 75.47530364990234 69.67623901367188 92.91986846923828 5 40.72533416748047 83.71066284179688 64.99763488769531 98.2218246459961 3 41.809425354003906 83.79197692871094 71.55635070800781 101.04183197021484 6 12.491026878356934 69.11121368408203 54.95579147338867 103.0
3 29.681716918945312 72.7348861694336 71.77232360839844 94.63385772705078 5 23.368789672851562 43.31095886230469 74.63543701171875 66.99873352050781 3 37.47520446777344 10.332573890686035 81.12373352050781 32.207069396972656 2 23.70069122314453 73.02613830566406 60.408573150634766 97.17688751220703 5 17.85358238220215 13.346981048583984 66.09418487548828 39.97516632080078

8 19.638425827026367 29.112064361572266 42.493778228759766 41.70000076293945 2 21.575359344482422 18.812265396118164 44.15983200073242 33.0947380065918 8 20.212135314941406 21.302719116210938 46.51224899291992 34.28237533569336
2 29.760950088500977 43.6107063293457 60.31214904785156 64.80481719970703 6 22.993192672729492 0.0 65.90853118896484 23.185522079467773 3 23.862606048583984 42.069976806640625 57.85857391357422 63.96205520629883 2 25.906085968017578 57.033447265625 67.7096176147461 76.533203125 3 23.032630920410156 20.8662166595459 63.428348541259766 41.89594268798828
8 71.35855865478516 34.474517822265625 101.49962615966797 54.174530029296875 1 40.005741119384766 0.0 97.8729019165039 23.555896759033203 1 0.0 13.638526916503906 46.82232666015625 49.72108459472656
2 36.90739822387695 75.88497161865234 76.60218048095703 99.38382720947266 1 32.55067825317383 63.862709045410156 75.00031280517578 78.73303985595703 1 32.921913146972656 16.86989402770996 94.39999389648438 37.75295639038086 9 6.842101097106934 0.0 60.899627685546875 19.9830265045166 1 0.0 23.50742530822754 44.47690200805664 44.13663864135742 1 31.934799194335938 53.25190353393555 65.29695892333984 70.50373840332031
2 30.011781692504883 5.181546211242676 70.98938751220703 31.072704315185547 7 29.228649139404297 45.95364761352539 80.10881805419922 68.57618713378906 6 24.534255981445312 26.185928344726562 73.22660827636719 51.726463317871094 8 32.264556884765625 26.973031997680664 77.06192016601562 51.17088317871094
7 27.441835403442383 23.698522567749023 56.4418830871582 41.472259521484375
0 9.422284126281738 33.59343338012695 40.38136672973633 46.00876235961914
7 75.31195068359375 45.66358184814453 112.60362243652344 65.88336944580078 2 85.86740112304688 27.92167091369629 120.48403930664062 48.67732620239258 3 81.37731170654297 62.65049743652344 120.24539184570312 84.92609405517578 7 81.20599365234375 33.423526763916016 124.8826675415039 61.493873596191406 2 85.06453704833984 103.76760864257812 120.1170654296875 128.59335327148438 1 65.77982330322266 83.55233001708984 141.091064453125 111.02275085449219
4 16.782302856445312 28.23232650756836 44.262901306152344 45.220176696777344
7 8.99575424194336 43.27396774291992 37.1375846862793 60.43378829956055 1 11.277647972106934 56.88386535644531 35.25022888183594 70.17705535888672 4 7.088439464569092 49.25632858276367 39.81242752075195 66.04411315917969
2 47.674530029296875 28.783199310302734 75.12425231933594 45.7845344543457 0 44.61976623535156 43.78614044189453 77.6595230102539 60.04920196533203 9 44.51830291748047 42.90159606933594 80.4158935546875 60.932373046875
3 50.137786865234375 7.354790687561035 87.055419921875 34.15924835205078 1 57.02878952026367 26.534608840942383 84.70957946777344 41.36449432373047
6 72.17572784423828 45.7143669128418 138.2781524658203 79.9673843383789

6 18.73946762084961 9.231300354003906 42.45526885986328 23.9116153717041
1 8.964078903198242 35.46537780761719 32.216678619384766 47.73910140991211 2 15.59128475189209 22.23638916015625 42.70408630371094 37.875404357910156
0 71.94575500488281 45.64595031738281 96.74054718017578 59.37723922729492 1 9.745281219482422 85.48637390136719 75.01520538330078 109.0 8 69.97439575195312 31.51642417907715 92.60030364990234 44.73379898071289

4 24.138103485107422 20.300199508666992 51.69202423095703 37.6517333984375 3 21.788211822509766 32.660335540771484 52.54420852661133 49.685218811035156 4 21.22524642944336 32.64166259765625 52.34757614135742 49.83800506591797
7 101.84237670898438 219.30772399902344 146.765380859375 248.2522430419922 7 91.45909881591797 150.10821533203125 157.5353546142578 183.67770385742188 7 95.828857421875 208.47659301757812 159.7526092529297 229.2706756591797 4 98.82085418701172 220.9434356689453 143.88552856445312 245.54119873046875 1 84.2896957397461 192.48617553710938 144.65953063964844 218.07135009765625 3 86.82598114013672 205.1689453125 160.96873474121094 234.70599365234375
4 36.82365417480469 28.47846031188965 64.57630157470703 43.31724166870117
4 17.976078033447266 22.874670028686523 40.58919906616211 39.42946243286133
6 25.69232940673828 25.419401168823242 49.07204055786133 40.70041275024414 7 19.50079345703125 40.634830474853516 47.04597854614258 55.80628204345703
4 59.56603240966797 75.63613891601562 128.80584716796875 119.59484100341797 1 43.99473190307617 50.12513732910156 131.991943359375 83.32386016845703 6 50.09331512451172 128.2412109375 146.29498291015625 175.91546630859375
4 16.717172622680664 0.15208686888217926 44.15662384033203 13.998858451843262 3 15.550384521484375 11.078118324279785 41.325904846191406 27.24522590637207 5 18.86559295654297 10.976967811584473 43.42427062988281 27.266643524169922 1 6.484947681427002 44.86018371582031 53.24794387817383 58.56572723388672
2 29.743728637695312 0.5630589127540588 54.42275619506836 15.901960372924805 5 28.561952590942383 26.707719802856445 53.80915451049805 40.511478424072266 1 26.511680603027344 14.283180236816406 56.49675369262695 27.453449249267578
5 15.276457786560059 31.99051284790039 36.548404693603516 47.18440246582031
3 14.514830589294434 23.844871520996094 36.98343276977539 36.08671569824219 0 8.731744766235352 35.128055572509766 34.706722259521484 47.337432861328125 1 24.648900985717773 10.400946617126465 52.0 22.003787994384766 8 13.235278129577637 24.017580032348633 40.016300201416016 37.15278625488281 2 13.249154090881348 24.896568298339844 38.26658248901367 36.220462799072266 1 0.0 11.634206771850586 23.334550857543945 24.46518898010254
5 26.486343383789062 32.23720932006836 51.41558074951172 46.098052978515625 5 26.40888786315918 21.127044677734375 51.9814567565918 35.63467025756836
2 10.924431800842285 27.17308807373047 33.444976806640625 41.13809585571289

5 15.107317924499512 10.594402313232422 37.920372009277344 25.29732894897461 6 5.636017799377441 24.628864288330078 35.718414306640625 41.73731231689453 5 10.83288860321045 26.447525024414062 35.8173828125 42.01200866699219

9 61.687381744384766 55.986785888671875 99.10379028320312 78.53980255126953 7 56.080955505371094 32.088077545166016 111.0 58.99580383300781
2 18.226173400878906 32.62831115722656 49.509063720703125 52.777252197265625 5 14.056068420410156 51.53829574584961 53.4246940612793 73.8189468383789 1 10.668124198913574 15.069819450378418 51.436885833740234 34.1592903137207
1 51.23533630371094 9.020760536193848 82.69940948486328 26.500057220458984 0 47.22742462158203 23.9523983001709 90.05708312988281 43.218990325927734 6 48.662654876708984 24.110233306884766 87.25175476074219 43.48354721069336 1 37.82354736328125 72.80635070800781 93.16293334960938 94.411865234375 1 21.609525680541992 84.38094329833984 84.6300048828125 104.29769134521484 1 55.18745803833008 12.70150089263916 78.54410552978516 20.474571228027344
5 12.395625114440918 3.063797950744629 30.555023193359375 14.520316123962402 2 10.372034072875977 15.081738471984863 33.51206588745117 26.199748992919922
3 33.54806900024414 42.78468704223633 93.22054290771484 80.7135009765625
2 24.013641357421875 19.896066665649414 64.27398681640625 39.55747985839844 1 0.0 52.2875862121582 46.05936050415039 70.74359893798828 1 37.42311096191406 52.54416275024414 84.0 71.00602722167969 9 19.876279830932617 18.327207565307617 57.457733154296875 39.4779167175293
1 9.631667137145996 22.272748947143555 33.85224533081055 33.84107208251953
5 10.32229232788086 11.25703239440918 33.44247817993164 24.17929458618164
4 33.11587905883789 139.90892028808594 164.58448791503906 206.4152374267578
2 20.98316192626953 10.957277297973633 49.38703536987305 26.426816940307617 0 21.57604217529297 22.549213409423828 51.086666107177734 38.260250091552734 9 21.241485595703125 22.511184692382812 55.22716522216797 40.363311767578125
1 11.843477249145508 23.455907821655273 33.583866119384766 33.27800750732422 2 10.363744735717773 10.172523498535156 32.354454040527344 21.42027473449707 7 7.713754177093506 9.01281452178955 33.94572448730469 21.251033782958984
8 10.753561973571777 28.149534225463867 43.75406265258789 45.758544921875 1 16.55838966369629 14.036067962646484 50.56414031982422 31.491455078125 8 4.052280902862549 42.88821792602539 46.91110610961914 63.445152282714844 1 38.33567428588867 0.0 76.0 12.486172676086426 0 9.296981811523438 44.977108001708984 48.37168884277344 65.90026092529297 9 6.289000988006592 43.63679885864258 52.05832290649414 62.527931213378906
1 11.212182998657227 30.307098388671875 43.96599578857422 46.353797912597656 2 9.579218864440918 12.49322509765625 39.14827346801758 27.728059768676758
5 3.4298434257507324 11.887218475341797 24.295921325683594 22.00929832458496
5 13.050769805908203 26.162574768066406 44.15813446044922 42.15062713623047
1 62.73822784423828 89.41261291503906 91.54986572265625 103.90363311767578 1 63.47414779663086 128.32041931152344 100.99273681640625 142.28839111328125 4 50.807369232177734 152.0496063232422 76.5215835571289 169.0 0 21.8448486328125 87.72806549072266 63.679256439208984 106.62200927734375 0 68.51580047607422 106.90692901611328 96.90045928955078 126.79067993164062 4 40.19208908081055 146.01670837402344 74.66049194335938 162.291015625
5 6.843930244445801 19.794189453125 24.402860641479492 30.74690055847168
3 49.24077606201172 12.725625038146973 93.55791473388672 41.616615295410156 4 38.3977165222168 69.53102111816406 86.97834777832031 101.22199249267578 9 38.97521209716797 42.4671516418457 90.81172180175781 71.41424560546875 2 39.78463363647461 46.4776611328125 93.182373046875 70.28191375732422
3 7.715065002441406 3.1433005332946777 33.170921325683594 18.545347213745117 5 14.023940086364746 20.992149353027344 40.80998229980469 35.869441986083984
6 23.923036575317383 32.370975494384766 45.69586181640625 45.916934967041016 4 22.75453758239746 19.183385848999023 48.27121353149414 35.164485931396484 1 0.0 57.41015625 32.23655319213867 71.38548278808594
2 73.39785766601562 94.65567016601562 115.77770233154297 119.8557357788086 1 70.5952377319336 73.9018783569336 114.75949096679688 98.2013168334961 0 65.13017272949219 121.27474975585938 114.92679595947266 149.30108642578125 0 65.24844360351562 107.07329559326172 109.62322998046875 132.98529052734375

8 19.95148277282715 45.17723846435547 52.85538101196289 65.2353515625 1 19.594608306884766 11.817808151245117 51.058982849121094 25.924293518066406 0 16.799488067626953 24.87589454650879 53.0966682434082 47.128013610839844 6 22.276073455810547 46.259422302246094 56.18928909301758 65.61881256103516
6 97.92767333984375 93.45515441894531 118.93450927734375 107.30448913574219
1 17.259939193725586 49.15902328491211 67.22222137451172 69.95144653320312
8 26.996763229370117 47.60749816894531 72.63607025146484 68.0008316040039 2 38.973655700683594 49.671714782714844 98.11140441894531 75.82084655761719 1 33.67064666748047 36.6884651184082 65.83221435546875 52.159629821777344 6 39.503021240234375 21.600059509277344 95.35415649414062 55.76557922363281
8 14.100807189941406 59.760929107666016 54.74562072753906 76.0 2 17.946557998657227 28.68990707397461 58.03099060058594 48.063663482666016
5 24.371034622192383 42.85858917236328 48.16212463378906 55.079612731933594 4 10.90365982055664 26.941701889038086 36.81570816040039 40.20880126953125 4 22.13998031616211 30.88614273071289 51.27648162841797 44.74918746948242 4 26.932958602905273 18.536930084228516 55.26323318481445 32.547237396240234 6 6.244956970214844 42.50086212158203 31.770435333251953 56.85226821899414 4 26.907350540161133 7.443516254425049 54.29084396362305 19.772239685058594

4 10.676088333129883 24.16726303100586 37.87519454956055 43.54370880126953 5 18.39974594116211 5.447484016418457 53.93366241455078 23.578201293945312 4 13.225436210632324 1.3879531621932983 52.12413787841797 20.18376350402832 9 9.802741050720215 12.121740341186523 41.50872039794922 31.799415588378906
1 9.65361499786377 35.41191101074219 40.69639205932617 48.80728530883789
7 9.873160362243652 23.522531509399414 35.50308609008789 36.96745300292969 2 14.17634105682373 22.99148941040039 37.64993667602539 35.83736801147461
3 19.492177963256836 8.46302318572998 48.82106399536133 25.486492156982422 5 19.049964904785156 27.261873245239258 48.93822479248047 44.15498352050781
9 14.750536918640137 13.693620681762695 42.25136947631836 28.227590560913086 7 13.531262397766113 28.262325286865234 38.48689651489258 41.05120086669922
2 12.17297077178955 10.463022232055664 38.11532211303711 25.12567901611328
3 20.46556282043457 32.44552230834961 52.14521408081055 48.49806594848633 0 7.13386344909668 46.49494171142578 41.58953857421875 62.24827194213867 4 22.6578311920166 28.318172454833984 48.10165786743164 46.219940185546875 2 24.45820426940918 28.821203231811523 54.557979583740234 45.44342803955078
3 15.453934669494629 27.4874324798584 44.46567153930664 46.86725616455078 2 14.57944107055664 10.694131851196289 48.265159606933594 30.381074905395508 1 11.405754089355469 0.7843245267868042 43.73672866821289 14.895737648010254 1 7.312224388122559 41.405025482177734 48.812801361083984 58.072998046875 2 11.266819953918457 29.091829299926758 38.768882751464844 45.31912612915039 1 42.208675384521484 0.0 69.00787353515625 15.745152473449707

3 17.918989181518555 28.27825927734375 52.04178237915039 48.023990631103516 9 20.909069061279297 27.427833557128906 51.7600212097168 45.9610481262207 9 14.80627155303955 41.81405258178711 53.30243682861328 64.73918914794922


1 68.24647521972656 83.95014953613281 127.44110870361328 115.22392272949219 1 6.158302307128906 72.3140640258789 83.403076171875 105.3536148071289 4 22.529613494873047 77.21926879882812 90.419189453125 100.04952239990234 7 54.97230911254883 70.21846771240234 128.35162353515625 116.53572845458984 4 36.98781204223633 71.30143737792969 119.59225463867188 112.01988983154297
8 62.35074234008789 59.882057189941406 112.8932876586914 97.90214538574219 5 16.371845245361328 96.05401611328125 78.2650146484375 134.03468322753906 7 42.84432601928711 77.32528686523438 94.39988708496094 113.58300018310547 1 39.25076675415039 75.99565124511719 89.21897888183594 109.7253646850586
5 8.516122817993164 13.789640426635742 29.47829246520996 23.9626407623291
5 13.189647674560547 25.989463806152344 31.89866065979004 36.169979095458984 1 5.685846328735352 17.922046661376953 26.242046356201172 27.399017333984375
9 49.5758056640625 49.693809509277344 96.79283142089844 77.0882797241211 4 51.70634460449219 81.61605834960938 89.66950225830078 107.03558349609375 1 41.324153900146484 16.68191146850586 86.87420654296875 36.38279724121094
5 17.835033416748047 21.399147033691406 41.945777893066406 35.80903625488281 4 17.624431610107422 12.24644660949707 45.720767974853516 25.832618713378906 1 13.16534423828125 0.5976235866546631 49.475616455078125 14.742244720458984
5 11.219025611877441 34.67870330810547 42.53852462768555 53.291221618652344 1 4.883279323577881 49.72374725341797 47.81803512573242 68.72132873535156
4 12.735335350036621 22.4510498046875 33.21714782714844 37.01436996459961 3 11.833471298217773 36.20893096923828 35.210548400878906 50.8928337097168 7 9.122049331665039 35.93224334716797 41.536922454833984 51.335933685302734
5 16.766769409179688 6.105714321136475 36.67898178100586 18.025644302368164 5 18.336427688598633 14.933408737182617 37.9625244140625 27.602296829223633 6 17.738927841186523 13.874077796936035 35.502723693847656 24.87544822692871


7 44.16350555419922 30.023611068725586 97.89077758789062 62.73931121826172 7 26.774938583374023 21.263107299804688 74.9661636352539 57.155479431152344
4 13.390666961669922 18.548715591430664 34.599639892578125 28.226919174194336 6 13.812228202819824 7.098943710327148 35.913185119628906 17.660558700561523
9 33.74581527709961 5.196227073669434 68.55535888671875 22.5135440826416 8 34.47114181518555 2.9950790405273438 68.20276641845703 24.398635864257812


6 109.10751342773438 61.27308654785156 158.96841430664062 80.8471908569336 1 111.10274505615234 24.11280059814453 161.2003936767578 50.14363479614258 6 104.63615417480469 41.2181396484375 154.54586791992188 63.019168853759766 1 116.21776580810547 8.234806060791016 165.5196990966797 38.6164436340332
9 60.151268005371094 74.0568618774414 167.6476287841797 125.2374267578125 0 43.770748138427734 63.71181106567383 157.50738525390625 118.0440902709961 1 58.99543762207031 26.336267471313477 151.62217712402344 78.09722137451172
6 19.130699157714844 44.882362365722656 48.68877029418945 61.18235397338867 7 15.959649085998535 28.775087356567383 45.11330795288086 46.76734924316406
7 12.927652359008789 21.49873924255371 45.96273422241211 39.98500442504883 2 15.481873512268066 7.222711563110352 47.17134094238281 25.213520050048828
2 19.776845932006836 10.943572044372559 66.43754577636719 40.95408630371094



5 33.82765579223633 69.6295166015625 66.68524169921875 88.02108764648438 1 27.138294219970703 37.68730926513672 59.1517333984375 54.430503845214844 5 26.531417846679688 48.791343688964844 64.26182556152344 73.8559799194336 5 19.833271026611328 72.31806182861328 64.11582946777344 100.2670669555664
0 19.61282730102539 50.12677001953125 64.36100769042969 72.862060546875 3 25.26807403564453 30.237394332885742 59.71475601196289 49.82184982299805 7 15.291059494018555 19.004806518554688 58.07593536376953 39.14055633544922
3 7.996803283691406 15.274044036865234 29.349788665771484 27.257694244384766 6 5.749756813049316 24.32767105102539 29.441856384277344 36.1672248840332
5 12.451017379760742 19.79763412475586 58.995426177978516 46.239498138427734 1 10.248395919799805 0.8888515830039978 73.75605010986328 27.89100456237793
1 11.736032485961914 32.699005126953125 41.98291778564453 47.86782455444336 0 13.176833152770996 43.495540618896484 41.69417953491211 58.80546188354492
4 32.526031494140625 29.751977920532227 58.99009704589844 45.77635955810547 6 31.517559051513672 42.28517150878906 62.16651916503906 58.71242904663086 1 32.916507720947266 19.659423828125 60.01759719848633 33.57405090332031
2 18.483957290649414 10.848761558532715 45.38629150390625 25.254579544067383 6 17.990419387817383 22.746004104614258 41.90644454956055 34.99452209472656 5 17.272151947021484 0.0 41.23346710205078 12.519947052001953 4 20.4586181640625 12.459197998046875 47.14434051513672 27.692493438720703 3 16.75608253479004 0.0 46.5549430847168 12.677001953125 8 19.472116470336914 25.861034393310547 47.799102783203125 38.66103744506836
9 71.33964538574219 53.697837829589844 90.7188720703125 66.30951690673828
1 6.754116535186768 5.650331974029541 22.627689361572266 14.753425598144531
1 19.44878578186035 77.33747100830078 84.9842758178711 103.97982025146484

9 9.370173454284668 21.81302261352539 26.207698822021484 30.92889976501465 9 8.926926612854004 13.187129974365234 24.726261138916016 22.281463623046875
4 23.457691192626953 22.632770538330078 57.62705612182617 40.1225700378418 0 25.04220199584961 36.290016174316406 53.922149658203125 55.0738639831543 6 21.730056762695312 35.75225830078125 57.50788116455078 54.965782165527344
1 52.9557991027832 7.5359272956848145 111.05072784423828 33.003631591796875 1 45.37073516845703 87.85840606689453 111.81232452392578 107.92451477050781 0 44.308109283447266 34.95231246948242 98.0166015625 65.03317260742188 1 42.10444259643555 19.8551025390625 100.36865997314453 42.06716537475586
1 18.965896606445312 29.632917404174805 58.875247955322266 47.79347610473633 1 20.671384811401367 45.26409149169922 59.736328125 63.710716247558594 1 18.117786407470703 12.472400665283203 57.76579666137695 31.125654220581055 1 23.786787033081055 21.536714553833008 55.59060287475586 38.05472183227539
1 38.41862869262695 39.9290771484375 97.52860260009766 67.25283813476562 0 44.98189163208008 59.70518493652344 116.57903289794922 88.71624755859375
0 106.54472351074219 37.683616638183594 136.00340270996094 55.509315490722656 7 14.512983322143555 149.69891357421875 129.77073669433594 187.815185546875 0 93.13926696777344 50.08304214477539 126.50125122070312 65.26274108886719
5 7.977123737335205 6.062123775482178 29.582353591918945 16.943464279174805
4 52.4124870300293 8.239822387695312 93.19190979003906 31.119640350341797
6 145.86294555664062 135.75054931640625 187.07774353027344 170.1265411376953
4 12.851513862609863 39.76866912841797 46.325164794921875 61.460933685302734 8 52.67250442504883 28.503124237060547 79.7876205444336 44.98263931274414 6 47.98957824707031 43.523128509521484 81.0796890258789 59.18758010864258 2 48.02925109863281 20.187625885009766 73.49195861816406 33.517127990722656 4 43.449893951416016 43.11267852783203 76.88550567626953 58.69663619995117 6 44.15788650512695 59.924930572509766 70.5291976928711 75.79300689697266
4 11.523428916931152 7.018655300140381 39.316654205322266 24.912538528442383 2 12.85390567779541 6.9617414474487305 39.61193084716797 21.775249481201172 4 9.983860969543457 16.893787384033203 34.602760314941406 29.869844436645508
6 1.217346429824829 42.4878044128418 27.8931884765625 57.89957046508789 5 1.8701231479644775 54.47934341430664 27.394678115844727 70.68811798095703
2 14.298693656921387 33.19636154174805 43.10300064086914 46.67783737182617 5 3.4108245372772217 20.746654510498047 36.33049392700195 37.022727966308594
2 9.185079574584961 20.678936004638672 28.269092559814453 32.30307388305664 9 5.860764026641846 6.76576042175293 28.831214904785156 20.375402450561523
1 0.0 68.15193939208984 58.470306396484375 91.6391372680664 1 36.58452606201172 68.10658264160156 104.41276550292969 92.1651611328125 2 68.22461700439453 36.1888427734375 102.41018676757812 60.05301284790039

7 6.516223907470703 12.929803848266602 28.954484939575195 24.826820373535156 6 7.412145137786865 0.0 33.435089111328125 15.659165382385254
4 15.082052230834961 6.852977275848389 38.76934814453125 19.22931480407715 1 7.227869510650635 34.10558319091797 36.245540618896484 46.02863693237305 0 13.707535743713379 19.0612850189209 36.90016174316406 32.40829849243164 1 12.207079887390137 13.288199424743652 37.214332580566406 25.690452575683594 4 0.0 3.1707892417907715 12.297370910644531 14.27511215209961
3 15.31457805633545 4.984890460968018 48.80191421508789 22.3388671875 2 13.922341346740723 23.35445213317871 47.277462005615234 41.2972297668457 8 18.276771545410156 41.72297668457031 50.98139190673828 61.342864990234375 2 29.67140007019043 41.97498321533203 62.50392150878906 57.8527717590332 8 23.089988708496094 3.6621837615966797 53.03937530517578 18.036741256713867 3 12.989065170288086 23.14196014404297 39.6107177734375 41.42467498779297
3 22.64211082458496 14.015064239501953 48.242313385009766 29.327919006347656
3 13.718372344970703 7.666141986846924 32.54984664916992 19.38199806213379

2 36.03152084350586 13.277115821838379 62.91094207763672 31.6943359375 7 35.09442901611328 27.713481903076172 60.67152404785156 44.614051818847656 2 32.17423629760742 29.135818481445312 63.36486053466797 48.22592544555664
8 31.481014251708984 47.08960723876953 56.674034118652344 61.606056213378906 9 28.364229202270508 29.846515655517578 56.61640167236328 51.556976318359375 2 26.698087692260742 32.3463134765625 57.93491744995117 49.60426712036133 6 22.116586685180664 45.328529357910156 53.00494384765625 62.22272491455078
3 22.258689880371094 31.500144958496094 42.60985565185547 47.31383514404297 4 21.710599899291992 21.262165069580078 43.270320892333984 34.5007209777832

4 10.592403411865234 3.1803367137908936 46.17951202392578 21.671531677246094 6 8.291114807128906 18.24039077758789 44.98273468017578 37.703468322753906 4 47.795467376708984 3.817087411880493 77.80242919921875 22.597122192382812
6 7.1486124992370605 4.155648708343506 28.029428482055664 15.585600852966309 9 5.7736992835998535 5.202004909515381 26.659414291381836 16.66376495361328
6 16.322059631347656 8.545045852661133 46.128238677978516 22.73322105407715 1 6.670827865600586 2.6794605255126953 36.09601593017578 16.979164123535156 5 19.17528533935547 20.094289779663086 46.74877166748047 37.75788879394531

3 5.826694488525391 8.590394973754883 25.33818817138672 19.654264450073242 2 14.94382381439209 22.007442474365234 35.317161560058594 34.556678771972656

3 16.903921127319336 15.8982572555542 38.49911117553711 28.787803649902344 0 15.556120872497559 28.51576805114746 42.87762451171875 40.63191223144531 1 11.60954761505127 4.631788730621338 40.714508056640625 17.471866607666016 1 13.818387985229492 10.53826904296875 40.478660583496094 23.32271957397461
6 11.336764335632324 15.320178031921387 35.617427825927734 30.053302764892578 6 8.998311996459961 1.6720319986343384 32.76982116699219 15.18635082244873
6 39.762535095214844 42.274166107177734 94.33179473876953 71.77657318115234 5 42.66017150878906 6.461892127990723 117.0542221069336 40.481285095214844 1 18.54573631286621 70.78942108154297 82.60342407226562 97.15351867675781 1 14.23213005065918 110.82421112060547 88.10456085205078 134.0
5 61.096168518066406 11.055283546447754 103.75474548339844 41.81305694580078 1 58.27921676635742 33.639495849609375 91.9039535522461 56.5622444152832 6 40.37727737426758 6.893276214599609 101.83586883544922 40.66096878051758
8 12.977825164794922 9.112049102783203 39.51818084716797 24.587608337402344
7 9.331637382507324 51.934173583984375 48.588375091552734 74.6507568359375 7 16.689512252807617 28.482664108276367 56.36146926879883 48.59794998168945 1 14.303483009338379 1.8054827451705933 53.50054168701172 22.856563568115234 7 15.036347389221191 0.25525033473968506 52.24750518798828 22.955806732177734 3 42.521339416503906 11.812666893005371 83.87409210205078 34.13170623779297 1 8.779956817626953 53.90317153930664 46.5598030090332 74.42276763916016
5 33.20876693725586 82.09405517578125 87.91934967041016 112.21192932128906 0 28.825796127319336 51.46182632446289 95.33082580566406 82.3100357055664 2 39.13711166381836 21.75837516784668 90.01019287109375 47.22440719604492 9 38.41190719604492 20.86919403076172 77.1090087890625 46.04811477661133 1 29.011526107788086 42.242950439453125 88.76110076904297 71.43242645263672 3 37.945045471191406 84.55614471435547 100.29749298095703 114.25740814208984
5 15.785969734191895 48.27806091308594 47.527618408203125 66.13155364990234 4 20.239892959594727 60.821964263916016 47.275062561035156 78.0 1 23.479040145874023 37.392940521240234 61.90804672241211 54.6237678527832

8 34.09424591064453 27.853750228881836 74.8690185546875 46.96641159057617 2 37.3291130065918 12.978097915649414 74.60606384277344 34.12105178833008 4 38.91765594482422 18.824464797973633 76.66175842285156 40.20237731933594 2 0.0 29.875478744506836 38.12743377685547 50.38507843017578
4 81.78926086425781 6.654043674468994 124.87019348144531 32.05059051513672 6 68.2146224975586 24.91321563720703 108.60774230957031 49.110206604003906 4 75.16874694824219 0.0 113.1372299194336 22.421716690063477 8 72.71702575683594 30.28435516357422 111.31704711914062 58.826045989990234
9 27.567047119140625 44.5218505859375 58.07878112792969 59.60973358154297 3 24.470378875732422 28.616413116455078 56.197959899902344 46.591339111328125 5 26.552623748779297 44.50526809692383 56.8680419921875 59.18037796020508


6 18.811458587646484 28.514497756958008 40.921714782714844 42.723628997802734 7 18.973901748657227 9.045727729797363 43.62114334106445 19.44452476501465 1 16.259796142578125 19.63595962524414 42.133941650390625 31.357934951782227 1 13.391885757446289 0.0 43.389678955078125 9.262985229492188 1 13.856996536254883 39.696041107177734 45.05060577392578 52.0 2 18.534738540649414 6.254012107849121 38.74962615966797 20.23646354675293
3 44.61430740356445 75.04141235351562 76.65206909179688 94.25708770751953 8 23.577045440673828 103.6768569946289 50.96986770629883 120.81732940673828 8 27.720754623413086 57.89341354370117 53.95692443847656 71.42877960205078


9 28.46006965637207 9.901086807250977 79.81766510009766 35.214622497558594 2 26.642683029174805 43.90571212768555 73.6463623046875 71.23959350585938 0 24.116260528564453 5.188683032989502 74.12254333496094 37.58330535888672
6 38.70066452026367 9.292165756225586 70.65280151367188 28.962818145751953 2 41.98979949951172 26.612804412841797 72.7513198852539 44.39915084838867 1 37.513458251953125 1.9991357326507568 74.77783966064453 17.027069091796875 4 44.58210754394531 25.600692749023438 76.77562713623047 44.77653121948242 5 33.08129119873047 25.637807846069336 72.36131286621094 44.42654800415039
2 71.51263427734375 37.662513732910156 117.6445083618164 58.792240142822266 3 65.1752700805664 53.5614128112793 110.43604278564453 76.05458068847656 8 72.71154022216797 77.7305679321289 117.02011108398438 96.86123657226562 3 73.68244934082031 66.66742706298828 108.73612976074219 88.72870635986328 6 65.59725189208984 73.51976776123047 106.88998413085938 95.52159881591797 0 82.23998260498047 70.52584838867188 120.15496063232422 92.10629272460938
4 39.43583297729492 0.0 75.77982330322266 15.365436553955078 2 40.48017883300781 15.80591106414795 76.01239013671875 33.456275939941406
7 16.858766555786133 27.275390625 37.832725524902344 39.3790397644043 1 8.61510181427002 7.831287384033203 38.48664855957031 20.535682678222656
6 48.721595764160156 15.52968692779541 118.4873275756836 58.208160400390625 6 36.378173828125 57.25127029418945 120.9397964477539 91.28285217285156

2 8.91909408569336 22.067808151245117 29.877399444580078 32.224647521972656 2 14.081308364868164 12.807297706604004 32.478416442871094 24.1091365814209 4 15.30227279663086 12.505762100219727 34.65220642089844 24.21518325805664
9 28.459951400756836 88.67694854736328 84.25932312011719 119.23365020751953 8 30.708106994628906 46.933074951171875 90.63536834716797 77.96969604492188
3 18.494110107421875 3.5095505714416504 47.368858337402344 21.31215476989746 5 16.260643005371094 20.05059814453125 47.12708282470703 34.81339645385742 8 21.42746353149414 32.212852478027344 49.22134017944336 46.68373489379883 2 20.463523864746094 4.290707588195801 46.006187438964844 19.04691505432129
4 37.05757141113281 28.92612648010254 80.93090057373047 53.55290603637695 1 31.585708618164062 15.835346221923828 82.1852798461914 36.902774810791016 1 34.5897102355957 42.615142822265625 84.26887512207031 62.22285842895508
3 10.613130569458008 21.831327438354492 34.973838806152344 36.9276008605957 3 18.50119400024414 0.0 45.11624526977539 14.34280014038086 5 16.339731216430664 10.893891334533691 41.357234954833984 24.534372329711914
2 11.570430755615234 3.5170321464538574 33.50498580932617 16.37672996520996 2 12.779038429260254 17.799060821533203 35.21794509887695 30.088592529296875
5 15.198624610900879 20.658405303955078 37.15932846069336 35.98354721069336 2 10.307245254516602 7.385051250457764 30.3588809967041 21.346309661865234
5 13.182035446166992 10.600956916809082 33.274532318115234 22.599632263183594 0 12.982275009155273 21.316341400146484 35.85441970825195 33.0046272277832 7 11.486013412475586 32.422935485839844 35.344566345214844 44.90077209472656 4 13.421490669250488 32.5764274597168 35.30510330200195 45.864864349365234 5 11.101375579833984 31.790618896484375 35.76372146606445 45.68571472167969
4 13.69603443145752 33.87089920043945 56.09547805786133 58.44477081298828 1 15.404813766479492 49.18659973144531 47.14999771118164 68.24095153808594
4 36.15605545043945 35.617164611816406 67.20713806152344 54.613365173339844 7 36.23446273803711 21.82362174987793 67.34544372558594 41.70624542236328
1 78.70906066894531 42.64986038208008 173.82815551757812 100.61461639404297 8 84.70382690429688 188.6268768310547 141.0839385986328 217.9718780517578 3 60.87923812866211 40.79047393798828 156.7922821044922 106.51077270507812 1 70.55875396728516 156.68907165527344 133.830078125 187.58209228515625 6 71.13957214355469 183.6219482421875 124.8251724243164 211.00425720214844 9 86.71179962158203 170.8036651611328 156.98190307617188 221.21337890625
5 12.018021583557129 44.67229080200195 49.564517974853516 67.70433044433594 6 9.063373565673828 65.78257751464844 49.35624313354492 88.24346923828125 3 12.593944549560547 44.536685943603516 53.92514419555664 68.39087677001953 1 0.0 15.417474746704102 60.68717956542969 37.361572265625

1 72.5887222290039 67.89230346679688 115.3682632446289 88.55060577392578 1 67.31028747558594 52.96303939819336 115.7308349609375 80.58544921875 1 63.95942687988281 39.29435348510742 127.69440460205078 70.73499298095703 8 69.76128387451172 89.8925552368164 107.53853607177734 115.86073303222656 3 68.53498840332031 85.3307876586914 110.09136962890625 112.97085571289062
2 12.359368324279785 23.22553825378418 36.04367446899414 36.78480529785156

7 33.4863395690918 68.78800201416016 59.70652389526367 83.76158142089844 2 30.625354766845703 53.58051300048828 60.27262878417969 70.69865417480469
3 20.27456283569336 36.7974853515625 47.21458053588867 53.72422790527344
3 28.424325942993164 60.203399658203125 53.06276321411133 75.97882080078125 0 31.75836181640625 74.96591186523438 58.08769989013672 89.89964294433594 9 30.784990310668945 58.562347412109375 56.76832580566406 73.86712646484375
1 8.07776927947998 7.831086158752441 28.366683959960938 15.354312896728516
6 53.68114471435547 19.228849411010742 103.54910278320312 50.87036895751953 0 37.11015319824219 43.685882568359375 84.46741485595703 76.32611846923828 6 5.016829490661621 68.83455657958984 58.672821044921875 99.91035461425781 6 29.868562698364258 43.87349319458008 83.45653533935547 78.07340240478516 0 19.60065460205078 66.00626373291016 58.14492416381836 101.86659240722656 1 52.21635818481445 14.106968879699707 103.10660552978516 40.11415100097656

9 21.206199645996094 47.63652038574219 74.86585998535156 75.71746826171875 9 34.03355026245117 9.66065502166748 88.80851745605469 40.04903793334961 7 18.861614227294922 84.35905456542969 71.53349304199219 113.38943481445312 7 35.275909423828125 76.03011322021484 84.32035827636719 105.34597778320312 3 26.962799072265625 80.29728698730469 80.31156921386719 114.00000762939453
5 12.873895645141602 23.123933792114258 39.13219451904297 37.58845138549805 4 7.863953113555908 10.36239242553711 32.3302116394043 25.86526107788086
2 12.681361198425293 33.7639045715332 47.30229568481445 53.72041320800781
3 11.543146133422852 37.52635192871094 35.688331604003906 52.332557678222656 4 13.057207107543945 11.000589370727539 39.744911193847656 27.412229537963867 1 10.789497375488281 26.45870590209961 36.913333892822266 39.912166595458984

9 18.562175750732422 46.82442855834961 55.069419860839844 65.22574615478516 9 19.548086166381836 62.53877639770508 53.6421012878418 78.42962646484375 1 20.116779327392578 15.393885612487793 57.580535888671875 31.706005096435547 0 20.551387786865234 29.487144470214844 56.37546920776367 49.659339904785156 8 19.468517303466797 61.73324203491211 50.24628829956055 78.7750015258789 6 19.757064819335938 29.169227600097656 56.54869842529297 50.39682388305664
0 35.560203552246094 18.854822158813477 79.26960754394531 43.99900436401367 8 13.327008247375488 43.487449645996094 71.0320816040039 71.38107299804688 9 35.327606201171875 18.74065589904785 86.1605224609375 44.7715950012207 1 34.6722412109375 6.869264125823975 77.9265365600586 27.336408615112305 6 13.611678123474121 11.835618019104004 59.14391326904297 37.73484420776367
4 72.9620132446289 16.91033935546875 121.50196838378906 50.436866760253906 6 54.99855041503906 46.800376892089844 102.5409164428711 73.43363952636719 5 51.75766372680664 73.14212036132812 103.46202087402344 98.45838928222656 8 58.024662017822266 51.352115631103516 106.04734802246094 75.87398529052734 4 60.61305618286133 31.478857040405273 110.06393432617188 58.63862609863281
2 12.890732765197754 16.325651168823242 33.52084732055664 28.459596633911133 1 7.437002182006836 8.017433166503906 38.52194595336914 17.898880004882812 2 13.502036094665527 28.007381439208984 34.998966217041016 39.482398986816406 3 13.396583557128906 16.919286727905273 35.45655822753906 29.51504135131836
2 44.546573638916016 45.84968948364258 73.62799835205078 60.17676544189453 4 14.08157730102539 12.583460807800293 53.45651626586914 32.790283203125 5 50.835723876953125 54.70161437988281 79.34197235107422 68.8504409790039 4 42.567596435546875 43.96302032470703 83.35258483886719 62.60047149658203 8 12.549583435058594 24.153278350830078 48.70412063598633 46.323883056640625 3 47.06739044189453 47.86566162109375 81.68675231933594 67.30479431152344
2 16.035097122192383 7.405858993530273 43.27645492553711 25.568513870239258 4 7.565268516540527 25.69753646850586 34.98171615600586 41.853153228759766
4 23.017038345336914 18.255979537963867 54.52442169189453 39.37091827392578 1 41.310089111328125 38.44610595703125 66.0 57.185176849365234 4 27.3526668548584 7.3889055252075195 58.35498809814453 23.109392166137695 2 26.815147399902344 15.556936264038086 56.81476593017578 33.60365295410156
5 11.491602897644043 25.339570999145508 36.5499267578125 39.58196258544922 6 9.742805480957031 21.2401123046875 37.22596740722656 37.50422286987305
2 35.56536102294922 20.455734252929688 68.71378326416016 40.2117919921875 3 35.847042083740234 34.02935791015625 68.77457427978516 53.04064178466797 4 31.07833480834961 51.048763275146484 77.31290435791016 76.3046875
0 21.727764129638672 56.75053405761719 78.95602416992188 80.57987976074219 7 16.440692901611328 40.37849807739258 76.35621643066406 63.269290924072266 7 22.3035888671875 50.17128372192383 70.83209228515625 73.28472900390625 1 20.4416446685791 50.115570068359375 76.26023864746094 68.92863464355469
1 25.59506607055664 53.20899200439453 67.15440368652344 72.59671020507812 1 23.046293258666992 34.99224090576172 63.686607360839844 55.24690246582031 4 27.934734344482422 33.78715133666992 68.46581268310547 54.399681091308594
2 23.804428100585938 17.603872299194336 50.14711380004883 34.862125396728516
7 25.039854049682617 34.988861083984375 61.36589813232422 53.17729949951172 1 23.17378044128418 49.66326904296875 64.04224395751953 66.60182189941406

6 22.4312801361084 35.567256927490234 63.195518493652344 54.69502258300781 0 31.703895568847656 34.20562744140625 71.60183715820312 56.897117614746094

6 14.273796081542969 22.35411834716797 35.99549102783203 36.910213470458984
7 22.740772247314453 31.359027862548828 51.74235153198242 45.21088790893555 2 14.375691413879395 6.609350204467773 43.70833206176758 21.894153594970703 3 13.597819328308105 16.286466598510742 47.649532318115234 30.467994689941406 2 14.263843536376953 18.102537155151367 47.5723762512207 32.18559265136719
4 11.351929664611816 21.564783096313477 36.89651870727539 36.850341796875 7 12.616018295288086 1.8595428466796875 44.488983154296875 17.742334365844727 3 9.717331886291504 12.972413063049316 37.882362365722656 27.60787010192871
8 19.479135513305664 15.024787902832031 56.643001556396484 33.818607330322266 3 14.743260383605957 36.347862243652344 49.91514587402344 59.30331039428711

5 31.370906829833984 32.093780517578125 68.35840606689453 55.472938537597656 1 21.057727813720703 5.769951820373535 87.31079864501953 27.6283016204834 1 11.29759693145752 56.64714813232422 72.4864730834961 78.34867858886719
1 39.895389556884766 80.67221069335938 77.10729217529297 98.2969970703125 7 36.83019256591797 78.85887908935547 80.03857421875 100.90823364257812 1 36.62181091308594 47.60113525390625 82.31319427490234 73.18292999267578 1 43.789215087890625 54.103755950927734 76.02366638183594 64.65106964111328 2 67.82858276367188 46.64470672607422 105.14366149902344 73.42073822021484


6 17.903566360473633 5.687979698181152 49.83454513549805 25.5899600982666

1 74.0757827758789 15.935434341430664 116.33480834960938 40.647953033447266 3 84.24781799316406 103.69224548339844 121.91854858398438 133.1656951904297 8 75.7040786743164 72.06396484375 125.78856658935547 103.13191986083984 9 70.79199981689453 41.707191467285156 131.5657196044922 73.83760833740234 8 67.11681365966797 39.25666809082031 127.582275390625 69.9073486328125 9 79.1671142578125 71.05006408691406 127.01224517822266 101.31214904785156
7 78.26123809814453 128.91310119628906 136.90933227539062 156.9295196533203 2 73.23217010498047 144.79107666015625 143.713134765625 180.0
9 147.3101043701172 127.91283416748047 203.55096435546875 153.5641326904297 6 44.09418869018555 15.206353187561035 90.32511901855469 38.0930290222168 2 44.34976577758789 61.617305755615234 93.24249267578125 92.45806121826172

2 22.16419792175293 26.805723190307617 44.628578186035156 41.2177619934082
2 14.082846641540527 29.638134002685547 43.91695785522461 45.477638244628906 3 10.812357902526855 43.76726531982422 46.00196838378906 61.06996536254883 4 7.757485389709473 7.916241645812988 42.518157958984375 28.26252555847168
6 46.06911849975586 48.29737091064453 106.33820343017578 85.32593536376953 0 40.94438934326172 92.57627868652344 106.39545440673828 120.21376037597656 1 19.939611434936523 1.5286251306533813 76.72235870361328 23.312915802001953
1 103.7288818359375 25.575061798095703 135.9150390625 44.57913589477539
2 21.255695343017578 21.783357620239258 60.290584564208984 43.1442756652832 5 65.7509994506836 23.87855339050293 99.2713394165039 44.23799133300781 5 37.11054229736328 23.35458755493164 78.97515869140625 42.434391021728516 2 45.51268005371094 23.807945251464844 79.63356018066406 40.277164459228516 1 0.0 84.21405029296875 52.88298416137695 108.33292388916016 6 22.598848342895508 24.928911209106445 75.25931549072266 47.40782928466797
2 6.383273601531982 2.209317207336426 26.50377655029297 13.623123168945312 6 7.995509147644043 11.873717308044434 28.73124122619629 22.648725509643555
2 59.060523986816406 31.74126434326172 84.76388549804688 44.916160583496094 4 60.06011199951172 37.071346282958984 88.260009765625 53.44220733642578 4 9.982049942016602 17.249797821044922 57.73225402832031 39.949214935302734 2 63.60443878173828 26.026870727539062 83.81388854980469 38.52901840209961 6 62.77350997924805 55.43565368652344 82.32601165771484 70.14551544189453

2 9.41844654083252 16.389713287353516 26.980310440063477 25.872398376464844 4 13.583436012268066 6.255571365356445 33.429386138916016 18.256925582885742
3 9.603628158569336 15.604965209960938 28.89274787902832 25.46160125732422 2 8.044317245483398 6.181255340576172 28.414846420288086 16.43914794921875
9 81.63919067382812 130.42201232910156 123.44622802734375 156.22645568847656 4 74.53475952148438 105.28018951416016 115.42778015136719 130.45895385742188
3 31.874189376831055 6.137170791625977 59.9678955078125 18.803911209106445 0 31.85181427001953 17.275249481201172 56.07853698730469 28.69968605041504
2 112.63359069824219 18.18009376525879 169.10276794433594 49.91173553466797 2 114.50479888916016 11.416542053222656 154.00210571289062 33.55789566040039
1 15.46142292022705 27.795520782470703 52.70998764038086 41.28993606567383 1 14.48038101196289 37.44078063964844 49.24699020385742 51.070404052734375
1 10.20079517364502 69.00300598144531 54.412254333496094 87.20856475830078 3 6.242501735687256 51.163490295410156 56.83445358276367 73.1152572631836 1 0.0 0.0 48.48575973510742 18.38363265991211 7 50.4991340637207 35.002479553222656 91.22178649902344 54.6861686706543
6 28.59622573852539 48.24633026123047 76.76871490478516 77.201904296875 0 24.47222137451172 66.61974334716797 62.18388748168945 95.76022338867188 4 46.784549713134766 28.805112838745117 89.69686126708984 56.1451301574707
6 13.53482437133789 17.2279052734375 32.291690826416016 30.61066246032715
6 11.123591423034668 10.3618745803833 33.98552703857422 23.240001678466797 2 8.636848449707031 23.976280212402344 29.492517471313477 37.8791618347168
5 44.37374496459961 35.15502166748047 77.5916976928711 56.039344787597656 1 47.1688117980957 5.855387210845947 81.14421844482422 22.37377166748047 0 42.1281852722168 20.271387100219727 80.72779083251953 39.21856689453125 9 46.449462890625 19.45157241821289 79.80323028564453 39.13889694213867 8 38.261837005615234 20.26614761352539 75.84750366210938 37.903072357177734
7 16.18093490600586 0.3891022503376007 45.106143951416016 13.551678657531738 2 17.66320037841797 5.454439640045166 40.25945281982422 18.90949058532715
7 62.26150894165039 43.674346923828125 88.2504653930664 62.851383209228516 1 62.46857452392578 32.6524658203125 88.60421752929688 47.67822265625 5 61.474143981933594 60.54323959350586 89.77957153320312 80.6700668334961
6 14.16252326965332 0.06763172149658203 35.660614013671875 12.894290924072266
8 18.859148025512695 36.4216194152832 51.33195495605469 53.99684524536133 2 14.863373756408691 21.85752296447754 51.2254524230957 39.6284065246582 4 23.308622360229492 25.211017608642578 58.01139831542969 45.373023986816406
1 18.754344940185547 22.87923812866211 47.987884521484375 36.59117126464844 5 10.615289688110352 34.41060256958008 41.47657012939453 51.76951217651367 1 11.040194511413574 26.60835075378418 38.770259857177734 42.713565826416016
4 42.98809051513672 27.998584747314453 80.12001037597656 52.78791046142578 6 15.621179580688477 15.432703018188477 79.65653991699219 52.86204528808594
2 7.479638576507568 22.693702697753906 31.434003829956055 34.39902877807617
6 73.3385009765625 63.3790283203125 115.8338851928711 87.48076629638672 7 73.18964385986328 82.58793640136719 111.07884216308594 106.35604095458984 2 69.70307159423828 37.29385757446289 118.77452850341797 68.05265045166016 7 77.11030578613281 70.07980346679688 105.7743148803711 96.89581298828125

9 38.80162048339844 78.01020050048828 80.95369720458984 102.78372955322266 6 39.268470764160156 44.39927291870117 98.65311431884766 74.52381896972656 9 41.42466354370117 45.899784088134766 85.00115966796875 77.67680358886719
7 17.3121395111084 27.69193458557129 47.42496871948242 44.2865104675293 2 16.858381271362305 43.70021057128906 50.88603591918945 63.457191467285156 2 15.463752746582031 7.763587951660156 55.05156707763672 30.93622589111328
1 27.53122901916504 61.975181579589844 175.2606201171875 111.15026092529297 1 18.171249389648438 16.208240509033203 160.42715454101562 77.76712036132812 3 17.197250366210938 113.68318939208984 124.7472152709961 173.17764282226562 1 57.190887451171875 44.76561737060547 217.12257385253906 95.6423110961914 4 189.14013671875 186.56263732910156 254.99998474121094 242.53343200683594
1 21.516578674316406 18.122900009155273 60.26289367675781 35.97789001464844 5 24.388565063476562 29.84602928161621 59.21955108642578 52.272605895996094 6 15.472052574157715 47.1636962890625 59.02045440673828 69.93891143798828
9 25.482261657714844 41.889102935791016 67.2127685546875 61.93351745605469 8 23.713504791259766 58.32920837402344 67.67988586425781 78.60182189941406 1 1.4295527935028076 17.685056686401367 49.68693923950195 35.17430877685547
9 12.695047378540039 18.56372833251953 34.96540832519531 32.247772216796875
5 10.424456596374512 25.087818145751953 30.420738220214844 38.86794662475586 1 10.543436050415039 18.67001724243164 31.043907165527344 28.57673454284668
4 13.225062370300293 13.333357810974121 36.797733306884766 27.217655181884766 0 13.94668197631836 27.30486488342285 37.25682830810547 40.621246337890625
4 54.01502227783203 64.1551513671875 167.1372528076172 140.91091918945312

8 11.66315746307373 32.61975860595703 35.538394927978516 44.75553512573242 4 11.715513229370117 1.1571662425994873 34.715431213378906 12.728514671325684
0 39.518367767333984 60.74189758300781 110.41669464111328 98.48143005371094 2 28.227886199951172 85.83551025390625 97.84919738769531 117.04254150390625 0 22.379684448242188 108.44480895996094 96.08727264404297 146.2649688720703 1 52.1165657043457 41.266029357910156 111.81228637695312 78.88648986816406
8 9.24181079864502 31.361675262451172 35.403831481933594 44.56836700439453
2 63.10397720336914 66.41783142089844 112.82769012451172 98.61246490478516 0 66.55522155761719 100.1611557006836 119.79261779785156 127.18048095703125
3 14.361787796020508 8.289610862731934 43.00680923461914 25.287883758544922
1 27.21894645690918 16.7753849029541 65.29838562011719 34.96406173706055 1 30.272336959838867 8.241531372070312 74.7380142211914 28.3714542388916
1 20.345623016357422 29.89011573791504 55.310237884521484 47.76597213745117 7 18.549297332763672 33.140296936035156 57.257808685302734 52.705074310302734
9 42.627132415771484 46.34946823120117 78.74937438964844 65.1076889038086
2 13.895625114440918 41.805667877197266 44.134090423583984 58.66292190551758 6 21.663448333740234 26.440288543701172 49.153751373291016 42.96609878540039

4 22.133520126342773 46.01422119140625 49.974910736083984 60.38996505737305 2 24.191328048706055 32.971805572509766 51.9737663269043 48.57197570800781 0 19.041656494140625 56.775848388671875 49.87559509277344 71.47454833984375 9 20.03270721435547 57.568363189697266 54.285377502441406 71.43673706054688 4 23.598703384399414 52.392337799072266 52.430755615234375 66.91386413574219
1 12.02548599243164 28.62358283996582 36.38427734375 41.45942687988281
2 20.434179306030273 19.522850036621094 82.0650634765625 52.417198181152344 8 24.230056762695312 56.312469482421875 85.88471984863281 89.78416442871094
7 24.576562881469727 28.94139289855957 44.38146209716797 40.882869720458984 2 19.39945411682129 17.977582931518555 51.36583709716797 33.978031158447266 8 17.788127899169922 36.16286087036133 46.66533279418945 53.68711471557617 7 21.19274139404297 32.7975959777832 49.038726806640625 46.76765060424805
1 47.12015914916992 17.277889251708984 95.4642105102539 41.060997009277344 8 29.161128997802734 38.09674072265625 85.92533111572266 70.3914794921875 5 25.145631790161133 71.36686706542969 76.2717514038086 104.38706970214844 4 42.06399917602539 16.852720260620117 100.8476791381836 40.920921325683594
2 46.019432067871094 24.43860626220703 80.3878402709961 46.86170959472656 3 44.88676452636719 24.053468704223633 79.98650360107422 48.74745178222656 9 46.552249908447266 46.13977813720703 79.244384765625 68.91783142089844 2 43.338829040527344 44.55518341064453 87.19458770751953 70.93527221679688 4 22.5009822845459 64.55335235595703 64.06449127197266 88.4905014038086 1 69.5815200805664 25.906898498535156 112.0 52.22944641113281
3 8.968934059143066 29.878875732421875 31.963947296142578 45.0

9 13.99990177154541 58.11909484863281 43.33714294433594 75.02005004882812 4 13.917391777038574 40.79103469848633 51.109642028808594 58.46492004394531
1 61.105560302734375 137.58070373535156 225.07827758789062 190.18600463867188
3 18.923450469970703 10.011298179626465 49.222816467285156 27.954540252685547 6 20.684289932250977 32.28333282470703 55.16734313964844 48.33765411376953
5 33.972652435302734 68.31774139404297 63.2950325012207 82.0 4 39.95793151855469 48.13330078125 73.50355529785156 68.52836608886719 4 37.06752014160156 53.483009338378906 59.81586456298828 65.95988464355469 9 31.825904846191406 62.98006057739258 72.33562469482422 81.97482299804688

1 12.818979263305664 22.592647552490234 62.28489685058594 40.42954635620117
6 17.12364387512207 22.17827796936035 45.77900695800781 37.28041076660156 4 10.954559326171875 4.5574445724487305 40.714080810546875 17.520254135131836
2 23.095905303955078 26.84421157836914 46.545806884765625 42.85792922973633 1 21.116146087646484 37.38549041748047 46.51792907714844 52.55552291870117
9 23.095312118530273 38.92506408691406 54.9197998046875 53.576107025146484 6 21.130128860473633 10.321699142456055 52.173030853271484 28.324251174926758 1 19.33283805847168 24.776899337768555 55.09218215942383 40.04032897949219 5 23.23934555053711 9.566869735717773 54.42057418823242 26.026567459106445
9 50.10997772216797 109.27173614501953 118.2076644897461 140.13267517089844 1 48.4850959777832 77.59565734863281 111.01659393310547 101.86958312988281 4 57.03528594970703 51.853294372558594 115.36133575439453 84.46432495117188 1 0.0 66.50196838378906 46.23091125488281 97.97320556640625
3 20.035295486450195 14.87782096862793 49.827022552490234 31.290470123291016 0 11.564410209655762 39.938011169433594 41.35239791870117 56.16250991821289 7 16.452238082885742 25.692323684692383 47.00347137451172 42.013912200927734 7 8.526845932006836 37.10965347290039 37.9875602722168 51.35791778564453 2 23.221296310424805 13.156010627746582 46.78712844848633 29.364517211914062

8 19.265405654907227 3.020129919052124 47.38297653198242 18.54056167602539 5 16.07339096069336 14.468395233154297 45.999603271484375 26.546342849731445 8 15.932379722595215 11.060235977172852 48.26506805419922 26.765178680419922
3 42.211849212646484 38.80886459350586 91.5462646484375 63.67963790893555 3 51.75788497924805 0.0 97.15359497070312 23.30047035217285 4 52.627662658691406 23.01913833618164 93.24183654785156 46.880645751953125 4 35.08293151855469 1.450453519821167 92.68818664550781 31.993173599243164

2 41.45949935913086 96.10850524902344 92.91963195800781 131.04745483398438 2 45.02946090698242 128.83335876464844 106.99085235595703 156.753173828125 1 52.8182373046875 181.90354919433594 125.29109954833984 207.92413330078125 2 42.761234283447266 82.15718841552734 92.2176513671875 110.78455352783203
2 17.050607681274414 21.244674682617188 37.34873962402344 35.209835052490234 2 5.550683975219727 9.697675704956055 29.668088912963867 21.270212173461914
3 124.67060089111328 88.33393096923828 165.92433166503906 116.26860046386719 2 114.55159759521484 104.39495849609375 151.1262969970703 129.59861755371094
1 9.16949462890625 9.773940086364746 41.5167350769043 25.101585388183594 2 13.289844512939453 24.78308868408203 44.317138671875 39.324092864990234 3 12.741042137145996 37.78893280029297 47.39447021484375 53.334564208984375
3 15.130167961120605 41.525821685791016 49.8714714050293 60.57571029663086 2 15.277751922607422 20.170242309570312 48.06776428222656 36.952632904052734 2 11.462967872619629 37.4799919128418 43.371726989746094 55.41618347167969
5 10.931623458862305 24.516263961791992 38.147613525390625 40.04729461669922 9 12.08103084564209 11.480348587036133 34.89895248413086 24.439388275146484
6 15.767127990722656 16.773365020751953 37.31166458129883 31.644702911376953 7 10.915992736816406 8.807328224182129 36.031795501708984 22.159095764160156
5 28.2543888092041 54.307884216308594 50.23032760620117 68.49866485595703 4 26.888397216796875 42.216861724853516 55.61317825317383 59.12855529785156 1 28.268657684326172 29.797500610351562 58.08618927001953 45.352142333984375
2 6.311159610748291 5.296061992645264 30.32927131652832 18.010284423828125
1 53.78456497192383 19.86490821838379 116.31477355957031 45.23002624511719 5 50.4051628112793 44.42793655395508 104.78437805175781 74.12670135498047 5 24.322622299194336 62.15970993041992 80.7990951538086 105.41436004638672 1 58.283226013183594 30.855140686035156 105.47112274169922 58.5735969543457
2 12.665568351745605 15.343208312988281 38.12510299682617 31.410423278808594 0 11.683318138122559 29.409595489501953 35.40632629394531 42.02841567993164
2 9.260159492492676 11.14021110534668 32.71214294433594 25.67682456970215 4 10.859457015991211 2.5913233757019043 32.540611267089844 16.863859176635742 1 9.50599479675293 4.0447564125061035 32.61602020263672 17.020734786987305
4 12.239808082580566 13.008681297302246 33.65412139892578 24.23287010192871 0 16.46860122680664 22.488595962524414 37.42921447753906 34.776981353759766

4 8.658034324645996 71.85121154785156 80.47412872314453 120.03579711914062 9 99.14225006103516 37.09446716308594 143.61097717285156 67.927734375 4 20.316268920898438 81.87837982177734 63.60987091064453 106.45156860351562
2 11.304314613342285 20.243534088134766 28.904497146606445 32.698699951171875
2 86.03313446044922 88.24951934814453 122.54801940917969 111.74696350097656
8 52.64085006713867 75.13070678710938 83.37661743164062 92.93707275390625 6 54.72071075439453 66.21530151367188 79.26891326904297 84.68769836425781
1 9.069894790649414 7.696584701538086 36.297672271728516 19.93851089477539
3 6.451414108276367 19.61104965209961 40.07633972167969 37.63667678833008 2 13.75464153289795 21.880767822265625 43.88489532470703 39.22779846191406
1 80.05933380126953 12.952441215515137 116.40376281738281 32.86589050292969 2 81.36593627929688 29.454673767089844 112.79613494873047 47.18275451660156 7 24.994604110717773 77.05598449707031 84.2391357421875 107.80723571777344 6 81.18387603759766 49.33603286743164 111.86006927490234 64.9364013671875 1 31.283960342407227 105.84176635742188 90.91015625 127.45127868652344 4 18.925832748413086 94.89311981201172 89.7661361694336 124.58330535888672
2 12.658787727355957 8.107311248779297 49.82296371459961 28.4394588470459 1 10.613306999206543 25.49773406982422 41.32022476196289 41.18368148803711
5 17.54456329345703 36.0987663269043 43.494747161865234 48.86689376831055 1 7.270834922790527 23.23560333251953 36.53551483154297 35.208858489990234 9 17.379873275756836 36.2562141418457 40.250240325927734 48.52109909057617
3 28.419208526611328 30.160057067871094 69.29219818115234 54.33845520019531 7 20.023731231689453 37.823055267333984 48.609230041503906 54.85811996459961
9 33.67403030395508 0.9360637068748474 70.74653625488281 19.493114471435547 0 30.46837615966797 20.69210433959961 70.21600341796875 38.1804313659668 1 16.810441970825195 35.78749084472656 71.65560913085938 54.37851333618164
3 28.063098907470703 32.18791580200195 56.48102569580078 48.07393264770508 5 27.82037353515625 32.271751403808594 55.93642807006836 47.542327880859375 7 14.116105079650879 9.66943645477295 47.392250061035156 29.79615020751953 2 15.31446647644043 14.033181190490723 43.634769439697266 33.86900329589844 3 12.173025131225586 10.747712135314941 44.190975189208984 27.47329330444336
8 25.847387313842773 37.336395263671875 50.791358947753906 51.93087387084961 2 23.944448471069336 49.31105041503906 46.87776184082031 64.9002456665039 1 21.95779800415039 25.285747528076172 56.29173278808594 42.439002990722656 4 21.012500762939453 25.724136352539062 54.12812042236328 43.81772994995117
8 78.6695556640625 128.69276428222656 109.32506561279297 153.70150756835938 6 69.46167755126953 130.30458068847656 122.35823059082031 146.2362518310547 6 71.78004455566406 134.6290740966797 110.59968566894531 159.753173828125
3 19.85281753540039 40.283424377441406 55.22160720825195 61.60818862915039 3 22.859771728515625 23.91373062133789 54.10361862182617 41.95821762084961 1 21.731042861938477 1.2593399286270142 68.12484741210938 21.44287109375
3 95.44367218017578 88.5536880493164 133.2147674560547 113.82024383544922 0 90.33934783935547 113.41788482666016 135.95806884765625 131.06784057617188 9 94.5557632446289 129.01150512695312 138.59291076660156 152.31640625 3 94.98747253417969 101.54261779785156 134.38702392578125 124.43248748779297
5 9.774980545043945 17.118526458740234 31.712890625 29.107389450073242 2 5.895549297332764 18.48606300354004 25.90952491760254 30.566186904907227
3 21.13066864013672 26.783662796020508 60.428443908691406 41.30794906616211 7 16.239675521850586 39.051422119140625 53.90523910522461 55.331390380859375
8 9.086631774902344 11.548583984375 36.66632843017578 26.171667098999023 2 20.0507755279541 27.717918395996094 42.40042495727539 43.06521987915039
0 29.931228637695312 48.30250549316406 71.24100494384766 68.4464340209961 4 32.237327575683594 27.81467056274414 70.90677642822266 49.10866165161133 2 30.57573890686035 12.091140747070312 69.90327453613281 32.91557312011719 7 24.862285614013672 39.80393981933594 61.638038635253906 55.354576110839844
2 178.14295959472656 162.3530731201172 217.0218048095703 189.73373413085938
5 32.766971588134766 36.33615493774414 62.867706298828125 53.352760314941406 5 38.6929931640625 52.5881462097168 64.01469421386719 67.96603393554688 5 36.48097229003906 44.17941665649414 62.96981430053711 60.564117431640625

5 19.1700496673584 41.0639533996582 42.48350143432617 56.4640998840332 3 16.883121490478516 42.17890167236328 41.16831970214844 56.587646484375 4 10.606870651245117 19.231096267700195 39.274940490722656 35.16239929199219 2 20.03510284423828 19.554101943969727 46.07712936401367 33.34822082519531
6 148.42466735839844 99.06550598144531 188.79296875 126.53604125976562 6 135.0967254638672 86.80799102783203 193.87130737304688 116.0000991821289 1 137.72547912597656 85.2109375 183.0449981689453 112.92691802978516 8 149.47230529785156 122.9478988647461 193.1136932373047 150.158447265625 8 130.48265075683594 136.07791137695312 190.8653106689453 162.2559814453125
1 16.970138549804688 24.872684478759766 36.0 33.507781982421875
5 12.521965980529785 17.409204483032227 31.407546997070312 28.225217819213867 7 9.443572044372559 6.121340274810791 28.30048179626465 17.143686294555664
4 30.987375259399414 15.00069522857666 61.27776336669922 35.1373176574707 4 27.616619110107422 39.867515563964844 63.72032165527344 59.65976333618164
4 16.95981216430664 1.0605305433273315 46.12192153930664 18.451858520507812
6 24.626293182373047 21.89703941345215 55.27163314819336 39.47405242919922 3 13.34380054473877 4.591935634613037 46.55303192138672 21.51435661315918
3 18.386703491210938 38.78364944458008 53.01881790161133 57.48796844482422 7 20.325115203857422 33.14161682128906 47.70641326904297 48.560462951660156
1 10.641534805297852 10.302286148071289 47.24566650390625 24.08223533630371 1 12.113840103149414 24.26108741760254 44.628501892089844 37.470603942871094 1 12.953593254089355 18.057024002075195 42.50895309448242 31.371675491333008 0 13.482236862182617 15.957707405090332 44.94367980957031 28.46355438232422
8 6.96516752243042 41.262752532958984 35.48204803466797 57.55979919433594 9 6.1508870124816895 49.651729583740234 34.90156173706055 68.0 1 0.0 26.111183166503906 29.27587890625 42.200687408447266 1 32.4299201965332 26.04383659362793 68.0 42.46215057373047 6 7.678895473480225 49.74352264404297 33.97665786743164 67.45858001708984
2 11.790079116821289 17.768863677978516 32.816959381103516 31.408588409423828 9 12.818187713623047 27.006589889526367 35.514583587646484 41.084815979003906
2 57.02775192260742 72.11670684814453 90.60334014892578 91.00914001464844 1 57.64328384399414 59.664546966552734 89.71619415283203 77.64081573486328 1 82.73600006103516 90.52847290039062 136.0 117.7043228149414
4 47.27777862548828 73.64083099365234 167.23204040527344 145.46434020996094 4 90.37776184082031 132.37774658203125 188.35348510742188 197.09799194335938 2 53.7186279296875 55.43800735473633 169.24729919433594 132.91542053222656


2 79.01112365722656 49.78556823730469 110.49776458740234 70.37451934814453 0 72.17435455322266 66.96669006347656 112.98750305175781 88.3746566772461 1 16.379329681396484 82.01777648925781 78.15888214111328 114.15331268310547
4 8.36349105834961 3.3333466053009033 28.52553939819336 16.305404663085938
7 9.40537166595459 22.4526424407959 32.1397590637207 35.6861457824707
1 14.435953140258789 30.134859085083008 50.20341873168945 45.384063720703125 0 19.300729751586914 42.4814338684082 51.77800369262695 60.5095100402832

2 9.59041976928711 10.053567886352539 25.221467971801758 18.172422409057617 4 8.301092147827148 20.14137840270996 22.421262741088867 28.638906478881836
2 22.291645050048828 16.53192710876465 52.38239669799805 36.18378448486328 6 19.044010162353516 36.26053237915039 49.91765213012695 53.73745346069336 7 19.32331657409668 50.1527214050293 58.099700927734375 67.86052703857422 4 14.712926864624023 49.53213882446289 51.77603530883789 67.84020233154297
5 7.582276821136475 69.51628875732422 51.974910736083984 93.5387954711914 2 41.43217849731445 15.695904731750488 91.16227722167969 41.52022933959961 2 25.598487854003906 38.011375427246094 74.17949676513672 60.707679748535156 2 50.870361328125 27.64615249633789 90.95181274414062 54.02385330200195 3 11.613415718078613 59.24314880371094 55.23945999145508 87.802001953125 7 7.699873447418213 56.06657028198242 48.04273223876953 78.92738342285156
3 64.14534759521484 93.61971282958984 109.159912109375 123.63383483886719
2 25.16422462463379 43.31155776977539 65.35238647460938 68.0123519897461 4 19.617891311645508 55.848045349121094 60.80849075317383 75.91898345947266 1 23.414396286010742 2.8943254947662354 51.46609115600586 19.1788330078125 6 19.231081008911133 14.051609992980957 57.7951545715332 42.40713119506836 4 29.68166160583496 44.962181091308594 72.16117095947266 70.27711486816406 4 0.0 19.15035057067871 21.212247848510742 34.98234558105469
6 41.981842041015625 76.1025619506836 100.73180389404297 104.89242553710938 3 15.421981811523438 44.9186897277832 84.07838439941406 79.65740966796875 0 53.34351348876953 103.21649169921875 118.87946319580078 131.25631713867188 1 7.060990333557129 112.55027770996094 69.51976776123047 137.5856170654297 5 23.42627716064453 48.63140869140625 81.49240112304688 75.86703491210938
2 50.86736297607422 4.81965446472168 75.53876495361328 23.684940338134766 4 47.506038665771484 14.577102661132812 74.10045623779297 30.918102264404297 6 32.26948165893555 60.92080307006836 77.7638931274414 87.1886978149414 3 63.82978439331055 54.33958053588867 101.45570373535156 77.9096450805664
2 26.249958038330078 11.090642929077148 54.888301849365234 28.317089080810547 3 23.355167388916016 25.572479248046875 56.144683837890625 43.74985122680664
3 53.854766845703125 53.29400634765625 94.73696899414062 79.54673767089844 1 54.66862106323242 74.2921142578125 88.76847076416016 94.9420166015625 1 57.43657684326172 64.7020034790039 90.76577758789062 83.75741577148438
0 43.19371032714844 98.66156005859375 77.87360382080078 116.0167236328125 3 43.83759307861328 66.30652618408203 78.96672821044922 83.10639190673828 0 41.85946273803711 81.90647888183594 74.65924835205078 100.99176788330078 2 44.69599151611328 78.94181060791016 82.97869873046875 96.71226501464844 9 39.90495300292969 80.29755401611328 79.29865264892578 98.16304016113281 2 47.092384338378906 65.7517318725586 80.38314819335938 87.46720123291016
2 34.57518005371094 69.25537872314453 66.40532684326172 86.65576171875 3 40.595924377441406 55.915191650390625 68.78514099121094 70.11197662353516

9 10.518802642822266 25.355398178100586 28.37213706970215 36.87428283691406 7 7.521805286407471 27.383760452270508 26.464136123657227 38.91283416748047
5 83.03118133544922 103.0899658203125 115.99818420410156 122.51980590820312 2 78.25716400146484 84.66592407226562 110.4037094116211 107.43182373046875 7 30.55842399597168 28.48875617980957 92.76241302490234 61.89052200317383 3 79.745361328125 82.7251205444336 117.01278686523438 106.97518157958984 5 61.797393798828125 93.93339538574219 112.02412414550781 127.48584747314453
3 38.72509002685547 28.90056800842285 74.17805480957031 52.09784698486328 4 41.137672424316406 11.724115371704102 78.73709869384766 33.19841003417969 5 37.675636291503906 25.059402465820312 81.81893920898438 50.6428108215332
8 38.574485778808594 64.08647918701172 68.45545196533203 80.23963928222656 8 36.168731689453125 56.017181396484375 79.14338684082031 75.55421447753906 4 20.83911895751953 40.12512969970703 76.9103775024414 70.27932739257812 7 31.393198013305664 75.2663345336914 59.280784606933594 92.67098236083984 2 43.41932678222656 47.3990592956543 79.98171997070312 66.66417694091797 4 24.51781463623047 76.13672637939453 77.17144775390625 102.28689575195312

0 7.381314277648926 20.394508361816406 39.3497428894043 34.222434997558594 6 14.681436538696289 8.312036514282227 38.36880111694336 20.87578010559082
2 11.190905570983887 3.1601481437683105 29.98198127746582 16.19038963317871
9 15.451019287109375 34.0086669921875 39.406063079833984 49.13812255859375
6 40.615196228027344 29.4544620513916 77.71363067626953 49.425357818603516 7 34.84325408935547 12.943219184875488 77.7060546875 33.701446533203125
1 18.19476318359375 5.498412609100342 53.51092529296875 20.561471939086914 5 23.674283981323242 38.94933319091797 62.91351318359375 60.223472595214844 5 20.854347229003906 18.307876586914062 60.96856689453125 39.72984313964844


8 7.565336227416992 26.602603912353516 31.627315521240234 40.92665481567383 5 26.778602600097656 27.528799057006836 51.125980377197266 41.26448059082031
1 36.34477615356445 56.22687911987305 75.10205841064453 74.09859466552734 2 10.633098602294922 44.48734664916992 51.956260681152344 66.97482299804688 4 14.024200439453125 50.4272346496582 61.02790069580078 71.77384948730469
1 23.348690032958984 44.6191291809082 56.12618637084961 60.305747985839844
5 4.808344841003418 2.858712673187256 31.913776397705078 14.505321502685547
3 16.945098876953125 40.86947250366211 53.53255081176758 58.87137222290039 8 16.63408851623535 22.570268630981445 53.28445053100586 41.516544342041016 1 17.102890014648438 3.873237133026123 56.84715270996094 21.38182830810547 7 17.186500549316406 49.341800689697266 46.56303405761719 65.78379821777344 2 17.43950080871582 17.385101318359375 53.53196716308594 33.317508697509766
6 32.978187561035156 10.074126243591309 71.4653549194336 32.37158966064453 5 19.2231502532959 31.248390197753906 53.760066986083984 53.61072540283203 6 5.598896503448486 49.842079162597656 40.275516510009766 70.59278869628906 5 3.328329086303711 48.39601135253906 45.16053009033203 72.34492492675781
9 16.958742141723633 78.60028076171875 55.425514221191406 100.18901824951172 6 21.955060958862305 43.772254943847656 65.09186553955078 69.47747802734375 9 18.552379608154297 59.283329010009766 58.63664245605469 86.38961791992188 1 37.63806915283203 0.0 101.16362762451172 21.544267654418945 2 17.471824645996094 61.43140411376953 61.68375778198242 81.21826934814453
2 9.127448081970215 3.1214005947113037 27.799020767211914 15.571318626403809
4 12.631075859069824 20.57686996459961 31.788837432861328 33.759368896484375 8 11.979969024658203 10.878979682922363 32.57482147216797 23.21521759033203
4 104.2251968383789 96.1646728515625 173.39173889160156 137.6455078125 1 0.0 0.0 88.57012939453125 33.8890495300293
2 9.901069641113281 24.345508575439453 36.404056549072266 35.27593994140625


3 80.02489471435547 181.89471435546875 158.99024963378906 236.82858276367188 6 87.21089172363281 153.1012725830078 162.54513549804688 205.70370483398438 8 89.57640838623047 161.56983947753906 157.10198974609375 201.5029296875
2 56.47649383544922 64.70574188232422 88.57599639892578 87.11251068115234 6 46.056583404541016 56.2729377746582 95.31009674072266 83.56478118896484 2 54.59186553955078 74.76866149902344 84.6816635131836 96.40975952148438 9 48.490482330322266 83.35784912109375 99.67939758300781 106.18358612060547 4 55.1465950012207 80.07856750488281 85.75818634033203 99.39884185791016
8 9.596709251403809 26.844636917114258 34.590023040771484 41.07621383666992 6 19.13849639892578 14.263933181762695 44.25507354736328 27.427396774291992
3 10.324105262756348 32.85979080200195 39.42832565307617 48.45206832885742
7 30.404930114746094 88.83029174804688 63.870784759521484 106.64434051513672 3 26.301748275756836 86.29669189453125 72.08338928222656 111.92728424072266
2 7.147951126098633 20.118696212768555 25.515914916992188 32.26707077026367
6 26.379209518432617 66.3612060546875 59.249664306640625 84.96085357666016 6 22.642229080200195 76.18948364257812 56.215248107910156 90.41511535644531 6 24.02754020690918 53.64689254760742 59.64910888671875 77.75975799560547 6 40.27683639526367 62.74113464355469 56.655818939208984 79.68033599853516

6 55.08271026611328 41.48274612426758 83.26708221435547 58.08317184448242 8 48.87546920776367 25.710050582885742 80.03459167480469 43.49757385253906 8 50.53312683105469 40.209022521972656 82.99788665771484 60.39512634277344 1 38.408409118652344 5.725803375244141 93.33114624023438 25.4377498626709 2 0.4946775436401367 3.78961181640625 47.92268753051758 26.618183135986328
8 37.15253829956055 75.13175964355469 71.84428405761719 90.2104263305664 8 37.968238830566406 87.4699935913086 75.20333099365234 101.91941833496094 4 65.50311279296875 30.37172508239746 110.0 54.160499572753906 3 34.78519058227539 69.93743133544922 76.51031494140625 91.65270233154297
4 5.84343957901001 13.597569465637207 19.644086837768555 20.6380672454834 2 9.746813774108887 5.077060699462891 26.7811222076416 15.46983528137207

5 25.560325622558594 28.624595642089844 68.96720886230469 53.156517028808594 1 20.16636085510254 48.484130859375 58.67333984375 70.23245239257812 7 18.803903579711914 40.866268157958984 57.490501403808594 67.23997497558594
6 30.285770416259766 62.7267951965332 54.64426040649414 75.2857894897461 1 27.51373291015625 54.14445495605469 59.804805755615234 67.4686279296875 4 18.459911346435547 41.4144287109375 51.09683609008789 67.50138092041016 1 14.213142395019531 44.790767669677734 59.766883850097656 64.40272521972656 4 31.528038024902344 60.333778381347656 64.8728256225586 78.73670196533203 4 31.448177337646484 50.777957916259766 62.20343017578125 66.92166137695312
2 12.771154403686523 0.46683642268180847 40.716217041015625 13.884916305541992 1 13.788305282592773 18.34258270263672 43.52764892578125 30.521595001220703 1 10.194445610046387 29.56987953186035 44.283164978027344 42.425472259521484
5 19.514720916748047 21.777233123779297 67.10191345214844 47.90336227416992 7 20.225269317626953 25.632884979248047 76.35904693603516 51.8427619934082

8 26.568952560424805 16.25282859802246 56.83772277832031 31.807247161865234 3 29.864580154418945 14.839030265808105 54.86316680908203 32.16961669921875 1 27.8568172454834 32.326168060302734 54.09001159667969 46.83667755126953 2 28.5775203704834 12.185001373291016 54.69132995605469 26.804012298583984
5 34.668670654296875 14.25627613067627 72.52759552001953 36.34636688232422 0 33.38690948486328 36.23126983642578 74.4216537475586 51.68134689331055 1 39.307960510253906 27.859542846679688 79.67601013183594 43.83729553222656
2 43.5501594543457 13.533747673034668 91.16876220703125 42.82945251464844 6 32.73054885864258 67.64032745361328 76.42169952392578 90.49993896484375 8 30.161121368408203 44.75193786621094 76.54920196533203 67.99432373046875 8 32.16901397705078 56.626197814941406 72.09613037109375 81.99514770507812 0 25.29131317138672 80.60260772705078 115.94561767578125 124.95965576171875 0 34.71220016479492 36.477352142333984 78.25332641601562 58.88670349121094
2 46.813941955566406 13.68458366394043 93.82770538330078 37.989051818847656 6 31.860855102539062 62.73794174194336 91.75988006591797 88.73609161376953 7 44.45985794067383 13.122775077819824 97.09745788574219 36.56094741821289 4 44.670772552490234 32.867801666259766 105.4874496459961 61.1741943359375 4 66.40694427490234 16.427480697631836 112.59324645996094 45.49855041503906 1 58.37319564819336 41.14190673828125 102.02381134033203 60.23644256591797
2 34.68283462524414 14.677491188049316 52.79477310180664 24.625591278076172 4 16.554279327392578 0.0 51.149166107177734 18.69624900817871 4 30.228349685668945 11.847711563110352 55.535823822021484 26.48955535888672 0 33.76750183105469 22.505048751831055 53.032657623291016 34.45730972290039
8 43.19254684448242 91.4590835571289 66.81404876708984 107.75255584716797
7 13.33796215057373 42.41514587402344 46.95570373535156 60.5003662109375
8 35.092716217041016 58.90269470214844 77.30052185058594 79.749267578125 1 39.3323860168457 41.98908996582031 85.97579956054688 63.869171142578125 0 34.32241439819336 80.37907409667969 81.31336975097656 104.58694458007812 1 18.246984481811523 19.62879753112793 75.28661346435547 42.74461364746094
1 34.87982177734375 16.192289352416992 65.70867156982422 34.40332794189453 4 31.83568572998047 43.3587646484375 60.85797882080078 56.085418701171875
3 17.117666244506836 15.299270629882812 39.74534606933594 28.504789352416992 2 10.507804870605469 5.346431255340576 30.430767059326172 15.79533863067627
1 46.9091796875 5.685034275054932 86.40090942382812 34.16014862060547 0 18.99884605407715 33.361209869384766 67.72222900390625 67.912109375 1 19.89444923400879 39.59418869018555 74.3353271484375 70.66515350341797

6 35.51047897338867 38.594383239746094 73.1324234008789 58.34623336791992 2 31.3988094329834 6.892317771911621 67.56639862060547 28.110748291015625 0 32.006065368652344 24.654165267944336 70.57170104980469 42.69944763183594
6 48.39356994628906 77.57919311523438 99.33808898925781 103.4138412475586 6 51.66269302368164 54.09700393676758 101.42882537841797 80.7091293334961
1 7.984854698181152 13.270380973815918 43.89869689941406 29.908538818359375 5 6.393056869506836 25.42401885986328 41.82898712158203 45.1493034362793
3 40.309814453125 123.85600280761719 95.4896469116211 165.15463256835938 4 19.626033782958984 75.72850799560547 98.8458023071289 120.82785034179688 3 14.859091758728027 117.23892211914062 83.68451690673828 151.3846435546875
4 40.927066802978516 92.79804992675781 93.58277130126953 119.37620544433594 0 29.87828254699707 114.9393081665039 93.37297821044922 143.62355041503906 6 63.30948257446289 31.990446090698242 129.01031494140625 63.3748779296875 0 70.09085845947266 32.605194091796875 124.8479995727539 65.70293426513672 1 43.24397277832031 92.47462463378906 97.51995849609375 122.34227752685547 4 61.68020248413086 14.112215995788574 123.03692626953125 38.9512825012207

4 29.914161682128906 37.296714782714844 84.68785095214844 76.69873046875 4 37.51797103881836 58.560829162597656 74.82643127441406 80.51018524169922


4 10.707547187805176 32.37033462524414 30.60073471069336 44.78947830200195
1 89.82906341552734 0.0 170.8853302001953 48.783836364746094 1 60.00188446044922 25.067054748535156 149.80184936523438 77.50717163085938 1 32.29335021972656 58.38761520385742 116.3623275756836 111.44245910644531 4 59.107940673828125 24.731542587280273 140.6859893798828 77.02037048339844 7 42.4225959777832 54.75767517089844 119.13567352294922 121.38302612304688 4 88.23946380615234 0.0 161.76632690429688 46.097293853759766
8 9.650252342224121 48.489891052246094 36.17074203491211 65.2411117553711 2 21.330774307250977 29.579984664916992 49.65064239501953 45.4686393737793 2 30.50590705871582 1.9184433221817017 58.766937255859375 18.27350425720215 2 15.064875602722168 22.450702667236328 47.00315856933594 39.51475524902344 6 8.407466888427734 50.76997375488281 36.94191360473633 66.0020523071289
4 33.75148010253906 7.341528415679932 62.648155212402344 24.70122528076172 9 34.095848083496094 18.747501373291016 60.35258865356445 36.168975830078125 5 32.4025764465332 19.356658935546875 62.87773132324219 37.6704216003418 2 33.497779846191406 31.566936492919922 60.84705352783203 49.337059020996094
2 17.79354476928711 25.849380493164062 44.54829025268555 41.62421798706055 3 15.748165130615234 42.196441650390625 43.43562316894531 56.40196990966797 1 14.76064682006836 13.166022300720215 46.3972282409668 26.0170955657959 3 10.051139831542969 26.20928192138672 39.035274505615234 40.77882385253906
2 22.878334045410156 48.72528076171875 60.74197769165039 71.85778045654297 1 15.266692161560059 35.1533317565918 57.44998550415039 51.90448760986328
6 33.3172721862793 53.812225341796875 79.66194152832031 80.8118896484375 6 31.412532806396484 15.39193344116211 74.79702758789062 47.453914642333984 5 31.81938362121582 18.423620223999023 77.10877990722656 46.961204528808594 6 19.096424102783203 62.01481246948242 61.74644088745117 86.27974700927734 5 16.632261276245117 22.934951782226562 50.249267578125 45.652854919433594 5 37.75910186767578 58.99509048461914 76.54974365234375 84.83689880371094
6 22.2473201751709 28.373554229736328 47.2546501159668 38.75542449951172 7 24.164798736572266 22.657146453857422 46.91427230834961 35.13721466064453 3 24.689870834350586 25.71261215209961 47.63355255126953 40.30849075317383 1 0.0 40.94855880737305 31.309463500976562 54.86559295654297 1 18.719562530517578 42.00767517089844 49.82734680175781 54.506446838378906 1 26.40216827392578 25.200044631958008 47.19498062133789 35.78670120239258
8 26.37942886352539 82.2117691040039 82.5648193359375 109.05685424804688 8 34.16220474243164 62.73624801635742 80.33940124511719 91.06741333007812 9 39.18043518066406 83.76020050048828 100.95124816894531 112.35063934326172 8 31.272056579589844 95.46928405761719 83.6695327758789 119.0
6 68.69257354736328 6.830015659332275 102.983642578125 26.617273330688477 6 71.11470031738281 0.0 111.34295654296875 13.778987884521484
6 9.506239891052246 4.491066932678223 37.44091796875 24.448822021484375 4 5.947403430938721 17.06049346923828 38.30097198486328 38.87683868408203 3 36.50213623046875 19.15938377380371 64.94498443603516 40.372161865234375

0 13.384687423706055 87.07493591308594 64.86416625976562 110.57432556152344 4 53.76396942138672 41.0026741027832 101.14234161376953 71.37909698486328 1 39.35364532470703 64.76780700683594 83.93938446044922 83.60812377929688

3 18.91546630859375 4.678373336791992 52.2985954284668 25.783855438232422 2 12.479538917541504 29.661075592041016 46.79904556274414 47.75093078613281
2 59.01219177246094 11.667570114135742 109.06086730957031 36.19367980957031 5 53.98530960083008 27.79918098449707 102.15764617919922 55.11483383178711 2 54.38984298706055 22.45063018798828 104.09320831298828 51.727752685546875 2 65.00576782226562 87.26959228515625 104.71405792236328 106.06346130371094 4 59.51319885253906 88.51691436767578 114.44384765625 109.60566711425781
2 10.318554878234863 3.0028088092803955 56.18209457397461 26.00421714782715 4 20.643653869628906 30.066139221191406 69.99790954589844 49.51630401611328 0 26.655506134033203 54.93557357788086 62.542842864990234 79.0 1 28.256572723388672 51.31405258178711 68.62136840820312 70.61388397216797
6 20.022857666015625 7.984169006347656 51.89129638671875 23.957109451293945 1 23.747013092041016 0.4153856933116913 51.9942741394043 14.324424743652344 1 16.970565795898438 20.64149284362793 46.52449417114258 35.50948715209961 3 18.68826675415039 11.938600540161133 52.18998336791992 28.848773956298828
5 5.950279712677002 24.498046875 36.05427551269531 41.584693908691406 1 18.453662872314453 1.2818384170532227 50.22814178466797 16.60011863708496
3 31.441959381103516 34.21196746826172 73.75210571289062 53.18575668334961 0 28.938636779785156 53.843624114990234 74.22735595703125 75.18668365478516 1 33.48794174194336 42.4515380859375 72.07276153564453 61.271854400634766 5 26.861574172973633 29.984514236450195 75.44831085205078 55.37174606323242
2 20.843292236328125 11.655699729919434 53.33732986450195 25.717893600463867 6 24.564298629760742 21.40283966064453 55.890663146972656 35.93528366088867 4 26.821975708007812 10.716103553771973 55.80783462524414 27.928207397460938 8 27.220359802246094 20.276281356811523 55.416221618652344 36.68859100341797 1 20.9462890625 32.92128372192383 66.13232421875 50.27827453613281 3 21.116390228271484 10.226419448852539 54.14728546142578 27.43465232849121
1 13.103482246398926 5.811743259429932 43.52885437011719 18.731613159179688
1 19.880460739135742 4.069233417510986 67.16705322265625 24.41796875 7 19.498292922973633 53.053497314453125 62.29670715332031 73.70405578613281 1 18.569318771362305 28.080705642700195 62.978370666503906 46.080078125 4 16.027246475219727 1.1423866748809814 59.73872756958008 21.1260929107666 4 13.914619445800781 30.56585121154785 55.86211013793945 51.77323532104492
1 11.197237014770508 17.355205535888672 43.75653839111328 31.70033073425293 6 8.771005630493164 28.530609130859375 44.79668426513672 47.7265625 0 9.118432998657227 46.42197036743164 47.462379455566406 65.91841888427734 1 7.264010429382324 6.675747871398926 48.093509674072266 27.706607818603516
1 6.594666004180908 19.439308166503906 30.559690475463867 32.53180694580078
7 10.747854232788086 15.287412643432617 34.29832458496094 26.58134651184082 1 11.013683319091797 5.175872325897217 32.97949981689453 16.592571258544922 1 13.120626449584961 17.683460235595703 33.30054473876953 28.029356002807617 6 8.462457656860352 28.107040405273438 28.130001068115234 40.801422119140625
3 7.357143402099609 1.349441647529602 23.193077087402344 9.8304443359375
1 34.81330871582031 90.57559967041016 75.59423828125 108.83378601074219 0 22.460254669189453 104.65695190429688 77.33662414550781 134.92852783203125 4 29.283336639404297 94.46528625488281 81.74836730957031 123.30792236328125 1 36.28441619873047 98.86528778076172 71.03203582763672 116.1006088256836 0 31.049636840820312 99.32624816894531 68.3887710571289 120.24295806884766

1 0.0 17.21036148071289 49.96373748779297 42.797725677490234 1 70.44566345214844 81.74333953857422 98.5020751953125 93.10575103759766 8 67.88671112060547 101.49850463867188 96.81156158447266 116.43741607666016 1 34.43421173095703 15.118542671203613 109.03285217285156 42.25908279418945 7 38.044918060302734 7.386983394622803 112.41827392578125 39.86189651489258
6 87.10315704345703 29.208906173706055 119.82766723632812 53.5960693359375 8 86.68504333496094 9.544774055480957 120.83639526367188 30.06765365600586
9 13.823212623596191 4.047241687774658 32.12816619873047 14.767119407653809
3 9.665480613708496 6.092535018920898 26.94158935546875 17.447124481201172 4 4.056557655334473 14.886242866516113 22.946441650390625 26.70011329650879 2 5.701663970947266 7.109066009521484 27.124881744384766 17.483551025390625 7 2.3613245487213135 21.337217330932617 21.315006256103516 31.039480209350586

2 74.25785064697266 30.208894729614258 105.02824401855469 53.215938568115234 2 70.61282348632812 48.917293548583984 101.20787811279297 66.95928192138672 6 72.5306625366211 60.61430740356445 112.33684539794922 86.98741912841797
3 14.980466842651367 39.736427307128906 41.38993453979492 55.96160888671875 1 37.11209487915039 75.00868225097656 82.46941375732422 96.71907806396484
8 11.005155563354492 4.796767711639404 33.71696090698242 19.699989318847656 7 11.897128105163574 18.636606216430664 36.764244079589844 29.264297485351562
9 21.265790939331055 43.253753662109375 42.13916015625 55.71964645385742 1 22.6650390625 36.118690490722656 41.00707244873047 47.01397705078125
8 16.082000732421875 37.42645263671875 48.1108283996582 52.31537628173828 0 15.573406219482422 50.28973388671875 43.944400787353516 64.31001281738281 8 17.79705047607422 44.68381118774414 43.11615753173828 56.591705322265625 0 17.325912475585938 57.19063949584961 42.81406784057617 71.11420440673828
8 23.73225975036621 34.3272705078125 53.63450622558594 52.17531967163086
8 17.768024444580078 24.16470718383789 44.108524322509766 40.150901794433594 1 18.157634735107422 11.271507263183594 44.44830322265625 27.575769424438477 3 15.328173637390137 11.996758460998535 44.91769790649414 26.22831916809082 3 17.742387771606445 24.68876838684082 49.457786560058594 41.27702331542969
9 11.079547882080078 20.64236831665039 28.08115005493164 31.182973861694336


6 36.464447021484375 42.32303237915039 72.84722900390625 61.99117660522461 7 35.900081634521484 60.285369873046875 73.62245178222656 78.90457916259766 2 35.57398986816406 44.80956268310547 66.57547760009766 64.82378387451172 0 35.585575103759766 43.06395721435547 76.58399963378906 63.88181686401367
6 18.09457015991211 78.09245300292969 89.48454284667969 126.45207977294922
8 21.4180850982666 0.5184460878372192 48.7032470703125 13.66057014465332 0 19.371551513671875 12.934589385986328 51.99903106689453 30.022144317626953 9 21.24176025390625 15.419353485107422 54.66289520263672 30.777647018432617
0 12.593890190124512 32.03231430053711 44.17872619628906 45.51984405517578
6 9.87656307220459 1.7240179777145386 30.143192291259766 14.625008583068848 5 11.199607849121094 2.155799627304077 29.47957992553711 15.857074737548828
1 10.653594970703125 24.820180892944336 37.6145133972168 36.76666259765625 3 11.637798309326172 12.13969898223877 34.22698974609375 23.375215530395508
3 8.460558891296387 23.383440017700195 24.772653579711914 32.422542572021484 5 6.7908172607421875 11.160736083984375 24.99061393737793 21.409400939941406

2 11.174968719482422 8.955001831054688 33.10101318359375 23.684030532836914
2 24.43695831298828 20.868614196777344 60.816158294677734 44.767723083496094 5 21.428178787231445 37.41222381591797 52.63340759277344 59.36052322387695 5 14.668478965759277 56.58445358276367 47.327693939208984 76.0 6 21.457944869995117 39.04327392578125 53.01893997192383 59.558650970458984
2 112.03814697265625 35.941864013671875 146.8785400390625 66.46324157714844 2 22.575971603393555 54.675758361816406 90.88557434082031 97.00848388671875 4 22.15760040283203 53.32094192504883 89.47643280029297 108.46142578125
6 16.95577049255371 49.27085494995117 46.456233978271484 62.740413665771484 9 22.582218170166016 35.679996490478516 48.683677673339844 51.23193359375 8 21.695650100708008 38.086097717285156 52.701271057128906 51.0733642578125 6 21.396644592285156 36.509910583496094 47.98100280761719 50.1572380065918
4 6.384370803833008 13.033036231994629 41.73624801635742 33.2139892578125 6 16.899694442749023 30.85890007019043 50.270835876464844 51.25084686279297
2 36.01859664916992 21.388992309570312 65.45124816894531 36.85610580444336 3 35.90702819824219 19.79111099243164 64.54957580566406 37.83854675292969
3 20.432796478271484 17.33026123046875 67.06511688232422 45.13041305541992 1 24.49227523803711 41.04441452026367 65.44214630126953 59.35211944580078 7 27.739063262939453 19.459226608276367 72.58145904541016 41.908023834228516
3 101.51702117919922 52.37934112548828 142.0078125 76.7545394897461
6 69.90457916259766 49.5718879699707 122.54031372070312 68.49408721923828 1 68.67495727539062 24.035364151000977 133.85704040527344 49.70175552368164 2 68.65646362304688 58.57060623168945 129.94252014160156 82.15827941894531 5 77.1477279663086 50.86750411987305 120.62213897705078 76.14997863769531 4 19.846126556396484 63.258697509765625 80.24650573730469 91.81199645996094 4 14.504280090332031 21.697174072265625 78.68978881835938 54.244808197021484

1 13.504080772399902 1.312275767326355 56.28618621826172 16.46039581298828 2 17.822956085205078 48.882232666015625 54.936180114746094 69.35908508300781 0 11.707759857177734 22.173404693603516 58.99251937866211 41.38649368286133
3 9.678291320800781 25.705232620239258 37.241065979003906 38.42510223388672
1 17.213611602783203 16.296600341796875 61.70331573486328 33.79092025756836 1 17.723285675048828 37.80509567260742 49.58294677734375 51.45137023925781
2 25.61804962158203 39.50153732299805 55.011024475097656 55.557884216308594 5 21.96503448486328 40.4737434387207 53.66927719116211 57.075347900390625 1 24.67315673828125 31.10289192199707 53.171287536621094 44.886932373046875
5 9.173325538635254 35.07012939453125 37.59937286376953 48.85100555419922 9 11.85309886932373 18.29767608642578 31.54463768005371 34.61922073364258 4 20.980823516845703 2.4354474544525146 42.313453674316406 15.1483154296875




1 7.808545112609863 4.8437886238098145 41.08487319946289 17.471416473388672
4 51.18145751953125 13.318939208984375 83.92282104492188 31.151161193847656 4 48.69121170043945 25.262048721313477 86.4509506225586 42.96099090576172 1 51.62384796142578 15.805845260620117 79.94127655029297 33.24042510986328
0 18.73834800720215 55.150997161865234 48.82468795776367 68.73433685302734 1 16.023759841918945 45.5449104309082 52.33763885498047 60.606239318847656
9 15.274497032165527 31.099836349487305 38.58089828491211 44.29243469238281
2 19.07349395751953 24.510988235473633 49.602317810058594 42.21089553833008 1 17.22325325012207 40.923858642578125 52.32444763183594 54.60780715942383
7 12.576423645019531 9.94132137298584 35.64379119873047 20.17804527282715
4 18.570556640625 37.39954376220703 49.94197463989258 54.05062484741211
7 8.686409950256348 25.69008445739746 28.420679092407227 35.302310943603516 2 8.495003700256348 13.969988822937012 26.479482650756836 26.95153045654297
9 33.1915168762207 33.067230224609375 72.61978149414062 52.46488952636719 1 21.081371307373047 13.51805305480957 56.54556655883789 31.01769256591797 7 9.736201286315918 8.614767074584961 65.12033081054688 30.220516204833984
5 6.165757656097412 15.959366798400879 30.879627227783203 28.753925323486328
7 7.135097980499268 13.40160846710205 23.38857078552246 22.592243194580078
4 14.718502044677734 16.65608024597168 43.812076568603516 30.419170379638672 7 10.853768348693848 14.841219902038574 43.70090866088867 30.342628479003906 6 10.886627197265625 30.615388870239258 41.02976608276367 47.327640533447266 8 13.837850570678711 32.31572723388672 40.83198165893555 46.004398345947266 5 21.380699157714844 7.561438083648682 46.61613464355469 21.972463607788086
7 11.978856086730957 11.612196922302246 36.01822280883789 23.150537490844727 7 11.152281761169434 0.7845072746276855 33.48530960083008 12.294968605041504 2 9.090286254882812 0.6538892388343811 34.906272888183594 12.623384475708008
6 17.717723846435547 29.258739471435547 51.31950378417969 44.56751251220703 5 19.146753311157227 41.31661605834961 53.243003845214844 57.118038177490234 1 20.432342529296875 17.836774826049805 55.19779968261719 32.52014923095703 7 14.535436630249023 15.16922664642334 48.85171127319336 33.708526611328125 1 6.035027980804443 1.7725012302398682 42.196876525878906 17.91478729248047 4 21.926816940307617 16.51315689086914 56.59648895263672 32.28868865966797

0 9.926583290100098 36.172874450683594 41.80693054199219 52.74323272705078 1 20.03942108154297 23.00971031188965 49.21014404296875 38.44551467895508 5 21.0993595123291 16.282386779785156 57.091880798339844 34.28242111206055 3 17.037437438964844 16.38284683227539 51.501487731933594 32.4771728515625 4 18.632774353027344 15.474133491516113 52.657291412353516 31.180566787719727 0 13.110735893249512 29.424514770507812 42.230873107910156 44.41094207763672
4 46.18138885498047 57.524444580078125 115.81361389160156 98.92711639404297
3 11.520906448364258 22.526268005371094 32.472694396972656 34.148502349853516 4 11.913721084594727 12.425082206726074 34.285804748535156 25.07070541381836 1 10.874831199645996 4.461922645568848 35.26613998413086 14.911491394042969
2 9.768828392028809 21.014001846313477 30.460119247436523 31.066240310668945 3 9.069634437561035 29.32194709777832 29.59856414794922 40.888282775878906 6 12.536571502685547 28.22380828857422 31.948440551757812 39.512779235839844
2 15.93508243560791 16.017566680908203 38.85592269897461 29.17759895324707 2 16.75178337097168 27.693002700805664 40.217193603515625 40.57719802856445
1 60.96257781982422 59.09419250488281 118.22088623046875 85.18280792236328 2 65.09049987792969 78.70953369140625 108.64509582519531 105.36007690429688 4 60.84022521972656 82.57684326171875 135.6379852294922 118.10835266113281 2 49.14311981201172 62.6578369140625 122.84190368652344 93.76878356933594

6 14.745014190673828 4.5487565994262695 57.22369384765625 27.116924285888672 9 24.804948806762695 51.45589828491211 64.41525268554688 74.91085052490234 4 23.52865982055664 26.313255310058594 66.09439086914062 47.639286041259766 5 10.972729682922363 6.588625431060791 59.200618743896484 27.661840438842773 8 23.223886489868164 51.54789733886719 61.458106994628906 74.11253356933594
2 25.836437225341797 1.5702247619628906 76.38861083984375 32.26008224487305
4 10.724164962768555 5.208798408508301 35.91028594970703 17.77769660949707 4 10.63807487487793 17.315216064453125 36.229942321777344 30.863929748535156
7 19.464757919311523 21.961078643798828 68.27877807617188 48.259246826171875 4 22.245492935180664 63.049896240234375 61.78761291503906 85.22386169433594
2 93.90325927734375 52.66169357299805 239.17739868164062 104.9139404296875 4 103.23125457763672 54.625457763671875 228.56761169433594 114.59710693359375 1 98.35745239257812 77.73741912841797 236.20655822753906 127.28423309326172
7 27.442047119140625 34.70526123046875 83.87191772460938 59.341346740722656 3 27.308813095092773 52.83832931518555 86.09149169921875 78.57881927490234 2 24.108932495117188 13.179598808288574 76.14038848876953 37.79340362548828 4 34.29319763183594 15.602850914001465 79.4429931640625 41.83097839355469 6 29.13877296447754 48.00670623779297 83.73392486572266 72.0250473022461
3 16.773082733154297 14.925113677978516 41.04239273071289 31.793933868408203 5 18.90091896057129 16.884374618530273 46.97422790527344 33.25093460083008
9 14.954877853393555 16.502901077270508 41.238582611083984 33.39352798461914 1 17.20306396484375 6.169285297393799 44.95750045776367 20.90041732788086
4 18.623844146728516 25.078840255737305 46.70957946777344 43.53828811645508 7 15.255288124084473 13.738221168518066 48.69066619873047 31.27288246154785
7 61.25780487060547 89.39372253417969 118.30870056152344 120.74018096923828 3 76.9163589477539 69.24385833740234 126.45112609863281 97.45294952392578 2 83.91973876953125 64.79827880859375 130.31939697265625 92.67379760742188 0 58.66564178466797 112.87068939208984 109.23319244384766 134.58734130859375 7 73.00642395019531 81.50117492675781 130.8140411376953 106.63634490966797
1 10.709349632263184 18.658428192138672 36.53999328613281 29.168376922607422 9 13.272080421447754 24.737770080566406 34.22346496582031 36.65186309814453
2 149.86302185058594 134.62644958496094 179.072265625 159.83009338378906 2 148.40045166015625 124.48018646240234 182.5395965576172 144.21607971191406 2 151.98370361328125 113.43434143066406 185.6133270263672 132.84764099121094
6 55.08453369140625 36.98538589477539 80.0784912109375 53.93903732299805 3 56.5587043762207 23.235315322875977 81.02217864990234 41.909507751464844 4 57.74017333984375 6.111590385437012 84.36029052734375 23.794944763183594 4 52.45646286010742 17.418794631958008 88.94190979003906 35.980979919433594 6 51.99400329589844 30.56370735168457 78.11000061035156 45.93767166137695

5 93.63385009765625 189.96041870117188 152.9974365234375 216.24053955078125 5 87.22503662109375 176.91712951660156 132.66375732421875 206.473876953125
3 29.40768051147461 21.00704574584961 65.43584442138672 39.15621566772461 9 6.348331928253174 47.68537139892578 40.63697052001953 69.14884185791016 5 23.122220993041992 36.37187576293945 55.65990447998047 54.833351135253906 4 36.0372200012207 0.2913700342178345 72.0 20.706932067871094 5 5.457258701324463 53.16475296020508 41.099449157714844 70.07779693603516 5 33.961082458496094 21.84376335144043 66.16295623779297 43.06813049316406
4 12.260772705078125 8.983640670776367 45.53025817871094 26.816564559936523 1 0.0 22.28290557861328 36.6193962097168 34.806617736816406 1 25.20819091796875 22.122089385986328 56.0 36.13188934326172 3 14.160948753356934 7.422289848327637 44.81512451171875 23.167373657226562
4 43.0389518737793 17.502063751220703 74.48602294921875 36.97651290893555 0 41.7117805480957 42.12095642089844 70.73316955566406 57.384830474853516 9 44.61442184448242 30.25143814086914 72.5618896484375 44.11358642578125 4 42.41971969604492 27.96271514892578 73.90895080566406 43.61711883544922 4 9.543577194213867 79.0335464477539 62.35639953613281 104.0 2 0.0 38.833770751953125 35.53990173339844 61.91514205932617
2 125.094970703125 125.18142700195312 158.4016571044922 143.1918182373047 6 19.28604507446289 90.0394287109375 67.99932098388672 102.1422119140625 6 37.84714126586914 100.00872802734375 75.76526641845703 113.85221099853516 6 43.660892486572266 124.08415985107422 76.64118194580078 142.1370849609375 6 42.16453170776367 161.9635772705078 80.06440734863281 179.95071411132812 6 37.52812194824219 94.26197052001953 87.18400573730469 107.16340637207031
4 31.547758102416992 109.9783706665039 91.73633575439453 155.16708374023438 4 23.642431259155273 47.41582489013672 107.0594253540039 103.04080963134766
5 6.519343376159668 2.8994534015655518 25.229637145996094 15.261402130126953
3 44.70589065551758 34.482452392578125 88.31437683105469 60.19807434082031 7 16.983430862426758 32.01225280761719 47.531654357910156 50.50120162963867 2 39.39238739013672 32.95218276977539 87.27252960205078 57.94620895385742
2 9.007674217224121 2.3930468559265137 38.06577682495117 17.4951171875

8 10.049590110778809 20.257165908813477 34.917091369628906 36.134456634521484 7 19.733938217163086 35.648284912109375 50.57659912109375 52.38859558105469
6 47.64960861206055 46.412391662597656 83.6058578491211 68.59435272216797 2 53.473209381103516 66.75214385986328 88.73530578613281 85.41314697265625 3 53.5009651184082 66.20111846923828 84.67918395996094 85.62802124023438 6 7.301982879638672 74.12812805175781 45.58088302612305 94.57981872558594 8 11.491025924682617 75.12081909179688 51.66562271118164 94.32955169677734 4 1.3091763257980347 56.399452209472656 46.3405876159668 78.65780639648438
8 30.78365135192871 33.833560943603516 59.09502029418945 46.533077239990234 2 31.832740783691406 20.524625778198242 60.3836784362793 35.74309539794922 9 31.341800689697266 18.10187339782715 59.969459533691406 36.16115951538086
2 9.108567237854004 0.0 26.105926513671875 9.761308670043945 3 9.315434455871582 0.0 26.686609268188477 9.947715759277344 6 6.9167561531066895 12.571929931640625 30.80343246459961 23.935569763183594
2 129.63462829589844 36.06543731689453 181.22381591796875 68.00143432617188 6 130.96226501464844 68.96086120605469 173.3172607421875 92.95634460449219
2 20.20797348022461 2.5644822120666504 60.978397369384766 19.77351951599121 1 19.294034957885742 10.063753128051758 65.8125228881836 29.494976043701172
3 17.610567092895508 7.411070823669434 60.53553771972656 31.734371185302734 0 28.653230667114258 37.08515548706055 69.23958587646484 58.0708122253418 5 16.14381980895996 59.67383575439453 63.791690826416016 83.111328125
1 23.126869201660156 36.64279556274414 55.97364044189453 54.70745086669922 0 22.669084548950195 48.01514434814453 59.066829681396484 67.21184539794922 4 21.61798095703125 62.91667556762695 59.0118522644043 85.24297332763672 1 21.8359432220459 65.08135986328125 55.73656463623047 84.64755249023438
4 11.377408981323242 25.353601455688477 37.61593246459961 41.24995040893555 4 14.176291465759277 41.393890380859375 40.143306732177734 54.0 1 17.441722869873047 15.296799659729004 42.97414016723633 27.880252838134766 2 11.540916442871094 23.52556037902832 38.67170715332031 39.353309631347656 7 10.204347610473633 37.43657684326172 40.00096130371094 54.0
2 18.907291412353516 19.75293731689453 42.268890380859375 33.58516311645508 2 18.445743560791016 31.565874099731445 42.46550369262695 45.55439758300781
1 52.75213623046875 46.60124588012695 91.77641296386719 64.70861053466797
1 6.502196311950684 6.245639324188232 34.27558517456055 21.51439094543457 9 11.82128620147705 19.958526611328125 31.894329071044922 33.37158966064453
1 13.495288848876953 5.067807197570801 63.963600158691406 20.784460067749023 7 14.118021011352539 20.29275894165039 54.14793395996094 42.90104675292969
5 29.302043914794922 61.640804290771484 70.95157623291016 82.52761840820312 6 31.712587356567383 60.799591064453125 73.1856460571289 82.16156005859375 5 35.29701614379883 33.17424392700195 73.07470703125 53.81523895263672 2 34.47466278076172 44.496158599853516 63.35660171508789 64.81998443603516
4 14.185868263244629 0.8071622848510742 39.55375289916992 14.992412567138672 5 15.024173736572266 13.342951774597168 40.75450897216797 26.611040115356445 2 19.421859741210938 8.34495735168457 42.78050994873047 23.852975845336914
5 35.02494430541992 74.13395690917969 68.03641510009766 96.9435043334961 1 35.33259582519531 95.51385498046875 70.6272201538086 113.96772766113281 0 34.48048782348633 95.23507690429688 72.20964813232422 112.26985168457031 5 37.313419342041016 83.38419342041016 75.43562316894531 106.09291076660156
7 64.07743835449219 68.23458099365234 86.82144927978516 82.4575424194336 4 41.77259826660156 15.998186111450195 88.27303314208984 41.15910339355469 1 6.499536514282227 60.848548889160156 63.37672424316406 81.80794525146484
7 9.29244613647461 4.751827716827393 33.503963470458984 17.425601959228516 4 9.915475845336914 18.16739273071289 35.09423828125 31.961458206176758

1 29.915847778320312 20.294458389282227 79.52626037597656 42.185813903808594 2 28.008581161499023 36.31045913696289 74.48233032226562 63.866905212402344 2 50.98284912109375 33.5876350402832 84.07918548583984 59.79507827758789

8 13.40457820892334 25.887990951538086 40.25545883178711 39.662391662597656
1 20.979957580566406 27.52086067199707 51.677955627441406 42.257205963134766 5 19.00259780883789 37.61354446411133 53.087745666503906 55.9166259765625 2 21.60849380493164 51.67515563964844 49.005516052246094 68.19294738769531 1 20.07151222229004 15.08958625793457 57.62111282348633 29.683944702148438
3 30.146390914916992 47.810142517089844 75.93277740478516 69.47042846679688
5 52.05226135253906 56.98033142089844 83.86921691894531 76.4652328491211 1 54.576229095458984 25.18998146057129 94.00271606445312 43.96354675292969 4 47.97684860229492 39.619266510009766 89.24032592773438 60.65989685058594 4 52.924015045166016 29.490861892700195 93.86695861816406 50.01795196533203
7 70.53824615478516 117.306396484375 118.95568084716797 148.3343505859375
2 13.719627380371094 18.47172737121582 38.91410827636719 30.835355758666992 7 12.344637870788574 31.41604232788086 39.109031677246094 45.34304428100586 2 12.911977767944336 6.443887233734131 37.726470947265625 19.91847038269043 8 20.78318214416504 28.220130920410156 45.41700744628906 41.49596405029297 6 15.047887802124023 29.079700469970703 41.02976989746094 41.1579704284668


2 12.735933303833008 71.94657897949219 51.164581298828125 95.64248657226562 2 56.26092529296875 74.14472961425781 104.25862121582031 104.42501831054688
9 6.945223808288574 15.523364067077637 23.542236328125 24.905261993408203 2 5.033222198486328 7.560277938842773 25.56871795654297 18.328222274780273 3 6.257577896118164 7.6035475730896 23.84322166442871 18.32811737060547
1 7.602077484130859 0.4993770718574524 39.7912712097168 14.106695175170898 4 10.38154125213623 32.159759521484375 38.7733268737793 49.84912109375
9 12.683732986450195 21.657432556152344 33.91963577270508 36.881778717041016
9 13.103511810302734 27.942066192626953 36.68583679199219 38.611000061035156 2 14.048216819763184 19.22187042236328 35.25310134887695 31.082687377929688
7 27.481117248535156 2.7733747959136963 58.35343933105469 19.58378028869629 1 0.0 53.410499572753906 25.437334060668945 72.02206420898438
2 9.073429107666016 4.919283390045166 44.66986846923828 26.028318405151367 1 7.412306308746338 32.742713928222656 45.03209686279297 53.11989212036133

0 22.427997589111328 61.83048629760742 104.61402130126953 97.36449432373047 5 34.34958267211914 33.40916442871094 106.56330871582031 68.59352111816406 6 18.995512008666992 95.8251953125 89.7491683959961 128.44918823242188 3 26.69091033935547 30.645105361938477 98.72799682617188 67.64110565185547 1 17.399442672729492 129.3953094482422 54.97200012207031 146.48365783691406

2 19.3308162689209 0.0 55.34600067138672 16.124107360839844 8 19.27040672302246 16.024917602539062 59.62685012817383 37.302879333496094 2 28.126087188720703 15.052750587463379 68.73456573486328 38.9208869934082 4 22.505401611328125 3.1571521759033203 60.132076263427734 22.142047882080078
2 11.523770332336426 17.8712100982666 43.286155700683594 35.57307815551758 2 9.863922119140625 39.43330764770508 44.473045349121094 57.11845016479492
1 12.314337730407715 3.2140676975250244 34.66149139404297 13.603933334350586 5 7.537109851837158 14.664176940917969 24.329364776611328 29.488643646240234
4 29.748289108276367 29.874902725219727 76.47435760498047 55.144718170166016 4 25.761123657226562 59.298221588134766 78.10549926757812 86.2242431640625
5 10.786478996276855 53.637168884277344 48.63609313964844 72.91908264160156 1 22.002342224121094 0.37197577953338623 66.45635223388672 17.36410903930664 4 19.213960647583008 22.882469177246094 56.90465545654297 42.4191780090332
6 20.120485305786133 74.73381805419922 80.76725769042969 103.37672424316406 2 32.150482177734375 13.84941291809082 87.46813201904297 44.26216506958008 4 37.91816711425781 45.92376708984375 82.68852233886719 73.1935043334961 9 31.191144943237305 11.860215187072754 82.38243865966797 44.76456832885742 0 34.901912689208984 76.2574462890625 80.8781509399414 104.23225402832031

4 26.149616241455078 16.956859588623047 58.00263977050781 37.14754867553711 3 28.37877655029297 39.302677154541016 64.36890411376953 58.82844161987305 9 28.462661743164062 37.53716278076172 60.99030685424805 54.61786651611328 8 32.761322021484375 41.701080322265625 64.481201171875 59.16216278076172
3 10.737683296203613 1.7914924621582031 29.010765075683594 13.459091186523438 2 13.83351993560791 0.5050148963928223 30.065481185913086 12.228766441345215
6 81.599609375 72.69978332519531 147.93524169921875 104.78944396972656 5 85.23954772949219 36.02240753173828 149.88775634765625 71.39309692382812
9 12.708064079284668 16.807544708251953 33.121421813964844 27.15311050415039 3 12.550024032592773 7.7885966300964355 31.488040924072266 17.394039154052734 4 13.18155574798584 7.53049373626709 32.81789016723633 19.946687698364258 5 15.527565002441406 6.600854873657227 36.21820831298828 16.658554077148438
2 103.13005828857422 122.92085266113281 140.89552307128906 147.09634399414062 4 95.2780990600586 103.31542205810547 137.88427734375 129.6264190673828
2 22.74115562438965 19.128293991088867 65.48582458496094 45.05264663696289 0 11.241589546203613 66.72554016113281 60.289031982421875 90.08517456054688 4 29.285737991333008 51.87736892700195 65.89165496826172 71.59414672851562 2 16.0947265625 42.95795440673828 64.68489837646484 66.54876708984375 1 19.31867790222168 53.26972961425781 61.54619216918945 73.01074981689453
2 9.06798267364502 20.296031951904297 37.54165267944336 34.98445129394531 2 8.340287208557129 35.32090377807617 39.595947265625 49.16253662109375 1 6.379082202911377 10.156590461730957 37.460906982421875 24.67915916442871
0 10.254626274108887 23.29666519165039 28.928829193115234 32.95631408691406
2 20.736427307128906 34.85375213623047 43.912654876708984 49.59428787231445 6 7.097314834594727 23.768291473388672 34.12042999267578 40.036529541015625
1 45.4655876159668 8.869990348815918 103.62097930908203 34.23439407348633 2 40.953426361083984 26.207996368408203 91.32341766357422 48.589988708496094 9 43.02123260498047 30.293790817260742 96.20252227783203 51.93235778808594
3 72.1095199584961 97.49008178710938 95.96825408935547 117.25511169433594 1 62.78038024902344 39.311248779296875 132.0 65.98015594482422
6 26.42424964904785 44.44286346435547 63.052101135253906 64.37547302246094 5 30.568653106689453 24.428049087524414 69.44245147705078 44.15260696411133 3 32.78156280517578 22.11832046508789 70.93426513671875 41.033599853515625
5 12.808795928955078 17.619422912597656 40.58543014526367 31.01268196105957
1 24.806026458740234 34.50155258178711 60.92842102050781 51.50323486328125 2 46.06267166137695 34.93090057373047 82.8551025390625 53.74261474609375 1 13.260263442993164 38.85810852050781 38.86845397949219 52.65531921386719 1 30.014060974121094 44.057395935058594 54.61531066894531 56.30925369262695 7 25.69607925415039 40.08203887939453 62.5517463684082 56.84527587890625 2 55.65938949584961 33.18881607055664 76.75857543945312 46.8259391784668
6 23.422561645507812 21.41321563720703 46.35647964477539 36.41769027709961 9 61.058013916015625 14.83666706085205 101.0 37.920623779296875 6 68.17122650146484 7.460117816925049 101.0 31.71585464477539
6 17.91652488708496 52.04789733886719 48.700660705566406 67.64817810058594 3 12.966917991638184 61.795780181884766 44.90639877319336 81.79090118408203 5 11.260233879089355 61.8567008972168 41.439510345458984 79.73579406738281
5 49.54896926879883 40.490413665771484 73.0769271850586 56.32567596435547
5 10.492744445800781 19.226987838745117 32.34805679321289 33.70198059082031
6 35.09111404418945 55.55232238769531 69.29690551757812 75.91429901123047 5 35.290584564208984 39.28971862792969 68.66513061523438 58.7962760925293 4 34.953311920166016 22.473901748657227 68.1143569946289 41.91793441772461
2 10.208816528320312 9.699381828308105 29.77140235900879 20.673873901367188 1 8.973090171813965 20.858943939208984 32.17665481567383 30.81609535217285 4 14.506094932556152 18.030942916870117 34.8797721862793 29.215866088867188

3 70.69645690917969 68.56752014160156 116.42011260986328 102.47053527832031 2 83.23861694335938 45.58456039428711 135.27745056152344 79.4692611694336 7 57.93206024169922 94.5487289428711 112.06574249267578 127.24813842773438 3 22.201095581054688 78.22398376464844 48.7855224609375 100.34711456298828 7 24.571300506591797 99.02742004394531 49.80758285522461 118.2726821899414 3 58.46522521972656 84.83112335205078 115.53992462158203 118.30586242675781
9 40.248600006103516 48.92520523071289 73.35873413085938 66.25739288330078 1 36.555667877197266 35.202552795410156 72.0511245727539 48.61071014404297 9 40.38041687011719 42.270965576171875 70.11873626708984 57.9443359375
3 40.75545120239258 24.16684341430664 74.2621841430664 43.10763931274414 8 42.105716705322266 58.32280731201172 77.7729263305664 78.95706939697266 4 40.51734924316406 41.72817611694336 76.85065460205078 62.35337829589844
5 61.297664642333984 76.6498794555664 126.82860565185547 107.2564697265625 3 60.04145812988281 81.38782501220703 115.08135986328125 109.72291564941406 1 60.24961853027344 104.0853271484375 112.47290802001953 132.44552612304688 1 0.0 25.483165740966797 46.963600158691406 55.635093688964844 2 51.8043327331543 92.81980895996094 114.5760269165039 120.77560424804688 4 56.46883773803711 101.26863861083984 116.58879852294922 134.18368530273438
2 8.739901542663574 2.3901731967926025 29.253366470336914 15.626651763916016 6 9.576662063598633 13.671773910522461 29.032670974731445 24.78486442565918 5 8.855042457580566 15.669370651245117 29.66684913635254 27.787450790405273
2 41.40415573120117 39.68442916870117 68.22071838378906 57.26910400390625 2 45.09772491455078 52.66095733642578 72.86418151855469 76.26981353759766 4 4.810232162475586 26.1863956451416 45.18181228637695 42.94759750366211 1 7.571612358093262 10.80482006072998 61.92510986328125 28.975860595703125 1 40.5272216796875 9.729076385498047 83.00160217285156 31.486848831176758
5 12.56108283996582 20.19367027282715 52.441585540771484 42.110965728759766 5 0.15039193630218506 40.98305130004883 42.94395446777344 62.387115478515625 1 17.99968719482422 6.838092803955078 57.60578918457031 26.92766571044922
1 19.435304641723633 107.58821105957031 94.54415130615234 144.9935760498047 3 138.36705017089844 51.38873291015625 180.41339111328125 79.63703155517578
1 94.44109344482422 131.17991638183594 196.85107421875 173.44407653808594 1 48.671966552734375 69.27325439453125 168.0615234375 109.76716613769531
8 43.59376907348633 14.511635780334473 97.48444366455078 46.6441764831543 6 31.091623306274414 52.52888870239258 100.56985473632812 91.32221221923828 1 41.70611572265625 102.64540100097656 97.93114471435547 126.50407409667969 4 34.462120056152344 93.32025909423828 86.42789459228516 126.40359497070312
3 13.741401672363281 26.03192710876465 45.852134704589844 44.04454803466797 2 10.806571960449219 27.39173698425293 40.550254821777344 42.45780563354492

5 28.908052444458008 75.40834045410156 65.39752197265625 97.18458557128906 7 36.14622497558594 52.56114196777344 70.07442474365234 75.68295288085938 4 40.0948486328125 50.23893356323242 76.7879638671875 70.59304809570312



2 28.40804100036621 40.55778121948242 59.75533676147461 60.68886184692383 3 29.346250534057617 27.872127532958984 64.7272720336914 47.04696273803711
1 21.506032943725586 53.76253890991211 57.62723159790039 71.14381408691406 5 14.636900901794434 56.23096466064453 51.58308792114258 73.91936492919922 3 58.764713287353516 126.7896728515625 124.64302062988281 157.5435791015625

5 24.473983764648438 69.37104797363281 64.58574676513672 89.22392272949219 0 30.756786346435547 55.794490814208984 70.20646667480469 70.89257049560547 3 30.4052734375 35.621681213378906 72.46588134765625 59.037940979003906 3 23.43726348876953 67.19818115234375 62.730804443359375 89.68477630615234 0 30.115154266357422 62.61141586303711 67.9968490600586 80.15299987792969 8 38.926025390625 33.55956268310547 77.19441223144531 54.890785217285156
2 39.08523941040039 19.24503517150879 73.43476104736328 38.61004638671875 0 31.334665298461914 35.29070281982422 71.42125701904297 54.26938247680664
4 11.471525192260742 8.1102933883667 33.425479888916016 23.84474754333496
2 15.175403594970703 5.835892677307129 40.16217041015625 19.987899780273438 5 15.343172073364258 18.564992904663086 37.41829299926758 31.322338104248047 6 16.78610610961914 17.224916458129883 34.954254150390625 32.06454849243164
7 7.974625587463379 11.055765151977539 26.020503997802734 21.378976821899414
5 28.478124618530273 73.4566421508789 68.29779052734375 97.0609130859375 5 33.37263870239258 84.54755401611328 63.2349853515625 109.78311157226562 6 67.8927001953125 59.710487365722656 105.93013000488281 85.89193725585938
5 18.756694793701172 31.237545013427734 52.07536697387695 47.85511779785156 3 16.91361427307129 30.78921890258789 53.19303512573242 50.037235260009766 1 14.439116477966309 16.90338706970215 50.10622787475586 33.61396408081055

3 18.750396728515625 38.15648651123047 51.889217376708984 53.92523193359375 4 13.07348346710205 24.96141815185547 45.7623176574707 42.369998931884766 5 17.355152130126953 38.70292282104492 50.24837875366211 54.005985260009766 4 18.62896156311035 36.479549407958984 50.269325256347656 52.02885437011719 2 11.292821884155273 36.48459243774414 43.11970520019531 53.980125427246094



3 15.154462814331055 40.6848258972168 41.56568145751953 57.561851501464844 9 13.50418758392334 56.60063552856445 41.93164825439453 71.1317367553711
2 17.714567184448242 21.87652587890625 41.00270080566406 34.94322967529297
1 24.113306045532227 30.71181297302246 47.92667007446289 42.701812744140625 0 27.208881378173828 41.736732482910156 50.84238052368164 53.7559700012207
5 12.036262512207031 29.990291595458984 39.097042083740234 43.56287384033203 2 12.052513122558594 14.25020980834961 37.630001068115234 28.132856369018555 2 7.847639560699463 10.08022689819336 32.79127502441406 21.789142608642578
2 17.624086380004883 5.286664962768555 50.25056457519531 22.143657684326172 1 15.015650749206543 43.474552154541016 50.257965087890625 58.389652252197266 0 19.910436630249023 22.96961784362793 52.97725296020508 40.01021194458008
1 10.389854431152344 5.515824794769287 38.74884033203125 21.145709991455078 5 11.982038497924805 20.637798309326172 39.23584747314453 36.76893615722656
5 44.112667083740234 57.624229431152344 86.08505249023438 78.78782653808594 1 44.40570068359375 30.816072463989258 84.73773193359375 50.972740173339844 3 47.30369186401367 54.896392822265625 90.7376480102539 76.36199188232422 3 44.682003021240234 34.29875564575195 88.79063415527344 52.240806579589844
6 14.543453216552734 22.89836311340332 41.18050003051758 38.34223175048828 3 12.284375190734863 8.000207901000977 42.739505767822266 22.90397071838379
5 13.297076225280762 23.592100143432617 53.033870697021484 45.9739990234375
9 20.686555862426758 31.222610473632812 62.51647186279297 54.82631301879883 2 23.487592697143555 30.202993392944336 62.492366790771484 56.81356430053711
2 10.074891090393066 19.328969955444336 28.533222198486328 31.001171112060547 4 3.5279457569122314 5.707869052886963 25.95265769958496 19.926992416381836
1 8.924663543701172 19.68355941772461 33.6165771484375 31.671043395996094 6 9.37353801727295 32.28042221069336 33.504547119140625 47.0
2 90.61848449707031 94.9173812866211 150.65879821777344 130.6573028564453
8 24.23456573486328 55.78572463989258 60.06941223144531 74.39183044433594 4 12.267144203186035 40.28354263305664 52.74931716918945 62.2780876159668 6 12.315401077270508 50.963531494140625 57.28358459472656 74.48930358886719 1 19.678861618041992 76.65631103515625 68.4024658203125 96.0 2 8.625221252441406 38.09770965576172 52.21642303466797 60.46820831298828
6 32.43671417236328 28.045164108276367 55.1132926940918 44.85175323486328 6 24.89081382751465 16.411012649536133 56.578834533691406 39.3321418762207
5 5.621306419372559 19.79049301147461 29.623363494873047 30.729564666748047
7 38.4764289855957 45.21204376220703 73.85386657714844 66.45087432861328 6 37.646881103515625 28.339616775512695 71.04231262207031 46.808326721191406 1 69.34274291992188 24.973888397216797 142.6386260986328 61.31977462768555 8 42.14247131347656 27.257781982421875 74.63101959228516 48.797420501708984
7 20.99535369873047 17.935733795166016 46.67532730102539 30.297054290771484 3 18.34352684020996 0.0 47.66670227050781 17.612403869628906 7 16.394594192504883 21.396310806274414 54.762542724609375 38.6128044128418
6 133.9993438720703 6.389154434204102 166.3966064453125 25.495141983032227
7 14.513130187988281 21.43909454345703 37.046142578125 33.402976989746094 9 13.156858444213867 8.552436828613281 37.22499084472656 20.441383361816406
0 22.04871940612793 114.44623565673828 60.077537536621094 134.27713012695312 2 27.795761108398438 129.93519592285156 54.49053955078125 148.39285278320312
0 84.41572570800781 57.7380485534668 126.51883697509766 81.91107940673828 1 82.01346588134766 48.365440368652344 120.5655517578125 63.969112396240234

8 21.14307403564453 64.87581634521484 47.16242980957031 79.82860565185547 6 23.600351333618164 68.38850402832031 46.40459060668945 80.56314849853516
2 11.75462532043457 20.894075393676758 33.74174880981445 32.831485748291016 5 11.047186851501465 6.813827991485596 39.51422882080078 22.186038970947266
3 14.577500343322754 27.07196044921875 44.069190979003906 42.52752685546875 1 16.67096519470215 42.7763671875 51.28074264526367 58.62918472290039 8 19.89759063720703 27.14488983154297 52.51175308227539 42.157958984375 9 17.440244674682617 40.17987823486328 51.2432975769043 57.61860275268555 4 21.525413513183594 25.161500930786133 47.713531494140625 41.175453186035156
3 24.61269760131836 28.675294876098633 55.55610275268555 43.63129425048828 2 26.037559509277344 11.712799072265625 54.87418746948242 27.670833587646484
8 44.786582946777344 76.47360229492188 71.7512435913086 92.06000518798828 1 39.14094543457031 61.59811019897461 74.63343048095703 78.73033142089844 9 39.21694564819336 75.83252716064453 88.53630065917969 100.84675598144531 8 41.930728912353516 70.43885803222656 68.98003387451172 83.96285247802734
4 19.86497688293457 17.612516403198242 45.02486801147461 32.292510986328125 1 20.912900924682617 6.110553741455078 50.3972282409668 20.08843231201172 4 14.452859878540039 26.008352279663086 40.1944694519043 40.32689666748047 7 16.56100082397461 28.054670333862305 43.31692123413086 44.12991714477539 4 19.462862014770508 2.8409035205841064 46.02263641357422 17.06269073486328 3 14.941289901733398 24.54265022277832 45.696468353271484 42.126155853271484
5 16.2797908782959 48.710960388183594 53.423343658447266 73.44491577148438 1 8.938889503479004 34.6265983581543 46.844886779785156 53.094757080078125 2 20.507301330566406 48.86812973022461 58.96973419189453 69.45796203613281 1 45.95671463012695 23.204973220825195 79.92662048339844 40.65879821777344
1 18.157793045043945 17.678966522216797 50.10842514038086 32.238067626953125 5 14.463068008422852 35.142364501953125 48.801883697509766 53.31562423706055 1 16.334251403808594 25.973655700683594 44.020912170410156 39.64549255371094
9 13.818201065063477 13.591386795043945 36.09825897216797 25.187280654907227 1 12.328695297241211 19.044748306274414 33.616668701171875 30.61958885192871 0 13.714271545410156 17.04639434814453 33.48728942871094 29.273880004882812
0 17.4840087890625 49.066341400146484 52.77027893066406 74.4572525024414 6 42.73146438598633 12.228250503540039 83.47048950195312 39.684574127197266 6 28.346664428710938 30.697689056396484 68.88761901855469 60.04697036743164 5 51.34443664550781 17.43012237548828 86.25910186767578 42.028255462646484

2 20.911373138427734 82.92839813232422 75.73902893066406 109.02754974365234 4 11.03085708618164 24.332773208618164 72.15205383300781 50.196929931640625
7 8.377923965454102 19.893075942993164 51.186256408691406 42.475833892822266 2 12.254857063293457 41.10514831542969 49.87228775024414 65.1246337890625
1 14.052268981933594 2.854107141494751 57.90315246582031 18.561447143554688 6 15.503130912780762 18.589685440063477 56.72886657714844 43.257728576660156
1 13.550265312194824 29.116199493408203 52.08081817626953 45.201026916503906 4 17.8265438079834 13.830781936645508 50.65702819824219 35.52436828613281 2 16.033180236816406 44.76618576049805 57.56482696533203 66.70999145507812 2 17.18476676940918 6.456311225891113 54.403564453125 27.215356826782227 4 23.10185432434082 50.682682037353516 48.963191986083984 70.27005004882812 1 19.158538818359375 19.53718376159668 51.99000549316406 35.617225646972656
2 14.635756492614746 28.003828048706055 35.73999786376953 40.2071533203125

1 14.129693031311035 10.617377281188965 42.470603942871094 24.531518936157227 6 18.385356903076172 21.539846420288086 46.0277099609375 39.38124084472656

9 145.03286743164062 157.77200317382812 266.72271728515625 221.2245635986328 9 121.97289276123047 70.54863739013672 234.21974182128906 118.80265045166016 7 112.41648864746094 93.7715072631836 213.3113555908203 138.92733764648438
1 36.44629669189453 58.362342834472656 74.56055450439453 79.17322540283203 1 25.761810302734375 47.17158508300781 76.68580627441406 71.29242706298828 1 45.213279724121094 56.44940948486328 73.61103057861328 67.63787841796875 6 37.494747161865234 77.97097778320312 78.21126556396484 102.27892303466797
0 44.266475677490234 95.11739349365234 81.01887512207031 113.93905639648438 4 48.59762191772461 72.66001892089844 80.61046600341797 95.46024322509766
4 19.67916488647461 12.07160758972168 45.66753005981445 26.15595817565918
6 15.348800659179688 27.69247817993164 41.21144104003906 40.95149230957031 6 15.241959571838379 15.115937232971191 44.188026428222656 29.916217803955078
0 32.50691604614258 89.57918548583984 73.34325408935547 112.33840942382812 2 30.52829933166504 80.1781234741211 62.56982421875 99.10829162597656 6 15.693747520446777 63.99687194824219 67.68665313720703 98.06260681152344 1 53.51970672607422 33.57221603393555 102.63658142089844 60.92158508300781
4 25.77611541748047 0.9858317375183105 58.76460266113281 22.436912536621094 5 25.128143310546875 18.675376892089844 53.590553283691406 37.512107849121094 8 27.206064224243164 52.24062728881836 60.47703552246094 70.2503890991211 8 22.444557189941406 36.028480529785156 59.579139709472656 53.93834686279297 0 28.868988037109375 34.43813705444336 56.76496887207031 55.5611686706543 9 21.88739013671875 35.45386505126953 58.163726806640625 53.18126678466797
6 39.30433654785156 67.45393371582031 87.94566345214844 97.80531311035156 6 61.04023361206055 37.581809997558594 110.67162322998047 68.3120346069336 4 19.49102783203125 101.19174194335938 74.46630096435547 130.22711181640625 1 21.547958374023438 102.56047058105469 61.323509216308594 121.69396209716797 0 76.10209655761719 43.396751403808594 116.94886016845703 72.49417877197266

6 10.195058822631836 14.305668830871582 38.1033935546875 30.97333526611328
1 19.66904640197754 25.6903133392334 52.621700286865234 41.94847869873047 3 21.418895721435547 38.730628967285156 55.281429290771484 55.076988220214844 7 22.05699920654297 55.38633728027344 52.32151794433594 71.57241821289062
8 42.88111114501953 41.604576110839844 94.24432373046875 65.0465087890625 0 48.5087776184082 65.10417175292969 96.53623962402344 88.7869873046875 1 36.929874420166016 17.293771743774414 91.63666534423828 45.29903030395508


1 29.13843536376953 4.495759963989258 70.86473846435547 22.051219940185547 7 36.52802658081055 18.69340705871582 74.32872009277344 43.4690055847168 1 32.346961975097656 26.07638931274414 77.3146743774414 44.927589416503906 4 21.061796188354492 47.450111389160156 61.849769592285156 63.22377014160156 1 25.294086456298828 48.82789611816406 52.652061462402344 63.4480094909668 4 31.23855209350586 4.498365879058838 74.8294677734375 27.23668098449707
1 25.814533233642578 5.151916027069092 63.60630416870117 22.149288177490234 6 25.570131301879883 22.544816970825195 65.56977081298828 39.58368682861328 5 16.3734188079834 39.98926544189453 62.32988357543945 61.8341064453125 1 25.675317764282227 66.38304901123047 70.02112579345703 81.02072143554688 1 6.657100200653076 61.59479904174805 46.992218017578125 81.2647933959961 8 34.215965270996094 22.319442749023438 66.14527130126953 43.30641174316406
6 11.23166275024414 6.346471309661865 30.012483596801758 18.129728317260742 9 9.498537063598633 19.890302658081055 29.7806339263916 31.458040237426758 5 10.579863548278809 6.743810176849365 30.538063049316406 18.887065887451172

5 19.151565551757812 30.67828369140625 55.3272705078125 45.76978302001953 1 20.345552444458008 3.2892966270446777 47.591949462890625 18.8709716796875 0 19.845081329345703 17.15619659423828 52.1580924987793 32.58671188354492
6 20.118955612182617 27.556055068969727 42.35523986816406 45.35679626464844 0 14.591270446777344 39.988677978515625 39.16019058227539 53.37376403808594 1 38.190956115722656 0.8536979556083679 74.95836639404297 16.06243133544922 9 14.032626152038574 40.144500732421875 42.322540283203125 55.51116943359375 1 11.05919361114502 47.532447814941406 40.71841049194336 64.55242919921875
9 61.601409912109375 64.25436401367188 97.38605499267578 83.03414154052734 9 54.309417724609375 42.31138610839844 96.2105712890625 62.651466369628906
5 8.86563777923584 13.723838806152344 31.476802825927734 26.62760353088379 5 11.421871185302734 26.38424301147461 33.61145782470703 39.43101119995117
3 25.533409118652344 11.478438377380371 61.618778228759766 31.492712020874023 0 25.08018684387207 30.62751579284668 70.27426147460938 49.05158233642578 2 22.04033088684082 11.360077857971191 60.26936340332031 36.53286361694336 6 23.565418243408203 7.19117546081543 65.44771575927734 31.154470443725586
4 103.78345489501953 105.52294921875 142.76370239257812 132.8592529296875 4 107.49693298339844 96.16537475585938 142.59942626953125 115.2713623046875 4 106.2752456665039 76.52198028564453 144.84805297851562 97.40997314453125 7 106.11028289794922 80.69588470458984 139.92433166503906 103.45985412597656

6 140.60072326660156 37.23455810546875 198.21432495117188 84.36402893066406 9 140.9346160888672 41.07829666137695 199.87413024902344 80.38530731201172 0 136.58460998535156 41.987003326416016 199.80429077148438 74.54798889160156
3 30.2819881439209 19.32170295715332 66.9585189819336 39.808349609375 3 26.601411819458008 48.19523620605469 67.029541015625 64.5897216796875 7 22.571664810180664 45.71627426147461 59.01642608642578 64.31807708740234 9 25.64586067199707 34.14078140258789 59.41507339477539 52.735809326171875 5 30.410133361816406 22.07390594482422 72.92306518554688 37.44557571411133 8 3.214953899383545 25.624961853027344 39.02581787109375 44.60064697265625
7 36.65477752685547 21.80626106262207 61.02215576171875 37.519832611083984 8 34.93427658081055 32.610721588134766 65.0269546508789 49.85976028442383 1 32.214263916015625 6.770856857299805 66.63062286376953 25.09170913696289 6 36.406959533691406 33.147640228271484 66.85155487060547 51.50606155395508
1 14.15554141998291 4.079341411590576 41.7618293762207 17.599191665649414 3 17.34242057800293 17.219743728637695 39.200172424316406 32.748779296875 4 12.86601448059082 29.006502151489258 37.82527542114258 42.093387603759766
1 126.98101806640625 90.0859375 181.16433715820312 116.65176391601562 1 131.67056274414062 114.26102447509766 194.24298095703125 143.47982788085938 1 125.70968627929688 74.54889678955078 212.88636779785156 125.2200927734375 1 141.19508361816406 98.89881134033203 195.54933166503906 130.91909790039062
7 24.88985252380371 48.005794525146484 56.60693359375 65.20427703857422 1 19.223392486572266 35.4105224609375 55.00018310546875 52.03711700439453 4 20.506351470947266 34.157779693603516 56.36224365234375 50.826148986816406
7 36.009273529052734 47.932186126708984 70.75078582763672 68.75464630126953
8 12.58348560333252 24.977489471435547 38.662620544433594 41.4940299987793 1 9.622488021850586 9.000100135803223 44.76791763305664 22.778221130371094 7 7.755676746368408 3.485825538635254 33.98450469970703 21.05133056640625 9 7.047241687774658 24.768842697143555 39.06989288330078 38.583335876464844
4 9.375056266784668 17.070274353027344 28.40471649169922 28.71222496032715
2 10.80339241027832 18.083717346191406 29.557727813720703 29.710554122924805 4 8.118321418762207 10.69604778289795 26.50440788269043 20.599660873413086
1 4.572551250457764 21.671483993530273 37.32472229003906 32.87234878540039
6 33.11172866821289 17.12250518798828 84.63468933105469 52.45844650268555
9 20.974166870117188 17.59638023376465 50.836143493652344 32.50188064575195

4 25.26386260986328 70.30098724365234 70.98112487792969 97.43971252441406 2 20.049758911132812 67.07040405273438 79.08981323242188 92.6307144165039 1 26.497846603393555 41.147789001464844 79.35585021972656 65.97726440429688 9 45.24143981933594 15.212830543518066 89.14691162109375 42.473968505859375 5 42.169273376464844 17.794477462768555 88.89114379882812 41.9406852722168
5 82.2334213256836 63.38554382324219 105.94470977783203 78.88529968261719 2 84.40132141113281 42.28194046020508 113.48158264160156 59.630340576171875 5 75.2405014038086 54.96613693237305 109.53068542480469 73.61476135253906 6 71.07769012451172 11.529128074645996 101.53651428222656 27.78765869140625 5 92.24650573730469 63.13166809082031 110.22891998291016 72.9005355834961 6 57.58879470825195 17.95948028564453 91.23298645019531 40.69507598876953
2 18.774744033813477 9.676422119140625 52.67473602294922 27.019092559814453 8 16.93196678161621 23.856870651245117 48.535037994384766 39.108924865722656 1 10.699572563171387 35.93174743652344 45.921974182128906 51.30368423461914 0 24.786108016967773 23.057476043701172 57.87923049926758 39.993961334228516 0 12.877951622009277 25.88920021057129 42.34558868408203 41.64335632324219 9 13.713700294494629 25.792516708374023 43.70778274536133 40.76390075683594
3 65.67144775390625 23.300119400024414 137.0999298095703 68.71240997314453 0 31.853025436401367 119.94450378417969 109.9681625366211 153.6019744873047 1 45.41044998168945 74.65830993652344 121.28770446777344 110.23406982421875

1 9.733150482177734 3.3524820804595947 54.60704040527344 21.81438636779785 3 19.05368423461914 27.21784210205078 48.777076721191406 50.53187561035156
3 87.44937896728516 98.15758514404297 128.8871612548828 121.5755615234375 8 66.92161560058594 106.87592315673828 128.6294403076172 137.81069946289062 5 37.64897155761719 96.69929504394531 100.5719985961914 136.02557373046875 0 90.44837951660156 116.0782699584961 128.0670166015625 137.14373779296875
2 20.8524227142334 27.44757652282715 47.361141204833984 43.800052642822266 8 20.182937622070312 44.543174743652344 43.752079010009766 58.19529342651367 9 21.80001449584961 44.43535232543945 43.807254791259766 58.61912155151367
8 92.86644744873047 83.49054718017578 130.89273071289062 104.73625946044922 2 91.1208267211914 100.72801208496094 125.04174041748047 124.7950439453125
3 23.128517150878906 70.45521545410156 68.42716217041016 89.17015838623047 1 21.36435317993164 51.24872589111328 67.37869262695312 70.92444610595703 2 28.4105167388916 72.52216339111328 62.229888916015625 89.02637481689453 5 25.102184295654297 69.90226745605469 73.35588073730469 90.29159545898438 4 25.608247756958008 46.481048583984375 75.71574401855469 70.38011169433594
6 22.742807388305664 43.329551696777344 63.93461608886719 71.17013549804688 4 27.42046546936035 71.94007873535156 66.58900451660156 94.42993927001953
5 6.456738471984863 9.31163215637207 30.073299407958984 19.0838565826416
5 39.47990036010742 46.737728118896484 83.7313461303711 78.95648956298828
2 3.4469563961029053 10.15553092956543 31.075260162353516 24.8227481842041 6 5.194204330444336 9.823405265808105 32.93021774291992 25.13466453552246
2 15.825614929199219 26.92142677307129 41.769264221191406 41.845096588134766 3 15.353405952453613 27.475534439086914 42.87319564819336 42.52674102783203 1 17.8252010345459 13.43117618560791 45.584510803222656 25.201663970947266 1 11.861153602600098 2.3424127101898193 46.916141510009766 17.498821258544922
7 27.282264709472656 44.84320831298828 77.9099349975586 72.40584564208984

2 25.661710739135742 43.22703170776367 57.975318908691406 62.81497573852539 9 19.26542854309082 58.826602935791016 52.06710433959961 75.0 8 20.807504653930664 57.18086624145508 51.22277069091797 75.0
2 33.32221221923828 35.115989685058594 65.81338500976562 55.69516372680664 1 24.19797134399414 70.64358520507812 55.975345611572266 87.47428894042969 1 52.47876739501953 68.9220199584961 95.0 90.98291015625 1 25.913475036621094 7.757960796356201 65.3492202758789 30.74201774597168 4 29.148597717285156 0.11003336310386658 68.52495574951172 24.741838455200195 2 33.1701545715332 0.0 64.86532592773438 14.927087783813477
5 16.217966079711914 23.968284606933594 42.85527801513672 39.63923645019531
3 13.226187705993652 23.311229705810547 47.1021614074707 40.391422271728516 2 15.781904220581055 38.35125732421875 44.886474609375 55.89447021484375 2 13.56027603149414 23.21106719970703 45.867889404296875 41.283912658691406 2 15.52490234375 8.34565544128418 45.42279815673828 25.54672622680664 2 0.0 0.0 22.672565460205078 16.952299118041992
7 8.13247299194336 18.404470443725586 29.891138076782227 30.509544372558594
1 10.094016075134277 20.34935760498047 30.522705078125 30.549396514892578 5 10.937414169311523 30.322202682495117 35.22092819213867 46.0316047668457 7 9.195688247680664 15.837458610534668 36.587677001953125 30.0157470703125
2 41.27524948120117 85.61421203613281 91.92720794677734 114.49420928955078 0 39.96073532104492 104.06991577148438 98.16702270507812 136.0 3 56.94191360473633 22.758445739746094 125.00428009033203 57.34539031982422 4 79.65575408935547 34.1197509765625 135.074951171875 69.31621551513672
1 17.17508316040039 9.607987403869629 49.506568908691406 22.931344985961914
4 31.934659957885742 38.12526321411133 53.398963928222656 50.688804626464844

5 52.41051483154297 47.269203186035156 99.5648193359375 72.86192321777344 1 48.71438217163086 71.96575927734375 107.04169464111328 97.73064422607422 5 50.761539459228516 63.080020904541016 103.13655090332031 87.5866470336914 3 49.72399139404297 46.85460662841797 104.73450469970703 74.15473175048828
4 9.66508674621582 24.715438842773438 33.26155090332031 36.64419174194336 2 15.464249610900879 12.443580627441406 36.4283561706543 23.626739501953125

2 31.816850662231445 3.5876898765563965 80.24056243896484 32.019676208496094 5 22.391460418701172 20.2524356842041 72.94905090332031 51.694847106933594 1 0.0 167.27395629882812 101.67656707763672 204.84832763671875
5 67.11618041992188 51.30224609375 108.4354476928711 84.09821319580078 5 51.81058883666992 38.0093879699707 126.5754623413086 92.61668395996094 1 19.529834747314453 12.445502281188965 66.01371002197266 37.173789978027344


2 35.68266677856445 18.403486251831055 90.51347351074219 50.55426788330078 3 31.16276741027832 0.0 83.31400299072266 29.37595558166504
8 33.316558837890625 50.15908432006836 68.2087173461914 71.01917266845703 6 35.314727783203125 17.79306411743164 68.16217041015625 36.976959228515625
6 25.73041343688965 27.970699310302734 77.55838775634766 50.42823791503906 6 25.179292678833008 49.4043083190918 67.33413696289062 73.6566390991211 1 28.686017990112305 9.452963829040527 81.51258850097656 31.9254150390625 1 48.60082244873047 17.93317413330078 88.81816864013672 37.02643585205078
8 71.60079193115234 85.50177001953125 140.4364776611328 124.71525573730469 1 50.931304931640625 52.90436553955078 141.0820770263672 90.58575439453125 0 58.924720764160156 126.11738586425781 134.9923858642578 166.42196655273438
2 9.422605514526367 9.934581756591797 30.600893020629883 22.592571258544922
0 61.55394744873047 61.40373992919922 93.10186767578125 81.74305725097656 2 66.42607116699219 43.44336700439453 97.49964141845703 66.84521484375 4 66.57060241699219 44.22980880737305 95.3226089477539 67.75847625732422

8 13.961923599243164 24.565515518188477 42.28147888183594 36.20418930053711

5 19.969396591186523 31.381675720214844 52.99717712402344 50.40290451049805 3 16.979900360107422 43.45887756347656 47.271575927734375 63.19301986694336 3 20.624940872192383 33.04408264160156 56.28768539428711 50.98564147949219
7 77.1352767944336 29.568389892578125 104.41454315185547 46.60120391845703 1 73.47434997558594 18.452423095703125 109.39244842529297 34.506385803222656 1 79.94691467285156 27.567434310913086 100.43412780761719 40.00490951538086 1 21.655372619628906 89.66669464111328 100.62013244628906 116.08875274658203 4 28.003387451171875 87.387939453125 81.54991149902344 117.28739166259766 4 28.311891555786133 121.45521545410156 101.35405731201172 160.0
7 8.531585693359375 11.547542572021484 29.829879760742188 23.25815200805664 1 10.242379188537598 2.6692099571228027 38.654544830322266 12.784255981445312

3 11.363912582397461 23.708162307739258 31.289871215820312 35.26981735229492 3 13.955020904541016 0.23273538053035736 35.797401428222656 12.037487030029297
3 68.40138244628906 96.0826644897461 116.12191772460938 120.7388916015625 3 67.82001495361328 107.8599853515625 118.46133422851562 136.6453094482422 2 71.77645874023438 108.88760375976562 119.1820068359375 136.32359313964844 9 78.11489868164062 110.5760498046875 116.68868255615234 138.04212951660156
2 15.784112930297852 10.156387329101562 35.1612548828125 21.249412536621094 5 11.125726699829102 19.697141647338867 32.83755874633789 32.11712646484375
3 25.299589157104492 74.79418182373047 93.64501190185547 113.87890625 1 36.489444732666016 53.04751205444336 107.73682403564453 79.26453399658203 2 43.132545471191406 14.435286521911621 110.90235137939453 56.0510368347168 4 30.385757446289062 52.82476043701172 86.18942260742188 77.28751373291016 1 23.503129959106445 58.902732849121094 73.6633529663086 75.26846313476562
1 48.60341262817383 78.90843963623047 93.7194595336914 103.7272720336914 3 43.26823806762695 95.64628601074219 93.09188842773438 126.10807800292969 6 51.0003547668457 92.81517791748047 95.3612289428711 124.19266510009766 1 47.80230712890625 91.65042877197266 92.06005096435547 116.39552307128906 4 27.20099639892578 48.901493072509766 92.98421478271484 84.42224884033203

5 14.387186050415039 25.17270278930664 35.344154357910156 36.28496170043945
4 8.962825775146484 12.782578468322754 31.21025848388672 26.15479278564453
4 11.605159759521484 18.350383758544922 27.908166885375977 28.344276428222656 1 4.777059078216553 3.707444667816162 29.5849609375 13.148240089416504
6 29.584980010986328 45.85150909423828 74.65165710449219 70.39381408691406 2 23.164344787597656 13.933796882629395 69.8449478149414 38.733646392822266
7 16.179792404174805 36.7725944519043 39.61225891113281 50.918846130371094 8 19.771915435791016 46.23057556152344 46.044105529785156 64.61459350585938 7 18.586942672729492 29.747705459594727 47.2626838684082 45.7723503112793 2 16.590621948242188 35.023746490478516 45.42295837402344 51.398075103759766
9 22.40359115600586 9.201735496520996 74.61609649658203 32.64454650878906 7 28.876558303833008 14.969951629638672 69.2283935546875 38.484291076660156
2 21.883272171020508 91.85757446289062 52.93808364868164 113.56192779541016 3 22.077110290527344 102.84103393554688 52.001258850097656 124.28312683105469
2 9.519126892089844 13.715462684631348 32.18828582763672 25.118614196777344 5 0.0 0.0 16.767784118652344 11.001741409301758
5 19.051986694335938 14.296092987060547 51.820655822753906 33.71419143676758 2 17.835912704467773 40.48136520385742 45.334957122802734 59.1889533996582 9 10.154387474060059 42.504981994628906 41.887821197509766 58.86042404174805 2 25.427534103393555 12.938582420349121 53.25767135620117 31.278221130371094
9 32.701786041259766 47.82611846923828 80.19003295898438 74.3322982788086 5 43.089813232421875 96.7873306274414 77.2000961303711 118.6927261352539 0 34.309051513671875 70.884521484375 83.4394760131836 97.53089904785156
5 7.149783611297607 19.041912078857422 32.887088775634766 33.48592758178711 2 6.520214080810547 2.9004900455474854 29.841989517211914 13.299921035766602


2 12.500958442687988 7.317131042480469 43.853981018066406 21.37071990966797

1 14.76088809967041 0.0 51.08245086669922 14.09854793548584 5 15.153987884521484 18.530550003051758 44.423038482666016 34.146644592285156 8 13.827055931091309 42.31739044189453 47.769351959228516 59.0



2 74.55159759521484 94.87393188476562 110.91848754882812 115.07389831542969 4 68.64383697509766 93.7894515991211 120.74195098876953 120.77299499511719 2 72.12193298339844 103.82832336425781 116.83892822265625 126.21910858154297
4 10.526694297790527 8.382695198059082 34.33204650878906 21.496496200561523 3 11.837162971496582 20.97640609741211 34.7827262878418 33.78126525878906

2 36.04597854614258 73.74300384521484 68.53141021728516 92.70053100585938 2 21.142860412597656 93.49258422851562 55.57697677612305 111.39276123046875 5 43.5231819152832 52.05842208862305 86.00756072998047 77.97081756591797 1 55.462127685546875 20.962635040283203 123.99999237060547 46.49753189086914 2 25.76770782470703 83.33438873291016 62.41175842285156 105.21195220947266 2 41.30799102783203 61.463844299316406 75.15555572509766 82.431640625
8 12.575769424438477 17.382165908813477 39.14796447753906 29.556489944458008 7 10.713692665100098 19.15131378173828 33.01438903808594 30.495121002197266

3 56.587646484375 73.48670196533203 97.77397918701172 98.0593032836914 4 42.17015838623047 6.604587078094482 95.64094543457031 31.028478622436523 0 0.0 74.3662338256836 53.396820068359375 94.01961517333984 1 44.79593276977539 3.7599480152130127 102.33405303955078 23.24465560913086 5 52.30070114135742 73.31127166748047 98.87516021728516 97.636474609375
3 27.226242065429688 47.81024932861328 54.19319152832031 66.11389923095703 1 19.1296329498291 26.281349182128906 55.62228012084961 44.2761344909668
7 37.01176071166992 38.09407043457031 58.73271560668945 50.834495544433594 2 37.037506103515625 29.61220932006836 60.45604705810547 42.840728759765625 7 38.896400451660156 32.82836151123047 60.05979919433594 43.86797332763672
3 116.26891326904297 97.06254577636719 160.58828735351562 122.52342224121094 2 107.41649627685547 52.966182708740234 161.09190368652344 81.17530822753906 4 108.592529296875 77.97455596923828 156.22137451171875 103.37012481689453 1 107.26383209228516 84.46857452392578 155.05422973632812 98.80416870117188 2 116.79987335205078 66.5009994506836 156.51947021484375 88.04371643066406 1 109.95649719238281 23.2321720123291 188.0 60.205360412597656
3 8.234557151794434 15.31100082397461 26.4804744720459 26.01565170288086
4 7.306680679321289 16.492111206054688 28.101022720336914 27.798175811767578 9 7.98992395401001 25.439151763916016 27.859453201293945 39.42362594604492
2 89.24729919433594 155.93936157226562 158.7879638671875 183.24664306640625 0 90.09768676757812 182.80804443359375 160.12974548339844 218.53549194335938 2 77.14713287353516 7.0019121170043945 151.22555541992188 38.7664909362793 5 80.92855072021484 30.913875579833984 150.8784637451172 70.54476165771484 4 101.33660125732422 113.53099822998047 165.14923095703125 148.63368225097656 2 110.56787109375 167.96705627441406 157.1315155029297 199.26683044433594
3 26.022701263427734 37.556304931640625 72.4420166015625 59.59806823730469 4 10.59180736541748 27.020498275756836 60.96945571899414 53.97967529296875 1 13.356940269470215 27.359045028686523 59.882171630859375 51.35091018676758
2 13.957114219665527 13.150274276733398 57.38703918457031 35.93264389038086
5 11.359302520751953 28.33066177368164 32.73003387451172 39.05984115600586
6 53.66251754760742 37.82365798950195 108.58740234375 65.91966247558594
2 12.758867263793945 6.041180610656738 30.156553268432617 16.17156219482422
6 11.339415550231934 45.58837890625 42.96012878417969 63.869300842285156 2 32.009796142578125 56.81034851074219 63.54804611206055 74.0


2 30.010055541992188 0.0 64.50907897949219 19.721940994262695
1 11.582192420959473 39.33512878417969 44.860042572021484 54.61415481567383 1 12.586006164550781 20.362327575683594 46.55080795288086 33.80645751953125 2 17.323787689208984 8.533772468566895 47.8455696105957 25.542991638183594 3 14.209122657775879 36.930789947509766 43.66934585571289 50.62459182739258 4 7.727287292480469 17.743356704711914 42.904632568359375 31.511310577392578
2 34.40764236450195 15.568018913269043 63.22412109375 30.995929718017578 2 35.3704948425293 28.05900764465332 63.14328384399414 45.54402542114258 3 28.558582305908203 1.3057140111923218 60.117210388183594 18.28122329711914 1 0.0 29.537574768066406 35.758243560791016 47.59869384765625 1 0.0 0.4747963845729828 26.657102584838867 16.27655792236328 3 29.949485778808594 11.599678993225098 59.59434127807617 30.452749252319336
1 33.27180480957031 47.60486602783203 98.77375030517578 74.2959213256836 9 33.81481170654297 98.41075134277344 109.35446166992188 139.52809143066406
2 55.28224563598633 38.169273376464844 96.16157531738281 57.02006149291992 3 54.53522872924805 50.27318572998047 91.3263931274414 68.7347183227539 1 30.236841201782227 0.0 88.91358184814453 29.89115333557129
3 12.712564468383789 16.79216766357422 32.847171783447266 30.929349899291992 3 11.825763702392578 5.304143905639648 34.311798095703125 18.985721588134766 5 11.771696090698242 17.83255958557129 35.28272247314453 30.942426681518555 2 14.573103904724121 5.767971515655518 34.551422119140625 18.901687622070312

8 12.020793914794922 28.295650482177734 36.589168548583984 44.15399932861328 3 10.008720397949219 12.26286792755127 39.70649337768555 27.97158432006836 2 9.25230884552002 13.241395950317383 33.81418228149414 28.49129867553711
2 11.433220863342285 20.69652557373047 45.15460968017578 43.11079406738281 2 10.698073387145996 41.90827941894531 41.34638977050781 59.895809173583984 1 0.0 59.47983932495117 38.06272888183594 75.0
6 37.548500061035156 68.76673889160156 73.05085754394531 90.55879211425781 3 18.127979278564453 68.50182342529297 51.770450592041016 90.27522277832031 2 19.583253860473633 70.55033874511719 47.91801834106445 88.69114685058594 9 47.437564849853516 70.9024887084961 70.20051574707031 88.89462280273438
1 7.1241888999938965 1.4697927236557007 42.6422004699707 14.068032264709473 3 20.894046783447266 27.79030990600586 42.4105110168457 40.33638000488281 1 10.075169563293457 10.811991691589355 39.94029235839844 21.580373764038086

1 6.989261627197266 11.754537582397461 37.71715545654297 28.438791275024414
3 78.13457489013672 77.26673889160156 110.66480255126953 100.7262191772461 7 60.408905029296875 1.0158344507217407 90.77247619628906 19.53938865661621 5 74.0409164428711 93.3619613647461 108.14254760742188 111.46975708007812
8 16.070585250854492 34.01630783081055 42.255306243896484 49.37716293334961 1 15.473663330078125 6.8889336585998535 47.602046966552734 21.545543670654297 3 11.966876029968262 19.213096618652344 45.237030029296875 35.88451385498047 0 12.9739351272583 38.197906494140625 40.51945877075195 51.4993782043457
2 59.66865158081055 55.04524230957031 88.25312805175781 72.34242248535156 0 66.74552917480469 40.625579833984375 95.42801666259766 57.892112731933594 3 53.08766174316406 69.85003662109375 82.0640869140625 85.26487731933594
1 27.301408767700195 2.7516860961914062 70.3228759765625 23.061309814453125 6 31.155746459960938 14.530385971069336 66.61671447753906 31.809659957885742 0 29.217063903808594 27.150171279907227 70.67379760742188 47.145233154296875 1 30.31169891357422 13.703179359436035 76.29129028320312 31.177997589111328 4 39.62502670288086 0.8134423494338989 78.59904479980469 24.307565689086914
3 13.02210521697998 24.947908401489258 42.14177703857422 36.93497085571289 5 13.495162010192871 27.10526466369629 44.92954635620117 37.113895416259766 6 10.186381340026855 24.732038497924805 35.66169357299805 38.25218200683594
4 12.082756996154785 8.1524019241333 36.256370544433594 20.87732696533203
1 15.130949020385742 35.41689682006836 73.47232818603516 57.0245246887207 2 45.346282958984375 5.385364532470703 93.93952941894531 37.24009323120117 0 17.228595733642578 55.61705017089844 84.55194091796875 89.09132385253906 1 4.669219970703125 91.22378540039062 87.0160140991211 112.0 4 13.17788314819336 30.006542205810547 65.56951904296875 61.76179885864258 1 51.18360137939453 86.74735260009766 112.0 110.21483612060547
2 36.79050064086914 89.31198120117188 82.70738983154297 120.626708984375 1 50.37803268432617 26.42997169494629 99.24703216552734 57.55827713012695 5 45.320369720458984 64.20541381835938 84.87664031982422 89.68744659423828 3 43.69462203979492 60.93350601196289 88.4739990234375 88.70220184326172 1 45.246028900146484 6.047643661499023 117.04169464111328 31.16136360168457
5 38.7667236328125 39.784088134765625 103.0612564086914 74.28501892089844 1 19.39759635925293 5.7266106605529785 111.302490234375 39.98435592651367 3 40.97465515136719 39.75874710083008 112.59776306152344 74.83331298828125 0 30.284629821777344 80.47087097167969 110.73262786865234 114.28929138183594
1 115.76158142089844 124.02897644042969 163.23098754882812 143.7703399658203 8 92.088623046875 150.42520141601562 136.2642364501953 173.3236846923828
3 10.331844329833984 24.896074295043945 32.258235931396484 37.42991638183594
0 21.549205780029297 39.055538177490234 50.712158203125 52.729103088378906 3 16.600831985473633 26.765594482421875 45.72857666015625 40.95521545410156 9 14.571852684020996 26.96916961669922 45.113426208496094 40.447486877441406 4 15.484432220458984 26.532854080200195 43.90221405029297 40.475929260253906 1 20.55304718017578 27.538728713989258 49.436256408691406 40.740509033203125 4 11.979829788208008 11.848001480102539 43.297210693359375 29.09904670715332
5 6.857321739196777 27.157596588134766 35.005130767822266 42.8619270324707 3 4.780235290527344 20.32929801940918 36.70831298828125 34.4442138671875

2 10.191125869750977 2.393423318862915 27.186538696289062 12.443156242370605
2 65.10527038574219 63.785499572753906 97.12862396240234 78.68038177490234 2 66.31922912597656 78.4249267578125 95.45873260498047 97.26859283447266 3 22.340864181518555 65.44319915771484 58.2590217590332 89.38780212402344
6 12.977027893066406 11.789360046386719 34.30033874511719 25.906261444091797 1 11.204535484313965 25.887739181518555 36.735225677490234 37.041114807128906 5 14.207197189331055 13.095203399658203 38.17060852050781 27.375471115112305
2 12.637375831604004 20.20872688293457 34.00944137573242 32.681556701660156 7 8.074295043945312 30.35633087158203 31.874364852905273 42.0
2 28.728469848632812 39.93073654174805 60.89617919921875 63.493839263916016 1 42.9290771484375 59.355567932128906 85.05371856689453 79.17445373535156 1 8.643333435058594 24.487442016601562 51.940818786621094 44.1609001159668
5 9.079838752746582 15.269049644470215 26.913650512695312 30.18863868713379
4 9.908480644226074 26.98029899597168 32.4979362487793 40.12921905517578 1 5.989973545074463 19.67698097229004 29.927488327026367 30.860336303710938
1 14.095645904541016 36.45403289794922 52.92473602294922 50.45383071899414 2 19.61094093322754 15.210522651672363 56.8328857421875 37.244014739990234
5 10.280765533447266 0.0 32.16863250732422 12.32072639465332 9 11.125717163085938 17.39079475402832 31.23055648803711 29.334228515625
8 35.84651565551758 36.80013656616211 67.48271179199219 57.98689270019531 3 33.732662200927734 36.393333435058594 69.64437866210938 58.72785568237305 2 11.888833045959473 35.9724006652832 54.292667388916016 63.12284851074219 6 14.858315467834473 31.312156677246094 63.30607223510742 60.24790573120117
2 24.280681610107422 4.398451805114746 47.78334045410156 23.625835418701172 1 6.072691440582275 48.79737091064453 43.15745544433594 65.49601745605469 4 27.118982315063477 20.221088409423828 51.7852668762207 35.599185943603516 4 15.522369384765625 49.38102722167969 45.17429733276367 67.0 5 26.44801139831543 47.375545501708984 55.87926483154297 67.0
5 10.5059175491333 32.54555130004883 38.90654373168945 46.979373931884766

0 115.09764862060547 120.45598602294922 148.59707641601562 142.2023162841797 6 110.68444061279297 86.60948181152344 140.031494140625 104.2007827758789 9 109.74232482910156 88.13127136230469 139.49261474609375 104.31898498535156 8 114.65180969238281 85.72089385986328 147.6290740966797 102.28926086425781 9 116.01927185058594 106.24818420410156 145.3673858642578 122.53369140625 9 113.91885375976562 99.08226776123047 136.12271118164062 112.99578094482422
8 11.02729606628418 33.59469223022461 44.820472717285156 51.69457244873047 5 14.048504829406738 13.24692440032959 51.2883415222168 35.014259338378906 6 12.614461898803711 33.817298889160156 45.078670501708984 54.00999450683594 3 20.133739471435547 10.075906753540039 53.19955825805664 34.52288818359375 2 14.677331924438477 6.837851524353027 56.6031494140625 29.439224243164062
2 15.495955467224121 4.175161838531494 40.65060043334961 18.535707473754883
6 19.35470962524414 50.8400993347168 42.68027114868164 66.5400619506836 9 20.761489868164062 64.69931030273438 44.26372146606445 78.33102416992188 0 15.372621536254883 63.64494323730469 41.6993522644043 76.6667709350586 0 22.040653228759766 57.2910041809082 42.71181106567383 70.27901458740234
6 22.087539672851562 12.365793228149414 50.35018539428711 28.610044479370117 5 25.64799690246582 15.671765327453613 49.35621643066406 30.39043617248535 2 20.211669921875 28.351619720458984 54.16427993774414 43.38698959350586
6 42.0471076965332 40.861812591552734 65.2204360961914 55.12799835205078 9 44.64802932739258 40.316436767578125 69.81510162353516 55.50769805908203 1 12.823324203491211 26.984268188476562 40.24740219116211 45.907588958740234
4 62.99415969848633 17.373409271240234 132.8753662109375 61.805809020996094 0 46.488525390625 56.114768981933594 138.09246826171875 98.38323974609375

8 29.002471923828125 37.63655471801758 65.55365753173828 58.9533805847168
2 33.210670471191406 52.794925689697266 67.61125183105469 72.80828094482422 5 28.95519256591797 35.56439208984375 70.14442443847656 57.00628662109375 4 33.86690139770508 68.82064819335938 70.16018676757812 87.1242904663086 5 19.923349380493164 51.54364776611328 63.30878448486328 73.93418884277344 1 16.808412551879883 21.457412719726562 62.31537628173828 43.58940124511719
2 33.55100631713867 31.723392486572266 75.55135345458984 53.37618637084961 2 28.071081161499023 50.23838424682617 62.2211799621582 69.42373657226562 7 19.652616500854492 64.18561553955078 61.25484085083008 84.20597076416016 4 27.824995040893555 52.545204162597656 64.2991714477539 72.16114807128906 5 22.00836753845215 48.27495193481445 50.4030647277832 66.07469940185547 2 26.586172103881836 40.639591217041016 69.67635345458984 60.7227783203125
5 8.065587997436523 18.26976776123047 25.379682540893555 29.88181495666504

2 19.5767822265625 6.635440349578857 64.31439971923828 28.668434143066406 4 11.388487815856934 26.929473876953125 64.08883666992188 54.08163070678711 5 23.38109016418457 57.65459442138672 63.19293212890625 79.76605987548828 2 9.89657974243164 1.189368724822998 45.11424255371094 24.672134399414062
4 20.127883911132812 56.05145263671875 56.9464111328125 75.60385131835938 2 23.754165649414062 45.58458709716797 60.126007080078125 60.80973815917969 5 15.990076065063477 27.936281204223633 60.677223205566406 43.89824295043945 1 20.624134063720703 13.748885154724121 65.62728881835938 31.163843154907227



2 11.545459747314453 43.80624771118164 35.490638732910156 60.0
2 10.94149112701416 6.277373313903809 35.10346221923828 20.799848556518555 5 11.311161994934082 17.348739624023438 37.137699127197266 31.767322540283203 2 13.686244010925293 29.487449645996094 38.52980422973633 42.72064208984375
1 32.62743377685547 1.0818208456039429 73.19725799560547 25.76386070251465
2 20.96384620666504 3.379641056060791 52.02722930908203 19.91730308532715 0 16.839460372924805 22.457014083862305 51.77945327758789 38.60221481323242 7 21.957904815673828 42.14922332763672 50.206119537353516 57.990272521972656 7 21.822101593017578 36.451988220214844 53.54249954223633 49.786373138427734
8 119.80387878417969 88.94437408447266 168.0319366455078 112.5340347290039 6 125.98120880126953 91.20263671875 169.74009704589844 119.92200469970703
5 8.487456321716309 13.967585563659668 26.895000457763672 26.197385787963867
0 76.01334381103516 105.22113800048828 184.56126403808594 144.4119110107422 1 61.32938766479492 69.98761749267578 192.78890991210938 111.59390258789062
1 14.74307632446289 25.850257873535156 70.31301879882812 51.18046569824219 4 24.827579498291016 51.358558654785156 74.4674301147461 77.10155487060547
1 10.581850051879883 25.512449264526367 53.260398864746094 45.204647064208984 1 13.943032264709473 12.288830757141113 58.69411087036133 31.281286239624023 3 14.392544746398926 39.33891296386719 52.10403060913086 64.97591400146484
4 17.602737426757812 9.585482597351074 47.46799087524414 31.12920379638672 0 15.547364234924316 28.275634765625 44.204349517822266 45.887794494628906 6 14.646439552307129 26.04327964782715 43.142093658447266 43.90126037597656 2 18.9294490814209 17.967836380004883 44.49246597290039 35.24002456665039
2 51.36409378051758 47.25951385498047 89.61493682861328 72.16095733642578 3 57.463985443115234 21.550119400024414 87.3701171875 42.01017379760742 4 58.66322326660156 31.32777976989746 92.77439880371094 53.10676574707031 2 62.05325698852539 36.51557540893555 94.6565170288086 56.96648406982422
3 34.9718017578125 52.679725646972656 74.02124786376953 70.62570190429688 4 34.640625 33.20855712890625 79.97465515136719 56.445343017578125

1 57.779212951660156 24.020954132080078 134.11813354492188 57.08245086669922
5 7.186382293701172 4.485749244689941 24.862651824951172 12.926308631896973
2 25.78329086303711 0.0 68.75078582763672 21.82051658630371 0 28.516197204589844 18.204423904418945 69.43974304199219 36.483619689941406 5 24.552322387695312 34.361785888671875 65.41680908203125 52.349796295166016 3 28.966787338256836 32.97785186767578 63.415977478027344 52.62989807128906 4 36.60972213745117 0.0 71.4387435913086 22.755733489990234
6 29.25509262084961 55.527732849121094 66.92805480957031 75.98361206054688 9 31.610746383666992 70.117919921875 68.04641723632812 91.99221801757812 6 28.868213653564453 63.3643913269043 59.80217361450195 87.66942596435547
1 15.917654037475586 6.118282318115234 46.489654541015625 19.821868896484375 4 10.53308391571045 4.894927501678467 44.06382369995117 19.080854415893555 3 13.490560531616211 33.53546142578125 36.961917877197266 48.50806427001953 5 11.187642097473145 17.845964431762695 46.55247116088867 35.31373977661133
2 34.960975646972656 20.88142967224121 69.73648071289062 43.395294189453125 2 33.373043060302734 7.8076982498168945 71.80972290039062 27.840045928955078 1 30.754348754882812 41.85765075683594 65.2141342163086 58.81364059448242 2 30.31014633178711 31.766435623168945 68.79052734375 51.783416748046875 2 43.02696228027344 11.980707168579102 65.43355560302734 21.811506271362305
5 9.07409381866455 10.87070369720459 23.76165199279785 20.590003967285156
2 25.700531005859375 6.6359968185424805 49.585514068603516 19.83070945739746 9 29.330747604370117 19.479358673095703 56.64704895019531 33.39592742919922 1 13.965485572814941 37.25799560546875 51.570838928222656 50.512298583984375 0 29.46401023864746 18.94253921508789 52.3294563293457 32.215755462646484
3 11.507478713989258 26.74344825744629 34.757118225097656 40.9764518737793
5 40.94171905517578 123.6816635131836 102.73723602294922 155.46868896484375
0 18.959836959838867 107.1727523803711 59.50101852416992 126.96045684814453 5 43.9222526550293 21.51844596862793 72.33555603027344 41.00250244140625
7 128.08062744140625 112.20878601074219 217.04660034179688 157.40330505371094 7 114.98957824707031 96.81051635742188 180.24081420898438 147.98590087890625 9 72.50069427490234 104.77104949951172 175.79244995117188 169.5181121826172
1 14.379671096801758 10.746078491210938 40.18000030517578 24.06713104248047 9 14.579109191894531 0.0 37.92127227783203 13.905489921569824
5 17.375730514526367 8.692802429199219 44.905860900878906 22.628908157348633

2 18.26913070678711 24.57304573059082 40.53173065185547 40.7175178527832 3 13.430712699890137 11.239789009094238 41.13848876953125 27.27337646484375 4 14.790295600891113 12.665335655212402 39.48622512817383 27.47886085510254

7 19.096771240234375 3.469465732574463 60.826534271240234 27.123632431030273 0 103.59033966064453 21.0380916595459 145.19126892089844 41.92131423950195 8 67.91119384765625 11.015419006347656 110.80001068115234 31.280588150024414 2 60.88322067260742 5.123635292053223 104.5363540649414 33.42931365966797
0 72.6142807006836 67.9532241821289 141.18885803222656 124.73334503173828 1 92.75759887695312 46.79025650024414 171.69219970703125 97.62922668457031 1 25.260578155517578 94.08346557617188 110.3794937133789 142.31495666503906 4 34.08773422241211 105.86756134033203 105.70978546142578 151.32958984375
5 20.149023056030273 53.03742599487305 56.45706558227539 73.58314514160156 1 17.97626495361328 35.81015396118164 59.37754440307617 53.46939468383789 3 26.538986206054688 54.11313247680664 59.887821197509766 73.07019805908203 9 24.53575897216797 51.63742446899414 55.921878814697266 72.08269500732422
0 9.911752700805664 18.789852142333984 36.77220153808594 31.010902404785156
8 10.418630599975586 40.410316467285156 37.62682342529297 55.149375915527344 7 9.40534496307373 51.451446533203125 37.485748291015625 63.0 4 18.12153434753418 49.36476516723633 45.364994049072266 63.0 2 14.216838836669922 39.20559310913086 48.34766387939453 54.66006088256836
8 90.739501953125 179.12451171875 148.41903686523438 209.8017578125 1 11.410861015319824 61.079383850097656 132.09764099121094 117.9747543334961
1 19.144031524658203 10.303498268127441 54.510711669921875 25.253442764282227
5 14.838790893554688 14.083832740783691 31.586315155029297 25.80616569519043 0 15.635141372680664 23.3167781829834 36.456451416015625 35.92338562011719 1 9.710980415344238 9.276410102844238 32.31999969482422 18.79330825805664 8 14.298761367797852 24.84222984313965 35.5963134765625 37.88275909423828
2 13.394906044006348 23.345632553100586 32.17746353149414 35.86595916748047 3 4.909849166870117 9.288936614990234 26.96539306640625 22.671783447265625 1 11.230484008789062 0.0 37.06800842285156 8.81722640991211
5 17.5452880859375 5.824545383453369 50.904632568359375 26.27165985107422 1 4.76417350769043 0.0 35.51412582397461 11.939888000488281 4 9.81986141204834 7.510893821716309 36.463592529296875 24.505556106567383 6 17.486202239990234 4.327620029449463 53.93927001953125 23.06157112121582 7 18.78053092956543 29.54290199279785 56.702064514160156 46.64895248413086 1 22.370031356811523 32.20824432373047 61.45556640625 52.08545684814453
2 62.675392150878906 72.63423156738281 103.99266815185547 99.1092300415039 9 58.59232711791992 95.93035888671875 103.28681182861328 121.07307434082031
4 10.672053337097168 21.610078811645508 32.7127685546875 35.520660400390625
8 43.726009368896484 69.03942108154297 77.22049713134766 89.63812255859375 4 32.70085144042969 71.29625701904297 67.76473236083984 89.81498718261719 9 48.45074462890625 71.36538696289062 79.32608795166016 89.32882690429688 1 26.049522399902344 55.88024139404297 75.22003173828125 71.18978118896484

2 47.342185974121094 60.81018829345703 79.85456848144531 84.10917663574219 3 45.68426513671875 78.85470581054688 76.8335952758789 94.3103256225586
2 26.618629455566406 24.618276596069336 58.91278076171875 44.3115119934082 1 20.696571350097656 5.9188737869262695 59.64182662963867 24.685022354125977 4 19.181243896484375 45.479713439941406 53.58940887451172 64.42376708984375
4 7.868013381958008 2.022965431213379 23.55731773376465 15.098698616027832

5 14.675490379333496 51.22780990600586 46.12574768066406 67.64212799072266 1 11.461921691894531 26.68805694580078 41.26137924194336 38.67718505859375 0 14.46805477142334 41.40635681152344 39.8471565246582 53.31220245361328
8 15.75953483581543 13.810469627380371 39.39305877685547 26.491117477416992 3 16.045324325561523 0.531923770904541 41.9069938659668 14.698187828063965 1 53.59962844848633 1.4744038581848145 90.54695892333984 20.188047409057617 5 15.333795547485352 2.866457223892212 40.226280212402344 17.81558609008789
2 29.82164192199707 62.00710678100586 62.23705291748047 80.4411392211914 3 28.983415603637695 79.79711151123047 55.54205322265625 99.89691925048828 1 53.98002243041992 0.0 108.97815704345703 24.410900115966797

1 5.064702033996582 13.565336227416992 23.16832160949707 22.650020599365234
2 21.411352157592773 13.036372184753418 57.41555404663086 34.90232467651367 6 8.829355239868164 26.63094139099121 48.81035232543945 54.646629333496094
6 19.710124969482422 58.71651840209961 83.55870056152344 99.48294830322266 8 58.61422348022461 81.93453216552734 92.16751861572266 99.48081970214844 6 63.50324630737305 75.48532104492188 103.56790924072266 94.76227569580078
3 12.65472412109375 24.736602783203125 43.08329391479492 39.022193908691406 9 13.473661422729492 36.016727447509766 38.82564163208008 49.72819519042969

5 18.323963165283203 24.948598861694336 49.69635772705078 41.14846420288086 6 32.448909759521484 48.71077346801758 71.0167007446289 67.1690444946289
2 11.461490631103516 0.7093924880027771 40.34173583984375 17.52911376953125 0 11.138895988464355 17.262025833129883 41.47325134277344 33.93617248535156
8 12.262972831726074 2.7768747806549072 31.59951400756836 14.15689754486084
0 42.05438232421875 53.42917251586914 76.86265563964844 74.39286804199219 1 47.24595642089844 41.03213882446289 84.20064544677734 59.07390594482422 0 43.295684814453125 30.87653350830078 85.74514770507812 55.8416862487793
7 26.056640625 44.36484146118164 53.846580505371094 60.47906494140625 6 19.44093894958496 21.114717483520508 53.81170654296875 38.03579330444336 5 28.117401123046875 31.917177200317383 48.803104400634766 45.204769134521484
2 26.868724822998047 63.711421966552734 55.62068557739258 79.49561309814453 4 24.966081619262695 50.722816467285156 52.7694091796875 67.00006866455078
2 21.66008949279785 17.639427185058594 54.84231185913086 38.03480529785156 5 17.2225399017334 34.92992401123047 52.42183303833008 53.740379333496094 1 14.065583229064941 52.713165283203125 46.1985969543457 66.02783203125
2 14.6825532913208 16.8193302154541 43.31462478637695 33.426856994628906 4 16.14702033996582 14.796022415161133 41.36946105957031 31.5800838470459
1 23.47148895263672 0.0 38.0 9.827126502990723 4 0.40502890944480896 1.2629488706588745 21.865575790405273 12.106097221374512 9 7.44732141494751 11.896864891052246 26.083213806152344 23.276416778564453 1 3.5928447246551514 24.703893661499023 22.712390899658203 34.144676208496094
5 46.414730072021484 191.61618041992188 115.51941680908203 230.53199768066406 4 39.5849723815918 174.11102294921875 127.67768859863281 217.10476684570312 3 36.845218658447266 183.4819793701172 114.6663589477539 224.9208221435547 9 87.62765502929688 196.60166931152344 195.70022583007812 245.0 3 69.78392028808594 164.71714782714844 168.4463348388672 221.4938201904297
1 10.871923446655273 0.0 77.56475830078125 18.93402862548828
3 20.842647552490234 43.065067291259766 46.052364349365234 59.190589904785156 4 18.753705978393555 8.476667404174805 46.29710006713867 27.248985290527344 7 19.339406967163086 24.955604553222656 50.498817443847656 43.076148986816406
6 14.716452598571777 28.544788360595703 35.83918380737305 42.561100006103516
1 22.166168212890625 52.607330322265625 62.154083251953125 73.84317016601562 2 26.641820907592773 8.666218757629395 57.13022232055664 31.893531799316406
2 30.038206100463867 18.219141006469727 53.32714080810547 32.76212692260742 5 26.792922973632812 4.903462886810303 52.50539016723633 20.453418731689453 9 28.924270629882812 30.629497528076172 54.01301193237305 44.50571060180664
1 67.11579895019531 51.943817138671875 147.40155029296875 86.5127944946289 3 25.45928192138672 65.6069107055664 76.96186065673828 98.58564758300781
2 15.928766250610352 10.890423774719238 42.49890899658203 27.035778045654297 3 14.687041282653809 25.248214721679688 42.576725006103516 43.99811553955078


5 74.20368194580078 44.666282653808594 120.09126281738281 75.88970184326172 3 68.25273895263672 46.89097595214844 114.33676147460938 75.46394348144531
5 17.458492279052734 21.290769577026367 39.33709716796875 34.82622528076172 1 17.186695098876953 11.538067817687988 46.761436462402344 22.55655860900879 1 15.391121864318848 32.29821014404297 39.5976448059082 45.26406478881836 3 19.96571922302246 22.47682762145996 38.305484771728516 34.61254119873047
6 94.96644592285156 25.85484504699707 123.40476989746094 39.37477493286133

2 16.203468322753906 9.451725006103516 41.79727554321289 25.466466903686523 4 10.179280281066895 36.40883255004883 43.677330017089844 50.945858001708984 2 5.638574123382568 17.4960994720459 42.09769821166992 30.887754440307617
2 32.577720642089844 21.975603103637695 54.051246643066406 36.81752014160156
0 41.86430358886719 76.18260192871094 70.43305969238281 93.8882064819336 3 34.3082389831543 63.06730651855469 69.327392578125 79.2902603149414 3 33.20247268676758 45.39170455932617 68.48405456542969 67.81458282470703 5 39.99967956542969 46.29225158691406 66.5599594116211 65.03267669677734 5 38.097557067871094 59.433528900146484 61.28428268432617 75.87629699707031
4 8.11647891998291 24.438861846923828 33.882102966308594 38.01192092895508 6 8.477538108825684 0.0 39.40462112426758 12.207025527954102 8 9.761302947998047 10.797470092773438 35.80797576904297 27.785655975341797 3 7.368188858032227 1.3208436965942383 33.2025146484375 14.784175872802734 6 13.40776252746582 11.759681701660156 35.92485427856445 26.4340877532959 9 8.951871871948242 14.322970390319824 29.485342025756836 28.72726821899414
2 19.469417572021484 26.281593322753906 49.13076400756836 45.499961853027344 7 15.557751655578613 42.017765045166016 53.58796691894531 61.15550231933594 1 18.842472076416016 13.029135704040527 50.932289123535156 27.45258331298828 4 16.843875885009766 52.10081481933594 55.7752571105957 68.6524658203125
9 15.115511894226074 52.84345245361328 54.03938674926758 74.09823608398438 3 11.631631851196289 28.970949172973633 53.0566291809082 55.891658782958984 2 17.817596435546875 11.873880386352539 53.85478591918945 36.35083770751953
9 19.546640396118164 44.27737808227539 56.246185302734375 65.74884033203125 4 22.672931671142578 30.95410919189453 62.13016128540039 49.066410064697266 4 24.83499526977539 39.27173614501953 56.48453140258789 60.616764068603516
0 12.802715301513672 23.591554641723633 47.471229553222656 39.38905334472656 1 11.190710067749023 14.09773063659668 50.8930549621582 27.513132095336914 1 12.785927772521973 35.08778381347656 48.66218948364258 50.450496673583984
8 53.712371826171875 30.16904640197754 76.84146118164062 44.608062744140625 2 50.9748649597168 5.654779434204102 78.9828109741211 19.048221588134766 3 52.899757385253906 15.597135543823242 79.07530975341797 31.046411514282227 5 48.94450378417969 15.721158981323242 80.00193786621094 29.038482666015625
2 11.091455459594727 25.525484085083008 34.45692825317383 39.237457275390625
1 25.746259689331055 23.390796661376953 66.49262237548828 40.52122116088867 1 23.30265998840332 56.932769775390625 69.26688385009766 74.5709457397461 9 17.696447372436523 36.57032012939453 64.41372680664062 59.13108444213867 1 32.21894836425781 1.5527461767196655 74.41351318359375 19.793331146240234 1 0.0 63.220420837402344 29.852386474609375 78.14034271240234
4 11.2974214553833 23.141185760498047 35.41312026977539 34.05805587768555
3 22.63166046142578 23.01886558532715 56.748531341552734 43.25895690917969 3 21.79911231994629 37.418128967285156 50.77043533325195 54.617271423339844
1 65.49620056152344 102.3070068359375 97.83882141113281 116.31954956054688 8 99.36270904541016 69.49662017822266 147.84884643554688 95.70854949951172
4 25.442781448364258 28.87656593322754 67.35938262939453 51.38388442993164 7 22.043073654174805 49.165985107421875 69.76449584960938 74.00434875488281

5 13.954922676086426 30.67806053161621 48.8453254699707 49.739837646484375
2 12.212191581726074 4.506523132324219 38.06284713745117 19.759119033813477 7 10.225523948669434 33.934303283691406 37.54278564453125 49.0 7 8.117232322692871 14.817366600036621 33.27351379394531 29.328828811645508
2 22.16733169555664 14.804718971252441 45.498809814453125 31.18588638305664 2 23.787105560302734 26.031644821166992 52.053504943847656 43.516170501708984 9 24.838851928710938 26.029220581054688 47.31602478027344 40.907562255859375
0 16.960918426513672 15.645703315734863 42.36473846435547 32.011722564697266
9 13.51376724243164 5.854343414306641 36.35212707519531 24.786666870117188 5 13.177470207214355 22.155254364013672 41.23373031616211 36.206459045410156 3 11.485478401184082 19.64508628845215 43.022911071777344 37.21708297729492
2 40.70145797729492 64.59159088134766 79.42559814453125 88.5234146118164 4 42.23856735229492 84.90616607666016 82.2431640625 110.50106048583984 2 46.935977935791016 60.7934684753418 72.17359924316406 78.12783813476562

5 48.09013366699219 29.974599838256836 93.58763885498047 50.84544372558594 4 44.47168731689453 14.397895812988281 88.17970275878906 40.163841247558594 3 46.0314826965332 12.003751754760742 95.85665130615234 38.1390495300293

5 114.09330749511719 43.17771530151367 165.4276885986328 77.80441284179688 1 129.6697540283203 88.71286010742188 224.0 122.60984802246094
5 53.715763092041016 93.71549987792969 109.0798110961914 127.39498901367188 5 36.882511138916016 50.239158630371094 91.49443817138672 86.1612548828125

8 28.571752548217773 29.877885818481445 64.9890365600586 48.35924530029297 1 20.47475814819336 11.589540481567383 64.1695327758789 30.614362716674805 1 0.0 0.0 33.521881103515625 13.914783477783203 1 14.428861618041992 0.0 61.073368072509766 12.523441314697266
3 14.705728530883789 25.532075881958008 37.4725227355957 37.31353759765625 2 13.45584774017334 13.039669036865234 38.173038482666016 26.03471565246582 9 14.455617904663086 13.6187105178833 39.67192840576172 27.11915397644043

2 9.075340270996094 14.483802795410156 29.83027458190918 25.449520111083984 2 9.457035064697266 2.1202571392059326 30.656768798828125 13.8828763961792
8 34.982120513916016 5.203497409820557 64.1181640625 24.775388717651367 3 32.51189422607422 20.355167388916016 61.79024887084961 41.7326545715332
4 6.33689022064209 18.253042221069336 24.994977951049805 27.46173095703125
2 21.999807357788086 18.14849281311035 57.20331573486328 35.96290588378906 7 19.655406951904297 14.71530818939209 60.24942398071289 29.901527404785156 1 10.206830024719238 40.52726745605469 52.95155334472656 61.515541076660156

1 10.09758186340332 9.029566764831543 33.870216369628906 20.44900894165039 6 9.37464714050293 18.605802536010742 28.796531677246094 28.26118278503418
5 15.26406478881836 24.166696548461914 43.70066833496094 44.761112213134766 7 17.05513572692871 43.08484649658203 49.56070327758789 59.729461669921875 1 13.733993530273438 46.901580810546875 46.17094039916992 65.4912109375 1 50.95720291137695 84.74017333984375 118.0 109.92049407958984 1 0.2627216875553131 87.82040405273438 66.77877807617188 112.54330444335938

1 15.765132904052734 67.6351318359375 79.37665557861328 92.88563537597656 1 45.702003479003906 25.24849510192871 68.86400604248047 41.61111831665039 3 42.058963775634766 34.712646484375 70.34169006347656 48.05164337158203 1 0.0 65.06995391845703 41.30476379394531 92.56912994384766 4 42.9579963684082 23.139482498168945 69.36248779296875 41.86107635498047
7 15.161152839660645 14.367415428161621 39.16516876220703 28.650651931762695 2 16.389602661132812 3.605173349380493 39.947940826416016 18.85271453857422 4 13.869050979614258 7.580377578735352 36.65851974487305 20.633380889892578
8 35.794010162353516 115.62531280517578 74.16348266601562 139.63526916503906 1 34.7843017578125 98.73149108886719 68.74566650390625 120.11601257324219 6 33.52314758300781 116.70352935791016 69.20408630371094 140.34434509277344
4 7.572084903717041 25.101404190063477 33.08295440673828 39.16471481323242 2 8.02521800994873 10.152910232543945 34.265377044677734 24.355205535888672
5 26.191654205322266 20.189510345458984 49.34095001220703 31.645349502563477 1 27.919023513793945 6.059143543243408 56.42924880981445 20.127389907836914
2 31.870872497558594 56.54195022583008 61.05226516723633 76.38792419433594 1 43.61241912841797 14.440446853637695 87.0 33.423805236816406 2 27.940439224243164 42.33852767944336 62.73106002807617 62.273826599121094 9 37.3837776184082 58.826778411865234 58.61299514770508 72.95545959472656 4 32.27468490600586 50.442169189453125 59.864524841308594 70.3966064453125
3 18.92487335205078 46.11096954345703 41.584720611572266 61.77307891845703 4 18.047439575195312 32.54616165161133 44.499603271484375 47.23915481567383
6 53.834190368652344 20.32128143310547 93.4658432006836 45.5632209777832
6 23.022647857666016 65.61515045166016 55.6358642578125 80.09387969970703 2 25.296669006347656 38.1418571472168 59.229793548583984 54.48200988769531 0 24.358747482299805 52.55828094482422 60.77888870239258 67.99143981933594 0 28.377527236938477 65.66671752929688 60.410892486572266 80.10836029052734

7 81.5430908203125 57.9891242980957 114.50718688964844 75.93768310546875 0 79.60846710205078 35.759403228759766 118.55477905273438 58.05757141113281
1 53.95417022705078 5.278219699859619 77.20235443115234 17.561283111572266 5 55.8580322265625 24.195510864257812 76.4433822631836 37.32513427734375 0 56.88163757324219 16.717628479003906 74.70606994628906 26.54351043701172
6 16.037029266357422 9.6536865234375 42.38106918334961 25.583120346069336
2 43.186805725097656 20.325777053833008 76.64085388183594 44.8028678894043 2 25.647151947021484 3.8336429595947266 59.946258544921875 32.642417907714844 4 40.62168884277344 20.70909881591797 82.62689971923828 45.78807830810547 2 15.416400909423828 15.095271110534668 52.4766960144043 38.7292594909668

6 20.599557876586914 47.20574188232422 72.38352966308594 70.22384643554688 0 19.668521881103516 0.0 66.51046752929688 20.971784591674805 4 32.84911346435547 32.49563217163086 77.14751434326172 54.304351806640625 0 32.43791961669922 47.576072692871094 74.65345764160156 69.04383850097656 1 25.85272979736328 31.56743621826172 74.78486633300781 51.11837387084961 0 18.086376190185547 25.717613220214844 68.92261505126953 46.751075744628906
1 107.50695037841797 50.04584884643555 174.94078063964844 80.28559875488281 1 118.53410339355469 8.431721687316895 168.88072204589844 35.898406982421875

4 17.702043533325195 23.28173065185547 52.03501892089844 35.70549011230469 2 7.354541301727295 17.542644500732422 42.75816345214844 31.40528106689453 1 7.28450345993042 15.810615539550781 45.005584716796875 31.113248825073242 0 7.867951393127441 28.07552719116211 40.82633972167969 42.08182144165039

2 35.88502883911133 78.593994140625 71.44976806640625 95.16913604736328 8 37.53766632080078 61.99074935913086 69.51360321044922 79.58157348632812 8 36.190773010253906 69.3536605834961 68.01699829101562 91.17993927001953
1 26.411373138427734 39.781700134277344 62.52573776245117 61.651554107666016 9 19.267433166503906 34.6923942565918 51.530799865722656 55.028995513916016
8 41.032470703125 60.65705108642578 77.23286437988281 83.14271545410156 1 9.37447452545166 38.00821304321289 69.78826141357422 61.90712356567383
2 15.68793773651123 4.205103874206543 44.35737228393555 19.451318740844727 3 12.468950271606445 35.51156234741211 42.953548431396484 51.931514739990234 5 15.097610473632812 19.003719329833984 45.27280044555664 35.22517013549805
4 20.74374771118164 22.63521957397461 45.40864944458008 36.34318542480469 0 19.175395965576172 32.14802932739258 45.19199752807617 45.94647216796875
2 15.612778663635254 5.615738391876221 36.705196380615234 19.23859405517578 2 14.005706787109375 15.986104965209961 37.62873840332031 29.146251678466797 7 13.200080871582031 27.69251251220703 37.029319763183594 39.403141021728516
4 21.478595733642578 61.77848434448242 79.59696197509766 93.20648193359375 7 41.76164627075195 66.84894561767578 102.9415512084961 98.9375
2 61.48344421386719 63.37378692626953 125.89351654052734 96.76383209228516 1 64.11388397216797 34.018768310546875 129.30718994140625 70.6258544921875 7 23.95563507080078 8.881311416625977 87.58877563476562 37.25914001464844 1 76.73711395263672 5.079667091369629 149.08731079101562 44.38588333129883 1 77.29524230957031 23.01645851135254 132.89852905273438 54.4885139465332
3 17.252235412597656 0.07538284361362457 44.17488098144531 15.053471565246582 2 18.23943519592285 12.011682510375977 44.61744689941406 28.4199161529541 3 15.522248268127441 23.646484375 45.879085540771484 38.34202194213867 2 20.012422561645508 21.47699737548828 44.514259338378906 35.759803771972656
2 13.462764739990234 13.458305358886719 40.36186599731445 27.093997955322266 2 14.56893539428711 25.875247955322266 40.03139114379883 40.77354049682617 7 15.644169807434082 39.813804626464844 42.77119445800781 51.846954345703125 5 10.961176872253418 37.954551696777344 35.53494644165039 52.98384094238281
8 19.48982048034668 27.513301849365234 50.354515075683594 42.723697662353516 5 15.197354316711426 38.963165283203125 46.96492004394531 55.231380462646484 2 21.884416580200195 10.995635032653809 54.13251876831055 27.823867797851562 6 20.336978912353516 27.148193359375 51.58088684082031 42.491233825683594

3 64.80990600585938 30.173748016357422 123.72913360595703 65.04259490966797 3 50.753883361816406 50.15641784667969 105.05542755126953 85.38179779052734 9 25.628488540649414 70.83546447753906 90.45809173583984 107.04157257080078 7 57.761192321777344 57.878662109375 124.11846923828125 95.30376434326172 2 66.10010528564453 31.095964431762695 123.11007690429688 66.48966217041016 8 23.093425750732422 74.30250549316406 82.6595687866211 103.87519073486328
1 38.78656005859375 47.359642028808594 73.43860626220703 67.60556030273438 7 34.618167877197266 56.889286041259766 69.0786361694336 78.91532897949219 4 26.332611083984375 66.04332733154297 67.81859588623047 88.55381774902344 1 34.64332962036133 57.25907516479492 67.84695434570312 74.98408508300781 1 25.87296485900879 76.09691619873047 58.56462478637695 91.95863342285156 2 33.26610565185547 77.81110382080078 68.83720397949219 95.2594223022461

1 4.116519451141357 4.504270076751709 28.34083366394043 15.176438331604004 1 4.153529167175293 15.186028480529785 27.79303550720215 27.219911575317383
2 33.62538146972656 37.624507904052734 68.0826187133789 54.168556213378906 5 28.11509895324707 52.34660720825195 67.81599426269531 70.07637023925781 4 29.979604721069336 23.341672897338867 68.49737548828125 41.75437927246094 2 37.76064682006836 27.40047836303711 67.79008483886719 44.68268966674805 4 66.8420181274414 37.11345672607422 85.4136734008789 47.56481170654297 2 64.08529663085938 32.84453201293945 86.84640502929688 46.479549407958984
1 8.865625381469727 0.769171953201294 47.621620178222656 16.217988967895508
7 14.157330513000488 47.57210922241211 47.36940383911133 61.58442687988281 1 18.387523651123047 20.223764419555664 53.56376266479492 34.59095764160156 0 21.486913681030273 32.76799774169922 45.33491134643555 48.00922775268555 9 15.211670875549316 32.860618591308594 47.621822357177734 48.483917236328125 1 0.0 8.609291076660156 42.73358917236328 24.03261947631836
1 52.483341217041016 36.788063049316406 101.32108306884766 59.28816604614258 8 47.26170349121094 58.5267448425293 104.91913604736328 82.82293701171875 4 50.8930549621582 82.27363586425781 105.37494659423828 110.71072387695312
5 5.3237528800964355 22.387176513671875 30.0624942779541 34.54432678222656

3 43.21561813354492 2.034700632095337 87.44037628173828 36.71356964111328 5 31.291833877563477 31.927980422973633 83.73994445800781 66.61759948730469 7 31.39192771911621 60.82901382446289 86.58161163330078 92.41202545166016
9 14.521303176879883 86.11524963378906 62.30321502685547 109.64630126953125 0 22.63899040222168 68.88578033447266 61.1787109375 89.47175598144531 1 20.0705623626709 56.43669128417969 66.42507934570312 79.13176727294922 0 15.953399658203125 77.06147766113281 59.55744171142578 99.99774169921875

2 50.69998550415039 42.18790054321289 118.16748046875 90.14595031738281 7 40.88615798950195 97.69541931152344 125.99674224853516 140.08631896972656 1 37.736358642578125 6.057675361633301 124.48966217041016 38.99024200439453 7 56.18019485473633 105.29955291748047 100.04719543457031 133.10060119628906
8 10.255510330200195 9.699405670166016 27.034147262573242 18.50347137451172

5 19.022451400756836 104.55635833740234 54.97346496582031 128.70118713378906 9 20.502273559570312 84.55004119873047 58.04252243041992 105.20829772949219
2 30.216737747192383 64.14131164550781 73.107177734375 86.55169677734375 8 33.35172653198242 62.937339782714844 67.28684997558594 83.63458251953125 9 28.953100204467773 43.753196716308594 63.85431671142578 67.45799255371094 8 26.650508880615234 46.17943572998047 60.92530822753906 67.2002944946289 7 31.20345687866211 64.51763916015625 68.80317687988281 84.23542022705078 1 42.36335754394531 10.017289161682129 80.04935455322266 32.59977722167969
4 54.22224807739258 72.15837097167969 90.93368530273438 100.24163055419922 8 51.755332946777344 51.53068161010742 86.66905212402344 75.43667602539062 3 49.32656478881836 37.651668548583984 89.91230773925781 56.2957878112793 0 52.520263671875 101.1221923828125 109.63320922851562 126.58438110351562 8 45.93647003173828 42.36639404296875 83.86200714111328 64.6072769165039 0 57.66565704345703 90.52348327636719 95.51628875732422 116.17671966552734


5 33.00780487060547 49.85328674316406 67.16315460205078 70.06001281738281 1 29.04836654663086 38.35921859741211 65.84735870361328 54.04642868041992 1 29.132476806640625 26.47214126586914 62.99946594238281 41.92912292480469 1 13.486610412597656 76.57347869873047 70.51205444335938 103.70751190185547 7 25.7618350982666 27.309585571289062 65.9740219116211 48.52291488647461 1 29.493900299072266 44.72163391113281 67.04277801513672 66.00481414794922

1 22.891550064086914 37.08267593383789 115.27297973632812 76.91165161132812 1 61.450050354003906 50.68423080444336 152.00279235839844 83.92613220214844 1 16.090824127197266 52.99085235595703 92.26251220703125 92.54594421386719 2 87.45674133300781 3.6108531951904297 127.10820007324219 33.39443588256836
2 49.891357421875 30.509546279907227 135.94407653808594 77.0301742553711
2 11.697980880737305 6.053943634033203 31.443702697753906 18.283689498901367
3 92.98225402832031 146.05616760253906 156.90057373046875 185.4604034423828 6 61.474952697753906 12.814711570739746 98.94941711425781 36.89030456542969
2 13.135944366455078 25.657333374023438 46.82430648803711 46.20430374145508
3 14.47010326385498 18.413490295410156 42.04883575439453 32.20750427246094 8 14.599979400634766 18.279024124145508 37.60639190673828 33.64984893798828
2 20.474092483520508 7.4627299308776855 60.17644119262695 30.483381271362305 4 25.64505386352539 38.67142868041992 63.29890441894531 63.03101348876953 3 22.088760375976562 24.228181838989258 59.40263366699219 46.23419189453125 2 19.228525161743164 24.657817840576172 57.70449447631836 42.92521286010742 1 57.90734100341797 21.718551635742188 114.00000762939453 42.69110107421875
3 81.56562805175781 78.58797454833984 134.9802703857422 105.84212493896484 3 32.460289001464844 78.098876953125 71.88706970214844 99.41409301757812 1 34.59889221191406 62.77948760986328 76.52616882324219 81.64624786376953 2 37.224727630615234 45.40281677246094 65.13226318359375 65.31745910644531
6 103.27973175048828 34.75052261352539 142.90206909179688 56.62205123901367 0 101.95030975341797 70.5342025756836 145.44888305664062 92.53289031982422 9 109.19375610351562 53.681026458740234 143.22064208984375 72.52960205078125 6 102.33563232421875 54.252601623535156 140.28677368164062 70.41072845458984 0 108.66029357910156 62.324188232421875 145.6839599609375 82.05982208251953 0 100.71340942382812 58.30392837524414 139.08099365234375 72.68059539794922
1 18.20162582397461 11.794689178466797 46.232425689697266 29.72219467163086 7 16.43413734436035 8.392187118530273 41.560394287109375 25.123411178588867 1 11.968640327453613 24.618009567260742 42.697227478027344 43.050010681152344
5 11.130595207214355 1.548866868019104 36.32162857055664 15.701117515563965 0 16.480335235595703 14.713491439819336 45.0324592590332 28.9829044342041
1 18.142301559448242 2.051126718521118 53.89487838745117 17.910890579223633 5 18.845428466796875 21.589954376220703 55.080650329589844 42.7143669128418

8 13.707782745361328 26.774690628051758 54.44655990600586 51.47310256958008 7 18.526853561401367 47.901451110839844 59.97834396362305 66.8609619140625 9 13.05666732788086 64.53633117675781 57.012882232666016 94.82728576660156 1 9.678031921386719 12.992082595825195 61.459312438964844 34.50732421875


1 11.691956520080566 4.692991733551025 41.3278923034668 17.422698974609375 7 10.942337989807129 16.954343795776367 39.665645599365234 32.27113723754883 7 8.87548542022705 33.582279205322266 37.82011795043945 49.19773483276367

8 16.984237670898438 53.43921661376953 43.997745513916016 67.0
6 10.084946632385254 12.166081428527832 32.81877136230469 24.618330001831055 4 12.73852252960205 21.20792007446289 37.775123596191406 35.31243133544922
1 11.242156982421875 21.180898666381836 43.78777313232422 36.48537826538086 5 17.614824295043945 36.973941802978516 49.817203521728516 57.57115936279297 4 17.24474334716797 4.9831132888793945 41.451114654541016 21.731189727783203 2 16.11143684387207 2.253267288208008 45.21623992919922 18.241575241088867

9 6.518675327301025 19.740285873413086 24.929582595825195 31.638505935668945 2 9.666708946228027 12.785815238952637 28.76569366455078 22.86837387084961
1 7.4465508460998535 1.54110586643219 36.809173583984375 12.497315406799316 0 13.402806282043457 10.182223320007324 41.47684097290039 25.23982810974121
7 19.338109970092773 46.26731872558594 44.600860595703125 61.540950775146484 1 11.454649925231934 31.21938705444336 45.250553131103516 47.465457916259766 1 15.771285057067871 0.0 53.49012756347656 13.102191925048828
7 9.711849212646484 28.635391235351562 39.41980743408203 41.163909912109375 1 12.957101821899414 19.51070785522461 42.08293533325195 32.08573913574219

5 8.580955505371094 46.77516174316406 29.34598159790039 61.6874885559082 1 11.743768692016602 7.154575824737549 36.94160461425781 21.635623931884766 7 9.693426132202148 24.839370727539062 32.241329193115234 41.467472076416016 1 40.08890914916992 26.732040405273438 63.0 40.75286865234375 1 41.83311462402344 46.68104934692383 63.0 62.03422164916992 1 37.821842193603516 3.2809226512908936 63.0 17.753742218017578
7 19.365732192993164 25.878135681152344 52.57986831665039 44.358245849609375 3 11.36191177368164 39.13666915893555 45.34280776977539 59.65528106689453 1 18.98017120361328 10.955615997314453 59.61662292480469 29.9344482421875 4 21.902385711669922 0.7707853317260742 61.277931213378906 21.284055709838867 4 19.08553123474121 27.172950744628906 57.16577911376953 50.6305046081543
3 16.227115631103516 30.753698348999023 41.841148376464844 47.384517669677734 7 13.441330909729004 46.02825927734375 37.322509765625 58.992977142333984
7 11.331550598144531 56.15961837768555 36.182891845703125 70.31279754638672 5 9.416587829589844 43.52585220336914 34.076744079589844 59.020477294921875 3 12.293428421020508 44.365055084228516 38.19841003417969 59.92442321777344

0 36.40887451171875 56.87916564941406 71.8439712524414 81.33805847167969
1 74.57220458984375 22.125961303710938 115.75817108154297 44.60762405395508 4 62.71751022338867 39.4277458190918 110.01638793945312 69.09848022460938 2 52.50227355957031 38.43374252319336 107.06199645996094 63.41826629638672 7 46.77142333984375 102.16490936279297 105.50483703613281 136.57369995117188 3 59.096656799316406 36.6059455871582 105.22720336914062 65.11863708496094 4 53.341983795166016 53.0203857421875 106.60124206542969 81.52721405029297
9 10.943050384521484 1.7209175825119019 29.466365814208984 12.682698249816895 4 10.162958145141602 1.9572806358337402 31.416353225708008 12.812610626220703 4 11.355828285217285 19.716005325317383 27.066009521484375 31.245189666748047 5 14.028529167175293 0.0 34.68821716308594 11.374614715576172
3 13.571269989013672 32.46577072143555 39.45584487915039 47.22332763671875
3 36.320308685302734 53.07329177856445 76.97919464111328 78.64771270751953 5 40.037139892578125 24.127988815307617 75.46736907958984 45.311676025390625 6 39.26680374145508 23.002893447875977 79.64289855957031 47.15862274169922
5 21.219562530517578 60.70648956298828 62.578163146972656 84.93903350830078 2 28.806926727294922 32.10481643676758 79.24747467041016 60.07749557495117 9 22.531627655029297 33.07239532470703 77.16695404052734 57.44203186035156 4 22.977388381958008 58.347835540771484 60.24079513549805 82.1513900756836
2 69.10002136230469 87.08570098876953 126.53895568847656 115.24993133544922 5 76.59805297851562 110.06336975097656 132.29196166992188 138.48406982421875
4 15.383493423461914 17.839876174926758 45.51081466674805 33.390071868896484 8 15.922784805297852 22.877578735351562 48.42343521118164 36.87752914428711 2 18.277257919311523 14.664620399475098 46.45960235595703 30.410648345947266 4 17.730697631835938 25.269432067871094 43.50935745239258 39.58223342895508 9 13.924046516418457 31.241008758544922 50.72300338745117 46.63859176635742
3 14.70852279663086 30.601634979248047 40.915672302246094 44.42045211791992 3 11.712691307067871 18.14645767211914 41.987693786621094 33.925785064697266 7 16.08514404296875 30.635597229003906 42.695823669433594 44.01128387451172
6 13.007063865661621 20.368865966796875 41.21259689331055 36.17521286010742 3 12.701105117797852 21.387022018432617 40.0509147644043 36.649261474609375
2 132.9182586669922 102.26476287841797 185.10513305664062 136.31007385253906 2 113.98902893066406 114.42098236083984 185.04071044921875 155.9352569580078 6 57.8180046081543 13.686836242675781 119.08349609375 49.76203536987305
1 33.71025848388672 17.740968704223633 77.92170715332031 37.8709602355957 1 27.307443618774414 37.237998962402344 71.75811767578125 54.84400177001953 4 13.193581581115723 52.96796798706055 58.36143112182617 79.65605163574219 4 22.178604125976562 34.144317626953125 66.3384017944336 55.034706115722656
2 13.159965515136719 29.029193878173828 36.230953216552734 42.69367218017578
6 12.292426109313965 13.916345596313477 33.376808166503906 24.162446975708008 4 13.748271942138672 22.926048278808594 34.26258087158203 32.071075439453125 5 12.448691368103027 14.497153282165527 33.78950881958008 24.530351638793945 2 16.702533721923828 13.995137214660645 35.92140197753906 25.400157928466797 1 9.280777931213379 24.156574249267578 35.54771041870117 34.97503662109375
6 21.24385643005371 36.77906799316406 46.98622512817383 55.557918548583984 1 17.69377899169922 3.0272421836853027 52.13534164428711 17.436372756958008 9 26.287620544433594 16.726980209350586 60.902618408203125 35.57599639892578
1 13.306862831115723 25.772737503051758 52.980690002441406 43.237022399902344

2 32.17525100708008 12.64883804321289 60.188228607177734 28.50115966796875 4 31.209762573242188 10.536738395690918 59.87925338745117 28.52046775817871
2 14.318964958190918 12.750273704528809 42.010009765625 28.04747200012207
8 71.22029113769531 11.099395751953125 112.2121810913086 37.75845718383789
4 6.411997318267822 23.13547134399414 29.59674644470215 34.518028259277344 1 5.975133419036865 9.844504356384277 29.525419235229492 19.959165573120117
2 49.04465103149414 31.277790069580078 77.56645202636719 48.57898712158203 4 5.511722564697266 55.3643798828125 50.12598419189453 76.65950012207031
2 95.4375 22.874021530151367 134.10047912597656 59.14180374145508 6 83.92399597167969 54.66800308227539 154.15264892578125 86.72272491455078 4 86.80731964111328 15.567353248596191 144.72299194335938 54.835994720458984
9 40.506385803222656 40.677825927734375 70.3316879272461 57.224056243896484 1 75.04634094238281 87.16357421875 116.99999237060547 110.16596984863281 2 35.93632125854492 19.91224479675293 65.43547821044922 38.51709747314453 0 36.836402893066406 63.70447540283203 68.41780090332031 79.45266723632812

6 42.92677307128906 100.07958984375 90.81501770019531 136.60800170898438 9 45.048587799072266 100.38990020751953 103.06666564941406 141.0569610595703
1 41.43806457519531 106.90890502929688 136.2410888671875 144.58543395996094 1 52.021724700927734 111.55302429199219 105.55534362792969 133.1453094482422
1 15.098106384277344 57.72998046875 47.38727951049805 70.31619262695312 0 16.304637908935547 67.51609802246094 45.564640045166016 81.18914031982422 4 16.429256439208984 78.81338500976562 45.84401321411133 94.47652435302734 2 44.83029556274414 48.35322952270508 91.12445831298828 78.56244659423828
2 10.659302711486816 9.671195983886719 40.51032257080078 25.523473739624023 4 13.423744201660156 24.899490356445312 38.7152214050293 41.30633544921875
4 32.09172821044922 17.8490047454834 61.82332229614258 36.33290100097656 2 32.30471420288086 2.040038585662842 60.61403274536133 22.664527893066406
8 5.39227819442749 25.3311710357666 27.41023826599121 38.077239990234375
1 23.70258140563965 26.013397216796875 76.38785552978516 44.045616149902344 6 21.839130401611328 40.56163787841797 71.53668975830078 64.13304901123047 3 23.126070022583008 58.53563690185547 67.9596176147461 80.4209976196289
2 8.129907608032227 25.777420043945312 29.9454402923584 40.25037384033203
4 59.589141845703125 37.2969970703125 122.55565643310547 69.35995483398438 2 48.101158142089844 23.804107666015625 96.12419128417969 48.12846755981445

4 12.790570259094238 12.151179313659668 33.71786117553711 23.038372039794922
5 43.4229736328125 97.53944396972656 86.6678695678711 120.93828582763672 4 40.24287796020508 67.57988739013672 76.39522552490234 88.43006896972656 5 41.64825439453125 89.67080688476562 73.29692840576172 112.58600616455078
8 33.065460205078125 17.21584129333496 68.98006439208984 38.868953704833984 6 30.918424606323242 13.303053855895996 74.82137298583984 37.64446258544922 7 34.87012481689453 1.5118745565414429 67.25702667236328 19.653844833374023
2 73.18658447265625 84.00064086914062 102.61469268798828 102.2538833618164 1 73.78617858886719 93.86683654785156 106.62651062011719 109.45928955078125
7 11.620884895324707 12.53945255279541 35.32056427001953 25.63701820373535 4 10.612242698669434 15.588452339172363 32.632633209228516 28.007728576660156 3 14.76427173614502 4.850341320037842 35.728111267089844 17.423425674438477
2 29.228178024291992 18.45545196533203 61.17658996582031 38.72162628173828
2 6.561661720275879 21.759490966796875 27.859193801879883 33.135372161865234
1 13.587879180908203 23.23141860961914 46.550167083740234 35.74733352661133
2 21.921344757080078 24.166818618774414 53.51451873779297 42.941463470458984 9 23.035320281982422 8.943434715270996 52.24889373779297 29.901657104492188 2 21.262866973876953 12.864269256591797 47.87162399291992 30.719999313354492 8 17.63243865966797 13.04447078704834 51.518882751464844 31.820110321044922

1 7.9661359786987305 8.383336067199707 31.97140884399414 18.350963592529297
4 23.44609260559082 2.4063291549682617 47.256404876708984 18.943647384643555 0 19.28080940246582 14.631933212280273 49.537174224853516 31.87248992919922
2 45.04076385498047 41.64019012451172 101.87588500976562 73.52754974365234 6 57.93795394897461 8.469010353088379 115.95787048339844 41.563926696777344 2 23.646512985229492 73.98320007324219 80.1298828125 110.72994232177734
3 60.2645378112793 1.6101734638214111 124.61871337890625 47.188175201416016 7 36.31899642944336 25.69804573059082 98.11495971679688 58.99607467651367 6 17.407808303833008 54.5566291809082 79.58076477050781 91.9466552734375 8 25.699026107788086 47.706417083740234 78.93417358398438 86.60318756103516 9 22.026363372802734 48.69624328613281 78.22988891601562 82.9340591430664
7 35.7729377746582 47.60623550415039 69.2815170288086 66.62103271484375 3 37.534996032714844 63.53886795043945 63.83917999267578 82.6168212890625
4 20.552242279052734 41.56018829345703 52.831058502197266 59.82785415649414 1 21.50355339050293 49.81001663208008 50.38791275024414 67.43022155761719 1 5.062544345855713 14.696331024169922 42.17878341674805 31.833484649658203

6 22.751169204711914 148.11968994140625 111.61868286132812 195.85240173339844 3 128.32432556152344 143.1391143798828 168.90899658203125 171.97265625 2 38.95341491699219 148.3097381591797 122.26486206054688 190.0963897705078
2 162.90591430664062 83.33234405517578 197.33226013183594 110.77033996582031
9 27.264144897460938 15.025640487670898 61.56160354614258 35.41893005371094 1 26.54051971435547 0.6909141540527344 59.264957427978516 16.922313690185547 1 18.90416145324707 28.86181640625 62.28459548950195 46.08747100830078
6 25.25934410095215 36.52627182006836 50.93031311035156 53.81722640991211 2 24.332212448120117 22.57970428466797 50.647499084472656 39.47970962524414 4 25.029403686523438 23.205448150634766 48.22142028808594 39.0835075378418
1 52.5474853515625 62.20235824584961 88.35298919677734 76.75682830810547
5 17.17742347717285 39.22441482543945 44.66311264038086 57.800323486328125 1 16.499906539916992 16.543209075927734 51.7156982421875 29.692062377929688
4 14.175333023071289 8.535806655883789 44.242897033691406 22.137451171875 1 5.7229509353637695 7.255789756774902 36.458797454833984 21.60345458984375 3 21.25836753845215 7.320292949676514 48.76336669921875 21.14590072631836
3 15.080322265625 31.676420211791992 42.20264434814453 49.04817581176758 8 31.941436767578125 31.711511611938477 58.037742614746094 46.943851470947266 8 50.30183029174805 30.011985778808594 88.94977569580078 51.661128997802734 8 19.5220890045166 32.52952575683594 46.377105712890625 49.243343353271484 0 59.92078399658203 33.229793548583984 82.77224731445312 49.250545501708984
0 42.75950622558594 52.63311004638672 95.12450408935547 93.6203842163086 1 59.9266357421875 33.64826965332031 117.10089111328125 69.67205047607422 1 20.613224029541016 66.294189453125 79.58161163330078 102.2633056640625
4 70.07498168945312 109.72855377197266 130.7542724609375 139.79095458984375 1 63.72651672363281 82.25482177734375 125.5128173828125 108.94305419921875 1 72.67363739013672 92.25773620605469 120.52198028564453 122.41036224365234 7 66.16302490234375 115.19577026367188 141.19500732421875 153.68844604492188 4 78.47571563720703 99.50676727294922 127.24774932861328 125.48727416992188
7 52.35342788696289 51.053955078125 84.52073669433594 71.51537322998047 5 43.08313751220703 29.882490158081055 77.96562957763672 49.29269027709961 7 46.537315368652344 41.685420989990234 80.74457550048828 63.882076263427734 1 43.64894104003906 21.77179527282715 81.11509704589844 38.8735466003418 1 73.67308044433594 1.1090612411499023 126.0 26.72779655456543

1 55.79037094116211 4.983408451080322 87.63975524902344 21.602642059326172 8 57.848934173583984 15.441637992858887 82.63511657714844 30.35443878173828 6 55.48223114013672 15.884429931640625 80.0043716430664 30.605844497680664 2 34.545650482177734 28.14778709411621 96.20259857177734 56.53936004638672
4 7.304370403289795 11.703935623168945 26.673110961914062 20.706180572509766
9 21.79088592529297 23.811054229736328 45.05913543701172 38.228759765625 1 18.083187103271484 8.198221206665039 47.577030181884766 21.17401695251465
0 31.038984298706055 42.916011810302734 60.48228073120117 58.91102600097656 3 8.473822593688965 43.116947174072266 41.81817626953125 65.0771484375 6 30.79807472229004 29.713632583618164 58.67750930786133 45.336605072021484 4 10.321405410766602 18.1787052154541 47.96479034423828 41.754150390625 8 31.868030548095703 43.94460678100586 57.372920989990234 58.562625885009766 6 34.440155029296875 41.41569519042969 60.2435302734375 58.77277374267578
9 10.327563285827637 17.96875 36.85841751098633 30.483503341674805
3 12.87413501739502 10.910737991333008 35.53614807128906 24.943161010742188 5 14.908120155334473 22.82900619506836 38.751922607421875 36.26890563964844 5 9.783499717712402 11.614083290100098 38.151580810546875 24.288339614868164

6 37.473873138427734 34.91696548461914 65.67868041992188 53.41152572631836 1 19.591045379638672 61.3957405090332 62.00753402709961 81.0
1 11.516304969787598 5.180768013000488 38.08458709716797 16.88374137878418 1 13.490108489990234 18.660381317138672 43.76218795776367 30.304141998291016 7 12.501317024230957 1.5598652362823486 40.69828414916992 16.38683319091797
2 18.456764221191406 15.841044425964355 55.841617584228516 34.84493637084961 1 13.30388355255127 40.529998779296875 56.32262420654297 58.595863342285156 4 9.277213096618652 32.043792724609375 49.12604522705078 54.470516204833984
2 13.521451950073242 15.869486808776855 55.13987350463867 34.2905387878418 0 14.187810897827148 41.83211135864258 46.35024642944336 57.04670715332031
2 46.69582748413086 26.349409103393555 125.661865234375 58.68111801147461 0 52.37054443359375 48.644432067871094 120.58024597167969 86.29862213134766 1 70.28540802001953 4.783857345581055 150.3831024169922 39.96363830566406
1 14.363385200500488 25.97250747680664 56.838172912597656 45.09022903442383
2 9.149651527404785 7.489945888519287 31.818574905395508 20.474693298339844 5 11.92337703704834 21.619258880615234 34.659420013427734 35.6844367980957 4 11.483932495117188 9.023503303527832 31.081302642822266 21.1817684173584
5 11.716246604919434 15.964374542236328 37.7703971862793 29.544193267822266 3 10.262001037597656 14.954506874084473 38.28892135620117 28.750288009643555 1 3.8609631061553955 2.4405405521392822 38.71733856201172 14.72060489654541 1 12.364856719970703 26.883737564086914 33.75376510620117 39.91410446166992 4 23.30011749267578 31.48654556274414 49.33466339111328 44.25457000732422
2 11.607275009155273 12.110865592956543 34.01799011230469 25.802989959716797 0 10.194497108459473 23.084627151489258 32.79827880859375 33.44733810424805
3 45.2697868347168 17.26836585998535 85.0113754272461 38.65678787231445 6 16.562198638916016 49.342899322509766 59.18880081176758 73.35321044921875 1 26.167829513549805 36.127838134765625 81.65689086914062 57.00911331176758
5 12.752943992614746 1.442836880683899 31.111392974853516 13.79857349395752 9 8.356977462768555 27.571199417114258 29.615070343017578 39.07853698730469 3 12.864693641662598 3.1077661514282227 31.738187789916992 16.117839813232422 5 5.370920658111572 16.819063186645508 30.76356315612793 28.70960807800293
2 14.12735366821289 22.17411231994629 49.537776947021484 38.92402267456055 3 16.94408416748047 35.210697174072266 48.359432220458984 52.87138366699219 1 13.397956848144531 39.47221374511719 44.767452239990234 56.01882553100586
7 9.02108097076416 0.32808178663253784 26.25542640686035 10.338310241699219
5 23.71249771118164 21.162322998046875 51.05912780761719 34.56669235229492 0 24.22581672668457 33.45058822631836 51.224876403808594 45.07184600830078 5 22.823450088500977 27.981008529663086 51.08131408691406 40.77469253540039 5 6.509015083312988 0.0 37.31306838989258 15.66806411743164 6 17.268381118774414 18.48129653930664 45.378116607666016 33.738121032714844
3 134.30052185058594 36.87066650390625 188.21060180664062 74.06806182861328 2 132.30479431152344 92.05480194091797 192.04905700683594 124.88887786865234 2 38.83973693847656 83.08067321777344 99.48360443115234 117.45845794677734 2 134.638916015625 69.1999740600586 192.19374084472656 101.1664810180664 3 48.77180862426758 75.66162109375 101.54334259033203 115.66800689697266 6 32.2170524597168 62.510311126708984 98.29286193847656 97.47482299804688
5 8.43437385559082 27.3966064453125 33.006614685058594 40.24317932128906

3 13.952438354492188 30.89134979248047 45.970909118652344 45.939186096191406
8 21.158370971679688 33.130184173583984 45.662208557128906 51.86904525756836 1 11.729199409484863 9.788649559020996 37.905941009521484 21.753437042236328 9 15.687381744384766 19.38499641418457 45.713035583496094 35.882720947265625

3 29.27631378173828 69.68165588378906 88.67947387695312 102.91168975830078 7 90.92605590820312 86.7462158203125 111.98187255859375 97.86349487304688 4 31.12421226501465 68.07069396972656 70.02206420898438 100.8942642211914 8 30.128557205200195 71.05420684814453 86.42345428466797 100.19580078125 9 88.39281463623047 73.43563079833984 114.68177795410156 90.5771713256836
3 23.92753791809082 75.6114730834961 106.64710998535156 123.26409912109375 1 35.97890090942383 139.7738037109375 106.16436004638672 177.90396118164062 1 35.68711853027344 127.316650390625 106.25688171386719 155.7589569091797 3 40.86779022216797 89.67871856689453 84.69183349609375 110.65373229980469
5 36.003841400146484 44.862640380859375 77.72509765625 68.55197143554688 1 31.387311935424805 33.714324951171875 74.18305969238281 51.30196762084961 2 38.863983154296875 61.145355224609375 81.37435150146484 90.61096954345703

6 16.718990325927734 29.832210540771484 38.91466522216797 44.05802917480469 5 17.42296028137207 16.736984252929688 40.63658142089844 31.53394317626953 6 17.571964263916016 6.595566749572754 41.1387825012207 21.278621673583984
7 6.314849853515625 16.783992767333984 25.299001693725586 26.151708602905273 7 6.548522472381592 7.447454929351807 26.418930053710938 16.134532928466797
5 10.539481163024902 14.482312202453613 29.983539581298828 25.770658493041992
1 31.439802169799805 55.28017044067383 101.3205795288086 81.30301666259766 8 23.86456871032715 78.68541717529297 83.42747497558594 109.4814224243164 3 25.6273136138916 80.27877044677734 86.55525970458984 107.98815155029297 2 26.799882888793945 75.8236312866211 92.37924194335938 105.61756896972656 4 27.704198837280273 78.6225814819336 85.71015930175781 110.27408599853516
7 17.833797454833984 57.360389709472656 72.11790466308594 90.6294937133789 9 64.69291687011719 9.8477783203125 119.7134780883789 45.28841018676758 5 53.11294937133789 37.93324279785156 97.84896850585938 72.57795715332031 3 40.38336944580078 41.862369537353516 88.54991912841797 71.90753936767578 1 22.218101501464844 63.35190963745117 83.27799224853516 98.4487075805664
3 68.89893341064453 31.075496673583984 118.36735534667969 61.795372009277344 3 81.29578399658203 19.05931282043457 112.5599365234375 44.92774200439453
3 11.339956283569336 21.485767364501953 37.52873229980469 34.51103591918945 2 3.8389506340026855 8.474774360656738 29.624195098876953 21.183324813842773
2 45.95436477661133 24.843738555908203 74.93695068359375 40.38533020019531 3 40.03650665283203 10.254084587097168 65.18561553955078 23.276756286621094 6 37.26830291748047 35.91366958618164 84.00698852539062 53.62858200073242 9 41.40840530395508 34.68609619140625 97.23080444335938 57.38520050048828 3 35.59196090698242 7.331489086151123 79.4206771850586 28.703487396240234 1 66.53080749511719 74.15557861328125 102.0 95.91007995605469
9 32.504554748535156 36.17998123168945 69.53364562988281 58.36113739013672 3 32.498111724853516 18.81399154663086 67.87609100341797 38.7362174987793
5 10.05916976928711 15.386164665222168 32.99959182739258 25.45858383178711 1 5.285461902618408 3.58473801612854 29.61980438232422 14.227603912353516
6 69.24789428710938 29.505184173583984 119.19368743896484 50.03054428100586 3 61.10647201538086 2.712533712387085 112.00273895263672 29.58843231201172 0 68.80355072021484 50.66609191894531 131.92330932617188 77.02755737304688 6 63.411529541015625 12.837327003479004 114.13809967041016 40.51596450805664
1 16.463542938232422 75.37059783935547 64.49971008300781 94.89177703857422 1 31.306434631347656 42.74678039550781 69.44596862792969 76.6440200805664 4 36.18471908569336 36.95374298095703 74.7137451171875 70.11011505126953 6 54.545047760009766 70.58758544921875 80.96031188964844 82.08976745605469
1 0.0 187.534912109375 96.5073013305664 238.35552978515625
3 17.682796478271484 25.57229232788086 46.50896072387695 41.604148864746094
5 28.91712760925293 29.921188354492188 80.60814666748047 60.123538970947266
2 61.3399543762207 36.25301742553711 110.73239135742188 66.85635375976562 5 48.432884216308594 68.0352783203125 100.46644592285156 100.86021423339844 1 10.485038757324219 93.2154312133789 79.14405822753906 121.49324798583984 3 50.20159912109375 68.27227020263672 96.2039566040039 96.0963134765625
1 10.21252155303955 23.167116165161133 42.163394927978516 37.3442268371582 4 0.0 22.67377471923828 33.59701156616211 38.487945556640625 7 6.163045883178711 11.330341339111328 36.86309051513672 27.09325408935547
5 32.46760559082031 12.003401756286621 67.3200454711914 32.292503356933594 9 37.30461502075195 11.08144474029541 69.30085754394531 32.984832763671875 4 35.83983612060547 0.0 68.9031753540039 16.69627571105957

2 12.038507461547852 11.674427032470703 38.864707946777344 26.279951095581055 1 9.815532684326172 0.7942695021629333 38.39358901977539 12.669713973999023 0 14.174598693847656 24.088979721069336 40.478660583496094 41.24215316772461 7 11.54123306274414 10.077908515930176 41.79426574707031 24.414691925048828
4 42.03902816772461 80.76509857177734 79.17305755615234 100.83527374267578 1 54.68570327758789 87.44245147705078 69.6158218383789 99.69097900390625


7 13.527071952819824 35.85370635986328 51.48978805541992 53.267333984375 1 13.968607902526855 13.549823760986328 53.38905715942383 31.160728454589844
8 41.821937561035156 25.05045509338379 68.44990539550781 42.02765655517578
2 64.51326751708984 150.71914672851562 100.56996154785156 169.9873046875 1 70.70433044433594 131.42205810546875 104.12722778320312 147.05201721191406 4 37.153053283691406 28.357372283935547 85.15290832519531 60.68518829345703
1 16.655851364135742 26.25896644592285 74.60769653320312 48.54175567626953 3 27.681262969970703 46.92330551147461 79.1173324584961 82.40606689453125 2 28.16744041442871 51.77327346801758 69.78067779541016 80.10356903076172
3 64.564453125 81.18595886230469 94.52098083496094 96.68537139892578 2 60.506656646728516 65.61414337158203 91.22122955322266 85.62196350097656 4 62.070152282714844 48.97673416137695 93.33246612548828 70.39601135253906 1 51.295780181884766 10.413984298706055 110.0 31.921167373657227 2 59.88956069946289 83.15242767333984 87.91228485107422 97.39788055419922 2 58.77462387084961 58.69044876098633 99.07798767089844 76.53466033935547
2 15.503808975219727 6.992856979370117 30.857728958129883 17.715530395507812
3 24.690954208374023 39.902835845947266 51.77582550048828 56.0
1 27.61282730102539 11.21213150024414 56.16297912597656 26.572412490844727 1 33.39854431152344 6.9592509269714355 59.80563735961914 18.95199203491211
1 13.275887489318848 11.653959274291992 54.025760650634766 31.538497924804688 3 17.56891632080078 39.73430252075195 52.1446418762207 58.968326568603516
1 6.289481163024902 29.191495895385742 34.37968444824219 42.73008346557617 3 13.578848838806152 12.295414924621582 36.88232421875 27.778202056884766 4 27.829750061035156 0.0 49.0 10.536772727966309

2 10.17335033416748 2.342163324356079 30.093341827392578 14.466792106628418

1 7.5721635818481445 20.947084426879883 27.920166015625 30.240360260009766 1 8.37147331237793 11.601147651672363 28.79339599609375 22.05690574645996
1 27.327037811279297 38.77360153198242 70.02690887451172 61.800628662109375 7 22.058460235595703 54.19554901123047 65.33104705810547 80.02420043945312
2 40.76731491088867 70.74323272705078 72.16582489013672 92.54549407958984 6 27.4134464263916 68.7516860961914 70.36833953857422 94.66871643066406 6 22.14358139038086 51.465110778808594 74.07916259765625 78.98743438720703
5 19.847867965698242 87.82569122314453 59.39108657836914 110.69239044189453 2 23.094945907592773 72.12518310546875 59.95807647705078 94.73206329345703
2 24.046518325805664 33.91378402709961 50.77898406982422 51.216739654541016
1 26.393035888671875 35.17030715942383 95.74905395507812 65.3095474243164 1 21.004074096679688 2.3748435974121094 87.09446716308594 28.91485595703125

0 22.787870407104492 39.35955810546875 56.14080810546875 56.4002571105957 0 18.72754669189453 53.821571350097656 50.6771240234375 67.9644546508789 1 17.997385025024414 28.618139266967773 53.46535110473633 43.75919723510742 7 11.624212265014648 29.311925888061523 48.85970687866211 47.810420989990234
1 21.595861434936523 59.94034957885742 76.84844970703125 82.15492248535156 1 26.578100204467773 71.31649017333984 77.84323120117188 91.43135833740234
4 44.123199462890625 25.32399559020996 83.9648208618164 49.05326461791992
6 16.44844627380371 12.81591796875 50.33835220336914 31.848602294921875 6 14.143216133117676 35.62955093383789 54.029090881347656 55.86724853515625
3 15.646245956420898 23.98855209350586 52.55176544189453 44.82691192626953 1 12.512112617492676 46.9426383972168 46.6435661315918 61.694026947021484 2 15.417169570922852 26.595762252807617 50.13309860229492 45.73060989379883 5 23.143890380859375 26.873302459716797 57.081138610839844 45.85858154296875
2 19.019023895263672 38.09901428222656 40.750465393066406 52.904903411865234 4 17.11581039428711 41.573246002197266 41.32896041870117 57.53995895385742 1 14.146150588989258 22.576496124267578 44.975181579589844 35.529090881347656 4 22.702585220336914 35.17462921142578 45.37864685058594 51.32016372680664
2 68.40650939941406 103.0096664428711 139.86924743652344 145.19740295410156 5 61.96992111206055 37.149314880371094 139.75645446777344 76.84413146972656 4 70.52381896972656 73.0765609741211 134.51219177246094 109.91737365722656 2 70.37712860107422 6.454010009765625 144.29759216308594 49.93608474731445 8 26.367090225219727 79.7121353149414 66.6183853149414 102.41674041748047
8 11.1700439453125 5.855778217315674 34.256263732910156 17.051538467407227 1 10.35713005065918 17.153657913208008 35.91051483154297 27.319534301757812 2 11.813508987426758 4.38630485534668 30.427562713623047 15.582082748413086
3 24.165802001953125 50.86071014404297 64.4238052368164 72.78157806396484 1 13.240811347961426 35.98642349243164 59.98759841918945 57.80369567871094 2 17.96013069152832 49.278038024902344 47.045562744140625 70.67578887939453 5 19.751323699951172 53.50851058959961 68.11236572265625 74.97992706298828
5 10.014690399169922 15.372111320495605 29.516199111938477 25.980670928955078 5 6.62160062789917 4.580008506774902 23.89734649658203 16.090381622314453
1 7.140362739562988 3.9927961826324463 44.395301818847656 21.272790908813477 6 5.291243076324463 19.394559860229492 41.15250778198242 37.360557556152344
8 16.0114688873291 55.491886138916016 50.693416595458984 75.22301483154297 8 19.91196060180664 37.45335388183594 56.11505126953125 58.56135940551758 2 23.031089782714844 19.162755966186523 57.671722412109375 38.19701385498047 6 12.910205841064453 53.704349517822266 49.23908233642578 74.6258773803711
1 18.329652786254883 24.52104377746582 71.09896850585938 45.151668548583984 3 24.605165481567383 52.42600631713867 69.81355285644531 78.54458618164062 2 16.989070892333984 49.63795471191406 60.42488479614258 77.94559478759766
4 19.166358947753906 42.85204315185547 47.14933776855469 63.87387466430664 4 16.41445541381836 27.181528091430664 48.68319320678711 46.88928985595703 2 12.545003890991211 37.095359802246094 46.141136169433594 56.22237777709961 2 19.1080265045166 25.058441162109375 49.73240280151367 41.061161041259766
7 39.74260711669922 72.65943908691406 100.01761627197266 100.47561645507812 1 40.3187370300293 76.68112182617188 98.05029296875 101.37513732910156 1 31.243568420410156 36.62047576904297 85.19000244140625 66.68736267089844 1 5.976119518280029 0.0 69.36682891845703 21.084949493408203 1 65.73774719238281 1.568038821220398 118.0 22.130741119384766 7 37.10725402832031 38.06537628173828 92.33362579345703 61.346412658691406
3 21.190603256225586 22.698741912841797 46.68675994873047 34.24097442626953 4 22.432785034179688 32.96482849121094 48.1063232421875 46.607913970947266
4 8.160030364990234 16.459842681884766 24.966941833496094 28.357406616210938 2 11.127957344055176 9.935193061828613 27.93201446533203 19.493770599365234 4 4.4560441970825195 3.9595155715942383 25.299110412597656 14.968256950378418
1 14.851505279541016 10.751558303833008 43.634700775146484 24.60811996459961 6 15.947579383850098 38.456298828125 44.6063232421875 57.366188049316406 8 9.133331298828125 21.82058334350586 49.406288146972656 42.28190994262695 0 16.160789489746094 23.612573623657227 42.75368118286133 41.467750549316406
5 88.18635559082031 70.83707427978516 127.40104675292969 96.73930358886719 1 51.632598876953125 68.47484588623047 88.904296875 87.7579345703125 1 51.02391052246094 78.6198959350586 85.76299285888672 93.24007415771484

9 14.260927200317383 91.1275863647461 45.296875 108.17912292480469 5 16.578182220458984 74.14643859863281 43.56471252441406 92.89450073242188 7 49.98939895629883 26.050119400024414 106.48081970214844 56.66930389404297 3 15.327112197875977 76.04659271240234 46.33356857299805 92.72171020507812
2 8.965994834899902 23.18646240234375 27.06500244140625 34.94942855834961
1 20.836734771728516 4.470110893249512 47.12558364868164 20.982627868652344 1 15.579209327697754 29.276708602905273 48.67892837524414 45.04312515258789 7 19.468992233276367 23.56642723083496 48.41938781738281 40.25243377685547 1 18.2916316986084 20.344409942626953 49.742794036865234 37.13742446899414
3 53.77031326293945 78.38177490234375 108.7964096069336 107.6360092163086 1 17.439159393310547 66.46086120605469 51.83140563964844 85.60157012939453 5 17.691587448120117 99.89498901367188 57.51841735839844 118.47164154052734 9 17.85736846923828 79.6205825805664 48.35842514038086 100.34855651855469 2 24.95583152770996 78.8812026977539 87.1855697631836 105.6805191040039 4 15.462357521057129 60.308956146240234 59.06973648071289 88.15413665771484
8 23.218358993530273 77.56564331054688 64.40617370605469 94.52162170410156 5 24.678936004638672 54.164833068847656 68.75496673583984 80.37823486328125 1 26.252172470092773 40.177738189697266 69.28646850585938 63.7959098815918
2 20.05877113342285 38.82609939575195 40.9183235168457 52.481075286865234 2 20.16526222229004 22.880680084228516 38.81812286376953 35.55916976928711 4 17.90338134765625 39.888023376464844 42.04127883911133 52.319889068603516 5 9.841422080993652 19.24155044555664 34.79343795776367 34.15313720703125
0 26.541479110717773 37.98004913330078 89.05595397949219 65.61105346679688 0 18.764612197875977 24.961915969848633 83.68795776367188 51.32869338989258
4 9.83834457397461 24.945480346679688 30.480224609375 35.664215087890625
1 13.167635917663574 13.248679161071777 39.27549743652344 26.00337028503418

2 61.68407440185547 27.76465606689453 100.91191101074219 50.82844924926758 1 0.0 26.301334381103516 59.01288986206055 49.648109436035156
0 120.6047134399414 156.45822143554688 193.5948944091797 203.63150024414062 9 123.35733032226562 165.07293701171875 196.69454956054688 206.31027221679688
2 17.48066520690918 40.909507751464844 61.5627326965332 60.444427490234375 2 13.264363288879395 21.174915313720703 55.44880294799805 39.45225143432617
2 7.696840763092041 17.793489456176758 25.632165908813477 29.556854248046875
3 18.78534698486328 16.49993896484375 50.66661071777344 32.00012969970703 1 14.106754302978516 4.266173362731934 47.343238830566406 18.221338272094727 1 17.75755500793457 31.26784324645996 50.590049743652344 45.447757720947266 1 19.582910537719727 20.444272994995117 42.95811080932617 35.071815490722656
2 7.439807415008545 24.0715274810791 31.964122772216797 36.842613220214844 2 15.250665664672852 12.371803283691406 36.563255310058594 27.22947883605957
5 15.362580299377441 23.856708526611328 43.050968170166016 38.405975341796875 1 16.699382781982422 11.89200210571289 44.889957427978516 23.771289825439453 0 17.232589721679688 39.61183166503906 47.410797119140625 51.657249450683594 1 15.971822738647461 5.9468607902526855 43.444488525390625 18.024951934814453
6 14.270309448242188 42.690494537353516 46.83091735839844 57.73958206176758
8 51.208099365234375 42.8752326965332 76.11835479736328 56.198787689208984 8 50.617698669433594 30.695369720458984 75.82685089111328 45.119083404541016 4 47.412540435791016 53.8460693359375 76.55247497558594 68.73780822753906 4 38.805118560791016 80.26811218261719 83.16928100585938 107.45613861083984 2 49.956790924072266 20.21967315673828 77.52400207519531 39.267539978027344
2 82.22637176513672 75.03385925292969 126.81278228759766 95.25665283203125 3 75.83255004882812 47.814727783203125 112.4078140258789 75.04068756103516 3 87.0181884765625 55.75783157348633 116.6756820678711 69.90558624267578
6 8.842050552368164 23.337635040283203 31.964385986328125 35.91289520263672 1 7.463650226593018 18.556913375854492 30.935924530029297 27.02359962463379
8 17.726703643798828 23.060468673706055 45.74644088745117 39.741302490234375 2 17.990360260009766 3.7671709060668945 46.71229553222656 20.442272186279297 7 17.221345901489258 45.21815490722656 48.201114654541016 65.1639404296875 2 18.521488189697266 0.10347083956003189 36.47881317138672 13.218549728393555
7 12.858657836914062 3.587388515472412 38.73225784301758 18.94379425048828 7 17.967510223388672 0.0 44.40084457397461 12.555851936340332


3 19.75804901123047 9.05268669128418 49.55911636352539 28.33363151550293
2 18.579374313354492 19.825611114501953 50.57283401489258 36.43199157714844 5 21.677690505981445 44.86270523071289 49.85879135131836 64.13434600830078 9 17.3818416595459 32.87771987915039 50.12871170043945 48.91605758666992 5 13.480724334716797 14.028555870056152 50.6904182434082 34.38383102416992
2 13.797680854797363 11.010398864746094 33.50131607055664 24.150074005126953
5 15.078564643859863 43.57294845581055 84.62474822998047 76.0645751953125 2 62.22004699707031 43.155765533447266 120.86264038085938 77.78601837158203
1 21.9146785736084 47.220787048339844 64.1604232788086 64.71958923339844 7 14.47387409210205 58.521339416503906 50.6655158996582 77.0
2 60.27572250366211 87.12096405029297 99.93390655517578 113.18878173828125 9 55.00490188598633 65.5217056274414 103.1709976196289 93.9295883178711 6 56.209774017333984 43.97679901123047 111.54655456542969 78.49900817871094 2 55.44805145263672 71.11457824707031 105.46319580078125 97.41706085205078
5 36.53110885620117 64.79195404052734 70.1829833984375 84.61727142333984 2 32.97553634643555 27.20455551147461 68.48845672607422 50.44846725463867 3 29.928600311279297 46.695106506347656 71.63375091552734 68.32148742675781 2 36.08271408081055 39.33131408691406 68.9265365600586 60.19931411743164
2 26.787044525146484 11.360086441040039 51.621578216552734 26.001144409179688 1 23.089679718017578 2.766730546951294 49.94189453125 15.67455768585205 4 8.97814655303955 12.768417358398438 38.22634506225586 25.600671768188477 4 5.968998432159424 2.3530731201171875 34.05319595336914 16.673246383666992
6 22.620317459106445 22.0963191986084 47.287315368652344 36.31300354003906
2 11.695418357849121 10.775015830993652 32.19646453857422 21.462661743164062 4 8.16301441192627 27.17310333251953 29.673192977905273 40.036705017089844 2 7.46449613571167 20.080062866210938 28.98773956298828 30.305946350097656 4 12.109503746032715 11.611557960510254 34.11607360839844 22.340595245361328
5 13.512104988098145 23.36421775817871 33.62974166870117 37.24798583984375
1 87.97101593017578 4.136125564575195 209.7239532470703 54.6634407043457 3 106.1035385131836 135.26708984375 185.42556762695312 175.9737091064453
9 22.123065948486328 6.359301567077637 50.912071228027344 23.691923141479492 1 18.220998764038086 32.568790435791016 46.47056198120117 48.52618408203125 0 20.59148406982422 21.43425178527832 49.128440856933594 36.968685150146484
3 13.43269157409668 23.178842544555664 31.902042388916016 37.322757720947266 8 12.447206497192383 38.25248718261719 33.12055206298828 47.81377410888672 1 49.46352767944336 4.994045734405518 86.98680877685547 27.630395889282227 8 8.622604370117188 31.164020538330078 29.41365623474121 44.75526809692383 2 12.664352416992188 23.790437698364258 32.55194854736328 37.91254806518555 1 0.7204527854919434 8.479519844055176 45.00662612915039 23.9906005859375
6 24.331165313720703 27.33429527282715 63.89204406738281 46.14949417114258 3 25.534385681152344 6.2715325355529785 67.80867767333984 28.922134399414062 7 23.306751251220703 45.197723388671875 66.94692993164062 65.22635650634766 1 25.3369197845459 45.49410629272461 66.32608795166016 66.11479187011719
7 28.978397369384766 27.748991012573242 56.23351287841797 43.69460678100586 2 24.170501708984375 16.29046058654785 59.09368133544922 33.596397399902344
8 13.460919380187988 9.976905822753906 34.03171920776367 21.951705932617188 3 13.013628959655762 20.07415771484375 35.44747543334961 33.02471923828125 2 8.424986839294434 28.801963806152344 38.01729202270508 42.801544189453125 8 11.90632438659668 1.2787818908691406 37.01177215576172 15.114194869995117 6 15.459467887878418 0.0 35.81187438964844 13.727895736694336
8 83.127197265625 134.79022216796875 161.431884765625 177.8370819091797 2 68.62158966064453 57.004127502441406 154.1895294189453 105.41210174560547 4 79.07511138916016 56.75357437133789 158.40737915039062 103.42762756347656 6 59.696712493896484 98.56974792480469 160.15980529785156 134.4108428955078 0 76.87599182128906 93.21161651611328 161.82460021972656 139.20884704589844 0 98.70094299316406 128.68919372558594 159.825439453125 169.11685180664062
4 18.837669372558594 12.780754089355469 48.334617614746094 30.321617126464844
2 90.9760971069336 35.57433319091797 147.2564239501953 64.0589599609375 2 95.84220123291016 15.319007873535156 151.25563049316406 47.590576171875 2 76.23062133789062 80.8153305053711 144.13150024414062 116.82418823242188
1 17.270832061767578 14.252862930297852 37.66777038574219 28.1467342376709 2 23.20284080505371 31.709346771240234 45.76650619506836 46.72758865356445

1 12.713484764099121 4.832676410675049 47.09476852416992 22.154088973999023 4 24.789335250854492 26.897611618041992 61.916404724121094 43.27680969238281
1 15.719778060913086 5.494427680969238 60.4869270324707 25.05268669128418 7 17.464229583740234 47.84407424926758 61.5522575378418 71.654296875 1 11.9444580078125 27.300485610961914 58.562164306640625 51.870277404785156 0 21.47404670715332 26.144027709960938 57.00674057006836 50.54385757446289
8 11.921370506286621 34.336265563964844 36.19713592529297 48.387428283691406 2 12.838261604309082 7.16179895401001 39.374393463134766 21.24658966064453 6 13.948748588562012 20.02888298034668 43.04286575317383 34.966556549072266 4 7.312317371368408 22.2955379486084 39.338623046875 36.5241813659668
1 8.984548568725586 1.9581845998764038 48.347938537597656 15.696871757507324


6 12.013872146606445 31.985916137695312 34.149818420410156 45.87016296386719 7 10.018391609191895 16.497468948364258 35.471256256103516 29.87298011779785 0 14.961912155151367 31.78793716430664 38.351768493652344 44.95207595825195
4 19.022979736328125 25.8814640045166 45.390010833740234 39.946434020996094 4 12.285815238952637 16.090930938720703 40.321292877197266 28.575756072998047 2 0.0 23.315448760986328 19.03677749633789 41.11362838745117 4 0.0 42.75431823730469 23.392187118530273 58.617733001708984 4 18.969205856323242 36.79715347290039 48.716922760009766 48.67208480834961 8 17.711523056030273 37.19734573364258 41.811222076416016 47.16324996948242
1 36.993526458740234 86.57223510742188 83.65291595458984 106.20333862304688 0 40.49600601196289 100.68486022949219 76.4924545288086 123.40603637695312 0 38.30275344848633 71.6380386352539 106.36910247802734 107.30953216552734 6 20.97395133972168 76.22108459472656 90.90221405029297 106.35047149658203
5 11.185486793518066 24.06999397277832 34.550479888916016 39.87888717651367 5 6.3321919441223145 13.231178283691406 33.393733978271484 28.32231330871582
5 18.95967674255371 38.14081573486328 44.719078063964844 54.561466217041016 2 9.6437406539917 24.610824584960938 39.95103454589844 40.984554290771484

3 10.390716552734375 18.00494384765625 30.073505401611328 30.17765998840332
8 20.257204055786133 41.54225540161133 52.557716369628906 58.281028747558594 1 22.457162857055664 56.84086990356445 54.19509506225586 72.15950012207031

5 7.708905220031738 7.70390510559082 30.465967178344727 20.69028663635254 2 14.46261215209961 5.4968132972717285 31.80244255065918 15.91778564453125
6 56.854957580566406 63.682132720947266 87.69696044921875 88.2601318359375 8 56.53394317626953 84.10965728759766 89.73020935058594 102.44374084472656
2 34.32249450683594 25.871469497680664 79.11604309082031 45.66276550292969 6 37.352046966552734 4.819217205047607 83.21983337402344 28.39460563659668 7 25.217010498046875 4.044336795806885 71.13617706298828 26.836448669433594 5 24.993640899658203 29.072345733642578 63.65964126586914 55.20222854614258
2 11.175256729125977 9.728187561035156 37.29697799682617 22.946456909179688 2 17.552772521972656 4.8350605964660645 42.30195617675781 17.841510772705078
1 10.875661849975586 23.07930564880371 48.256778717041016 39.978271484375
9 12.878544807434082 21.38880157470703 38.681663513183594 36.82372283935547
2 86.6730728149414 8.384040832519531 138.4613037109375 39.70269012451172 9 80.97157287597656 68.94139862060547 137.11585998535156 100.44070434570312 1 81.0154800415039 39.67543411254883 135.89976501464844 68.82515716552734

1 119.81669616699219 73.11299896240234 167.2886199951172 99.15222930908203 8 116.1448745727539 93.67799377441406 177.46353149414062 136.45008850097656 3 105.43595886230469 95.5602798461914 180.3519744873047 133.2482452392578 0 110.427001953125 100.06924438476562 164.68898010253906 130.30935668945312 1 117.71520233154297 59.117313385009766 175.64895629882812 85.09040832519531

1 23.195816040039062 18.826820373535156 56.59637451171875 35.4503288269043 7 11.233114242553711 36.678436279296875 44.99532699584961 54.9295768737793 2 11.947339057922363 36.327999114990234 42.93492126464844 53.35883331298828 4 16.814746856689453 0.0 49.94976043701172 15.23201847076416 7 13.487043380737305 0.39569932222366333 51.07987594604492 15.861686706542969 2 11.2053861618042 16.700822830200195 42.645145416259766 32.47653579711914
2 14.124276161193848 31.39374542236328 65.95284271240234 57.02229690551758 0 16.754131317138672 62.0567741394043 66.074951171875 89.6670913696289
2 61.40083312988281 52.606693267822266 84.91630554199219 65.97280883789062 6 62.462120056152344 63.706851959228516 89.16297149658203 77.3114242553711
8 27.054039001464844 13.39068603515625 74.25862884521484 36.71337127685547 3 34.064395904541016 33.3266487121582 76.01071166992188 54.66275405883789
4 10.10228157043457 26.746143341064453 31.15675163269043 40.18642044067383 2 16.94593620300293 8.539426803588867 36.99004364013672 21.64982795715332

3 6.32813024520874 12.021031379699707 31.298189163208008 22.873580932617188
2 20.35763168334961 20.08203125 48.55592346191406 36.38554000854492 5 14.743218421936035 20.088228225708008 45.57805633544922 36.514591217041016
2 50.47969055175781 12.566873550415039 113.10643005371094 48.2650146484375 3 43.57131576538086 51.6886100769043 102.57048797607422 90.10564422607422 5 25.471635818481445 88.99150085449219 93.36066436767578 130.314697265625
7 57.461692810058594 110.7419662475586 118.21998596191406 143.12637329101562 6 35.94950866699219 80.81141662597656 119.2996826171875 112.89576721191406 3 43.089900970458984 78.13887023925781 120.24839782714844 114.9167709350586 8 56.724605560302734 84.1591567993164 120.9897689819336 112.50896453857422 5 30.16925048828125 110.81459045410156 105.795654296875 150.1282501220703
0 87.7300796508789 121.41695404052734 122.55477142333984 144.4459228515625 0 70.91841125488281 103.30592346191406 122.356689453125 130.50013732910156 2 87.9491195678711 101.15928649902344 121.8644790649414 123.42923736572266
7 29.851831436157227 7.049495220184326 75.04653930664062 33.302364349365234 4 30.472448348999023 36.386844635009766 78.11520385742188 63.1640510559082 2 25.521127700805664 10.125114440917969 71.63928985595703 36.000614166259766
1 29.545799255371094 22.788862228393555 73.80494689941406 44.43254852294922 1 34.235809326171875 0.2778347134590149 79.56206512451172 18.763126373291016 7 21.897602081298828 46.16304397583008 60.2813720703125 70.1703872680664 1 16.78590965270996 72.5152359008789 57.19426345825195 93.0
3 29.555885314941406 87.4597396850586 73.72606658935547 115.0 9 31.017126083374023 41.22740173339844 75.33425903320312 67.82221984863281 0 31.65995979309082 64.47203063964844 80.57606506347656 90.52005004882812 1 33.47335433959961 28.241621017456055 85.73417663574219 51.75648880004883 6 35.145572662353516 37.200164794921875 82.70948028564453 60.89854431152344
6 3.9307563304901123 6.877583026885986 39.641780853271484 27.025226593017578
4 26.72960090637207 25.893068313598633 55.2909049987793 42.814422607421875 1 23.215511322021484 19.09565544128418 57.54169464111328 35.25943374633789 2 25.272632598876953 24.165592193603516 55.3109245300293 38.007774353027344
4 13.790821075439453 19.579687118530273 40.98554229736328 33.313865661621094
5 13.515772819519043 33.955596923828125 40.17031478881836 48.43280029296875 0 14.02829647064209 21.404245376586914 43.936641693115234 35.561683654785156 4 12.569621086120605 19.860218048095703 38.695152282714844 33.830474853515625 2 18.51417350769043 8.53206729888916 51.03258514404297 23.345115661621094 1 17.583908081054688 22.19569969177246 48.13445281982422 35.71507263183594 5 26.04541778564453 11.365257263183594 54.668365478515625 27.978309631347656
3 22.35393714904785 45.09977340698242 88.80464935302734 75.19197082519531 3 25.835390090942383 27.99860191345215 86.0052261352539 53.293704986572266 3 27.530792236328125 4.190269947052002 80.75559997558594 32.74528503417969 5 27.820222854614258 48.349266052246094 83.93859100341797 74.55582427978516 5 32.267879486083984 30.062482833862305 82.46700286865234 52.880775451660156 7 21.759374618530273 2.9210782051086426 74.83001708984375 29.95743751525879
3 38.50934982299805 4.620408058166504 66.97479248046875 20.043256759643555
9 23.154022216796875 34.23441696166992 60.067161560058594 52.656314849853516 2 25.767934799194336 16.781444549560547 58.53185272216797 35.81126403808594 4 37.64520263671875 51.064483642578125 75.44263458251953 76.66847229003906 9 39.972991943359375 3.39214825630188 77.6760482788086 23.48063850402832 4 10.880695343017578 47.57080841064453 50.445152282714844 65.2882308959961 4 10.202360153198242 2.3103060722351074 49.82215881347656 22.25670623779297
6 23.299922943115234 13.798849105834961 70.48522186279297 42.608642578125 9 41.3169059753418 37.977439880371094 87.18133544921875 67.39765930175781 8 77.69466400146484 59.319374084472656 119.39430236816406 83.17328643798828 9 55.632076263427734 28.05323028564453 99.37701416015625 60.391448974609375 6 79.09178924560547 54.62071228027344 123.92848205566406 83.75476837158203
8 20.306682586669922 52.21870803833008 56.6699104309082 75.17086791992188 9 19.17612648010254 53.65973663330078 60.4198112487793 79.02719116210938 3 80.8027572631836 57.30096435546875 111.0 87.54828643798828
4 122.10514068603516 95.17201232910156 152.1836395263672 107.81243896484375 7 6.905517101287842 0.0 93.14733123779297 42.05937576293945 4 107.29386138916016 88.75194549560547 158.78175354003906 110.2260513305664 2 121.02584075927734 83.67387390136719 149.8095703125 102.41633605957031 4 117.41529846191406 97.78014373779297 145.36180114746094 118.4710922241211 0 56.217098236083984 114.52461242675781 140.22364807128906 158.28897094726562
3 12.649834632873535 5.255685329437256 42.911319732666016 23.244243621826172 7 11.868555068969727 42.265113830566406 46.29483413696289 61.30470657348633 4 16.63100814819336 5.1388421058654785 46.08293533325195 21.560436248779297 6 11.168730735778809 25.951553344726562 51.206581115722656 41.023475646972656 6 13.64573860168457 4.408999443054199 48.288063049316406 21.50551414489746
8 16.718767166137695 22.69881820678711 43.48273468017578 36.52814865112305 2 16.27372932434082 11.449233055114746 45.1236686706543 25.9183406829834 3 15.851757049560547 14.840137481689453 48.962242126464844 29.431110382080078 4 15.847243309020996 12.885321617126465 53.08259582519531 29.038612365722656
7 13.951737403869629 27.04155158996582 48.259700775146484 42.614585876464844 1 11.658353805541992 27.86634063720703 52.65761947631836 42.61466598510742 4 11.328108787536621 46.082427978515625 45.62714767456055 60.59389114379883
5 46.0745849609375 13.260498046875 108.04170989990234 49.4935302734375 5 41.07065963745117 70.98921966552734 99.01522064208984 109.96054077148438 5 44.20686340332031 44.99824142456055 107.11466217041016 78.52552795410156
3 16.046024322509766 0.7260978817939758 41.189414978027344 15.813522338867188
5 9.436779975891113 4.815569877624512 26.593473434448242 13.881987571716309
0 19.15219497680664 54.95924377441406 84.21836853027344 81.63716888427734 1 21.58987045288086 34.88959884643555 61.2977180480957 51.982574462890625 1 19.129451751708984 8.373757362365723 82.68544006347656 31.143674850463867 1 32.03642272949219 30.162628173828125 91.33014678955078 53.19135665893555
7 11.513662338256836 4.680900573730469 33.27347183227539 17.222606658935547
2 13.12021541595459 3.531214952468872 30.05289649963379 14.65860652923584
5 14.872136116027832 25.43328285217285 41.564735412597656 41.30710220336914 1 8.79514217376709 16.34817123413086 43.46846008300781 29.755643844604492 3 12.017157554626465 25.14521026611328 42.27530288696289 40.31113815307617 0 13.51358699798584 38.86024475097656 42.99774169921875 56.089683532714844 7 11.820780754089355 25.644895553588867 39.61219024658203 40.2089958190918


6 3.037382125854492 20.88255500793457 31.83924102783203 35.154354095458984 5 0.0 33.65840530395508 31.03874397277832 48.51042938232422 2 13.644933700561523 10.365535736083984 42.885868072509766 26.19071388244629 2 5.86392068862915 6.079019069671631 34.737831115722656 20.27386474609375 4 2.352725028991699 19.207584381103516 27.035934448242188 33.60561752319336 4 15.170572280883789 12.474644660949707 44.23273468017578 25.698074340820312
3 14.531468391418457 43.92398452758789 52.900726318359375 64.19628143310547 8 10.734394073486328 62.6993522644043 51.61689376831055 83.62226104736328 6 12.564478874206543 60.41700744628906 52.317726135253906 86.33687591552734 2 16.33553695678711 38.86245346069336 57.64469528198242 61.537269592285156
3 15.841339111328125 11.27107048034668 43.549930572509766 25.40802001953125 2 16.92719268798828 22.094741821289062 43.520851135253906 36.87012481689453 8 16.685274124145508 36.7789192199707 41.408485412597656 48.93310546875 9 12.19022274017334 34.311275482177734 39.772125244140625 49.217716217041016 2 23.39725112915039 33.6779899597168 46.58289337158203 47.25497055053711
1 22.23519515991211 22.093791961669922 63.854068756103516 40.04560852050781 1 25.237396240234375 4.56707239151001 63.00325393676758 23.001432418823242 4 22.508447647094727 39.049224853515625 63.9129638671875 59.580135345458984 7 20.69643211364746 57.62647247314453 66.66221618652344 79.41057586669922 1 27.09821319580078 14.391507148742676 60.88301086425781 32.44207763671875 4 26.57998275756836 48.211334228515625 67.62993621826172 68.01521301269531
9 54.7407112121582 98.1786880493164 122.68818664550781 132.9783935546875 7 48.85190200805664 68.9407958984375 108.53082275390625 101.03068542480469
6 16.53822898864746 31.19902229309082 45.51313781738281 43.88447952270508 2 17.331317901611328 19.968952178955078 46.94113540649414 34.836753845214844 2 15.967512130737305 41.05622482299805 43.397579193115234 55.020835876464844 0 24.86032485961914 31.90877914428711 48.77587890625 43.819313049316406 4 20.503925323486328 32.503700256347656 42.37039566040039 43.34307098388672 5 6.398841857910156 48.11083984375 36.43048095703125 62.10232162475586

7 14.906342506408691 15.369593620300293 42.903079986572266 31.314401626586914 3 9.462434768676758 37.562381744384766 40.588871002197266 53.525917053222656
7 74.99134063720703 92.03657531738281 117.91251373291016 112.94662475585938 4 139.6870880126953 37.00447463989258 215.45619201660156 78.4802474975586 6 79.56011962890625 69.62680053710938 119.99378967285156 95.38784790039062 3 78.47318267822266 13.994250297546387 169.56765747070312 60.011566162109375
6 49.79679870605469 69.21627044677734 86.32828521728516 89.18643951416016 5 47.93650436401367 46.40123748779297 90.63312530517578 67.44305419921875 1 48.810997009277344 22.790971755981445 98.45604705810547 47.56959915161133 6 52.71790313720703 44.68003463745117 94.65093231201172 67.6646499633789 1 48.25429153442383 35.45702362060547 92.31546020507812 55.90165710449219
4 8.44247817993164 18.082185745239258 29.066020965576172 32.12683868408203
2 30.429645538330078 9.66825008392334 68.83909606933594 31.38478660583496 2 15.454580307006836 25.908851623535156 53.40830612182617 47.775482177734375
3 31.75558090209961 70.36217498779297 74.91862487792969 94.74480438232422 2 27.81085777282715 71.98107147216797 73.44803619384766 97.1308822631836 1 29.829883575439453 56.836814880371094 81.51268005371094 81.20366668701172
6 26.95353126525879 55.354156494140625 52.29011917114258 67.96966552734375 3 28.069477081298828 40.57120895385742 53.219642639160156 56.930240631103516 4 26.65552520751953 28.768102645874023 49.697853088378906 45.47700500488281

7 21.857364654541016 47.129207611083984 53.27340316772461 63.0 4 23.40920066833496 33.278011322021484 54.988773345947266 49.5688591003418
7 22.846710205078125 97.61106872558594 63.29983901977539 120.62125396728516 1 31.532611846923828 90.0892562866211 69.82317352294922 104.03713989257812
1 81.67769622802734 5.863739490509033 122.98283386230469 35.323463439941406 8 72.36827087402344 29.474306106567383 119.4796371459961 56.69822692871094 2 74.84040069580078 54.891258239746094 124.5263671875 85.77265167236328 3 69.18595886230469 46.773651123046875 110.30450439453125 84.27496337890625 6 70.83279418945312 25.517160415649414 116.47541809082031 62.68508529663086 8 114.36354064941406 101.76516723632812 189.0 141.49722290039062
1 10.3798189163208 18.592853546142578 45.15315246582031 31.020315170288086 4 10.674752235412598 31.906097412109375 41.25580978393555 47.98764419555664
7 38.829097747802734 45.01894760131836 74.73296356201172 62.89527893066406 4 41.303775787353516 53.29765701293945 75.26469421386719 74.01329040527344 4 39.43331527709961 63.42253112792969 79.78933715820312 85.42756652832031 9 38.16181182861328 69.41358184814453 84.13067626953125 90.26505279541016 7 33.87820053100586 34.5133056640625 77.04714965820312 55.70650863647461
9 45.230712890625 80.37458801269531 111.54963684082031 112.90774536132812 0 48.53253173828125 117.93293762207031 123.82061767578125 148.88153076171875 1 42.485572814941406 16.04117774963379 114.13265991210938 45.59893798828125 1 38.457740783691406 47.04448318481445 114.33466339111328 75.26415252685547
1 124.39328002929688 93.00540924072266 235.69271850585938 156.4393768310547 1 94.10900115966797 48.79750442504883 224.88722229003906 103.70826721191406 1 144.3299560546875 125.26335144042969 200.8708038330078 154.53895568847656
7 7.850231647491455 27.79447364807129 34.752052307128906 39.8563346862793 6 11.557214736938477 36.40292739868164 37.33491897583008 50.85367965698242 7 12.925071716308594 32.636260986328125 35.288211822509766 46.85135269165039
1 60.196441650390625 65.49407196044922 108.33289337158203 89.37035369873047 2 34.9406623840332 58.25206756591797 57.69615173339844 85.04521942138672 1 52.668155670166016 97.35417175292969 141.96780395507812 130.8516845703125
7 14.936241149902344 0.715803325176239 46.41997146606445 17.732439041137695 3 13.549539566040039 14.577199935913086 46.21561050415039 29.400419235229492
0 53.126068115234375 44.053009033203125 90.73355865478516 63.17661666870117 1 47.93954086303711 23.86517333984375 88.41126251220703 42.5797233581543 4 43.8248176574707 18.96538734436035 92.16993713378906 42.11350631713867
7 58.419410705566406 37.64690399169922 107.69229125976562 63.529335021972656 3 62.254241943359375 56.42560958862305 105.239990234375 79.25350952148438 1 59.17648696899414 36.028255462646484 107.29290771484375 62.004150390625 4 61.67108154296875 36.006431579589844 111.82333374023438 57.801483154296875 4 17.64967918395996 87.62452697753906 49.752620697021484 107.06376647949219 7 62.52425003051758 49.0242919921875 95.53487396240234 68.77986907958984


6 28.65213394165039 37.99044418334961 62.14933395385742 57.838531494140625 1 28.80945587158203 23.92975616455078 68.9246826171875 44.1069450378418 4 29.88408088684082 23.449548721313477 64.59895324707031 41.779048919677734 1 21.9493465423584 20.217330932617188 55.22942352294922 37.41908645629883
1 1.7629776000976562 7.447936058044434 36.24287414550781 20.923662185668945
2 10.208428382873535 15.741116523742676 32.6651496887207 29.069869995117188 3 11.953030586242676 15.222338676452637 31.21994972229004 27.73293113708496
7 16.575693130493164 21.698360443115234 43.5772590637207 37.080055236816406



4 47.45805358886719 1.4075121879577637 76.79888153076172 20.523427963256836
3 37.68576431274414 2.661311149597168 74.36510467529297 27.07946014404297 0 10.419180870056152 60.202125549316406 52.53268814086914 79.04370880126953 7 22.726322174072266 32.24132537841797 63.31095504760742 51.722686767578125 4 23.768905639648438 32.529300689697266 64.70462036132812 54.714271545410156


5 39.55689239501953 37.21693420410156 73.60865783691406 54.592620849609375 7 35.051246643066406 50.45867156982422 71.955810546875 67.7535400390625 9 40.25254440307617 33.56597137451172 74.59518432617188 51.25139236450195 1 14.149478912353516 34.29612731933594 35.04909896850586 46.59362030029297
9 59.32666015625 57.29358673095703 92.8753890991211 77.66283416748047 1 18.46851348876953 80.3336410522461 72.09292602539062 105.31729888916016
5 10.238192558288574 9.920186996459961 29.621158599853516 21.774784088134766 1 13.443419456481934 23.5041446685791 36.69539260864258 34.53331756591797
6 11.704696655273438 13.850984573364258 66.45550537109375 35.87700653076172 0 15.170917510986328 33.393028259277344 62.54714584350586 54.7476806640625 0 23.4150390625 12.894937515258789 70.38021087646484 35.24823760986328
4 13.460007667541504 4.96492862701416 44.434669494628906 23.46143913269043 4 10.195218086242676 22.255359649658203 48.19827651977539 40.06569290161133 5 16.073701858520508 42.709197998046875 46.365962982177734 61.0931396484375
2 44.132869720458984 65.09432983398438 68.37751770019531 78.99784851074219 1 40.621360778808594 48.03741455078125 67.3970947265625 62.96815872192383 1 50.83156967163086 9.603126525878906 85.88160705566406 32.46938705444336 3 38.62535858154297 54.86393737792969 63.759212493896484 70.67613983154297
1 37.96371078491211 142.38180541992188 73.26072692871094 158.87643432617188
8 15.021732330322266 22.641433715820312 46.864707946777344 38.55083084106445 1 14.748966217041016 12.031177520751953 43.45460891723633 25.912376403808594
2 19.141944885253906 17.459022521972656 49.18513870239258 38.46733856201172 7 17.733016967773438 38.08325958251953 50.77644729614258 55.36209487915039 1 10.268692016601562 2.8488240242004395 49.56092834472656 16.38362693786621
3 15.092476844787598 42.71928024291992 50.05775451660156 62.62788772583008 2 4.970225811004639 36.15346908569336 49.362789154052734 62.992000579833984
4 11.632611274719238 11.775819778442383 29.455303192138672 22.86795997619629 9 15.063447952270508 15.184484481811523 32.135528564453125 25.901201248168945 5 7.589894771575928 25.943227767944336 31.2658748626709 37.606910705566406
6 48.91545486450195 50.1207389831543 87.20622253417969 74.1172103881836 1 45.30902099609375 38.230690002441406 90.01099395751953 55.178470611572266
1 26.02606964111328 0.6800138354301453 55.88450622558594 16.385902404785156 4 25.661693572998047 4.391063690185547 62.691368103027344 24.864112854003906 4 7.980169296264648 12.863094329833984 40.14394760131836 31.288034439086914 7 13.003602027893066 8.782801628112793 43.37141418457031 30.881206512451172
0 17.964488983154297 5.885320663452148 45.60501480102539 20.123851776123047 7 2.4541263580322266 2.6444332599639893 34.27573776245117 17.50385856628418
7 25.945175170898438 32.748863220214844 53.2902717590332 46.8438835144043 7 12.131720542907715 15.96534538269043 39.389400482177734 30.804603576660156 7 24.192373275756836 39.309391021728516 58.29317855834961 54.068416595458984


4 8.65711498260498 21.307512283325195 35.80091857910156 40.25397872924805 4 10.341716766357422 3.9769015312194824 39.140716552734375 22.061939239501953
4 110.67776489257812 104.54285430908203 151.56350708007812 131.4536895751953 8 109.0775146484375 134.1906280517578 145.19891357421875 154.24063110351562
7 8.12407398223877 28.681079864501953 46.018192291259766 43.31040954589844 3 13.908768653869629 3.7595839500427246 50.34394836425781 18.414432525634766 0 12.84620475769043 44.368011474609375 53.41510772705078 59.673492431640625 0 8.354475021362305 16.550588607788086 49.01969909667969 31.334705352783203 2 9.030916213989258 2.7779812812805176 40.86684036254883 17.370206832885742 1 21.27117919921875 26.985979080200195 54.85922622680664 39.909934997558594
7 10.907196998596191 38.32475280761719 45.196163177490234 58.678653717041016
6 14.912843704223633 52.84101486206055 42.38943099975586 68.28036499023438 1 12.323688507080078 42.58265686035156 38.43864059448242 56.0618896484375 1 42.55587387084961 38.943153381347656 83.0 60.2802734375 1 0.0 1.5697320699691772 30.993791580200195 20.209579467773438 1 42.285797119140625 9.636929512023926 83.0 29.552045822143555 1 12.227635383605957 5.351380348205566 61.261260986328125 25.365739822387695
1 40.703617095947266 49.98892593383789 80.09251403808594 69.61198425292969 5 43.174076080322266 31.133024215698242 82.62454223632812 53.6043586730957 4 44.88954162597656 6.526163101196289 91.8744888305664 32.94121170043945 7 44.04222869873047 7.836451053619385 89.22158813476562 33.47355270385742
5 14.999714851379395 40.33262634277344 38.63652038574219 56.49459457397461
1 7.8996758460998535 33.796268463134766 35.99789810180664 50.01585006713867 0 6.6924262046813965 47.257137298583984 39.42810821533203 63.88278579711914 6 33.24736404418945 41.077415466308594 59.218719482421875 56.578792572021484 4 38.5818977355957 2.1778039932250977 64.5174560546875 14.399069786071777 8 36.19960403442383 43.08766555786133 62.087371826171875 57.04166793823242
5 30.515026092529297 44.31327819824219 91.26522827148438 78.2015609741211 0 30.288116455078125 7.7218546867370605 85.81622314453125 39.7000617980957 9 40.84287643432617 10.01541519165039 95.883056640625 43.78653335571289
2 60.58550262451172 9.707477569580078 87.14201354980469 24.508609771728516 2 60.437416076660156 3.8238017559051514 84.3690414428711 17.506698608398438 3 56.39208221435547 0.6277999877929688 88.95067596435547 16.32465362548828
8 92.5665054321289 81.79131317138672 127.38632202148438 104.49108123779297
1 67.07894134521484 51.55609893798828 182.9877471923828 110.72425842285156 7 80.2516098022461 55.757259368896484 186.22683715820312 99.97990417480469 4 8.5995454788208 33.63725280761719 79.86256408691406 77.02239227294922 7 31.952495574951172 62.896846771240234 86.34264373779297 95.2193832397461 4 32.42265319824219 52.83012008666992 101.03646087646484 96.69512939453125
5 7.820710182189941 10.13217830657959 33.26288986206055 21.43293571472168
2 15.784647941589355 18.869897842407227 47.91463088989258 37.511539459228516 0 24.0026798248291 3.180190324783325 53.3669319152832 17.68829345703125 6 13.41708755493164 0.2121904343366623 48.14201736450195 17.084823608398438
5 12.01081371307373 7.583642959594727 31.976558685302734 19.351011276245117 4 13.859251022338867 17.95146369934082 36.51581573486328 28.86794662475586
2 39.47789764404297 0.3145301342010498 83.2493896484375 26.001361846923828 5 24.092737197875977 21.65066146850586 72.52174377441406 49.48712921142578 3 9.423582077026367 48.684165954589844 57.82680130004883 82.40475463867188 5 18.57723617553711 51.54328536987305 60.81926727294922 77.52268981933594
2 45.9161262512207 51.93361282348633 87.4616928100586 80.4549331665039 5 42.90568923950195 19.713760375976562 86.84161376953125 50.68563461303711 1 34.60300827026367 82.57555389404297 90.47187805175781 110.1838150024414 1 33.14464569091797 1.8164986371994019 94.99075317382812 27.14818572998047
8 13.382856369018555 35.7510986328125 53.58094787597656 60.749629974365234
0 10.569369316101074 31.47093963623047 47.051483154296875 45.79084014892578 1 16.490198135375977 8.31383228302002 59.09156036376953 22.432966232299805 4 10.969914436340332 7.233375549316406 46.52729034423828 20.747825622558594 4 25.04629135131836 19.932191848754883 54.35020065307617 34.19286346435547 1 11.979572296142578 17.873302459716797 47.51878356933594 32.63383483886719 6 30.90857696533203 16.997709274291992 58.65005874633789 28.897626876831055

1 8.534711837768555 1.5148710012435913 48.22976303100586 17.603759765625 7 7.624718189239502 0.22740453481674194 41.926578521728516 16.342418670654297 5 19.630815505981445 37.78645324707031 48.02132797241211 56.506473541259766 0 13.000814437866211 20.973575592041016 50.64620590209961 36.67910385131836 3 18.348899841308594 38.447898864746094 49.509586334228516 57.88193893432617
9 28.764678955078125 0.4783156216144562 68.51407623291016 21.698795318603516
1 32.40370559692383 13.75654125213623 90.7575454711914 35.62593460083008 7 36.92008972167969 25.116802215576172 93.34810638427734 51.825321197509766 2 30.533884048461914 25.188222885131836 91.78050231933594 53.89586639404297 2 24.90972137451172 61.4506950378418 71.74604034423828 85.4007797241211 7 22.33937644958496 64.30519104003906 72.82889556884766 88.53401947021484 1 29.031604766845703 61.41043472290039 76.52198791503906 84.42023468017578
7 11.65727424621582 14.941445350646973 40.091392517089844 30.851001739501953 0 15.441411972045898 0.9519179463386536 40.57738494873047 15.408001899719238
4 15.519527435302734 41.44734191894531 79.35600280761719 70.8455581665039 4 37.359737396240234 34.06159210205078 89.90435028076172 61.153690338134766
2 144.48826599121094 139.2118377685547 186.8184051513672 160.53012084960938 1 47.48988723754883 176.60507202148438 111.38217163085938 205.31048583984375 2 154.546875 121.87583923339844 201.24281311035156 147.45230102539062 1 38.96940231323242 115.5759048461914 158.4848175048828 165.35330200195312

5 6.815155506134033 10.2628755569458 27.06283950805664 20.3902645111084 2 9.286084175109863 24.99627685546875 31.7945556640625 36.88901138305664
8 16.146099090576172 26.696563720703125 39.364559173583984 38.35799026489258 1 8.757747650146484 15.977545738220215 35.668582916259766 28.143524169921875
6 27.813817977905273 27.686359405517578 58.00128173828125 43.733882904052734 9 31.942787170410156 45.03738021850586 60.550872802734375 61.9739875793457
8 17.52907371520996 9.58636474609375 45.408565521240234 26.40269660949707 1 22.30557632446289 1.216551423072815 51.94179153442383 14.275177955627441

7 148.10494995117188 124.76058197021484 203.01918029785156 159.21246337890625 3 151.88119506835938 98.73492431640625 194.47813415527344 130.89044189453125 5 157.30929565429688 104.61328887939453 207.54519653320312 138.1206512451172 7 152.83824157714844 137.51876831054688 233.0 174.9642791748047
3 33.718448638916016 69.33999633789062 85.59281158447266 98.88543701171875
2 12.306533813476562 16.935531616210938 43.266448974609375 33.39263153076172 4 30.264175415039062 26.845312118530273 63.616756439208984 44.74907302856445
6 63.386837005615234 35.437339782714844 87.55240631103516 53.95603942871094 4 60.939674377441406 21.602699279785156 89.2078628540039 40.50235366821289
2 20.880062103271484 43.84733581542969 53.7418327331543 66.54230499267578 1 15.586019515991211 23.46820068359375 54.047264099121094 43.207672119140625 1 23.05621337890625 33.099395751953125 53.31639099121094 49.82839584350586 2 18.710920333862305 38.18495178222656 51.64231491088867 53.06975173950195
5 8.40611457824707 29.386842727661133 31.342166900634766 42.89344787597656 6 18.7423152923584 33.36105728149414 48.053672790527344 47.0336799621582
8 108.49365997314453 56.33320617675781 171.53260803222656 99.32298278808594
0 7.524957656860352 20.762542724609375 29.723243713378906 34.49667739868164 4 7.8022565841674805 12.318880081176758 33.478607177734375 24.37008285522461
4 10.855738639831543 7.649213790893555 28.137962341308594 16.621200561523438 0 11.966238021850586 16.526538848876953 28.73211669921875 24.732450485229492
0 26.481807708740234 46.762210845947266 54.257991790771484 61.75309371948242
2 11.346927642822266 5.319550037384033 46.43877410888672 26.418184280395508 5 9.698134422302246 29.62588119506836 54.56570053100586 51.644996643066406
1 27.759654998779297 13.98328685760498 71.83663940429688 33.45534896850586 9 23.996877670288086 38.40312194824219 69.71855163574219 61.159698486328125
8 90.92723846435547 102.06234741210938 127.9437026977539 124.49276733398438

4 8.200716972351074 7.3299880027771 28.126583099365234 19.401288986206055
6 47.15324401855469 45.33243942260742 118.92575073242188 85.72093200683594 9 50.133941650390625 99.75653839111328 128.18145751953125 139.3705291748047 1 29.30791473388672 8.900168418884277 102.65882110595703 43.569332122802734
7 105.55011749267578 96.13715362548828 139.35140991210938 109.27920532226562 7 107.20526885986328 81.53382110595703 149.1973876953125 105.26396942138672 1 53.21280288696289 180.00094604492188 104.162841796875 204.7749481201172 1 30.811161041259766 190.01705932617188 84.06108093261719 206.33001708984375 7 110.65811157226562 97.75059509277344 151.30795288085938 119.08692169189453 1 106.75460052490234 63.84894561767578 141.70211791992188 90.32950592041016
3 16.171777725219727 32.9708251953125 40.79075241088867 46.56562805175781 3 17.565649032592773 19.667499542236328 41.948665618896484 34.599029541015625
1 18.001436233520508 25.282474517822266 53.537105560302734 42.173683166503906 4 12.411805152893066 40.79599380493164 47.26219940185547 58.89649200439453 3 16.951982498168945 42.92205810546875 47.556297302246094 63.62041473388672
2 18.023893356323242 26.81598472595215 47.93270492553711 43.637577056884766 3 17.47551918029785 43.369598388671875 46.355552673339844 60.161346435546875
2 16.553531646728516 6.670546531677246 49.724857330322266 26.550588607788086 4 10.057330131530762 21.735261917114258 47.47281265258789 40.86158752441406
2 10.447608947753906 19.51166534423828 39.79380798339844 34.73286437988281 7 13.628655433654785 35.54737091064453 44.15343475341797 51.43809127807617
9 9.971622467041016 21.68173599243164 42.54552459716797 39.72193908691406 1 20.966245651245117 13.521950721740723 53.87689971923828 32.663543701171875 8 4.0922064781188965 20.792871475219727 39.9478874206543 41.79570007324219 2 33.12335205078125 6.433732986450195 68.04667663574219 23.699853897094727 2 35.4837532043457 23.485952377319336 69.53411102294922 42.10441589355469 0 29.497844696044922 5.594976425170898 69.21122741699219 23.087499618530273
5 14.277175903320312 31.52484703063965 46.34415054321289 49.110721588134766

3 9.866021156311035 32.94446563720703 35.52058410644531 48.49169921875 4 13.140960693359375 19.497846603393555 43.63117980957031 35.80278778076172 6 9.372260093688965 19.929534912109375 36.6563835144043 34.732669830322266 2 6.580578804016113 33.56105422973633 32.448158264160156 47.81777572631836
1 29.696380615234375 5.65828275680542 63.06108093261719 20.472787857055664 4 29.929855346679688 25.882009506225586 58.526710510253906 42.60674285888672
6 27.67203712463379 42.40439987182617 74.59689331054688 63.91531753540039 8 14.000387191772461 59.577091217041016 57.65010452270508 83.3511962890625 3 38.257423400878906 22.339738845825195 80.13700103759766 43.36399459838867 1 32.56309509277344 23.553829193115234 74.37296295166016 41.9898681640625
9 20.83156967163086 43.918338775634766 49.27740478515625 58.09995651245117
7 71.79093170166016 63.11635971069336 120.11581420898438 90.59017944335938 2 58.02718734741211 65.2945327758789 114.13711547851562 93.01790618896484 8 48.86104965209961 67.18122863769531 92.15067291259766 89.71929931640625 1 17.45494842529297 71.64099884033203 58.54230499267578 92.37736511230469 3 49.02571105957031 66.4061508178711 84.20343017578125 86.79288482666016 2 43.837406158447266 67.40618896484375 82.05476379394531 89.80320739746094
2 48.661651611328125 37.0722541809082 97.98606872558594 65.63050079345703 2 57.46366500854492 60.102230072021484 99.38670349121094 86.83300018310547 7 55.35808563232422 62.46183776855469 97.10675048828125 86.8355941772461
8 6.141323089599609 14.39178466796875 34.580440521240234 29.342758178710938 8 9.529767990112305 1.3043901920318604 38.65553665161133 17.247314453125 4 24.389265060424805 50.43753433227539 56.711612701416016 64.32473754882812 6 10.895790100097656 1.4444265365600586 38.148094177246094 17.107290267944336 4 27.20224952697754 35.706119537353516 58.0133171081543 51.41956329345703
7 66.35671997070312 56.745445251464844 156.61572265625 97.87130737304688 7 78.80279541015625 104.11686706542969 145.3423614501953 147.82276916503906 1 68.9830093383789 15.742042541503906 158.92848205566406 63.69126510620117 7 78.18846893310547 75.29200744628906 147.4618682861328 124.21736145019531 7 71.48904418945312 127.2753677368164 129.5602264404297 155.6219482421875 1 82.77155303955078 7.987908363342285 131.3690185546875 44.276344299316406
5 21.41465950012207 17.92145347595215 44.21426773071289 35.71767044067383
5 13.431488037109375 0.0 49.73324966430664 21.9598331451416 9 27.524944305419922 20.245182037353516 60.00241470336914 40.47190475463867 4 40.47394943237305 40.60344314575195 74.28466033935547 60.95834732055664
2 16.72467803955078 28.750219345092773 40.54543685913086 46.659828186035156 7 11.849445343017578 17.820478439331055 36.78770065307617 33.01902770996094
1 6.364021301269531 26.307226181030273 32.68650436401367 37.1936149597168 1 6.137417793273926 3.4580469131469727 29.38488006591797 14.92498779296875 0 9.92171859741211 14.807531356811523 31.81580352783203 26.030786514282227


2 21.645299911499023 57.211612701416016 54.315582275390625 74.44387817382812 1 18.0131778717041 47.30820083618164 53.545894622802734 62.177886962890625
6 61.31549835205078 36.16663360595703 85.33221435546875 54.49250793457031 3 61.13716506958008 23.40022087097168 87.37344360351562 39.381229400634766 1 58.13819122314453 10.578883171081543 89.01486206054688 28.358287811279297 4 16.54233741760254 17.06829261779785 41.637611389160156 28.718610763549805
2 27.271472930908203 41.290977478027344 49.76119613647461 54.48172378540039 4 26.34014129638672 51.540199279785156 46.154266357421875 63.23469543457031 1 24.33024787902832 30.239013671875 53.60964584350586 44.1682243347168 2 27.69291114807129 33.75935363769531 51.92621612548828 47.86337661743164 2 23.988130569458008 47.25075149536133 48.285640716552734 60.49978256225586 9 24.389053344726562 48.13880920410156 52.06940460205078 63.81144332885742
6 22.94347381591797 52.134830474853516 49.27244567871094 66.0 5 20.59996795654297 39.9745979309082 47.15994644165039 51.99922180175781 2 0.0 13.98891830444336 28.957988739013672 29.853288650512695 7 0.0 12.639199256896973 32.23672103881836 28.70931053161621 8 0.0 12.677972793579102 26.400632858276367 28.41933822631836 7 39.9899787902832 8.262446403503418 66.0 22.71982765197754
1 10.271174430847168 14.43740177154541 33.091453552246094 24.048851013183594
8 52.206214904785156 52.09150314331055 92.38365173339844 77.15449523925781 4 22.278785705566406 80.41014099121094 63.70247268676758 106.37895202636719 6 53.22990036010742 53.979984283447266 93.39634704589844 79.31163024902344

9 21.739957809448242 9.829741477966309 67.79181671142578 33.95623016357422 1 15.435232162475586 57.90028762817383 60.65818786621094 78.79871368408203 8 30.791994094848633 36.115333557128906 73.45964813232422 61.054283142089844
9 31.3253173828125 18.570287704467773 63.31454849243164 35.32878112792969 4 27.52588653564453 1.762162685394287 64.02178192138672 20.869720458984375
3 36.1779670715332 43.91190719604492 113.37594604492188 78.62391662597656 1 43.046722412109375 16.4019718170166 111.23811340332031 45.96957015991211 2 35.16476058959961 45.80990982055664 91.95270538330078 76.70521545410156 1 35.487369537353516 56.707515716552734 105.09278869628906 90.57720947265625
6 57.72728729248047 71.93656158447266 101.44941711425781 103.98101043701172 8 60.212284088134766 72.1007308959961 110.56552124023438 100.16031646728516
9 31.600936889648438 37.15978240966797 83.14454650878906 70.02812194824219
2 15.183662414550781 20.429847717285156 37.36774826049805 32.03062438964844 6 11.480669975280762 28.31344223022461 35.5162467956543 39.15447235107422 3 8.504905700683594 28.884723663330078 37.432830810546875 41.42257308959961
4 24.97868537902832 21.682392120361328 61.71170425415039 40.70090866088867 3 25.324703216552734 39.67942428588867 57.0783576965332 61.4505729675293 4 16.745553970336914 8.464343070983887 47.6617317199707 29.725006103515625 8 28.512908935546875 35.30567932128906 59.85679626464844 58.301353454589844
2 22.86910629272461 28.52212905883789 49.346946716308594 43.71297836303711 4 22.60161018371582 41.62156295776367 50.92755889892578 59.30903625488281

6 80.06697845458984 54.147247314453125 116.83458709716797 72.09127807617188
8 108.4852294921875 72.64681243896484 154.79708862304688 103.94173431396484 4 13.022621154785156 76.58152770996094 108.88797760009766 116.13523864746094 1 98.9394302368164 48.075706481933594 172.23756408691406 77.96566772460938 1 93.3087158203125 97.28638458251953 190.58602905273438 138.20315551757812
1 48.06020736694336 7.472947120666504 127.30423736572266 39.43635940551758 0 32.896240234375 68.54994201660156 99.72859954833984 103.85807037353516 9 45.80956268310547 67.56123352050781 115.2218017578125 106.63116455078125

3 23.138628005981445 39.87843322753906 54.98726272583008 57.917030334472656 6 21.888874053955078 23.767610549926758 53.77740478515625 42.12084197998047 5 25.603166580200195 25.75701332092285 53.65068435668945 43.64339065551758
2 36.85061264038086 33.424339294433594 73.7002944946289 58.15351104736328 6 37.22332000732422 54.891929626464844 75.66378021240234 74.57955169677734
4 18.670427322387695 6.555365562438965 47.23910903930664 25.329425811767578 7 20.89031219482422 21.88119888305664 46.3836784362793 36.22500991821289 2 15.700295448303223 0.0 45.46936798095703 15.704756736755371
4 22.388870239257812 54.4891471862793 52.207183837890625 77.67503356933594
2 10.379904747009277 12.40464973449707 27.557907104492188 24.054658889770508


3 10.272186279296875 4.4777512550354 34.17095184326172 18.237056732177734 8 11.802190780639648 31.251569747924805 35.92451858520508 44.0 8 9.933418273925781 18.25727653503418 36.594337463378906 30.648252487182617 4 11.755186080932617 31.339336395263672 34.568965911865234 42.73862075805664
6 79.90975189208984 42.83318328857422 116.58016204833984 66.36612701416016

1 7.409597873687744 4.918606281280518 32.207942962646484 15.03784465789795 9 7.977909564971924 21.17764663696289 30.11529541015625 31.268526077270508 2 15.158562660217285 19.531599044799805 34.856021881103516 30.636314392089844
6 11.571667671203613 14.008376121520996 37.22704315185547 26.24414825439453


2 7.832303524017334 5.918283939361572 29.781009674072266 19.843477249145508 8 7.521726131439209 15.408394813537598 32.43511199951172 28.694364547729492 6 6.695807933807373 14.713617324829102 35.57741165161133 31.21548080444336
5 68.48500061035156 144.1011505126953 94.88906860351562 158.4338836669922 3 64.28157043457031 116.27456665039062 96.87181091308594 132.3580322265625 0 58.327484130859375 125.99946594238281 90.8498306274414 141.35531616210938
7 20.551464080810547 7.764178276062012 55.933807373046875 25.13559341430664 1 16.37549591064453 41.0284423828125 55.94419479370117 57.83571243286133
6 9.910140991210938 41.01777267456055 34.010074615478516 59.3460807800293 3 29.122161865234375 1.3022129535675049 55.84703826904297 18.861263275146484 0 17.645322799682617 22.852861404418945 47.69552230834961 38.56969451904297

8 19.897502899169922 20.97849464416504 47.73131561279297 39.55549240112305 1 5.403261184692383 12.440831184387207 38.5413932800293 23.538087844848633
8 13.030431747436523 46.628013610839844 47.522247314453125 62.26669692993164 2 15.356420516967773 21.347806930541992 55.31336975097656 41.971187591552734
4 21.349794387817383 20.647964477539062 55.58489990234375 41.49186325073242
5 14.10239028930664 49.67064666748047 51.562381744384766 68.52511596679688 3 35.331809997558594 14.500137329101562 66.78292846679688 34.93757629394531 4 20.97873878479004 32.085044860839844 55.904502868652344 52.36741256713867 6 13.31668472290039 50.35663986206055 47.84014892578125 68.14095306396484
1 9.041182518005371 6.008662223815918 34.29783630371094 17.051362991333008 3 9.27641773223877 14.644250869750977 36.272640228271484 29.43881607055664 1 10.378649711608887 29.43175506591797 35.416873931884766 41.252525329589844
2 29.883777618408203 13.512941360473633 62.2672233581543 34.107032775878906 6 28.61139678955078 35.91758728027344 66.00801849365234 55.83649444580078 7 30.626569747924805 37.65863800048828 62.763912200927734 58.5926628112793
1 10.560025215148926 15.34750747680664 38.72942352294922 27.59070587158203 3 14.344919204711914 28.625280380249023 35.57704162597656 44.38389587402344
7 14.135961532592773 23.626455307006836 40.10445785522461 37.62075424194336 4 18.12995147705078 27.784257888793945 43.13056182861328 41.09669876098633
7 8.281779289245605 15.686902046203613 28.36209487915039 27.207557678222656 3 9.188512802124023 2.455986738204956 26.849063873291016 13.476262092590332 6 7.729989051818848 5.711548805236816 27.463842391967773 17.9755802154541
3 12.797881126403809 24.958280563354492 34.65007019042969 37.22435760498047 0 11.476572036743164 35.42271423339844 34.138038635253906 48.0 5 8.728764533996582 33.81071472167969 35.532005310058594 46.917354583740234
3 7.6862382888793945 10.782661437988281 25.97482681274414 21.129745483398438
0 22.781658172607422 7.102795600891113 55.24091339111328 25.037200927734375
3 15.795042991638184 18.850862503051758 39.027183532714844 30.373668670654297 2 14.019974708557129 30.18471908569336 33.915042877197266 42.017704010009766 5 15.822649002075195 17.562923431396484 35.28317642211914 30.180368423461914
9 9.370027542114258 28.26729393005371 28.690053939819336 42.216121673583984 2 9.887608528137207 13.305148124694824 34.26713943481445 24.95662498474121
8 14.502485275268555 21.12875747680664 41.86612319946289 35.36915969848633 5 10.811803817749023 3.079350233078003 38.008819580078125 18.207523345947266
7 18.618417739868164 27.305782318115234 51.31958770751953 46.56292724609375 2 18.316747665405273 43.44405746459961 48.19904327392578 60.701786041259766
4 10.30647087097168 5.188164234161377 29.427818298339844 16.964603424072266 9 12.35921859741211 17.6762752532959 29.105369567871094 29.661252975463867

6 4.245299339294434 35.28202819824219 33.88739776611328 54.28942108154297 1 26.125289916992188 18.709123611450195 53.85270690917969 39.36717987060547

7 50.087764739990234 26.84684181213379 84.19532012939453 46.07351303100586 4 29.550199508666992 88.99988555908203 73.32856750488281 113.1067886352539 1 12.052730560302734 86.71786499023438 69.32762908935547 114.31354522705078 7 41.85029220581055 30.55919075012207 95.13825988769531 58.18355178833008
8 25.13945198059082 25.9682559967041 52.46277618408203 43.790313720703125 9 26.953969955444336 27.578100204467773 56.89649200439453 45.06538009643555
2 17.905258178710938 6.987196445465088 55.7675895690918 23.973108291625977 5 16.250526428222656 23.154767990112305 56.3206672668457 42.66074752807617 6 16.6700439453125 35.512271881103516 56.408973693847656 52.53448486328125 6 11.425919532775879 2.481259346008301 46.91267013549805 22.44089126586914
6 95.80363464355469 40.358360290527344 184.2536163330078 100.32666015625 1 130.14593505859375 0.9899160265922546 194.0 39.414737701416016 9 91.5054702758789 43.74991989135742 184.49588012695312 99.60868072509766
7 39.568626403808594 31.426223754882812 71.9668960571289 47.91773223876953 7 36.82686996459961 24.041385650634766 76.98333740234375 40.94408416748047
2 10.89779281616211 5.852432727813721 33.97437286376953 18.842252731323242
2 15.622574806213379 2.711235761642456 47.11833190917969 18.558006286621094 2 12.392881393432617 20.25433921813965 40.69521713256836 39.06364440917969

8 9.198784828186035 17.51950454711914 31.91494369506836 30.985389709472656 6 8.729165077209473 17.22731590270996 32.97751235961914 29.375545501708984
6 82.03592681884766 102.85314178466797 175.26951599121094 145.3998565673828 8 90.42179870605469 147.78428649902344 183.37510681152344 193.4129638671875
4 18.70437240600586 19.66737174987793 50.22107696533203 39.069583892822266 1 19.606388092041016 3.4200613498687744 56.178775787353516 19.021272659301758 6 29.745792388916016 43.017784118652344 58.99596405029297 62.825904846191406 7 25.660886764526367 20.973068237304688 60.28887939453125 40.43122863769531 2 17.829710006713867 18.106006622314453 45.33163833618164 37.31767272949219 4 26.515613555908203 1.7578041553497314 64.9549331665039 22.445301055908203
1 20.195940017700195 33.221214294433594 60.486724853515625 49.69142532348633 5 17.147478103637695 17.252099990844727 55.52312469482422 40.376888275146484 1 9.580446243286133 52.34846878051758 54.152305603027344 70.98899841308594
4 15.68591594696045 2.872722864151001 51.234737396240234 17.571361541748047 6 15.49768352508545 14.876457214355469 48.61335372924805 30.141843795776367 1 27.68086814880371 8.263077735900879 52.66688919067383 19.990524291992188 4 8.301900863647461 0.0 35.18307876586914 12.314718246459961 0 25.92540168762207 16.405256271362305 51.968509674072266 29.65102195739746
1 10.104635238647461 9.548178672790527 38.66744613647461 23.69594383239746 3 11.762917518615723 22.95663070678711 36.650238037109375 35.41111373901367 1 12.291730880737305 35.29115295410156 39.051902770996094 48.22282028198242

0 41.02263259887695 52.70399856567383 95.4857177734375 93.52152252197266 1 59.905517578125 36.71897506713867 115.37017822265625 71.09123992919922 1 26.257633209228516 74.86833953857422 74.12360382080078 114.59561920166016


1 81.11532592773438 57.65595245361328 103.74795532226562 69.67239379882812 0 82.01578521728516 65.29380798339844 108.13655090332031 81.13996887207031 0 0.0 63.350364685058594 48.105751037597656 84.20030212402344 1 61.705284118652344 53.533843994140625 107.06422424316406 72.51972961425781 1 76.9649429321289 52.25666046142578 103.69367980957031 64.26795196533203 1 0.0 10.612997055053711 44.84720993041992 32.89994430541992

1 40.82240295410156 32.9489631652832 89.46404266357422 57.39319610595703 2 20.93036460876465 75.585693359375 69.13961791992188 105.89285278320312 7 31.544361114501953 50.257713317871094 78.781005859375 80.70669555664062
5 14.164231300354004 31.848773956298828 34.471229553222656 44.315921783447266 3 11.245576858520508 18.026460647583008 34.72154998779297 34.498313903808594 5 11.79985523223877 4.698430061340332 39.696937561035156 19.247333526611328

2 30.13071060180664 34.887855529785156 63.14781951904297 52.149749755859375 1 25.811933517456055 11.551956176757812 62.40409851074219 27.927534103393555 4 27.020191192626953 52.4055061340332 61.868831634521484 70.79048919677734
6 30.421894073486328 63.933292388916016 69.59103393554688 82.30484008789062 4 32.19540023803711 42.13275146484375 79.51496887207031 68.22140502929688 5 31.003541946411133 66.36865997314453 68.4515380859375 82.13697814941406 1 31.71912384033203 28.313140869140625 85.98042297363281 51.11216735839844
4 7.6859540939331055 13.424149513244629 30.277320861816406 27.83077621459961
5 23.29279136657715 48.773651123046875 58.72893142700195 65.76936340332031 0 22.42054557800293 36.566837310791016 57.808349609375 50.13949203491211 2 22.902427673339844 11.145414352416992 52.78605270385742 29.9329891204834 3 26.28481674194336 23.66205406188965 57.245948791503906 38.40909194946289 1 22.923673629760742 0.0 70.80416107177734 14.956830024719238 6 23.708072662353516 47.7346076965332 57.3201904296875 64.35074615478516

7 12.505193710327148 27.495532989501953 38.28984069824219 39.68179702758789 1 7.977563858032227 7.5827107429504395 34.49342727661133 19.446094512939453
2 32.29158020019531 37.904937744140625 71.49913787841797 65.4638671875 1 26.37018585205078 61.357887268066406 70.3505859375 80.29566192626953
3 24.275903701782227 34.70234298706055 50.193424224853516 49.77861785888672 2 29.687440872192383 45.603309631347656 56.60083770751953 60.0 5 28.115718841552734 45.682491302490234 55.595272064208984 60.0
1 5.459231853485107 8.90512752532959 26.060504913330078 17.807132720947266
2 19.651290893554688 28.071441650390625 52.80310821533203 47.10487747192383 2 22.316144943237305 43.42265701293945 51.068397521972656 58.628501892089844 4 25.954700469970703 31.468278884887695 52.49009323120117 46.77444839477539
4 20.465656280517578 16.985605239868164 53.8823127746582 35.39414596557617
4 16.88234519958496 62.459877014160156 50.065189361572266 83.88172912597656 3 43.19808578491211 67.12553405761719 82.13276672363281 93.95880126953125
3 14.740306854248047 22.59215545654297 50.773502349853516 41.34907531738281 2 27.311126708984375 23.3089656829834 57.49711990356445 42.0246467590332 8 14.832952499389648 19.721439361572266 49.54854965209961 38.664466857910156
9 12.347142219543457 9.139666557312012 46.83875274658203 27.6206111907959 8 17.419879913330078 9.520551681518555 46.53652572631836 31.402008056640625
1 29.0400447845459 174.70440673828125 109.42085266113281 199.42991638183594 0 51.04603576660156 105.28931427001953 95.73385620117188 130.3549346923828 1 40.6494026184082 164.92074584960938 88.77777099609375 191.64889526367188 2 60.91059112548828 141.70228576660156 110.94058227539062 170.25074768066406
2 16.24744415283203 0.7992174029350281 48.1551628112793 15.638285636901855 4 21.619701385498047 0.0 42.55702209472656 14.994125366210938 1 17.60843276977539 14.669554710388184 51.4963493347168 29.572059631347656
3 12.10901165008545 1.8045072555541992 39.83412170410156 20.032630920410156 2 15.483050346374512 16.293685913085938 45.63616180419922 33.901878356933594
6 33.116790771484375 33.97416687011719 79.28035736083984 57.13835906982422 1 27.127182006835938 46.93083953857422 85.80303192138672 71.73146057128906
5 12.784587860107422 30.137039184570312 36.28525161743164 44.56057357788086 6 13.136629104614258 16.047338485717773 43.56499099731445 29.76513671875 5 15.547938346862793 17.46246910095215 40.248191833496094 30.17459487915039
2 43.84574890136719 74.43791198730469 73.64216613769531 93.86541748046875 3 45.93460464477539 71.60285186767578 81.30547332763672 95.68928527832031 1 40.092323303222656 90.49882507324219 74.21803283691406 108.55945587158203 1 33.67173767089844 22.840744018554688 98.62381744384766 50.29346466064453
1 13.997861862182617 23.84830093383789 47.07689666748047 41.6193733215332
9 10.400284767150879 0.27854979038238525 27.961904525756836 11.683551788330078
7 17.6624813079834 30.53352928161621 48.230770111083984 49.62535858154297 2 19.147687911987305 2.768369436264038 49.27642059326172 22.768617630004883
2 40.83487319946289 22.26782989501953 67.17621612548828 38.21544647216797 2 43.1616096496582 32.65073013305664 71.49021911621094 51.51156997680664
2 24.01297950744629 48.65102767944336 58.213829040527344 68.47157287597656 3 16.35905647277832 31.85724449157715 52.120567321777344 53.67168426513672 2 20.67133140563965 33.93410873413086 51.00838851928711 54.77622604370117

6 13.733254432678223 11.027359008789062 36.63676834106445 25.91466522216797 2 14.3956298828125 21.82343864440918 39.22863006591797 36.027992248535156 3 13.612717628479004 2.9958930015563965 37.433937072753906 13.88189697265625 7 14.383283615112305 3.3125829696655273 35.90935516357422 15.611322402954102 0 19.16037940979004 13.230311393737793 41.650230407714844 23.259538650512695 5 12.88250732421875 2.409008264541626 39.340084075927734 15.929454803466797

7 12.171995162963867 15.811280250549316 36.53477096557617 28.877662658691406 2 10.207847595214844 0.9211499094963074 38.40135192871094 14.545281410217285

5 32.64509201049805 48.53484344482422 54.21021270751953 64.0025405883789 4 31.40241050720215 39.68570327758789 56.56680679321289 56.97898483276367
3 40.400428771972656 47.95206069946289 71.97297668457031 69.1775894165039 8 41.64103698730469 49.65537643432617 74.0671157836914 70.27386474609375 9 43.76176452636719 47.45915985107422 73.79553985595703 68.05498504638672
3 28.90209197998047 6.674283504486084 48.56374740600586 18.17415428161621 1 42.519248962402344 24.340442657470703 105.93242645263672 51.46010971069336
3 10.0228910446167 55.86149215698242 45.20687484741211 75.9518814086914 8 13.061200141906738 59.71418762207031 42.4650993347168 78.17879486083984 1 0.0 41.927303314208984 51.57460403442383 57.62367630004883 1 0.0 10.95207405090332 42.120975494384766 29.64786148071289 1 42.19575500488281 35.53810501098633 90.0 54.09815979003906 1 22.818836212158203 9.208688735961914 78.37675476074219 29.10692024230957
2 24.782840728759766 11.828202247619629 64.26939392089844 27.68764305114746 4 24.89549446105957 24.62621307373047 58.28022766113281 40.580841064453125 3 13.093050003051758 36.655731201171875 46.925132751464844 53.42367172241211 1 20.59897804260254 23.773189544677734 48.72807693481445 38.79568099975586 9 25.291011810302734 10.038238525390625 61.5030403137207 28.992145538330078
4 12.236655235290527 41.99458694458008 37.26285171508789 58.16054153442383 9 11.294146537780762 45.62654113769531 42.55490493774414 67.2787857055664
5 19.815467834472656 22.510976791381836 44.36610794067383 37.780426025390625 1 20.482402801513672 11.56074333190918 47.17192077636719 24.065128326416016 1 17.046497344970703 1.467890739440918 52.462791442871094 17.589704513549805 1 20.148380279541016 17.34136199951172 44.80928421020508 29.49726104736328
6 46.029659271240234 38.8448486328125 81.15194702148438 59.21533966064453 8 35.933433532714844 86.15922546386719 70.19473266601562 104.48663330078125 4 47.01723861694336 59.12321853637695 75.08643341064453 81.30879211425781 4 52.344947814941406 26.2147159576416 98.5575942993164 56.386260986328125 8 46.11029052734375 10.40572452545166 92.8792495727539 37.86564254760742
4 9.785287857055664 34.328521728515625 41.015289306640625 49.3215446472168 2 15.122350692749023 16.90728187561035 48.15601348876953 34.459617614746094 2 14.680832862854004 30.992847442626953 45.386558532714844 45.466949462890625
2 62.34859848022461 44.85923767089844 92.59671020507812 67.56562042236328 2 10.048203468322754 47.753936767578125 44.26227569580078 72.62286376953125 1 32.750831604003906 47.83336639404297 76.27645874023438 69.20381164550781 1 47.54401397705078 24.92908477783203 104.0 47.49634552001953
1 100.01502990722656 58.35488510131836 164.60328674316406 80.32815551757812 1 102.31376647949219 43.96073913574219 137.5272979736328 62.55192565917969
1 18.20358657836914 14.891539573669434 70.91358947753906 40.37611389160156 3 24.87238883972168 36.17890548706055 73.86121368408203 64.8431396484375 7 21.209932327270508 38.48338317871094 73.66241455078125 64.66485595703125 6 38.21125793457031 33.93177795410156 80.59223937988281 64.38223266601562
2 98.52530670166016 50.107418060302734 148.20834350585938 78.59552001953125 3 103.11422729492188 33.6521110534668 147.83396911621094 61.488834381103516 1 120.12466430664062 1.5705119371414185 218.0 44.76237106323242 1 103.70423889160156 18.638866424560547 150.38876342773438 38.502899169921875 3 101.36040496826172 20.81682014465332 143.99371337890625 46.680084228515625
9 52.137245178222656 46.158355712890625 113.51078796386719 73.07024383544922 5 55.235599517822266 8.761958122253418 113.64678192138672 48.039268493652344 0 54.1389045715332 45.96456527709961 102.63895416259766 70.16849517822266

2 8.622652053833008 26.373777389526367 34.138553619384766 36.89097213745117
5 7.133041858673096 28.947265625 36.080352783203125 43.9239501953125

4 20.06895637512207 57.52162551879883 87.28229522705078 95.308837890625
7 12.413352966308594 29.87136459350586 47.40815353393555 45.2665901184082
7 14.567153930664062 26.16847801208496 41.210105895996094 39.11470031738281 2 18.067554473876953 15.359338760375977 40.38288497924805 28.689367294311523 4 9.857705116271973 15.626161575317383 33.26035690307617 30.662668228149414

8 76.61647033691406 104.38298797607422 106.32079315185547 122.76910400390625 1 18.598793029785156 40.66626739501953 83.0075454711914 68.822265625 7 31.657665252685547 43.11967086791992 93.55970001220703 70.06957244873047 1 67.29450988769531 12.49699592590332 128.0 41.66908264160156
2 9.927831649780273 0.8588930368423462 38.12053298950195 12.78892993927002 1 8.637651443481445 16.421106338500977 32.45634078979492 28.598602294921875

9 6.274370193481445 17.92868423461914 29.179790496826172 28.335588455200195
6 28.631893157958984 58.20092010498047 83.45450592041016 85.47061157226562 5 31.330904006958008 34.09149932861328 76.74290466308594 61.84140396118164
2 27.103233337402344 30.079763412475586 49.93491744995117 45.389251708984375
2 18.74982452392578 13.076664924621582 51.3267822265625 29.924602508544922 0 14.028493881225586 31.974891662597656 46.839595794677734 47.442527770996094 1 16.5057373046875 29.482820510864258 46.24766159057617 46.146480560302734 3 17.305606842041016 30.78667640686035 47.51609802246094 45.21540832519531
6 42.57624435424805 10.5733003616333 83.09841918945312 39.866695404052734
6 20.46812629699707 55.033748626708984 53.410804748535156 75.18498992919922 6 19.116180419921875 32.150108337402344 55.062713623046875 55.246177673339844 1 11.60458755493164 12.615376472473145 53.09168243408203 33.628849029541016 5 19.035137176513672 33.252071380615234 56.71315383911133 56.24882507324219

5 6.093979835510254 23.818944931030273 28.61079216003418 35.99062728881836 3 5.330460548400879 10.713078498840332 26.414533615112305 23.376323699951172
1 19.425464630126953 32.62802505493164 58.417823791503906 49.95906448364258 1 26.495702743530273 24.820844650268555 63.967830657958984 41.27077102661133 1 12.053312301635742 0.8775826096534729 48.63650894165039 16.952421188354492
9 23.294775009155273 60.04415512084961 62.07946014404297 78.67069244384766 1 25.391551971435547 16.413999557495117 74.3319091796875 37.0764045715332 1 31.037322998046875 28.539325714111328 60.74375915527344 42.15620040893555 1 18.828500747680664 61.11847686767578 56.552974700927734 82.5610580444336 1 28.939430236816406 49.55788040161133 59.46674728393555 62.2843017578125 3 23.972949981689453 41.62909698486328 62.031517028808594 60.32846450805664
1 9.43574047088623 11.927030563354492 38.57584762573242 25.59062385559082 4 13.018877983093262 22.315475463867188 45.55371856689453 38.99705123901367 4 10.22671890258789 11.333311080932617 38.722679138183594 26.343807220458984
8 102.90261840820312 11.841238021850586 145.4864044189453 39.881195068359375
9 14.83260726928711 19.602781295776367 41.81094741821289 38.153564453125 1 14.75503158569336 6.3300461769104 45.2957878112793 25.353267669677734
5 34.27907943725586 15.383893966674805 71.1458740234375 39.89643859863281 3 35.72971725463867 0.0 70.14564514160156 20.207773208618164 3 34.5284538269043 15.137227058410645 67.92229461669922 36.81538391113281 3 4.537909030914307 81.61028289794922 53.749237060546875 110.0 4 16.807605743408203 40.394813537597656 58.83203887939453 63.12078094482422
3 30.925020217895508 46.66024398803711 119.51089477539062 78.15876770019531 8 33.16411590576172 78.5945816040039 113.16706848144531 113.65542602539062 5 45.189849853515625 45.615631103515625 123.62806701660156 82.27873229980469 4 40.3061637878418 21.618497848510742 128.69886779785156 51.052696228027344 7 32.25664138793945 47.8140983581543 99.4488525390625 81.0272216796875 9 31.261343002319336 79.6150131225586 110.46875 117.47757720947266
5 16.818727493286133 38.0504035949707 69.52143859863281 59.618839263916016 3 18.459142684936523 35.818206787109375 63.13142395019531 59.799922943115234 5 32.563175201416016 69.68313598632812 82.79259490966797 98.00055694580078
6 9.10486125946045 45.394683837890625 42.18345260620117 64.71126556396484 2 28.010448455810547 15.618948936462402 65.10148620605469 35.16603469848633 1 15.885673522949219 30.23176383972168 57.12287139892578 47.45904541015625
3 30.605365753173828 2.2535383701324463 69.17611694335938 28.036479949951172 6 31.00090789794922 27.900297164916992 61.063899993896484 48.61748123168945 1 26.025440216064453 51.30054473876953 67.29702758789062 71.98261260986328
5 24.48624038696289 10.068632125854492 52.94874572753906 28.51723861694336 9 25.28300666809082 26.4407901763916 57.22159957885742 41.435970306396484 3 22.748058319091797 10.257575988769531 48.576114654541016 24.31403350830078
1 9.455986022949219 6.801914215087891 45.24126052856445 19.849552154541016
2 11.484888076782227 11.321362495422363 36.404293060302734 25.17634391784668 4 24.927480697631836 12.639657020568848 54.91205596923828 28.366683959960938
7 13.516270637512207 0.0 45.848636627197266 15.647031784057617 1 17.142532348632812 19.914684295654297 53.60329055786133 36.93611526489258 4 9.99688720703125 0.0 51.17847442626953 16.158552169799805 1 16.55817413330078 28.978662490844727 50.82982635498047 44.70882034301758 4 24.520742416381836 3.565443992614746 57.90648651123047 23.12364959716797

4 14.971686363220215 16.215036392211914 41.8978271484375 31.802330017089844
8 30.43410873413086 50.29900360107422 66.89994049072266 77.87922668457031 1 29.121156692504883 19.05173110961914 76.80403900146484 35.77785110473633 4 29.40361976623535 29.899742126464844 73.12478637695312 52.06842041015625 6 38.484954833984375 54.88921356201172 70.64196014404297 77.91633605957031
4 13.256890296936035 23.993234634399414 35.42155838012695 37.670345306396484 5 13.697552680969238 11.266225814819336 33.898841857910156 23.88789939880371 1 12.009025573730469 29.935523986816406 32.917850494384766 41.46927261352539
1 5.678951740264893 8.67533016204834 36.46088790893555 21.401111602783203
6 33.68040084838867 72.80224609375 63.875797271728516 87.75540924072266
5 7.2757744789123535 24.570436477661133 27.707937240600586 36.78718948364258 2 7.282026290893555 15.025464057922363 30.44378662109375 25.737812042236328

2 14.995564460754395 18.919103622436523 41.05619430541992 32.35737609863281 0 13.554828643798828 33.78755569458008 37.56114196777344 46.78955841064453 1 13.364553451538086 8.274044036865234 39.614593505859375 21.73381805419922 9 15.322545051574707 35.34373474121094 40.45151138305664 48.30280685424805
7 68.56964111328125 96.86222076416016 96.38420104980469 111.9537124633789 7 64.2395248413086 82.4579086303711 96.71277618408203 100.24527740478516 1 12.886184692382812 65.38327026367188 76.48670196533203 89.36470031738281
0 13.299386978149414 34.01372528076172 43.6168098449707 59.8058967590332 2 48.3062744140625 18.74610710144043 82.0 38.46046829223633 4 51.24626922607422 2.4522809982299805 82.0 20.869176864624023
2 7.797122955322266 17.985563278198242 31.278257369995117 29.34949493408203
3 21.824106216430664 9.905572891235352 65.53756713867188 33.21171188354492 8 16.6987247467041 33.57604217529297 61.79082107543945 54.26468276977539 1 21.45838165283203 47.72922897338867 67.44698333740234 65.03038024902344 5 17.341100692749023 10.829222679138184 65.96919250488281 32.390079498291016 7 20.987619400024414 8.714573860168457 54.79513931274414 32.34739303588867 0 30.612775802612305 34.12470245361328 66.38426208496094 54.48451232910156
8 36.802486419677734 131.0750732421875 84.4410629272461 154.6880645751953 1 85.89181518554688 41.562931060791016 160.0 70.1279296875 0 96.41658782958984 24.578035354614258 160.0 54.96641159057617 1 6.933934688568115 82.6581039428711 81.35116577148438 110.94805145263672 8 34.744781494140625 45.93668746948242 108.22097778320312 76.15962219238281 1 76.41203308105469 8.051737785339355 160.0 40.41848373413086
3 22.90862274169922 40.49337387084961 55.980892181396484 61.16939163208008 2 24.094432830810547 24.349802017211914 56.0016975402832 42.45938491821289
7 8.016023635864258 1.8240569829940796 33.22577667236328 14.028578758239746 5 8.362520217895508 10.875852584838867 34.48798370361328 25.964181900024414

5 15.600662231445312 42.1865348815918 49.36516189575195 60.76594543457031 9 16.637269973754883 19.355632781982422 50.350547790527344 37.78274917602539 1 13.05989933013916 15.173701286315918 52.25678253173828 31.658241271972656
2 22.98712921142578 27.09330177307129 45.67277908325195 43.99549102783203 5 19.74855613708496 37.49913787841797 45.103511810302734 51.02566146850586 2 21.925216674804688 36.01552200317383 42.727760314941406 49.41371536254883

2 7.276170253753662 13.85974407196045 33.90937805175781 29.488439559936523
7 62.17222213745117 81.22039031982422 97.42264556884766 102.01408386230469 5 63.11396026611328 67.65364074707031 98.3413314819336 83.96992492675781 1 61.43278121948242 52.3443717956543 97.33167266845703 69.61151123046875 5 60.22943878173828 56.29784393310547 94.6620101928711 77.71531677246094 7 45.16849136352539 87.47274780273438 101.06858825683594 117.61669921875 1 51.96251678466797 41.29509735107422 105.24551391601562 63.06919860839844
2 11.255532264709473 21.1189022064209 32.337886810302734 31.874618530273438
0 61.55605697631836 69.31929779052734 91.78926849365234 82.68963623046875 6 50.30541229248047 52.23676681518555 92.92964935302734 71.845458984375 7 34.76569366455078 86.20380401611328 67.38676452636719 102.30937194824219 4 62.58909606933594 86.78717803955078 99.7962417602539 100.87028503417969 5 32.65684127807617 78.314208984375 66.90323638916016 95.13207244873047 9 60.475032806396484 53.4602165222168 92.71173858642578 72.66631317138672
3 19.733488082885742 43.13121795654297 41.78208923339844 54.971988677978516 2 22.278913497924805 33.98318099975586 43.758056640625 46.61259078979492 3 24.207881927490234 47.83000183105469 45.80900573730469 59.94915008544922 1 20.010034561157227 23.914525985717773 50.69031524658203 36.43283462524414
5 12.140110969543457 29.87181854248047 38.361473083496094 45.257408142089844 2 14.974517822265625 29.895383834838867 42.86833190917969 45.9927864074707 1 22.75490951538086 2.5581536293029785 53.0 16.59237289428711
5 27.63528823852539 50.152244567871094 59.83992004394531 69.1863784790039 2 30.30377197265625 33.56298828125 60.00996780395508 54.865257263183594
6 37.091548919677734 39.26345443725586 75.2096939086914 62.23387908935547 8 36.328025817871094 19.609500885009766 75.90991973876953 41.02222442626953
4 13.557997703552246 22.10358428955078 37.49260711669922 34.225067138671875 1 8.636276245117188 33.87257766723633 38.99522399902344 45.80303955078125 3 13.133020401000977 9.25283145904541 39.088966369628906 21.25201416015625
3 23.85211753845215 75.99812316894531 64.38860321044922 99.90265655517578 6 30.042049407958984 52.71954345703125 75.61181640625 81.15571594238281 0 36.25774383544922 33.32307052612305 80.33909606933594 57.25293731689453 1 42.584373474121094 18.096515655517578 82.1772689819336 40.2956428527832
5 20.480493545532227 35.139625549316406 48.71267318725586 53.78981399536133 7 18.737119674682617 17.853965759277344 50.661590576171875 35.161705017089844 2 22.630632400512695 16.568504333496094 50.15293884277344 33.01730728149414
2 46.50879669189453 24.85845184326172 100.67489624023438 61.785213470458984 1 42.14121627807617 6.094911575317383 109.61543273925781 32.05842208862305 0 19.244131088256836 84.8620834350586 91.51326751708984 113.67723083496094 4 30.053142547607422 63.25324630737305 87.07977294921875 91.91914367675781 7 31.054445266723633 62.97626495361328 71.86685180664062 89.58778381347656

3 32.1153564453125 20.539108276367188 67.51287841796875 39.61575698852539 4 22.579378128051758 39.720611572265625 57.37448501586914 58.77296447753906 4 11.68238353729248 54.53077697753906 52.00275421142578 77.39366912841797 1 14.783740997314453 57.611358642578125 58.187171936035156 77.38157653808594
2 10.543684005737305 3.3128821849823 29.740638732910156 15.75439453125 4 11.06907844543457 13.410309791564941 30.157346725463867 23.782073974609375
2 21.294313430786133 52.278099060058594 53.951385498046875 67.82527160644531 5 20.663076400756836 40.69184112548828 50.660213470458984 52.95357894897461 3 18.69881248474121 38.611942291259766 52.46854019165039 53.9525260925293 3 16.34904670715332 28.824687957763672 46.630615234375 44.41682052612305 4 27.285982131958008 52.262542724609375 59.05955123901367 70.07283782958984 4 21.983261108398438 27.895702362060547 46.88494110107422 41.87260055541992
1 13.587944984436035 17.870960235595703 46.03776931762695 31.64398193359375 9 10.181427001953125 29.617883682250977 38.10409927368164 46.489017486572266 2 11.519326210021973 29.318693161010742 37.957313537597656 44.68400573730469 1 7.813925266265869 34.00421142578125 36.594905853271484 50.57026290893555 1 0.0 49.18262481689453 26.69487762451172 64.45045471191406 0 0.0 50.533203125 27.073240280151367 65.96159362792969

3 62.50068664550781 84.98856353759766 97.5728530883789 108.50540924072266
2 110.11016082763672 151.3247833251953 149.803955078125 181.02255249023438 1 94.6510238647461 136.85484313964844 150.4612579345703 168.3307342529297
3 14.229060173034668 11.70600700378418 37.462039947509766 25.047561645507812 4 15.966411590576172 1.1622374057769775 39.934505462646484 14.680710792541504 8 15.942947387695312 12.978635787963867 36.3614616394043 25.8245906829834
2 24.89129066467285 6.401257514953613 51.159820556640625 23.031978607177734

8 13.676763534545898 30.31761932373047 37.97629928588867 46.28404998779297 5 16.644739151000977 13.239272117614746 42.06011199951172 31.04039764404297
5 6.778831958770752 27.40326499938965 35.67643356323242 39.85538101196289 7 6.9660491943359375 9.002882957458496 33.2600212097168 23.472537994384766 6 10.996458053588867 20.218671798706055 36.70343780517578 34.48236846923828 7 6.882910251617432 16.074125289916992 32.01588439941406 29.518159866333008

7 38.72978591918945 127.13988494873047 93.90072631835938 155.06454467773438 1 31.76091766357422 100.06356811523438 112.6953125 130.7333984375 1 36.809181213378906 87.83399200439453 102.88909149169922 117.06669616699219
0 18.29117774963379 20.33340835571289 46.5759162902832 35.985496520996094
2 52.32146072387695 64.09675598144531 106.69956970214844 94.5199966430664 5 49.94573211669922 85.51311492919922 113.99239349365234 121.92460632324219 2 38.18440246582031 43.011474609375 112.91075897216797 84.91017150878906 6 39.777610778808594 60.382911682128906 129.65667724609375 103.26383209228516
2 44.73367691040039 13.974379539489746 87.49756622314453 32.16651153564453 0 39.34334182739258 44.86667251586914 83.31572723388672 62.34482192993164 3 48.92278289794922 26.619386672973633 77.68781280517578 41.66233444213867
8 60.30436325073242 35.695655822753906 112.31881713867188 64.54783630371094 1 54.611148834228516 8.511710166931152 133.6531219482422 42.722938537597656
3 23.66944122314453 19.630327224731445 44.65812301635742 33.44594192504883 3 22.20462417602539 5.456183910369873 47.45773696899414 20.58534049987793
2 13.669031143188477 21.103500366210938 40.547813415527344 37.61081314086914 2 16.88195037841797 4.608542442321777 41.995216369628906 21.58505630493164
5 36.98758316040039 27.259746551513672 73.11127471923828 50.51312255859375 9 70.85874938964844 30.885711669921875 111.24102020263672 53.297325134277344 8 53.337791442871094 26.62221336364746 102.81719970703125 54.649261474609375 6 43.528255462646484 26.58034896850586 95.20439910888672 54.37561798095703 1 13.664196014404297 27.379728317260742 53.22336196899414 47.22560119628906 4 0.0 57.457481384277344 39.987281799316406 88.13928985595703
1 11.566435813903809 2.7611799240112305 54.79928970336914 19.759363174438477 2 15.259907722473145 18.14581298828125 51.0975227355957 39.23066711425781 9 23.56287384033203 42.69710159301758 57.24748229980469 62.53375244140625 7 13.273636817932129 3.6236398220062256 44.4855842590332 21.83664321899414

6 205.24537658691406 74.04901885986328 247.09347534179688 97.92426300048828

3 13.755949974060059 4.5915117263793945 46.14379119873047 23.194326400756836 6 16.492111206054688 29.36402130126953 46.94305419921875 47.817359924316406 8 23.343259811401367 29.927406311035156 49.328224182128906 48.70637893676758 2 13.136884689331055 8.339482307434082 40.99056625366211 26.380399703979492
2 16.06706428527832 20.410165786743164 37.32282257080078 35.05314636230469 0 13.881072044372559 32.426307678222656 42.86250686645508 46.47505187988281 6 10.046595573425293 32.5828742980957 40.30417251586914 46.77783203125
2 55.28011703491211 0.0 111.88883972167969 30.597957611083984 1 106.28178405761719 29.65384864807129 238.30160522460938 78.64717102050781
1 11.761894226074219 3.6306262016296387 38.651084899902344 16.355710983276367
8 8.446027755737305 2.3723435401916504 27.526456832885742 12.76098346710205
2 97.63680267333984 38.61900329589844 137.07437133789062 65.5176010131836 4 95.55652618408203 4.191182613372803 161.73257446289062 37.01820373535156 7 88.6405258178711 5.631997108459473 150.89215087890625 30.839902877807617
2 13.093533515930176 6.6908860206604 35.01988983154297 20.39620018005371

7 20.88475799560547 71.00090026855469 51.22675704956055 90.53170776367188 4 22.790245056152344 54.24945831298828 53.872535705566406 73.67035675048828 3 19.82720375061035 85.0822525024414 50.00396728515625 104.16830444335938 1 41.702762603759766 38.382572174072266 83.43451690673828 64.02889251708984 4 42.36716842651367 42.494384765625 81.1810531616211 62.39582824707031 2 50.81833267211914 58.515235900878906 93.8082504272461 86.94251251220703
5 13.0418062210083 29.6597957611084 39.580787658691406 43.58481216430664 7 13.381916046142578 39.07036209106445 38.57902145385742 50.644752502441406 1 19.558378219604492 18.16716194152832 45.15589904785156 28.868913650512695 6 16.814056396484375 22.29450225830078 40.48768997192383 37.15827560424805 0 15.81384563446045 22.277244567871094 39.28070068359375 33.63485336303711 7 16.31222152709961 34.17378234863281 39.668067932128906 44.63141632080078
1 32.91785430908203 76.1637191772461 73.77599334716797 95.12935638427734 1 37.514530181884766 88.63653564453125 69.7566909790039 101.14205169677734
7 0.0 42.99808120727539 77.0934066772461 93.74960327148438
1 9.441838264465332 1.0754176378250122 29.66767120361328 12.306577682495117
2 115.74031066894531 68.85663604736328 159.9766082763672 98.02758026123047 0 120.83082580566406 90.06301879882812 165.13633728027344 113.95519256591797 0 113.34418487548828 96.61626434326172 158.7987518310547 130.14373779296875
3 20.023778915405273 27.861328125 44.10660934448242 44.922279357910156 7 15.689688682556152 43.231082916259766 47.32537841796875 61.999996185302734 2 18.73152732849121 29.140052795410156 43.363555908203125 46.59632110595703

5 11.838091850280762 5.895462989807129 31.848167419433594 17.978553771972656 3 8.804617881774902 15.927787780761719 30.75335693359375 29.409467697143555
1 14.419114112854004 41.71786880493164 42.59195327758789 56.185211181640625 9 18.62364387512207 56.4929084777832 50.09422302246094 72.96006774902344 0 19.86733055114746 53.20260238647461 46.86137008666992 71.31143188476562 8 14.20305347442627 55.704490661621094 50.66663360595703 70.84374237060547
9 38.660003662109375 8.170568466186523 71.67696380615234 29.126211166381836 6 47.15123748779297 0.0 69.92404174804688 14.851232528686523 8 45.72785949707031 0.0 68.64433288574219 15.180667877197266
3 10.32203197479248 17.443851470947266 35.0297737121582 28.236650466918945
3 60.909751892089844 0.6458040475845337 103.53519439697266 18.36211585998535 1 46.3035774230957 22.870410919189453 104.15792083740234 42.6950569152832 0 44.276954650878906 41.99222183227539 95.4061050415039 66.1555404663086 2 52.74752426147461 0.0 86.22427368164062 16.758573532104492 1 51.7115478515625 9.694426536560059 98.0552749633789 33.31988525390625

2 24.840564727783203 33.291019439697266 68.28196716308594 55.4870491027832 2 20.95660400390625 42.219852447509766 68.06278991699219 71.03428649902344 1 26.079248428344727 21.00678062438965 66.49514770507812 43.07267379760742 1 21.05036735534668 91.02800750732422 94.83577728271484 122.85700225830078 1 58.892879486083984 85.33100891113281 153.8929901123047 118.56756591796875 1 38.58045959472656 132.69049072265625 106.03924560546875 163.0
6 11.668191909790039 36.98662567138672 44.96256637573242 57.403656005859375 5 0.0 55.546043395996094 33.21844482421875 72.56774139404297 1 17.630590438842773 19.92277717590332 65.90766906738281 36.07221984863281 9 0.0 53.135189056396484 38.41090774536133 73.69913482666016
1 24.48641014099121 16.557266235351562 46.0 27.797964096069336

1 11.181010246276855 14.792886734008789 33.64313888549805 25.800739288330078 2 10.613518714904785 23.070735931396484 31.1844482421875 37.15388107299805

9 27.365474700927734 27.306299209594727 68.76966094970703 46.072021484375 1 34.53495788574219 12.05594253540039 74.17648315429688 32.44425582885742 1 28.622896194458008 41.864906311035156 72.27340698242188 59.7769660949707 0 31.950923919677734 30.138826370239258 62.84881591796875 44.360538482666016 1 59.47140121459961 71.82640838623047 96.0 89.66106414794922
6 37.20969009399414 12.7792387008667 63.74658966064453 30.843957901000977
7 8.63228988647461 17.50592613220215 38.83648681640625 32.934722900390625
4 10.019621849060059 8.246502876281738 61.49714279174805 34.79838180541992 7 20.616172790527344 0.0 75.78466033935547 26.007417678833008 4 31.56055450439453 12.232787132263184 83.59097290039062 36.146278381347656
3 13.921696662902832 31.311376571655273 39.32560348510742 45.276275634765625 6 12.268162727355957 15.433114051818848 37.17523193359375 29.990245819091797 1 10.554741859436035 0.08057352155447006 43.14169692993164 11.891210556030273 2 11.327692031860352 32.79694747924805 36.26911163330078 45.10838317871094
2 71.61088562011719 191.72055053710938 124.58993530273438 219.13360595703125
5 55.28047180175781 3.9277076721191406 112.60572052001953 37.581146240234375 1 45.777618408203125 97.38104248046875 132.68922424316406 130.79876708984375
7 64.33895111083984 99.13426971435547 104.21318817138672 120.98880004882812 2 64.87208557128906 76.08672332763672 104.0749282836914 101.3280029296875
8 8.409854888916016 15.738183975219727 30.696582794189453 26.838123321533203
0 8.502693176269531 19.923095703125 34.766841888427734 32.030941009521484 1 5.7910847663879395 9.3475980758667 34.514373779296875 20.25228500366211
1 20.73591423034668 69.84210968017578 55.15946578979492 87.45606231689453
5 13.464022636413574 25.064998626708984 43.06280517578125 44.40705108642578 1 10.354217529296875 15.868786811828613 48.115814208984375 33.37044906616211


1 35.90483093261719 93.37210083007812 91.51922607421875 120.73075866699219 6 24.942663192749023 82.04039764404297 91.63133239746094 124.10762023925781 1 47.83628463745117 98.04615020751953 82.9771499633789 109.8607406616211
6 15.290456771850586 3.457289695739746 37.673240661621094 16.70289421081543
1 17.2214412689209 100.92015075683594 59.39834976196289 120.11626434326172 0 18.071016311645508 119.84048461914062 55.46855163574219 136.5308837890625 4 65.77598571777344 54.98847961425781 130.49761962890625 97.16120910644531
1 14.795150756835938 11.224404335021973 44.114898681640625 25.401512145996094 4 8.36579418182373 27.01416778564453 40.61176681518555 45.18559646606445 1 7.36116886138916 6.139254093170166 47.43212127685547 19.4083251953125 4 15.891079902648926 34.2326774597168 44.95015335083008 50.27979278564453
7 6.69352388381958 17.143884658813477 31.9139347076416 27.90217399597168
7 16.461057662963867 54.69021224975586 51.507564544677734 71.56228637695312 4 13.655003547668457 52.51189422607422 46.167030334472656 72.42086029052734 2 13.859209060668945 38.9293098449707 48.19168472290039 58.57118225097656
7 8.936782836914062 25.51919937133789 31.764995574951172 38.796653747558594

4 75.89147186279297 31.874202728271484 146.6580810546875 103.61622619628906
5 8.122086524963379 5.92294454574585 22.338842391967773 15.336289405822754 4 5.9649248123168945 16.14934539794922 20.523208618164062 25.399547576904297
9 60.8516845703125 85.86417388916016 119.51751708984375 115.08338165283203 0 61.51179885864258 59.69888687133789 127.78329467773438 87.75869750976562 1 64.69518280029297 42.88663864135742 131.5970458984375 72.9561538696289

9 43.72071838378906 85.65999603271484 77.59190368652344 100.88697814941406 3 46.46333312988281 54.96421432495117 72.95447540283203 71.89862060546875 0 44.41202926635742 68.03307342529297 72.0018310546875 85.97395324707031 0 43.58281707763672 76.79385375976562 76.05471801757812 92.53582000732422 9 40.1318359375 68.54047393798828 76.95431518554688 84.71928405761719
0 64.10896301269531 85.03627014160156 108.26359558105469 112.47605895996094 3 68.08164978027344 109.73468780517578 97.70659637451172 131.58360290527344
1 73.35273742675781 17.678665161132812 142.75421142578125 66.73062896728516
5 12.15865421295166 8.34502124786377 32.95277404785156 20.308429718017578 4 7.557608127593994 22.54121971130371 29.009729385375977 31.927085876464844
5 30.40106201171875 3.875337600708008 110.72138977050781 45.922977447509766 3 32.4041862487793 0.0 100.98455810546875 38.97692108154297 1 46.563446044921875 103.1917724609375 124.8779296875 139.17318725585938
6 4.862253665924072 10.959341049194336 27.548879623413086 23.803401947021484 5 4.3326897621154785 12.403193473815918 27.388378143310547 26.729169845581055 9 4.7404303550720215 21.463092803955078 28.467609405517578 38.01345443725586
6 71.05160522460938 103.89358520507812 128.02989196777344 131.5591583251953 1 21.403520584106445 86.48346710205078 55.906646728515625 105.76195526123047 0 79.3887939453125 98.5948715209961 130.85516357421875 134.2317352294922
5 14.940052032470703 70.18052673339844 38.55562973022461 85.80242156982422 3 14.304951667785645 55.957855224609375 39.19289016723633 73.19438934326172 5 16.37261962890625 56.260372161865234 41.31795883178711 71.87106323242188 3 14.080240249633789 65.57984161376953 42.91245651245117 82.87657928466797
1 75.47661590576172 49.30805206298828 197.2265625 91.51068878173828 1 30.301633834838867 42.580848693847656 127.70707702636719 82.8189468383789
7 5.926488399505615 14.628856658935547 23.355770111083984 23.144325256347656 7 3.607525587081909 2.949727773666382 23.04642677307129 12.270641326904297
8 23.45379638671875 16.643842697143555 48.98115921020508 31.34539794921875 1 20.264299392700195 4.957244873046875 49.5311164855957 17.88516616821289
7 17.034101486206055 18.586027145385742 39.335838317871094 33.388336181640625 5 10.878622055053711 5.679243087768555 40.746734619140625 21.365142822265625
2 12.053648948669434 43.59558868408203 34.5606803894043 59.765708923339844
7 11.976953506469727 27.238618850708008 37.21613311767578 40.209346771240234 3 13.626365661621094 10.407212257385254 40.21455383300781 28.290433883666992
5 11.802618980407715 20.700496673583984 39.6101188659668 37.7053337097168 8 8.563136100769043 4.679960250854492 38.536190032958984 20.144508361816406
2 36.7415885925293 58.878135681152344 69.29786682128906 78.75012969970703 0 30.331565856933594 75.64197540283203 76.09698486328125 96.3053970336914 6 15.98692512512207 58.60524368286133 62.738285064697266 82.2657241821289 6 29.211219787597656 76.66341400146484 70.28629302978516 96.06484985351562 4 31.078397750854492 55.9259147644043 72.67865753173828 80.40054321289062
9 34.900142669677734 45.67420959472656 68.50324249267578 61.047767639160156 2 8.631089210510254 44.511817932128906 48.09921646118164 63.80653762817383 1 35.59754943847656 41.99991989135742 63.90644836425781 56.96016311645508 3 36.36897659301758 43.6806640625 65.71192169189453 59.75524139404297
3 17.90365219116211 1.981358528137207 47.46766662597656 18.551321029663086 7 16.808931350708008 2.4673027992248535 43.20709228515625 19.124265670776367 6 16.892881393432617 19.859189987182617 47.574893951416016 37.42627716064453
7 36.63893127441406 37.66423797607422 89.59028625488281 62.593841552734375 1 35.23921203613281 30.797332763671875 97.01132202148438 49.256134033203125
3 29.298250198364258 48.33485412597656 62.258880615234375 66.28809356689453 3 41.8867301940918 35.03800964355469 72.89373779296875 51.99411392211914 7 17.31154441833496 61.09041976928711 57.385772705078125 80.68379974365234 8 38.85881423950195 35.10428237915039 72.26789093017578 55.15964889526367 3 36.97127914428711 42.69639205932617 73.62457275390625 60.48613357543945 7 26.268423080444336 52.622352600097656 62.68011474609375 70.21575164794922
1 21.471874237060547 4.526432514190674 50.70758056640625 21.69764518737793 8 15.669208526611328 37.451385498046875 48.833274841308594 54.46678161621094 9 16.19495964050293 18.777772903442383 50.35601043701172 36.83531951904297 1 21.21702003479004 53.97876739501953 58.584136962890625 68.0 1 6.276034355163574 51.43975830078125 38.487335205078125 68.0 0 24.694175720214844 35.34429931640625 50.954566955566406 53.92971420288086
3 12.18676471710205 6.48073148727417 37.43525314331055 20.315122604370117 0 13.377805709838867 18.169513702392578 40.597633361816406 32.42070770263672
7 6.855806350708008 32.527587890625 29.072162628173828 44.40564727783203
4 19.539743423461914 48.63264083862305 47.166202545166016 62.88988494873047 1 18.984371185302734 36.29041290283203 53.99677658081055 50.63460159301758 7 16.214588165283203 36.74232864379883 44.1834831237793 52.33880615234375

2 13.324504852294922 3.7935874462127686 37.91667175292969 22.285694122314453 9 8.835555076599121 20.535524368286133 40.37252426147461 35.867496490478516
1 165.3800506591797 112.24640655517578 215.81903076171875 136.30950927734375 1 78.88490295410156 183.82568359375 154.47190856933594 224.4571990966797 1 158.954833984375 91.65303802490234 223.8970184326172 128.25076293945312 0 163.96432495117188 187.96444702148438 213.95631408691406 225.77127075195312 8 65.1247787475586 123.83919525146484 182.3302764892578 193.08399963378906 8 174.0942840576172 137.31752014160156 226.99282836914062 166.32009887695312
1 21.298633575439453 55.760353088378906 78.87305450439453 80.5313949584961 1 17.816587448120117 6.394798755645752 77.7735595703125 28.219968795776367 2 30.614486694335938 26.35102081298828 78.49290466308594 57.15049362182617
3 45.71609878540039 15.378758430480957 76.29135131835938 34.80112075805664
2 12.591404914855957 26.346277236938477 40.046939849853516 40.97321701049805
4 113.53736114501953 42.49958801269531 232.55352783203125 107.24193572998047 9 110.57188415527344 102.21832275390625 201.96469116210938 147.52159118652344 4 46.63691329956055 87.11477661132812 164.145751953125 146.30030822753906 2 81.03836059570312 51.51885986328125 207.48228454589844 113.44414520263672 9 35.9912223815918 74.0383529663086 88.712158203125 107.36663818359375
9 61.39616775512695 29.704345703125 108.251708984375 54.3798942565918 3 48.9551887512207 0.24099068343639374 103.7313003540039 20.924442291259766 1 60.29556655883789 8.972283363342285 103.41490936279297 30.808691024780273 1 61.66215133666992 22.481327056884766 105.97398376464844 39.97970199584961 3 58.95408248901367 9.066308975219727 99.18067169189453 31.645042419433594
9 29.563325881958008 25.109020233154297 73.3606185913086 46.18167495727539 0 22.72929573059082 56.21456527709961 68.23118591308594 80.34201049804688 5 40.07941818237305 21.646141052246094 78.38532257080078 44.53451919555664 1 19.83220672607422 61.985626220703125 65.93439483642578 82.45869445800781
1 20.158344268798828 18.335542678833008 58.232234954833984 34.86667251586914 6 21.459754943847656 27.536109924316406 47.469600677490234 43.478450775146484 5 25.467727661132812 28.519540786743164 51.84226989746094 44.86423110961914
5 84.34092712402344 47.49577331542969 116.09671020507812 64.65022277832031 6 87.05000305175781 59.48014450073242 114.92610168457031 85.5984115600586 2 77.50160217285156 13.797639846801758 117.07779693603516 35.727928161621094 1 57.98712921142578 113.12049865722656 118.97692108154297 135.33676147460938 0 81.70096588134766 31.8376522064209 112.65484619140625 48.343162536621094 5 87.63487243652344 62.138912200927734 114.18484497070312 81.84370422363281
2 22.900434494018555 12.584348678588867 51.544761657714844 30.219511032104492
5 17.06169319152832 77.06517791748047 61.71270751953125 101.98821258544922 2 15.08975601196289 54.140159606933594 82.29930114746094 80.94120788574219 2 36.808433532714844 17.02768325805664 92.74641418457031 42.873870849609375
9 13.440159797668457 34.51648712158203 38.324153900146484 49.185386657714844 4 12.634079933166504 28.783266067504883 37.52827072143555 42.083621978759766

1 17.054140090942383 9.81851577758789 62.836334228515625 27.969955444335938 5 26.234176635742188 32.514625549316406 61.56939697265625 56.501686096191406 7 13.39505386352539 54.819393157958984 58.261837005615234 76.86177062988281 1 18.48899269104004 56.110172271728516 63.743385314941406 73.5876235961914
8 10.237051010131836 31.8040828704834 37.20494842529297 46.28378677368164 3 15.081689834594727 20.88065528869629 40.13982391357422 34.08624267578125 2 11.198015213012695 21.759166717529297 36.21330642700195 34.287010192871094 9 9.838315963745117 33.61071014404297 31.322113037109375 45.936954498291016
3 35.98564529418945 54.271060943603516 89.35468292236328 83.88361358642578 0 46.68234634399414 35.07530975341797 93.25973510742188 58.237545013427734 5 36.07041549682617 0.0 100.83426666259766 40.419864654541016
2 17.83791732788086 4.206585884094238 46.56801986694336 22.859683990478516
1 23.400671005249023 34.479705810546875 64.25639343261719 54.78702163696289 4 20.076236724853516 44.74972152709961 62.232521057128906 66.66487121582031 3 16.284637451171875 10.363744735717773 64.29578399658203 39.62929916381836
8 11.180015563964844 12.963778495788574 40.1203727722168 30.56980323791504 5 6.368889331817627 28.986568450927734 37.87400817871094 45.041236877441406
8 57.242088317871094 61.960609436035156 93.93849182128906 85.77681732177734 1 70.73090362548828 111.71818542480469 137.0 137.0 1 0.0 111.4981460571289 61.750003814697266 135.24180603027344 4 46.67564392089844 81.5965805053711 99.63957214355469 107.43721008300781
2 27.762720108032227 33.026878356933594 62.7685432434082 51.164188385009766 6 26.44146728515625 45.72620391845703 56.40787124633789 65.31958770751953 5 25.546239852905273 48.70867919921875 61.19044494628906 67.5932846069336

4 28.367708206176758 25.230690002441406 50.427555084228516 38.951656341552734 4 29.225507736206055 7.9389214515686035 49.97809982299805 23.3223934173584 4 28.316356658935547 17.192136764526367 49.76546859741211 31.089214324951172
2 26.40209197998047 85.2586898803711 64.74482727050781 104.78081512451172 1 25.912755966186523 48.024139404296875 62.891075134277344 68.80934143066406 4 26.061283111572266 60.34979248046875 61.498043060302734 80.7230453491211 6 27.125640869140625 72.31483459472656 56.5732421875 92.31584930419922 2 29.60486602783203 74.84471893310547 60.76970291137695 96.59291076660156 1 67.34284973144531 10.200963973999023 117.00039672851562 38.33102035522461
1 52.4290771484375 4.341784477233887 102.23678588867188 28.81800651550293 1 52.441322326660156 73.34996795654297 116.74149322509766 102.63352966308594 1 0.0 30.29125213623047 29.147418975830078 46.13127899169922 0 46.03447723388672 20.652132034301758 115.24994659423828 50.95272445678711 0 53.065147399902344 47.31718063354492 112.38961791992188 75.56526947021484 1 0.0 25.506868362426758 32.380699157714844 35.29216766357422
2 12.118263244628906 35.054012298583984 35.96662139892578 48.0
3 18.67847442626953 1.9789464473724365 57.01943588256836 23.337486267089844 8 18.6158390045166 20.755390167236328 56.75296401977539 41.500213623046875
1 28.523744583129883 63.208126068115234 81.99301147460938 80.58563232421875 1 34.377838134765625 44.828975677490234 78.77806091308594 62.25205993652344 7 25.199556350708008 43.32807922363281 71.18180084228516 63.27774429321289 1 25.8422908782959 24.976716995239258 72.73555755615234 45.74324035644531 7 23.38047981262207 21.283432006835938 64.72789001464844 43.755035400390625 7 31.898588180541992 59.25190353393555 74.87020111083984 79.22818756103516
5 79.21410369873047 159.94639587402344 151.7077178955078 199.49473571777344 3 83.90399169921875 131.30941772460938 142.95921325683594 167.46820068359375
4 14.945427894592285 24.550960540771484 54.61570358276367 47.49894714355469 9 13.41634464263916 49.216285705566406 58.08924865722656 69.50975799560547 2 17.979053497314453 21.592144012451172 51.27318572998047 41.93381881713867 6 10.95599365234375 47.26618576049805 52.86953353881836 67.55148315429688

1 10.988937377929688 16.046463012695312 51.7620964050293 36.94266891479492 6 10.896740913391113 30.133678436279297 55.96814727783203 55.21842956542969
2 14.571331977844238 41.56855773925781 40.154884338378906 54.65205001831055 2 20.152267456054688 13.801688194274902 48.52016830444336 28.330217361450195 4 11.876943588256836 30.79783821105957 40.916351318359375 42.14509963989258 7 17.266599655151367 29.283180236816406 45.67155075073242 42.403228759765625 7 17.377628326416016 14.686957359313965 45.39651107788086 29.287134170532227
0 74.85295104980469 84.50055694580078 113.721923828125 113.7439956665039 5 77.15674591064453 58.1000862121582 121.8714599609375 88.9751205444336 8 79.32225799560547 88.92811584472656 111.9483413696289 116.27252197265625
9 49.809181213378906 73.01183319091797 92.32555389404297 93.85521697998047 3 53.76445388793945 52.722564697265625 95.64908599853516 75.11672973632812 4 48.34532165527344 93.63561248779297 90.51444244384766 117.12858581542969 2 49.85050964355469 76.25965881347656 92.62996673583984 101.85284423828125 1 10.079906463623047 34.79523849487305 67.01778411865234 68.60183715820312 2 45.04542541503906 86.92273712158203 87.84024810791016 115.37744140625
1 9.377705574035645 15.69571304321289 57.71834945678711 33.634037017822266 0 9.046321868896484 15.732033729553223 58.16120529174805 33.4882698059082 2 24.556716918945312 34.958065032958984 65.1273193359375 55.17388916015625 4 28.37543487548828 36.16846466064453 69.4013671875 59.54655838012695
5 7.943362712860107 21.807710647583008 27.67827033996582 35.165287017822266 2 9.758005142211914 10.925111770629883 28.10899543762207 23.546218872070312
1 97.3828125 16.662302017211914 231.28652954101562 66.49354553222656 1 148.82131958007812 89.0748519897461 288.7481994628906 150.6053466796875
1 72.20556640625 23.687854766845703 110.66006469726562 42.23260498046875 9 21.46113395690918 113.8368148803711 72.27301788330078 138.0 4 29.338090896606445 81.79176330566406 75.78759002685547 103.41417694091797 9 67.8249282836914 57.11830520629883 120.32058715820312 82.81495666503906 2 24.684730529785156 94.40383911132812 77.44444274902344 125.20036315917969 0 68.58812713623047 38.52858352661133 120.47775268554688 63.848812103271484

8 48.19911193847656 73.04290771484375 98.22233581542969 106.10874938964844
4 7.517021179199219 10.09166145324707 22.409015655517578 19.271377563476562
1 12.092842102050781 31.442907333374023 44.99125289916992 45.63818359375
8 102.94405364990234 41.306217193603516 167.0447540283203 78.27767181396484
2 24.611665725708008 26.11016273498535 71.8154525756836 50.64929962158203 0 27.2220458984375 45.9510498046875 71.82818603515625 65.97066497802734 9 21.25514030456543 27.81615447998047 71.55408477783203 50.76323699951172 1 26.726064682006836 43.46125793457031 65.53137969970703 60.12044906616211

6 18.337596893310547 25.761106491088867 47.08856964111328 44.52194595336914 2 21.305952072143555 36.59101104736328 51.9233283996582 52.10070037841797 3 19.87099838256836 32.712703704833984 49.64836883544922 51.77431869506836 7 17.42812156677246 47.2033805847168 53.97530746459961 62.19132995605469 4 20.863374710083008 39.79227066040039 56.759334564208984 55.55415725708008
8 70.69562530517578 34.06789016723633 95.99883270263672 48.86220932006836 3 61.6552734375 7.450872421264648 98.5413818359375 29.228628158569336 8 72.2907943725586 22.35437774658203 97.23326873779297 35.79927062988281 1 0.0 86.62433624267578 62.9401741027832 109.5232925415039
3 24.106884002685547 14.39992904663086 48.823097229003906 31.354755401611328 1 23.46177101135254 4.207015514373779 53.32942199707031 19.78265380859375 6 21.478370666503906 11.738245010375977 52.264312744140625 26.05303192138672 8 22.540761947631836 29.23028564453125 51.47012710571289 45.341129302978516
3 22.987464904785156 41.80256652832031 57.40413284301758 60.37537384033203 2 22.493345260620117 43.497528076171875 57.877071380615234 62.16862869262695 3 54.0418701171875 33.047752380371094 83.12834930419922 50.718753814697266

3 11.924539566040039 9.52149486541748 36.487449645996094 24.31241798400879 2 10.050350189208984 11.532721519470215 35.48344039916992 24.588821411132812 5 18.031023025512695 7.1017656326293945 45.107398986816406 23.061717987060547 3 16.22662353515625 19.204408645629883 39.03916549682617 33.516292572021484 5 15.569608688354492 23.490013122558594 41.41598129272461 36.3758659362793
2 14.229316711425781 7.611649036407471 35.87059020996094 20.078725814819336
5 17.11391830444336 57.58802795410156 48.752010345458984 75.02357482910156 1 15.585380554199219 36.30841827392578 49.70777130126953 50.99936294555664 1 20.378128051757812 48.14963912963867 49.193302154541016 62.96992492675781
6 19.267940521240234 27.188753128051758 45.16737365722656 41.739479064941406 5 18.031476974487305 11.627996444702148 44.063961029052734 27.244375228881836
2 39.02620315551758 20.128250122070312 65.3152847290039 39.71116256713867 4 36.49807357788086 35.162513732910156 64.84739685058594 50.11992645263672
9 22.308101654052734 54.96812438964844 58.30542755126953 72.71576690673828 8 25.034385681152344 55.922393798828125 56.665531158447266 72.56336975097656 1 10.326408386230469 65.22626495361328 59.37785339355469 82.0
2 24.908105850219727 96.01972198486328 90.58299255371094 126.62199401855469 2 69.08976745605469 14.265862464904785 133.70272827148438 50.00741195678711 2 41.84035873413086 51.62619400024414 104.58811950683594 89.04136657714844 3 17.818161010742188 82.10191345214844 77.49191284179688 111.94491577148438 9 66.7232437133789 16.543201446533203 113.55728912353516 49.51697540283203 9 31.408123016357422 53.86300277709961 91.0812759399414 83.6661605834961

7 26.80907440185547 33.677642822265625 68.44097137451172 52.66931915283203 6 9.695276260375977 5.51069450378418 63.60078811645508 28.1817626953125 0 28.6314697265625 6.409912586212158 69.67584991455078 32.26976013183594
1 24.349302291870117 41.60981369018555 70.51564025878906 58.99995803833008 0 17.73122787475586 55.58914566040039 65.79765319824219 75.9327392578125
5 20.476680755615234 27.228025436401367 52.53013229370117 43.78068542480469 5 17.668697357177734 41.197872161865234 54.262550354003906 57.385746002197266 3 21.055936813354492 16.38138771057129 55.387168884277344 34.2374267578125 1 8.70467758178711 51.66992950439453 47.09567642211914 68.23291778564453 5 22.72991180419922 18.45473289489746 58.505367279052734 32.8293342590332
7 7.96834659576416 20.189144134521484 36.331443786621094 33.05708312988281 6 13.049256324768066 31.90976905822754 35.788185119628906 43.74638748168945 2 11.11520767211914 8.769952774047852 35.748661041259766 23.149871826171875 8 13.662008285522461 30.93408203125 37.85267639160156 45.10531997680664
1 13.374329566955566 24.492982864379883 37.55900573730469 37.04670715332031 1 13.1036376953125 14.312170028686523 39.765560150146484 28.571609497070312
3 24.504676818847656 52.3187255859375 59.83428955078125 77.08541870117188 1 20.658140182495117 1.6097530126571655 74.37432098388672 19.40863800048828
3 10.850887298583984 10.86274528503418 25.549758911132812 19.772146224975586 3 8.587688446044922 2.0433688163757324 25.745529174804688 12.872228622436523 0 9.000076293945312 17.99100112915039 27.00139045715332 27.422100067138672
1 0.0 113.15306091308594 52.07109832763672 140.9117889404297 3 59.59379959106445 76.97602844238281 99.45703125 99.66315460205078 5 85.81999206542969 88.75244140625 149.0 122.11511993408203
6 40.618831634521484 136.22662353515625 95.20603942871094 175.3277587890625
5 45.8188591003418 69.36336517333984 69.93267822265625 84.88104248046875 4 18.907400131225586 24.4024600982666 41.21662139892578 37.200584411621094 2 40.49821472167969 43.96341323852539 66.44866180419922 59.219783782958984 0 21.425695419311523 68.84002685546875 44.570716857910156 79.44036102294922 0 20.65869903564453 62.670772552490234 46.381290435791016 74.69725036621094 4 17.961978912353516 31.82160186767578 41.49728012084961 43.48641586303711
3 13.747838020324707 47.13550567626953 45.814125061035156 62.173213958740234 1 18.956802368164062 35.9603157043457 53.19269561767578 49.89326095581055 1 24.35006332397461 26.793495178222656 58.3394775390625 44.34950637817383 5 12.38055419921875 46.468563079833984 41.981407165527344 61.06480026245117 0 21.734739303588867 35.82840347290039 53.848899841308594 51.92188262939453
0 19.20830535888672 39.435569763183594 55.68193054199219 56.44458770751953 3 21.251739501953125 53.56633377075195 55.52914047241211 67.80756378173828 6 19.71246910095215 22.62925148010254 53.64179992675781 40.80810546875 5 7.357245445251465 49.18570327758789 43.9632453918457 67.8466567993164 5 15.739511489868164 23.295366287231445 46.508087158203125 40.32708740234375 1 17.615859985351562 16.75914192199707 56.84608459472656 29.910627365112305
1 9.78943157196045 14.565061569213867 34.67174530029297 25.884387969970703
6 25.337574005126953 63.87670135498047 73.63825988769531 81.73514556884766 2 14.07152271270752 33.452491760253906 57.60649108886719 53.049659729003906 1 35.11083221435547 53.74396514892578 71.1170654296875 68.2259750366211 5 28.200878143310547 34.48780822753906 73.93384552001953 56.75906753540039 2 37.54710388183594 79.91973876953125 73.29861450195312 104.3858642578125 1 18.327184677124023 15.303420066833496 60.710243225097656 36.049461364746094
2 29.757835388183594 76.38458251953125 88.6311264038086 110.64256286621094 2 22.61475944519043 47.89396286010742 67.80258178710938 76.41429138183594 7 25.86994171142578 71.97185516357422 80.64892578125 100.46353912353516 1 28.07701873779297 22.04907989501953 84.20348358154297 46.87114334106445
2 22.83929443359375 17.650775909423828 45.25287628173828 33.24489212036133 2 16.526344299316406 32.725929260253906 39.87004852294922 46.11763000488281 2 9.093049049377441 41.451602935791016 32.5058479309082 55.24398422241211 8 8.276683807373047 41.043766021728516 33.587371826171875 55.542842864990234
2 18.71230125427246 10.163264274597168 41.17549133300781 22.605607986450195 4 16.784095764160156 25.81669807434082 38.979007720947266 37.16218566894531 1 13.222071647644043 27.409692764282227 39.274070739746094 39.862491607666016 9 13.714812278747559 8.99876880645752 36.71027755737305 21.75603485107422
1 58.59419631958008 41.28016662597656 89.67376708984375 59.855106353759766 9 12.335662841796875 34.848716735839844 49.907466888427734 59.9462776184082
3 14.51988697052002 8.53292179107666 31.96120262145996 20.025009155273438 8 15.045164108276367 20.990942001342773 32.10626220703125 32.755218505859375
2 30.969573974609375 70.45155334472656 124.98126983642578 131.51927185058594 5 42.78265380859375 136.57066345214844 132.67965698242188 185.82290649414062


7 11.256503105163574 42.91957092285156 53.928810119628906 60.73367691040039 7 21.245607376098633 24.742345809936523 60.075626373291016 42.75166320800781 7 43.941715240478516 63.735069274902344 74.2306137084961 75.0 1 16.9659423828125 24.89178466796875 55.27739715576172 43.79079055786133 1 43.86773681640625 57.11112594604492 75.0 72.40888214111328 4 47.30554962158203 56.53933334350586 75.0 73.43232727050781
2 93.65318298339844 104.85909271240234 134.20236206054688 133.8389129638672 1 95.24623107910156 31.862735748291016 169.0 63.373558044433594
2 21.314746856689453 15.230884552001953 55.45638656616211 33.347877502441406 4 19.200088500976562 32.1217041015625 52.562469482421875 55.13578796386719 1 19.956729888916016 51.22181701660156 55.48280715942383 69.85028076171875 4 19.912750244140625 44.35066223144531 56.88463592529297 63.49620056152344
2 53.910667419433594 46.642791748046875 79.27423095703125 64.71321105957031 3 55.22842788696289 57.02296829223633 81.45050811767578 73.88831329345703 1 49.684207916259766 0.0 96.0 17.347055435180664 1 0.0 5.248264789581299 30.729665756225586 21.532808303833008 1 9.350072860717773 1.8011775016784668 57.54405975341797 19.7800350189209 3 0.0 46.11629867553711 38.14372253417969 70.07213592529297
7 8.423308372497559 38.85859298706055 41.801265716552734 55.911678314208984 5 16.576845169067383 22.7891788482666 50.72678756713867 40.149452209472656
2 27.717117309570312 71.84352111816406 64.33568572998047 95.32395935058594 8 48.5721549987793 80.01768493652344 91.0738296508789 107.19142150878906 6 47.80546569824219 80.67162322998047 98.67381286621094 108.75482177734375
5 15.657482147216797 12.19992733001709 53.85564041137695 31.840023040771484
1 0.0 83.8880386352539 66.50952911376953 116.00248718261719 1 76.11033630371094 86.68212127685547 158.0 120.7908706665039 8 32.474700927734375 42.22379684448242 87.01241302490234 84.56165313720703
1 3.312411069869995 3.0253591537475586 33.56523895263672 15.338754653930664 5 10.665858268737793 11.231186866760254 44.395469665527344 25.155235290527344
8 62.4571418762207 29.142688751220703 102.75666809082031 51.562801361083984 3 67.25135803222656 7.1599602699279785 98.24037170410156 25.756778717041016 1 54.995887756347656 75.86699676513672 118.90902709960938 98.32376861572266 1 0.0 86.30518341064453 58.45945739746094 111.93853759765625 1 11.78742790222168 45.5544548034668 76.7848129272461 72.04251861572266 1 27.53634262084961 80.5576400756836 103.44894409179688 105.91145324707031
8 45.258575439453125 78.47964477539062 83.34833526611328 102.46992492675781 1 76.67527770996094 104.5162582397461 112.44438934326172 123.92593383789062 4 48.45753860473633 97.73726654052734 82.97898864746094 123.16858673095703 7 76.22280883789062 113.37889862060547 118.57513427734375 130.0 1 17.765316009521484 108.88525390625 51.70036697387695 129.18978881835938 4 81.59335327148438 31.147071838378906 110.15879821777344 52.42534637451172
9 30.824127197265625 43.2935791015625 74.42515563964844 63.13652038574219 3 18.05242156982422 35.029964447021484 60.510650634765625 57.46110534667969 2 24.898157119750977 43.68292236328125 63.982810974121094 65.40339660644531

4 32.420989990234375 30.788145065307617 64.07111358642578 49.212989807128906 1 32.94190979003906 21.492713928222656 66.82331085205078 38.17562484741211
6 40.923187255859375 70.64249420166016 63.17473602294922 83.776123046875 5 40.95813751220703 56.363372802734375 64.60382843017578 69.65864562988281 6 36.8648681640625 57.314212799072266 60.764102935791016 71.02529907226562 3 36.09299850463867 61.04450607299805 67.43516540527344 74.32151794433594
2 10.537580490112305 17.98440170288086 30.71853256225586 30.686885833740234
1 14.080589294433594 9.29620361328125 70.37544250488281 30.27385139465332 6 17.79856300354004 22.267013549804688 65.79977416992188 49.20527648925781 7 20.740882873535156 38.51945495605469 73.68732452392578 67.83946228027344
8 20.107362747192383 45.23065185546875 43.89247131347656 61.00038146972656 1 12.65305233001709 9.134635925292969 43.397823333740234 24.25910758972168 2 19.766677856445312 25.53423309326172 44.076904296875 43.12416458129883
1 24.481624603271484 48.74870300292969 57.034332275390625 65.89972686767578 1 25.59315299987793 31.844635009765625 55.978599548339844 50.70323944091797 1 12.656506538391113 59.98314666748047 65.02607727050781 76.20166778564453
0 14.344290733337402 29.785221099853516 73.27894592285156 52.573333740234375 1 27.40430450439453 64.22889709472656 86.65397644042969 87.50022888183594 1 24.015159606933594 6.213310241699219 76.9119873046875 36.608665466308594
3 14.398423194885254 26.290433883666992 41.351318359375 38.72705841064453 2 15.545564651489258 11.734135627746582 43.128108978271484 25.9041690826416 3 9.354597091674805 33.45113754272461 40.18045425415039 47.73005676269531
1 18.226764678955078 19.244970321655273 63.6905403137207 36.33317565917969 6 12.017938613891602 38.60040283203125 54.66533660888672 60.6662483215332
3 18.52640724182129 10.143545150756836 43.1619987487793 24.692880630493164 5 20.02072525024414 11.45795726776123 44.276206970214844 25.481733322143555

8 65.81366729736328 52.00151443481445 99.75729370117188 76.97623443603516
3 15.997472763061523 34.171661376953125 49.265384674072266 53.07557678222656 1 12.757305145263672 21.419116973876953 49.00088119506836 36.61650848388672
5 9.00495719909668 11.722833633422852 37.27587127685547 26.576080322265625
1 17.72892951965332 40.963233947753906 51.412261962890625 55.625553131103516 2 16.913898468017578 52.03743362426758 49.85541915893555 69.85009765625
3 34.549598693847656 38.670562744140625 83.9793701171875 71.14423370361328 2 47.701087951660156 10.15821361541748 98.23106384277344 39.37934875488281 4 18.74485969543457 72.23885345458984 71.80508422851562 104.89168548583984
4 32.35777282714844 35.68402862548828 59.96265411376953 53.40464401245117 5 34.283355712890625 19.147897720336914 63.52579116821289 37.324615478515625 2 32.447044372558594 17.460418701171875 64.03369140625 35.48748779296875
5 7.51228141784668 3.1826484203338623 26.877384185791016 15.995404243469238 6 7.281450271606445 2.143916130065918 25.332542419433594 16.526020050048828 3 8.166494369506836 2.3931891918182373 27.0996036529541 15.07009220123291
2 41.556785583496094 60.7418327331543 91.30560302734375 83.08960723876953
2 26.118165969848633 12.176749229431152 53.75040817260742 27.316513061523438 6 25.84971046447754 22.73305320739746 55.451637268066406 38.68695831298828


2 19.761600494384766 32.70180892944336 50.72925567626953 50.93729782104492 9 9.492332458496094 4.7078657150268555 39.907371520996094 20.78377342224121
8 128.2181396484375 116.44247436523438 160.19247436523438 142.3949432373047 5 132.63314819335938 142.99835205078125 166.73497009277344 168.52401733398438 7 41.373382568359375 39.510032653808594 146.58282470703125 91.7762451171875 5 134.8231658935547 131.3410186767578 172.1112060546875 157.849365234375 6 128.85458374023438 111.35560607910156 163.7376708984375 142.4687042236328

6 29.366548538208008 51.18743133544922 81.69376373291016 75.67314147949219 3 25.626893997192383 74.43234252929688 71.94888305664062 102.43412780761719 1 24.21983528137207 1.14915931224823 93.91201782226562 27.926429748535156 1 39.81561279296875 33.872398376464844 81.14341735839844 54.28635787963867

3 30.985424041748047 88.12159729003906 91.30554962158203 125.83216857910156 1 58.90346145629883 133.61630249023438 99.68836975097656 157.79470825195312 7 21.689926147460938 89.38787078857422 86.9840316772461 123.822998046875 1 22.378795623779297 43.45509338378906 105.19503021240234 80.39045715332031 7 16.233203887939453 121.82612609863281 78.14775085449219 160.36598205566406 1 22.73594856262207 124.19097137451172 112.02055358886719 162.0
3 46.25758361816406 27.514554977416992 77.5824966430664 45.39609909057617
3 11.819319725036621 29.469188690185547 32.81435012817383 41.42597579956055 6 10.663865089416504 22.026988983154297 32.82106399536133 36.24900436401367
9 8.025725364685059 10.317646980285645 33.5344123840332 27.272411346435547 4 39.1563720703125 10.93970012664795 67.0 27.45870590209961
5 7.121305465698242 30.69441795349121 36.94120407104492 44.06101608276367
8 25.25408935546875 0.09253900498151779 48.92881774902344 15.48969554901123 2 28.738971710205078 0.8809731006622314 52.41825866699219 14.419413566589355
1 53.76569366455078 47.42776107788086 136.0627899169922 108.73574829101562
5 56.367435455322266 51.96435546875 125.98616027832031 98.57007598876953 2 70.81085205078125 26.575233459472656 128.9224853515625 61.09109115600586 6 57.88154983520508 55.075260162353516 129.130126953125 96.01982116699219
7 21.39528465270996 18.354116439819336 56.31000518798828 37.05753707885742 4 25.800033569335938 54.533363342285156 43.646995544433594 66.76399230957031
2 10.053415298461914 18.616588592529297 39.22087860107422 31.68631935119629

2 14.246910095214844 19.122278213500977 39.18391418457031 34.62659454345703 5 13.773665428161621 2.359126091003418 38.69184875488281 16.544979095458984 2 14.742754936218262 1.5489839315414429 37.72196578979492 14.119122505187988
2 10.660530090332031 21.909961700439453 36.79152297973633 40.17170333862305 2 10.423515319824219 5.456770896911621 36.314430236816406 23.07423973083496 5 33.18860626220703 39.37360763549805 57.86751174926758 54.69120788574219 9 36.59992599487305 50.682823181152344 63.22431945800781 65.09102630615234 8 32.13433074951172 25.79636001586914 61.05561447143555 39.7349739074707 2 34.53474807739258 26.064699172973633 57.491050720214844 40.45783996582031
8 68.8451156616211 38.661136627197266 138.5860595703125 69.96283721923828 4 76.08751678466797 82.61875915527344 148.78408813476562 115.17855834960938 7 75.9413070678711 64.40214538574219 131.2664794921875 91.7498550415039 4 72.4116439819336 66.8430404663086 131.2940673828125 98.31239318847656
3 71.67501068115234 48.62794494628906 151.35874938964844 87.08100891113281 1 25.67978858947754 16.085336685180664 123.6915512084961 53.02284622192383 3 50.7679443359375 34.30888748168945 145.9014892578125 65.77210235595703 9 94.0065689086914 49.32460021972656 160.5289764404297 98.73196411132812 4 50.07448959350586 53.25889205932617 126.11092376708984 94.95430755615234 4 24.782100677490234 19.79810905456543 98.54551696777344 58.53688049316406
1 50.67295455932617 18.337322235107422 99.52889251708984 43.49031448364258 0 57.291015625 53.06181335449219 103.6597671508789 79.16021728515625 7 53.81153106689453 27.80650520324707 100.1400375366211 52.369625091552734 8 61.48275375366211 51.55266189575195 108.08187866210938 78.2272720336914
2 40.702545166015625 109.31771087646484 70.17461395263672 128.94798278808594 2 38.64323425292969 97.49980163574219 71.79488372802734 121.1676254272461 6 40.941184997558594 97.5225601196289 71.34076690673828 117.05267333984375
9 39.65634536743164 53.02480697631836 72.64034271240234 74.2972183227539 6 35.105472564697266 51.46017074584961 64.76737976074219 71.45574188232422
5 14.51647663116455 5.399036884307861 46.14958953857422 23.150360107421875
7 41.9581413269043 84.59215545654297 77.3826675415039 104.97794342041016 7 35.907222747802734 73.98013305664062 77.63150787353516 95.86736297607422


5 40.79547882080078 49.58063507080078 61.04844284057617 62.924346923828125 2 40.53009796142578 37.108028411865234 63.95725631713867 53.54716110229492 6 39.393367767333984 49.258140563964844 62.89296340942383 64.09464263916016 5 18.430477142333984 31.4666748046875 62.830535888671875 53.65497970581055 5 35.7332649230957 42.43391799926758 68.87999725341797 66.01583099365234
8 31.069847106933594 27.59177589416504 58.18795394897461 41.57396697998047 8 29.902273178100586 13.183660507202148 56.860107421875 29.593469619750977 9 29.798479080200195 26.985689163208008 55.89697265625 41.02779006958008

6 20.48114585876465 44.413814544677734 54.645748138427734 60.09785461425781 1 19.05379867553711 18.741165161132812 49.461212158203125 34.16073226928711 9 27.933746337890625 46.806034088134766 57.41246795654297 61.80082702636719 0 19.839651107788086 31.614051818847656 53.73600387573242 45.830692291259766 4 26.552139282226562 15.890583992004395 59.74094009399414 32.82426452636719
9 12.615553855895996 10.001503944396973 41.432701110839844 27.475217819213867 6 14.138275146484375 25.5567569732666 46.976375579833984 44.22366714477539 1 7.631563186645508 40.667137145996094 42.055335998535156 57.25094985961914
2 33.80790710449219 16.993549346923828 68.33877563476562 36.20899200439453 1 32.68564224243164 5.865269660949707 71.36638641357422 23.550291061401367
5 24.95241355895996 29.222251892089844 73.01069641113281 56.915504455566406 0 14.505291938781738 65.02169036865234 64.62619018554688 89.68667602539062 1 51.690452575683594 41.669620513916016 101.0 67.82061767578125 3 24.7855281829834 29.13339614868164 80.11384582519531 55.48098373413086
1 61.547306060791016 9.516758918762207 91.84554290771484 29.872106552124023 8 55.81167221069336 22.813949584960938 91.9152603149414 44.3309440612793 1 46.85728454589844 3.2198026180267334 107.53156280517578 26.796051025390625 1 58.5759391784668 21.48155403137207 89.09774780273438 41.98357009887695
7 6.744487285614014 28.85283851623535 29.895896911621094 42.0067024230957
4 5.298564910888672 7.469972610473633 22.140277862548828 17.35791015625
3 9.635852813720703 4.805063247680664 33.90315246582031 18.617324829101562
1 7.991591453552246 37.839603424072266 47.42611312866211 52.81730270385742 2 26.531383514404297 3.0841312408447266 62.21991729736328 23.959918975830078 5 15.091429710388184 19.02964210510254 54.41286087036133 41.472312927246094
0 13.103408813476562 21.542503356933594 41.75096893310547 33.8226318359375 9 10.465828895568848 9.795772552490234 40.73747634887695 22.851627349853516 6 13.976801872253418 32.927879333496094 37.15091323852539 45.20457458496094 1 6.068632125854492 1.2001056671142578 37.881927490234375 12.397042274475098 5 11.798660278320312 32.03391647338867 44.281410217285156 47.057796478271484 0 12.702526092529297 10.99818229675293 36.21650695800781 23.979402542114258
4 15.594340324401855 38.53569793701172 41.90474319458008 53.091304779052734
5 61.078216552734375 92.78260040283203 109.71540832519531 115.36872863769531 1 76.92716217041016 58.62516784667969 113.82048797607422 78.87821197509766 1 64.78431701660156 63.494441986083984 99.23464965820312 80.94610595703125 6 65.78388214111328 77.6043701171875 109.89311218261719 99.98924255371094 5 65.52645874023438 100.22653198242188 101.56265258789062 129.95980834960938
2 55.07664108276367 45.339088439941406 120.0973129272461 76.86421203613281 2 56.41350555419922 71.2975082397461 120.45291137695312 99.61741638183594 0 54.631324768066406 49.093875885009766 97.3800277709961 73.63892364501953
3 14.06965160369873 27.696870803833008 45.37333297729492 44.12067794799805 3 12.058226585388184 15.162555694580078 38.46723937988281 30.569835662841797 5 7.510659217834473 27.64901351928711 34.47410583496094 43.17448043823242 2 5.675464630126953 15.186014175415039 31.90811538696289 30.249343872070312
7 33.047767639160156 50.87038040161133 72.47686767578125 68.64856719970703 6 43.708251953125 66.13980865478516 71.01241302490234 86.06629180908203 4 36.672760009765625 51.24786376953125 70.650390625 69.6637191772461
4 16.470369338989258 18.01255226135254 37.10954666137695 31.14441680908203 4 13.754573822021484 8.13296890258789 37.253089904785156 21.290559768676758
7 11.408964157104492 10.197173118591309 49.402809143066406 29.22397804260254
2 109.84214782714844 81.60315704345703 148.73597717285156 107.92599487304688 2 111.3215103149414 96.0046157836914 143.3415985107422 116.50765228271484 3 107.82820892333984 96.33577728271484 146.88380432128906 119.98958587646484 3 17.845232009887695 76.66594696044922 90.3211441040039 108.45469665527344 1 84.53005981445312 43.54743957519531 166.0 76.76390075683594 1 30.916677474975586 43.68022155761719 118.8038558959961 74.38628387451172
6 6.346052169799805 12.193696975708008 25.98484992980957 24.130220413208008
4 56.9294548034668 61.89225769042969 92.92626953125 84.90032958984375 9 53.307830810546875 40.05546951293945 91.70227813720703 63.251556396484375
2 79.24840545654297 84.8879165649414 105.96448516845703 98.15943908691406
2 10.828341484069824 7.91091251373291 35.90514373779297 20.311168670654297
5 18.33835220336914 13.704330444335938 42.936767578125 28.20075225830078 2 16.167991638183594 0.0 41.730712890625 14.210558891296387
2 14.788445472717285 10.695086479187012 37.72297286987305 24.863943099975586 8 7.217465400695801 29.12318992614746 31.696290969848633 41.342254638671875
9 91.02556610107422 139.42782592773438 150.16766357421875 166.9518280029297 2 96.4624252319336 120.2840347290039 153.07814025878906 147.46005249023438 1 85.2181625366211 90.72473907470703 166.4842987060547 120.01849365234375 1 10.565458297729492 101.24220275878906 107.34424591064453 135.69003295898438 1 92.66741943359375 105.20796966552734 148.9820098876953 127.15782928466797
2 51.77827835083008 36.314292907714844 82.61266326904297 54.638404846191406 3 24.30300521850586 29.78449821472168 84.4917221069336 55.867183685302734 2 49.273155212402344 42.62618637084961 93.35245513916016 69.01224517822266 4 45.277183532714844 35.612064361572266 95.71845245361328 65.67341613769531 1 23.05817985534668 59.42155838012695 93.18313598632812 83.80264282226562 6 23.7746524810791 28.023279190063477 80.55260467529297 55.3896598815918
8 35.79161071777344 53.547176361083984 83.83881378173828 78.36161041259766 2 40.31694793701172 30.79578971862793 98.28111267089844 56.54481887817383 2 36.06667709350586 73.90391540527344 87.53855895996094 101.34142303466797 9 35.00995635986328 53.03048324584961 75.25253295898438 79.46699523925781
2 7.99808406829834 0.754784882068634 28.411348342895508 12.089509010314941 9 15.100849151611328 10.322871208190918 32.83492660522461 24.84002113342285

6 15.713583946228027 13.737159729003906 37.301170349121094 25.274961471557617 6 13.635706901550293 0.7063458561897278 34.82304382324219 13.542998313903809
7 74.29056549072266 147.57728576660156 124.8619384765625 180.512451171875 2 78.58048248291016 114.38162231445312 129.0128173828125 148.4183807373047 5 87.3038330078125 82.9447021484375 138.89852905273438 111.21435546875 2 104.96829986572266 121.44792938232422 153.80197143554688 147.82154846191406 3 89.64280700683594 78.6738510131836 135.2707061767578 102.54312896728516 7 67.51744079589844 135.01463317871094 114.52459716796875 166.5949249267578

2 19.563735961914062 78.69483184814453 67.17256164550781 102.54932403564453 1 22.314050674438477 42.682498931884766 70.59312438964844 71.0931167602539 1 32.07113265991211 11.145340919494629 80.13104248046875 34.60789108276367 1 58.1921501159668 61.921451568603516 123.99999237060547 90.83739471435547
2 13.401824951171875 11.237092971801758 38.4296875 25.36310386657715

1 8.776211738586426 16.29939842224121 37.518402099609375 29.1938419342041 4 15.9215087890625 12.880682945251465 43.503780364990234 26.82863998413086
3 60.20929718017578 22.729154586791992 98.44538116455078 45.27558135986328 1 21.87049102783203 67.97373962402344 81.78079986572266 93.82666015625 1 0.0 0.0 48.58052062988281 22.57341766357422 3 66.65499877929688 42.17390441894531 100.04830932617188 63.644378662109375 5 65.37338256835938 44.22954177856445 98.92506408691406 62.13615798950195
2 56.7790641784668 101.88675689697266 153.52340698242188 147.04464721679688 5 57.74860763549805 61.628150939941406 148.4917755126953 112.95954895019531
2 81.44728088378906 122.59405517578125 174.78466796875 173.29946899414062 6 73.97431182861328 171.04075622558594 179.8851776123047 216.83570861816406 0 87.37838745117188 173.27700805664062 181.35281372070312 216.7562713623047

9 7.296236991882324 19.48320770263672 24.308069229125977 31.004154205322266 2 11.40169906616211 10.492451667785645 28.4885311126709 20.525678634643555
5 10.951004028320312 24.44411277770996 32.75600051879883 37.650089263916016 7 10.797743797302246 10.938628196716309 40.567745208740234 26.544736862182617
5 8.025362968444824 10.09215259552002 31.421039581298828 22.566146850585938
6 122.53467559814453 84.01016998291016 172.88536071777344 112.3604736328125
3 11.996763229370117 0.6863782405853271 43.56052780151367 16.678163528442383 6 8.710328102111816 19.11856460571289 41.712467193603516 35.364192962646484
3 9.917291641235352 22.92329978942871 35.96289825439453 34.63136291503906 6 9.112290382385254 33.04061508178711 31.583364486694336 46.75510787963867 1 6.4637556076049805 9.816862106323242 35.13687515258789 25.778095245361328 5 6.834013938903809 33.13832092285156 32.082515716552734 47.21638107299805
7 63.22450256347656 75.95181274414062 106.8478012084961 98.91722106933594 4 61.536224365234375 76.0272216796875 123.29422760009766 108.2956314086914 3 88.2901382446289 27.009916305541992 140.0 57.95267105102539 7 17.85856056213379 49.22233581542969 89.43429565429688 76.37783813476562 9 33.73976516723633 40.59937286376953 105.68477630615234 67.19998168945312 1 29.606277465820312 51.039573669433594 88.84407806396484 79.84794616699219

3 19.400606155395508 2.922424077987671 59.504051208496094 22.689489364624023 5 3.333733558654785 42.69999694824219 41.78745651245117 60.912471771240234 7 16.869525909423828 0.0 50.062530517578125 17.945064544677734 7 21.799644470214844 40.8756103515625 59.49513626098633 61.18231201171875
2 55.81290054321289 67.4908218383789 121.61544036865234 101.60173797607422 4 57.09471893310547 59.04723358154297 122.7959213256836 101.20468139648438
4 87.63387298583984 69.38433837890625 153.60452270507812 104.43531036376953 3 76.4815673828125 69.86598205566406 143.69825744628906 99.1179428100586 4 99.0373764038086 56.73351287841797 227.6097869873047 126.05840301513672 2 51.06679153442383 150.4769744873047 156.58741760253906 217.221923828125 4 91.4228744506836 90.47510528564453 160.3202667236328 128.5555419921875
6 39.11831283569336 50.47418212890625 82.57978057861328 77.019287109375 9 48.49317932128906 139.2740478515625 100.10787200927734 173.52981567382812 6 46.1400260925293 66.8437728881836 82.3944091796875 82.5104751586914


1 11.599645614624023 80.64053344726562 96.51406860351562 118.65882873535156 1 66.84049987792969 121.89788055419922 143.15728759765625 150.9043731689453 1 61.828025817871094 78.39971923828125 136.22515869140625 112.4661636352539
6 18.394407272338867 97.72893524169922 42.43218231201172 115.49256896972656 3 17.805269241333008 81.33078002929688 43.976165771484375 97.99320983886719 1 47.822837829589844 84.29695892333984 100.83954620361328 104.31309509277344 6 13.99941635131836 94.08589172363281 38.37345504760742 107.21321868896484
2 10.901371955871582 7.287930965423584 36.30646896362305 23.244462966918945 5 10.36113166809082 19.42062759399414 36.53114700317383 37.489479064941406 4 11.377004623413086 15.38060188293457 30.815507888793945 29.134721755981445
8 6.727497577667236 0.0 28.42659568786621 10.526824951171875 4 3.43912410736084 9.31718635559082 30.04220962524414 25.216646194458008

1 7.7946553230285645 15.264952659606934 33.819068908691406 26.954086303710938 3 8.038921356201172 2.8208065032958984 31.606428146362305 16.044824600219727
2 23.907581329345703 22.918367385864258 54.402435302734375 39.29869842529297 7 19.95703125 36.978538513183594 52.32785415649414 53.14836502075195 1 26.102840423583984 0.0 65.25030517578125 13.941675186157227
2 12.144723892211914 4.246456146240234 29.802135467529297 15.57777214050293
4 22.01522445678711 31.424528121948242 51.7231559753418 51.0359992980957 9 28.529964447021484 45.35871124267578 53.722930908203125 60.110679626464844 1 18.833417892456055 18.201454162597656 54.20302200317383 34.99284744262695 6 25.07636833190918 44.587242126464844 55.64893341064453 61.858314514160156
2 36.86354064941406 49.84189987182617 68.06480407714844 69.1290283203125
5 4.721471786499023 9.794859886169434 28.19280242919922 22.480270385742188

5 39.078731536865234 15.823380470275879 70.27729034423828 36.95117950439453 7 34.99021911621094 31.701297760009766 76.48680114746094 52.11994934082031 1 35.78308868408203 1.1628663539886475 72.72882843017578 17.980417251586914
8 11.663761138916016 26.04460334777832 32.173770904541016 36.82120132446289 9 9.845490455627441 11.821178436279297 28.183643341064453 24.06361961364746 6 6.653453350067139 11.065828323364258 28.482891082763672 24.1502628326416
8 24.616283416748047 22.08479118347168 78.50404357910156 54.84870529174805 2 19.495864868164062 71.45376586914062 64.9442138671875 99.0139389038086 7 39.256534576416016 59.36759567260742 88.25559997558594 83.09229278564453 7 19.116605758666992 68.31352996826172 65.34848022460938 95.44287109375

4 21.732221603393555 18.763137817382812 52.843727111816406 37.796173095703125

5 29.125526428222656 148.7745819091797 81.74077606201172 181.0624237060547 5 28.55556297302246 162.55526733398438 90.96035766601562 196.0266876220703 3 28.434627532958984 174.02142333984375 86.43099975585938 204.13336181640625
0 39.614200592041016 73.12008666992188 67.8643569946289 90.0123291015625 1 36.529293060302734 60.475341796875 65.3498306274414 75.26908874511719
0 39.6937141418457 76.45195770263672 68.6505126953125 93.32625579833984 8 32.30038833618164 73.90654754638672 67.52125549316406 95.30924987792969 8 37.45741653442383 58.62265396118164 73.54281616210938 77.98509979248047 9 40.787353515625 57.81373977661133 70.9357681274414 78.07027435302734
5 30.88625717163086 44.926109313964844 91.813232421875 72.21186828613281 2 35.45122528076172 8.430100440979004 75.04158782958984 32.41001892089844 7 36.79021453857422 26.406068801879883 83.17921447753906 49.87602233886719
2 9.788360595703125 8.49548625946045 42.47828674316406 27.934463500976562 5 20.352691650390625 25.15483856201172 51.85264205932617 43.71750259399414 3 27.039030075073242 42.840232849121094 64.8866958618164 63.262245178222656
9 15.465670585632324 57.578887939453125 57.71452331542969 78.26811218261719 1 43.27262878417969 14.975231170654297 89.94129180908203 34.902732849121094 2 27.040861129760742 31.79651641845703 69.6395492553711 56.55506896972656
7 16.894351959228516 33.8242073059082 46.140403747558594 50.932350158691406 9 13.644647598266602 45.55398941040039 44.9798583984375 65.05178833007812 7 17.984983444213867 40.750614166259766 39.49606704711914 56.773372650146484
3 9.616016387939453 20.295658111572266 35.141990661621094 37.15839767456055 8 10.209463119506836 22.337635040283203 35.63371658325195 35.368160247802734 2 10.573704719543457 21.45282745361328 35.69478225708008 35.330589294433594
7 134.32177734375 155.25570678710938 185.9381103515625 197.25489807128906 7 114.206298828125 176.5010986328125 167.0088348388672 225.47865295410156 7 114.10128021240234 137.11729431152344 210.70950317382812 211.0802001953125 4 80.1598129272461 194.791259765625 186.49732971191406 264.696044921875 4 131.58718872070312 148.88955688476562 184.9792938232422 195.2939453125
4 29.421730041503906 43.918495178222656 103.02406311035156 85.02570343017578
7 16.83648681640625 7.05392599105835 50.429141998291016 25.697704315185547
5 27.958396911621094 32.802791595458984 83.46906280517578 54.28350830078125 0 24.120040893554688 12.942138671875 79.97447204589844 34.94912338256836 1 28.049964904785156 5.32667875289917 76.17732238769531 20.231184005737305
1 20.43294906616211 12.943181991577148 61.31123352050781 29.65060043334961 7 17.946773529052734 20.767257690429688 56.998077392578125 37.721923828125 1 21.67656898498535 22.53105926513672 60.931575775146484 39.44804763793945
2 49.96366882324219 55.270652770996094 93.59677124023438 78.8060073852539 0 42.0361328125 89.71027374267578 94.2518539428711 118.16254425048828 0 44.22610855102539 73.22037506103516 95.6705551147461 98.57914733886719 8 31.53138542175293 95.48299407958984 81.8223648071289 118.70635986328125 0 40.921112060546875 98.43805694580078 79.35469818115234 111.70068359375 2 50.57085037231445 46.28427505493164 88.76188659667969 67.141357421875
1 61.7073974609375 129.6581268310547 155.19114685058594 162.3173828125
5 8.9151611328125 14.040050506591797 31.0867977142334 27.54514503479004 2 6.950947284698486 0.1159232035279274 29.550098419189453 14.686163902282715 9 10.045683860778809 12.940279006958008 32.36285400390625 27.75206756591797
2 113.7318115234375 0.0 170.6339874267578 42.28997039794922 2 121.21168518066406 10.443535804748535 156.6273956298828 31.89939308166504
4 6.236384391784668 21.29217529296875 26.579944610595703 34.968875885009766 3 7.668646812438965 5.294398307800293 26.554645538330078 18.32705307006836

3 18.17457389831543 45.570011138916016 60.58118438720703 65.44480895996094 4 34.28138732910156 22.96491241455078 73.81805419921875 48.282413482666016 9 46.663238525390625 2.715344190597534 95.01988220214844 28.61346435546875 4 26.393836975097656 36.164466857910156 66.1897964477539 56.46073913574219
5 7.395077228546143 21.16577911376953 27.2841854095459 32.89189910888672 6 6.688863754272461 9.007317543029785 29.3855037689209 20.560916900634766
5 9.154167175292969 15.004520416259766 37.03669738769531 28.860462188720703
2 23.255422592163086 3.4557478427886963 47.43785858154297 19.269893646240234 8 22.656293869018555 33.60049819946289 45.756404876708984 48.67729568481445 8 15.307352066040039 16.680315017700195 46.446720123291016 34.282958984375
1 0.0 73.30791473388672 56.30889892578125 95.92454528808594
3 21.393327713012695 35.105995178222656 58.186092376708984 55.9394416809082 5 21.844921112060547 35.788551330566406 57.487220764160156 54.19399642944336 2 20.5281982421875 33.01052474975586 55.17184829711914 53.012691497802734
8 13.100383758544922 21.922161102294922 35.485870361328125 32.173316955566406 7 11.252630233764648 8.70965576171875 32.209800720214844 18.558305740356445

1 6.507973670959473 9.050002098083496 29.50503158569336 19.258686065673828 5 9.945123672485352 19.288490295410156 32.81536102294922 31.385364532470703
8 14.281907081604004 1.056764841079712 39.28199005126953 15.366470336914062 6 13.675338745117188 26.581241607666016 38.91616439819336 39.90201187133789 3 14.30244255065918 1.1837513446807861 38.01811981201172 14.21800422668457 0 14.395951271057129 13.777235984802246 38.670047760009766 27.29692268371582 5 10.456801414489746 0.9641944169998169 37.96185302734375 13.792229652404785 6 13.205670356750488 2.1728131771087646 37.6832160949707 13.993385314941406

5 18.652137756347656 12.121896743774414 47.46616744995117 27.552061080932617 6 21.428913116455078 25.43130874633789 47.05363845825195 37.196041107177734 5 19.23896026611328 20.029184341430664 48.30082321166992 33.28358459472656 3 19.18844985961914 11.238741874694824 52.496337890625 26.99446678161621 1 15.658205032348633 2.260580539703369 52.007102966308594 15.73568344116211
6 8.534546852111816 42.04032516479492 51.98234558105469 62.27775573730469 1 18.062620162963867 44.39029312133789 58.647708892822266 62.74699783325195 8 47.16678237915039 5.468798637390137 82.0 26.164785385131836 1 9.512524604797363 24.720840454101562 51.879600524902344 44.003780364990234 4 17.127933502197266 34.90216064453125 57.7487678527832 53.02494812011719 3 13.287127494812012 23.22472381591797 52.07522964477539 43.92991256713867
7 12.0741605758667 29.361303329467773 37.574222564697266 44.785865783691406 1 16.848316192626953 19.15938949584961 43.460758209228516 34.411678314208984
7 15.415102005004883 13.03026008605957 49.285335540771484 34.248748779296875 7 17.484790802001953 30.05007553100586 53.912689208984375 48.070556640625
6 10.840433120727539 5.6981892585754395 32.23029708862305 19.193681716918945 5 12.803136825561523 15.568229675292969 32.395179748535156 28.24956512451172
8 8.126553535461426 33.096282958984375 39.85155487060547 52.584503173828125 8 23.832300186157227 35.646446228027344 50.04789733886719 54.30827713012695
2 72.60160064697266 61.67601013183594 105.59264373779297 82.71491241455078 4 40.05363082885742 0.0 82.43792724609375 26.498512268066406

2 11.449528694152832 0.963554859161377 48.611053466796875 20.645246505737305 3 17.552597045898438 14.91572380065918 52.04090118408203 33.94576644897461 0 15.096168518066406 33.296661376953125 54.64897155761719 49.568016052246094 1 16.392637252807617 24.7834529876709 50.455989837646484 40.74874496459961 9 17.82114028930664 32.49339294433594 60.63767623901367 51.941226959228516 9 13.398843765258789 16.446327209472656 51.09303283691406 34.96895217895508
5 11.607158660888672 15.014699935913086 41.069522857666016 34.01333999633789 5 18.076854705810547 32.72817611694336 48.64788818359375 50.82866668701172
1 43.542667388916016 70.84809875488281 99.89854431152344 93.64457702636719 4 47.653602600097656 54.29832458496094 97.10404205322266 82.26228332519531 1 47.290504455566406 35.37338638305664 104.39151763916016 56.3420295715332
4 35.108280181884766 4.43723201751709 91.08515930175781 38.480018615722656 1 34.312400817871094 50.355037689208984 100.50486755371094 79.18122100830078 0 19.152936935424805 31.274765014648438 77.83087158203125 59.22209167480469 4 26.681440353393555 48.76242446899414 85.53760528564453 75.82832336425781 1 22.103029251098633 20.294057846069336 80.85919952392578 50.1854133605957 1 18.542314529418945 35.98897933959961 73.62216186523438 62.66015625

9 64.63255310058594 42.81145477294922 90.47334289550781 60.16206741333008 2 16.228418350219727 59.95992660522461 69.37995147705078 89.33694458007812 1 33.26917266845703 0.3435753583908081 85.78819274902344 35.02021026611328
6 74.58642578125 4.703817367553711 100.9462661743164 23.313793182373047 6 69.72991943359375 0.0 93.63590240478516 9.27978515625 6 76.88538360595703 0.0 107.10079956054688 13.61435317993164


3 14.098286628723145 18.020275115966797 40.628196716308594 34.1036262512207 9 13.394453048706055 18.978090286254883 41.40253829956055 35.173614501953125
6 17.326433181762695 15.846858978271484 38.99470520019531 28.6042423248291 2 10.229604721069336 4.725553035736084 31.195425033569336 17.30695152282715

1 8.653488159179688 29.713459014892578 33.354984283447266 42.53886413574219 5 8.610530853271484 17.03142547607422 34.70885467529297 30.107303619384766 5 18.002212524414062 3.5588958263397217 40.24463653564453 16.435596466064453 7 1.2182872295379639 27.29167366027832 30.316757202148438 40.89169692993164 9 13.868157386779785 2.052616834640503 37.18144607543945 17.4199161529541
2 92.76103973388672 103.79082489013672 131.5995635986328 127.8774185180664 2 87.11090850830078 87.90435791015625 129.5633087158203 114.37995147705078 1 10.400784492492676 95.46461486816406 102.7227554321289 124.19593048095703
3 8.891632080078125 1.4714912176132202 48.2252082824707 19.34496307373047 2 13.654330253601074 2.4562575817108154 42.515846252441406 18.033489227294922 1 0.0 63.16166687011719 56.80952835083008 87.43061065673828 1 53.42622375488281 63.77977752685547 102.0 84.15381622314453 0 15.070039749145508 21.765552520751953 48.979366302490234 37.36346435546875

2 16.956453323364258 39.32962417602539 52.421058654785156 62.1807746887207 1 9.899333953857422 27.893857955932617 50.91480255126953 45.69647979736328
2 27.335844039916992 23.82912826538086 56.54917526245117 45.49802017211914 1 28.485980987548828 47.425106048583984 59.025245666503906 62.65586471557617
5 12.686534881591797 19.88538360595703 33.8320198059082 30.15093231201172 1 8.142745018005371 27.177114486694336 35.53909683227539 37.87788772583008
2 29.81273078918457 10.556169509887695 55.06163024902344 25.22686195373535 4 24.359426498413086 19.34807014465332 56.66747283935547 39.06719970703125 8 28.989837646484375 37.780216217041016 54.46029281616211 51.942230224609375 2 22.969083786010742 15.649460792541504 54.94120788574219 34.375919342041016 7 24.991445541381836 20.953351974487305 62.19908905029297 38.84854507446289
6 12.028120040893555 26.184335708618164 34.40932846069336 40.447166442871094 3 9.83542251586914 14.709148406982422 33.3093147277832 27.646011352539062

4 16.334074020385742 10.005328178405762 52.25897216796875 27.76759910583496 1 8.435178756713867 22.64912223815918 48.86243438720703 35.50708770751953
3 21.41387176513672 7.773744106292725 43.55299377441406 20.818748474121094 8 16.542373657226562 18.82562828063965 47.01264953613281 30.152467727661133 0 19.67380142211914 28.552658081054688 47.2989616394043 41.628665924072266 2 14.4260892868042 5.286648273468018 41.82447052001953 22.135831832885742

5 22.648059844970703 56.21470642089844 54.17002487182617 74.8533935546875 1 26.932016372680664 47.120155334472656 56.68299102783203 60.080902099609375
2 24.011747360229492 19.541805267333984 60.04341506958008 35.49729537963867 7 24.251359939575195 9.135815620422363 57.317562103271484 21.821016311645508 2 24.79892349243164 14.100484848022461 56.555320739746094 26.967914581298828 1 23.982070922851562 29.01229476928711 61.769981384277344 45.2907829284668 4 26.11739158630371 19.582462310791016 61.748233795166016 42.543846130371094 1 13.189737319946289 2.893493413925171 44.42592239379883 19.72679901123047
0 122.73121643066406 58.527854919433594 182.77084350585938 91.08149719238281 9 130.4779510498047 61.143028259277344 185.6646270751953 93.78075408935547
6 34.255157470703125 22.699695587158203 62.226356506347656 39.04847717285156 2 32.71684265136719 7.418671131134033 63.746070861816406 25.89318084716797 7 35.296634674072266 37.85624694824219 63.22376251220703 54.902217864990234 8 33.10122299194336 22.832794189453125 59.456298828125 37.36714172363281

5 13.691754341125488 33.11406707763672 40.721031188964844 48.70225143432617 1 8.685270309448242 23.678958892822266 37.12394332885742 34.97711944580078
1 11.042647361755371 0.266941100358963 45.998783111572266 14.119030952453613 0 15.695287704467773 38.09728240966797 51.02226257324219 54.137001037597656 0 11.084572792053223 18.623435974121094 46.834354400634766 32.55375289916992 1 13.406883239746094 31.282100677490234 45.27560806274414 42.99756622314453

2 25.545101165771484 53.6176872253418 57.75144958496094 71.5400161743164 7 27.241615295410156 66.65054321289062 59.539306640625 84.0
2 20.469892501831055 13.165237426757812 53.36952590942383 31.714330673217773
0 29.602710723876953 20.221521377563477 65.01301574707031 35.21022033691406 1 34.58774948120117 80.51905822753906 98.82271575927734 107.30523681640625 1 0.0 81.24684143066406 59.65325927734375 107.38087463378906 3 35.72284698486328 2.363039016723633 66.90001678466797 23.192955017089844 3 29.36505126953125 33.45632553100586 62.81373596191406 53.37574005126953 1 55.918487548828125 67.21344757080078 126.0 98.84605407714844
4 9.209558486938477 6.880453109741211 28.47468376159668 18.597576141357422 4 4.638803958892822 13.777779579162598 23.554487228393555 23.56755256652832
7 8.23583698272705 11.949646949768066 26.97753143310547 22.19678497314453
3 22.735509872436523 5.019535064697266 66.7629623413086 29.844022750854492 7 21.64288330078125 31.13751792907715 69.43303680419922 55.11115264892578 2 24.383920669555664 9.527807235717773 74.74414825439453 31.969318389892578 7 31.716571807861328 21.344989776611328 67.79545593261719 43.076454162597656
1 23.135944366455078 56.185569763183594 77.93073272705078 77.50225830078125 1 30.410900115966797 40.198665618896484 80.90340423583984 60.2043342590332 9 21.530488967895508 73.57463073730469 78.38278198242188 102.45587921142578 3 19.74910545349121 71.79469299316406 69.75897979736328 102.82723999023438 1 25.598804473876953 20.464189529418945 87.45407104492188 45.337989807128906
5 102.49854278564453 107.8017807006836 140.2564697265625 130.1746826171875 3 107.16869354248047 105.62641143798828 144.08326721191406 132.2145538330078
2 34.280731201171875 36.650333404541016 58.62290573120117 50.48649597167969 6 27.088472366333008 32.08576583862305 64.76346588134766 47.57917404174805
5 7.285039901733398 21.1036319732666 31.0907039642334 33.59397888183594 3 9.050203323364258 10.548604965209961 27.263776779174805 23.26841926574707 0 30.128938674926758 30.83702850341797 51.70585250854492 43.35906982421875 4 24.518291473388672 13.298359870910645 50.19498062133789 26.934452056884766 6 28.888368606567383 32.20524597167969 53.46365737915039 44.74703598022461
7 34.63798141479492 111.32598876953125 67.2417984008789 127.74068450927734 5 41.12435531616211 90.51685333251953 73.09457397460938 110.54401397705078 1 0.0 8.39039134979248 66.53678131103516 38.78990936279297 1 40.14734649658203 97.6445083618164 70.17144775390625 120.34376525878906
5 31.135562896728516 54.04533004760742 73.24552154541016 77.76932525634766 4 53.63420867919922 30.11395263671875 100.0 52.89811706542969
5 28.291885375976562 13.598688125610352 61.912593841552734 30.526779174804688 3 32.385677337646484 13.034443855285645 60.66688919067383 30.478649139404297 5 0.0 41.01591110229492 33.9052734375 62.99131393432617 7 23.993179321289062 48.82733917236328 59.09779357910156 65.66863250732422
9 43.95372772216797 70.61711883544922 78.1032485961914 89.07305145263672 3 43.67264938354492 36.13134765625 69.61146545410156 53.85825729370117 0 40.78928756713867 52.89595413208008 76.96154022216797 71.21050262451172 8 0.0 63.60382843017578 42.92887878417969 88.12250518798828 4 6.908447265625 13.098978042602539 46.64275360107422 37.26677703857422 1 61.58141326904297 78.9939193725586 101.0 99.31267547607422
5 11.487192153930664 20.83615493774414 33.33762741088867 35.68465805053711 4 7.028738498687744 18.673017501831055 29.829830169677734 31.47773551940918

6 34.031402587890625 29.427902221679688 82.50257873535156 59.41999816894531 1 32.39414978027344 57.93049621582031 88.69612121582031 80.12564086914062 1 13.157341003417969 79.00411987304688 71.38236999511719 103.140625
1 32.488502502441406 76.95520782470703 114.9199447631836 105.85050964355469 9 44.107730865478516 106.27510070800781 116.4723129272461 140.9261474609375 3 56.218318939208984 97.74179077148438 116.43328094482422 139.82447814941406
2 40.71463394165039 50.97630310058594 64.80213928222656 62.75584030151367 0 37.69488525390625 38.509498596191406 62.19816207885742 50.09439468383789 1 37.88555908203125 28.249536514282227 68.89708709716797 43.15809631347656 1 35.65467834472656 35.02042770385742 62.4990348815918 47.34372329711914
1 26.16354751586914 12.673240661621094 62.15290451049805 26.996898651123047 2 28.69382667541504 46.672828674316406 64.39887237548828 70.99041748046875 6 20.39988899230957 23.827211380004883 61.51863479614258 42.71245193481445 5 28.06471824645996 48.29108428955078 60.29093551635742 67.265625
5 17.37746810913086 22.730289459228516 46.13271713256836 38.623817443847656 0 14.156575202941895 40.85073471069336 41.01863098144531 57.01459884643555



5 14.727824211120605 40.740440368652344 43.76459884643555 56.414485931396484 5 11.491291046142578 22.349929809570312 38.698055267333984 37.498435974121094 1 5.851528167724609 13.233163833618164 45.31147384643555 26.550004959106445

1 8.337759017944336 21.09845542907715 29.60485076904297 30.870304107666016 1 7.4181809425354 26.234113693237305 32.06631851196289 36.50764083862305
7 18.748258590698242 23.476478576660156 43.171714782714844 37.35771560668945
5 23.700374603271484 142.96165466308594 62.171302795410156 158.09954833984375 2 30.628948211669922 105.34595489501953 61.324928283691406 125.65941619873047 1 25.673233032226562 123.76582336425781 65.9998779296875 143.13494873046875 2 29.64457893371582 93.41999816894531 72.92813873291016 119.45948028564453 5 20.694738388061523 131.83265686035156 52.3479118347168 154.72589111328125 2 34.44412612915039 101.63330841064453 95.01325225830078 130.56201171875
8 52.55426788330078 20.87428092956543 89.06876373291016 44.328330993652344
2 20.850759506225586 11.017126083374023 60.747406005859375 34.44102096557617 4 25.2777099609375 27.16234016418457 62.167110443115234 50.80651092529297
2 25.133575439453125 58.55104064941406 76.06723022460938 80.22652435302734 9 14.804946899414062 78.66499328613281 70.04962921142578 100.78466796875 1 33.81437301635742 38.62092590332031 86.61559295654297 59.60762405395508 0 13.32592487335205 75.07609558105469 56.31504821777344 99.50050354003906 4 33.03377151489258 57.54338073730469 80.74845123291016 79.62955474853516 1 22.408571243286133 41.116111755371094 59.49922180175781 58.25491714477539
2 13.234240531921387 10.945419311523438 44.0384635925293 30.574026107788086 0 11.631721496582031 33.032501220703125 46.2504768371582 49.93762969970703
8 14.81037425994873 0.48235535621643066 53.28888702392578 19.2109317779541 9 25.35432243347168 35.64804458618164 49.896636962890625 48.91326141357422 8 36.15231704711914 8.264678955078125 70.39482879638672 31.79336166381836 8 21.666858673095703 34.24541473388672 50.97724151611328 50.21166229248047 6 31.524131774902344 45.695556640625 70.8011474609375 64.99302673339844 3 0.0 42.62794494628906 29.135400772094727 64.35734558105469
3 24.3794002532959 46.82735824584961 50.54529571533203 62.91069412231445 4 18.582534790039062 26.391550064086914 47.50579833984375 45.05709457397461 4 18.962697982788086 5.689767360687256 47.919952392578125 23.350440979003906
7 33.976383209228516 40.78420639038086 71.63282775878906 65.62657165527344 1 29.775264739990234 0.0 75.14080810546875 21.23200225830078 7 31.622407913208008 20.13438606262207 68.96381378173828 42.467430114746094 2 29.104278564453125 20.567222595214844 67.55067443847656 45.5065803527832
4 52.301692962646484 62.469181060791016 91.69120025634766 84.50643157958984 4 54.856319427490234 17.362627029418945 96.64503479003906 40.942420959472656 0 47.426971435546875 37.23616027832031 98.08164978027344 63.50409698486328 4 57.978057861328125 73.6546401977539 100.22537231445312 94.33739471435547 1 61.95524597167969 2.1808929443359375 99.92713165283203 20.681039810180664
1 211.50775146484375 23.491355895996094 278.0 64.66566467285156 1 222.3140411376953 13.254977226257324 278.0 42.41323471069336 1 222.2704315185547 47.30765151977539 278.0 91.05623626708984 1 5.258698463439941 117.30767059326172 161.04759216308594 178.89195251464844 6 171.65060424804688 123.34606170654297 233.60983276367188 161.14224243164062

2 43.3504753112793 47.55815124511719 93.28328704833984 76.343994140625 2 45.76961135864258 38.984371185302734 87.77760314941406 62.05299377441406
2 49.04951477050781 158.8360137939453 93.03031158447266 183.26986694335938 1 49.355072021484375 144.76055908203125 93.36763000488281 169.06002807617188 2 41.379058837890625 144.67576599121094 82.01814270019531 174.75970458984375
2 6.803037166595459 25.1828556060791 34.31922912597656 39.16328811645508 1 9.531846046447754 37.959014892578125 36.549156188964844 49.323211669921875 8 6.531291961669922 12.175042152404785 32.275054931640625 25.24428939819336 9 6.625767230987549 10.855158805847168 31.716590881347656 25.515527725219727
3 10.392288208007812 7.454756736755371 43.12680435180664 22.795494079589844 7 14.42947006225586 32.89105987548828 43.480587005615234 47.27063751220703 2 7.376262187957764 8.572299003601074 34.86923599243164 20.947908401489258 0 12.569259643554688 20.912302017211914 42.662452697753906 35.497474670410156 1 12.53933334350586 18.52738380432129 43.6334228515625 31.907773971557617
1 31.08757972717285 26.875070571899414 69.0 42.27047348022461 1 0.0 25.755273818969727 33.61716842651367 43.16706848144531 1 9.165789604187012 33.8096923828125 50.30023193359375 49.201690673828125 6 16.25322723388672 45.25032043457031 53.33095932006836 66.2337875366211 9 12.268453598022461 4.023087501525879 52.247406005859375 24.14708709716797 5 16.837099075317383 46.31071472167969 54.77669143676758 67.07267761230469
5 7.818137168884277 14.829940795898438 28.417936325073242 26.221731185913086
7 16.364948272705078 19.72467041015625 44.54775619506836 33.16520690917969 4 18.165790557861328 6.881098747253418 40.59444046020508 21.859905242919922 2 20.078506469726562 5.9290924072265625 40.746944427490234 19.102672576904297
8 11.899867057800293 36.06138229370117 38.233154296875 50.0275764465332 5 16.537443161010742 18.357696533203125 38.76272201538086 32.75559616088867

1 30.34423828125 48.763427734375 68.45584106445312 70.10330963134766 7 26.91766357421875 65.55506134033203 65.78839111328125 90.31793975830078 1 29.522645950317383 59.21635055541992 60.57733917236328 76.88479614257812
1 24.187763214111328 26.70427703857422 73.24012756347656 49.4886589050293 4 23.69361114501953 39.153099060058594 71.8838119506836 63.27236557006836
1 125.16283416748047 39.46525955200195 174.82742309570312 57.28361129760742 6 130.4827117919922 56.535640716552734 175.3523406982422 89.91631317138672 1 118.91400909423828 29.35841178894043 195.0526580810547 51.75657653808594 8 119.63650512695312 54.631752014160156 165.55923461914062 89.42008209228516 1 118.7294921875 48.29263687133789 169.02597045898438 62.90435791015625 6 111.52339935302734 48.33456802368164 174.36593627929688 69.16770935058594
7 12.708202362060547 42.487823486328125 50.33247756958008 61.110260009765625
4 15.881813049316406 18.1627254486084 66.03436279296875 41.167762756347656 0 18.781633377075195 40.86880111694336 67.92700958251953 62.0730094909668 7 11.554032325744629 4.277682304382324 64.34049224853516 27.77764320373535 1 68.00981903076172 64.11796569824219 101.62638092041016 77.9352798461914 2 20.25223159790039 0.0 61.501548767089844 24.204362869262695
4 10.65342903137207 0.666745662689209 27.70017433166504 12.974055290222168 6 9.33564281463623 14.410630226135254 27.056127548217773 26.06103515625 5 10.645747184753418 14.556468963623047 28.375398635864258 26.832914352416992
3 41.582252502441406 79.81390380859375 86.2806167602539 104.35181427001953 3 45.048728942871094 59.44352722167969 77.92314147949219 81.13570404052734 3 45.99774169921875 68.34465026855469 82.31942749023438 93.4668960571289
1 40.64106369018555 41.513824462890625 63.242122650146484 56.017147064208984 1 36.86159896850586 31.437440872192383 63.414634704589844 44.80935287475586 1 41.59846115112305 57.61848449707031 62.12471008300781 68.81501007080078 1 41.41789627075195 51.534263610839844 62.346397399902344 63.61842727661133
1 122.64559936523438 18.51528549194336 160.24069213867188 34.29556655883789
9 12.580281257629395 25.596132278442383 40.994903564453125 42.42118835449219 4 18.397520065307617 13.837698936462402 43.6900634765625 28.944650650024414 4 14.682979583740234 26.604780197143555 37.52920150756836 41.508670806884766 1 11.125057220458984 1.1128586530685425 45.281253814697266 15.12189769744873 2 11.878324508666992 9.51152229309082 43.02534103393555 23.277265548706055 4 14.632393836975098 20.424352645874023 38.70854187011719 32.74263000488281

2 20.280122756958008 16.173208236694336 45.78924560546875 31.990482330322266 2 22.246450424194336 29.7725887298584 47.651893615722656 45.570457458496094 1 13.107013702392578 1.2287108898162842 50.8254280090332 15.29279613494873
2 53.482513427734375 55.069244384765625 79.75668334960938 71.105712890625 1 23.55129623413086 14.483004570007324 73.2869873046875 39.27493667602539 7 7.204585552215576 48.716941833496094 62.61205291748047 72.32134246826172
5 63.1026725769043 27.325740814208984 96.94085693359375 44.099876403808594 1 61.449119567871094 6.975916385650635 98.30084228515625 25.990644454956055
9 13.19275188446045 1.780616283416748 37.47152328491211 16.49232292175293
3 33.267478942871094 27.88972282409668 75.78311157226562 48.19120788574219 3 29.996076583862305 63.82747268676758 73.28157043457031 83.92658233642578 2 34.348358154296875 44.35761260986328 72.62895202636719 67.38621520996094 5 32.29672622680664 28.296903610229492 79.06645202636719 49.103546142578125 6 35.51193618774414 25.646631240844727 76.75289916992188 46.7204704284668
1 10.17772102355957 4.079354286193848 33.19444274902344 14.534869194030762 9 10.496500968933105 9.522527694702148 27.583602905273438 21.904056549072266
9 38.3751220703125 69.69200897216797 72.2461166381836 84.62784576416016 5 0.0 48.45088577270508 41.30799102783203 69.79816436767578
3 19.078136444091797 73.29855346679688 60.983497619628906 97.8202133178711 2 17.776262283325195 69.3616943359375 72.22042083740234 94.9736099243164


5 139.97911071777344 190.80938720703125 248.17254638671875 257.7435607910156
0 54.369930267333984 112.17857360839844 121.87301635742188 139.19773864746094 4 28.935976028442383 27.463905334472656 109.92737579345703 60.910091400146484 1 54.94370651245117 92.25468444824219 113.6493148803711 115.67547607421875 8 33.83113098144531 63.10790252685547 89.6791763305664 93.24334716796875 1 60.97207260131836 122.17072296142578 122.73530578613281 148.84793090820312

6 25.860939025878906 25.506196975708008 60.72613525390625 43.46388244628906 0 18.641090393066406 39.96888732910156 55.327816009521484 56.04045104980469 1 0.0 66.76189422607422 39.246665954589844 87.6736068725586 1 41.747314453125 71.41902160644531 91.0 91.0 1 16.363502502441406 70.48120880126953 69.0652847290039 88.86540985107422
5 19.288236618041992 8.375030517578125 44.10475158691406 24.303049087524414 6 15.240034103393555 6.8825531005859375 47.75208282470703 24.85601043701172
2 15.678750038146973 18.51555633544922 46.5673713684082 40.21943283081055
1 12.8290376663208 3.6274120807647705 48.644798278808594 16.71654510498047 2 10.664698600769043 15.813152313232422 41.21391296386719 33.950469970703125
2 14.067752838134766 7.453792572021484 42.12245559692383 27.550933837890625

8 42.236114501953125 0.0 78.46269226074219 18.45043182373047 2 41.77075958251953 16.400293350219727 80.30421447753906 41.78277587890625 9 45.81554412841797 19.859024047851562 83.35765075683594 38.611080169677734 8 45.79692840576172 17.214946746826172 85.30868530273438 38.599796295166016
2 37.166847229003906 4.564133644104004 85.46147155761719 28.251422882080078 2 32.27264404296875 20.442840576171875 83.68205261230469 44.836891174316406 7 27.552337646484375 34.129112243652344 77.74182891845703 57.604766845703125 4 0.0 72.36917114257812 48.38508987426758 99.03134155273438 3 51.503047943115234 56.31596374511719 102.9134521484375 84.52471923828125
4 30.333749771118164 2.1002752780914307 70.65438079833984 19.720300674438477 1 17.32062530517578 25.528228759765625 69.8409652709961 44.825923919677734 4 32.75322341918945 23.62787628173828 74.40251159667969 39.55101776123047 1 24.94495391845703 36.77046585083008 81.73837280273438 56.203773498535156 4 18.898818969726562 11.232882499694824 68.90786743164062 32.63186264038086 5 28.85506820678711 12.075315475463867 66.79402923583984 30.43364143371582
2 74.09141540527344 49.007320404052734 108.55415344238281 71.21896362304688 2 76.15351867675781 52.544620513916016 97.57032775878906 63.49531555175781 2 72.71456146240234 33.69948959350586 105.14385986328125 62.472415924072266 1 5.663715362548828 47.72002410888672 59.27971649169922 76.00041961669922 2 70.02959442138672 56.9190673828125 114.77723693847656 82.43444061279297
6 20.508087158203125 1.4740341901779175 42.908111572265625 15.125799179077148 3 15.083965301513672 12.013745307922363 40.69052505493164 27.563766479492188 0 9.49239444732666 25.84891700744629 36.16240692138672 39.5643424987793 5 15.738482475280762 14.002205848693848 41.53510284423828 28.73531150817871
8 30.188817977905273 57.91302490234375 74.44059753417969 84.68991088867188 4 38.51917266845703 13.586209297180176 63.37053680419922 30.537641525268555 3 37.80306625366211 24.8222599029541 61.46266555786133 42.91535949707031 6 15.69952392578125 1.0638457536697388 56.325313568115234 32.031654357910156 7 37.207130432128906 13.105035781860352 64.12591552734375 29.843000411987305

3 41.119140625 39.39977264404297 70.16371154785156 58.72124481201172 5 25.08343505859375 27.13216781616211 59.465797424316406 44.60409164428711 1 8.743158340454102 11.957993507385254 51.913978576660156 28.654434204101562
5 14.284159660339355 24.55542755126953 42.888484954833984 40.07310104370117 8 11.383810997009277 37.994712829589844 42.66238784790039 54.51390838623047 1 12.471590042114258 15.025762557983398 43.77859115600586 29.056791305541992 6 12.99770450592041 17.5034236907959 43.50887680053711 33.50632095336914 9 11.082423210144043 39.04070281982422 46.366455078125 54.29405212402344 2 15.842377662658691 19.57834243774414 46.54254913330078 35.845062255859375
2 23.953720092773438 81.88544464111328 73.7284927368164 111.99223327636719 5 35.88347625732422 44.99473190307617 94.43653106689453 73.84542083740234 1 38.755863189697266 15.10722541809082 93.31561279296875 42.036163330078125 6 21.421039581298828 79.81575775146484 71.81537628173828 111.34820556640625
2 27.686092376708984 26.781742095947266 57.451683044433594 46.88241958618164 2 22.919719696044922 5.586161136627197 58.73267364501953 27.825273513793945
8 22.728286743164062 47.64640808105469 68.34319305419922 77.71282958984375 5 23.610782623291016 22.923274993896484 67.80952453613281 49.5881233215332 6 28.57768440246582 19.82318878173828 68.5981674194336 48.99009323120117
9 29.356586456298828 34.17778015136719 63.121238708496094 53.11229705810547
1 12.337220191955566 14.326199531555176 63.783546447753906 30.979591369628906 4 14.84952449798584 36.0054931640625 51.57206726074219 57.67344665527344 9 23.192249298095703 52.577999114990234 54.275691986083984 66.00044250488281 1 21.539052963256836 51.09199905395508 56.28329086303711 68.43192291259766 2 15.396963119506836 34.38276290893555 51.11353302001953 54.14058303833008

4 23.869295120239258 43.22322082519531 49.93425750732422 59.02566909790039 1 0.0 0.0 29.51443099975586 13.12419605255127 1 7.361021995544434 21.299007415771484 38.12382125854492 36.62722396850586
9 11.616436004638672 22.119361877441406 47.538360595703125 43.10097885131836

4 12.109786033630371 39.57969284057617 40.63520431518555 57.3647346496582 7 12.295130729675293 53.120304107666016 47.55586242675781 71.78190612792969 1 12.582352638244629 14.72358226776123 58.34621810913086 32.42456817626953
8 152.01556396484375 183.0626678466797 212.8777313232422 221.48385620117188 6 153.2354736328125 181.59835815429688 212.38526916503906 224.10635375976562 1 121.73394012451172 155.2784881591797 144.20802307128906 175.3926544189453
4 14.60084056854248 33.21476364135742 50.63251876831055 52.9200439453125
3 11.307612419128418 34.994598388671875 37.11784362792969 47.97383117675781 1 9.81374740600586 26.745006561279297 37.4715461730957 38.582130432128906 2 10.9507474899292 36.545772552490234 35.21201705932617 50.943904876708984

2 12.640290260314941 40.60218811035156 50.04942321777344 59.49853515625 9 45.352779388427734 36.61750030517578 87.17390441894531 58.48554229736328
1 16.661922454833984 12.645045280456543 39.25703430175781 23.748519897460938 3 14.36667251586914 11.177081108093262 39.63386535644531 25.581525802612305
3 21.64644432067871 37.33340835571289 62.98969268798828 56.55583190917969 9 18.307220458984375 16.106056213378906 59.9028434753418 38.155521392822266 7 20.384002685546875 38.50443649291992 57.007080078125 57.59632873535156 5 18.967390060424805 39.12903594970703 61.642967224121094 60.66164016723633
3 0.1997518539428711 21.363975524902344 42.50749206542969 43.639305114746094 1 0.0 7.474830627441406 39.11344528198242 24.711875915527344 5 1.7619872093200684 40.77263641357422 37.1176643371582 62.288169860839844 1 32.68159103393555 15.358726501464844 70.0 32.493804931640625
1 20.488672256469727 31.474403381347656 49.315006256103516 47.416141510009766 7 16.850963592529297 5.27233362197876 44.88184356689453 21.403520584106445 2 18.73318862915039 20.04972267150879 44.23302459716797 35.782405853271484 4 16.389421463012695 6.2586350440979 42.38103485107422 19.424531936645508 4 22.041908264160156 21.305381774902344 49.139732360839844 36.66221618652344

2 37.72549057006836 32.64710235595703 92.64598083496094 62.314857482910156
1 14.84941577911377 15.889365196228027 46.0339469909668 28.914945602416992 1 14.834850311279297 30.566791534423828 45.38567352294922 45.005897521972656 0 19.807430267333984 46.83356475830078 45.945823669433594 61.36894226074219 9 19.143455505371094 46.393798828125 48.1961555480957 61.04348373413086 4 18.60129165649414 15.402310371398926 46.21533966064453 30.8280029296875

9 13.549824714660645 38.784339904785156 50.92509841918945 58.10742950439453 1 15.829761505126953 60.17731857299805 56.47748565673828 74.0
7 126.81863403320312 58.356563568115234 175.0 94.60577392578125 6 109.45417785644531 154.11807250976562 152.87916564941406 175.0
2 20.774452209472656 37.92804718017578 86.6029052734375 80.27862548828125 7 19.163969039916992 71.09223175048828 77.79044342041016 107.740234375 3 20.788673400878906 76.81475830078125 74.6269760131836 109.18321990966797
2 9.502816200256348 8.647253036499023 24.742034912109375 21.423885345458984 9 6.074094772338867 18.41310691833496 24.497867584228516 30.315576553344727

1 15.461636543273926 45.71767044067383 66.65811157226562 66.16046905517578 5 26.883588790893555 20.189977645874023 53.215675354003906 43.02556610107422 6 24.459224700927734 23.397239685058594 52.00299072265625 44.59614562988281 3 23.391748428344727 19.438770294189453 57.68738555908203 42.1191291809082 3 16.805612564086914 62.864566802978516 58.354576110839844 83.69952392578125
2 25.579483032226562 13.072322845458984 80.10596466064453 45.697425842285156

6 57.45355987548828 43.89365005493164 93.21358489990234 63.87910842895508
0 33.60408401489258 51.23231887817383 127.56537628173828 91.8333969116211 1 42.99091339111328 12.11176872253418 132.83096313476562 49.7305793762207 9 34.71404266357422 54.24617004394531 133.43617248535156 91.52194213867188
1 25.226713180541992 50.83274841308594 65.83322143554688 65.12846374511719 0 26.45713233947754 60.58680725097656 65.02560424804688 77.99301147460938
4 31.813411712646484 88.11553955078125 159.37960815429688 162.0175018310547
1 27.243894577026367 0.0 56.70585250854492 14.348236083984375 8 29.210708618164062 15.512768745422363 56.04092788696289 34.32582473754883
3 12.175617218017578 49.541175842285156 46.9825439453125 69.18807220458984
1 7.301921367645264 21.35911750793457 36.05774688720703 33.431922912597656 7 11.007511138916016 7.844496726989746 40.370269775390625 20.669580459594727
1 12.962607383728027 8.998581886291504 38.72566223144531 20.92654037475586 9 13.003154754638672 19.417125701904297 36.773555755615234 34.953182220458984
3 15.360067367553711 46.79785919189453 63.338409423828125 73.47338104248047 7 16.944988250732422 98.18013763427734 47.17868423461914 122.0 1 3.0201330184936523 11.83431625366211 54.41256332397461 36.938175201416016 9 18.56282615661621 73.58256530761719 71.66822814941406 100.69721221923828
5 6.624240398406982 10.157495498657227 24.339868545532227 21.916790008544922



5 140.30105590820312 0.0 194.57550048828125 43.298858642578125 5 114.03096008300781 5.958212375640869 175.33018493652344 50.58799362182617 0 10.982629776000977 0.0 149.14144897460938 61.11712646484375
2 15.169273376464844 59.746089935302734 42.44902420043945 78.79403686523438 7 9.643902778625488 42.9779052734375 48.039894104003906 63.032806396484375
8 19.05611801147461 26.043441772460938 41.65801239013672 38.620235443115234 6 16.58298683166504 14.034300804138184 41.647369384765625 26.744089126586914 1 16.7943172454834 3.814187526702881 40.74665069580078 17.238929748535156 4 19.65644073486328 3.742076873779297 44.26210403442383 17.943971633911133 2 18.73441505432129 23.597789764404297 37.60867691040039 39.41529846191406
2 14.774153709411621 6.210498332977295 43.88955307006836 22.70985984802246
8 20.66946029663086 29.83285140991211 71.42445373535156 51.302608489990234 6 26.747947692871094 8.140633583068848 73.11821746826172 26.785703659057617 8 15.536518096923828 52.094661712646484 60.053070068359375 74.01752471923828 8 27.57383918762207 7.237307548522949 74.47833251953125 28.339494705200195 3 27.55816650390625 11.935129165649414 70.3161392211914 29.34699249267578
2 112.38590240478516 120.36622619628906 143.2252960205078 142.669921875 9 114.35352325439453 136.09371948242188 140.54501342773438 155.41043090820312 5 109.22623443603516 136.5295867919922 137.75445556640625 160.95993041992188 7 39.38865661621094 48.54296112060547 126.79304504394531 87.76060485839844 1 40.350868225097656 105.00794982910156 83.52677154541016 127.1123275756836 4 36.57475280761719 108.81527709960938 109.35186767578125 152.40892028808594
7 26.629852294921875 21.630874633789062 55.646034240722656 35.85917663574219
9 34.325157165527344 34.74573516845703 60.26692199707031 49.7820930480957 3 38.9069709777832 19.73241424560547 61.1895866394043 35.013858795166016 2 31.905834197998047 34.72447967529297 65.0213394165039 51.85272216796875 9 7.882223129272461 38.50983810424805 47.911834716796875 57.76145935058594

4 8.423409461975098 3.9205920696258545 26.477882385253906 15.599248886108398 7 8.820243835449219 14.039657592773438 29.39040184020996 24.63558006286621

4 11.471175193786621 14.801309585571289 51.25720977783203 33.712913513183594 1 13.8104248046875 41.26533508300781 51.15314483642578 58.42261505126953 7 20.955591201782227 40.2562141418457 57.49968719482422 58.009178161621094 7 31.54482078552246 13.286603927612305 63.08665466308594 34.37278366088867
4 11.135540008544922 2.427992343902588 26.870121002197266 11.945096969604492
6 30.61018943786621 106.86790466308594 104.56398010253906 147.9444580078125 7 120.94617462158203 47.87961959838867 206.0 104.6798095703125 1 25.41510772705078 177.08567810058594 125.88719940185547 206.0 8 39.31598663330078 109.47807312011719 100.9297103881836 147.83534240722656

2 55.254329681396484 12.809576034545898 125.98444366455078 56.5748291015625 1 63.38691711425781 42.640472412109375 125.25175476074219 74.89967346191406 1 139.39431762695312 7.7681450843811035 197.1046905517578 39.81077194213867
9 7.674138069152832 47.84714126586914 40.161346435546875 62.812217712402344 3 13.436888694763184 30.50677490234375 43.519771575927734 48.771461486816406 3 14.285332679748535 16.738317489624023 43.26567077636719 30.760330200195312 3 12.855541229248047 47.280677795410156 42.89757537841797 62.20641326904297
6 16.604103088378906 40.45415496826172 40.27350616455078 55.43431091308594 3 15.8096284866333 23.751102447509766 43.50028991699219 41.99123764038086 3 13.629634857177734 4.303861618041992 41.519962310791016 21.50013542175293 1 17.30933380126953 12.103044509887695 44.88597869873047 25.499357223510742 2 14.17961311340332 24.029638290405273 37.418174743652344 40.64399719238281
6 14.693082809448242 23.19953155517578 39.641685485839844 38.243839263916016 1 12.806103706359863 9.045062065124512 42.28104782104492 22.449928283691406 9 10.092517852783203 30.755117416381836 33.94110107421875 47.61144256591797 6 7.226008415222168 32.386051177978516 33.23527526855469 46.39999008178711
2 11.284942626953125 25.79914665222168 40.77091598510742 39.685455322265625 4 16.795061111450195 36.65315628051758 40.475914001464844 51.35969161987305
2 10.435707092285156 18.73983383178711 25.060617446899414 28.693099975585938 9 5.8146748542785645 5.178194046020508 21.689857482910156 15.413504600524902
3 5.967198371887207 15.027881622314453 28.21255874633789 26.072715759277344 3 8.050905227661133 1.800280213356018 30.190608978271484 14.260335922241211
7 58.601539611816406 34.773963928222656 79.88897705078125 50.08625030517578 7 57.924049377441406 11.435641288757324 79.32418823242188 28.679542541503906 4 55.990665435791016 17.41025733947754 78.22447204589844 36.16676330566406 7 57.82306671142578 19.812925338745117 83.17671203613281 34.735355377197266 7 49.5450325012207 30.56527328491211 88.75962829589844 55.273826599121094 4 58.677024841308594 27.365171432495117 82.8963623046875 40.605751037597656
1 23.121261596679688 98.99189758300781 128.6203155517578 134.68980407714844 6 105.78447723388672 47.21704864501953 135.24578857421875 62.60493850708008 1 34.59510040283203 3.8254544734954834 100.61571502685547 32.694374084472656 1 104.36553955078125 20.492406845092773 134.93109130859375 35.29808807373047
8 13.62093734741211 23.327350616455078 38.308799743652344 37.47391891479492 6 13.641407012939453 23.09160614013672 41.50077438354492 38.394996643066406 9 12.49700927734375 22.724693298339844 40.336265563964844 37.58760070800781 0 16.99551773071289 37.57502365112305 46.116886138916016 53.25801086425781

6 33.85554122924805 53.71017074584961 65.77118682861328 72.35541534423828 8 44.93855285644531 67.26366424560547 80.31839752197266 84.86319732666016 0 52.453277587890625 66.0921859741211 78.7306137084961 83.61463165283203
3 10.99472713470459 44.853759765625 47.512413024902344 63.02985763549805 2 12.767850875854492 24.675926208496094 45.34871292114258 43.01790237426758 1 11.483278274536133 3.2416601181030273 40.75860595703125 17.00284767150879 7 8.194262504577637 2.0594325065612793 42.33445739746094 19.869857788085938 2 11.720194816589355 49.03437042236328 41.96462631225586 65.829833984375

6 12.318671226501465 20.825931549072266 38.01350021362305 35.15599822998047 2 14.572514533996582 5.751870632171631 40.727848052978516 19.337779998779297 5 10.21921157836914 22.726354598999023 37.01517868041992 37.16211700439453
5 32.089195251464844 69.6594009399414 67.7812271118164 88.91421508789062 3 18.982032775878906 48.827125549316406 63.928035736083984 72.27809143066406 5 20.910940170288086 73.62969970703125 59.06660461425781 102.22895050048828 9 35.7326774597168 86.06388092041016 74.39684295654297 107.48323059082031 1 32.29283142089844 58.93213653564453 66.029052734375 75.67271423339844

7 22.109617233276367 17.870725631713867 51.93043899536133 32.05990982055664 6 19.87816047668457 3.43141508102417 49.345794677734375 22.31869888305664 1 36.71466064453125 51.956024169921875 83.0 71.48934173583984 8 19.339319229125977 5.86753511428833 53.66365051269531 22.916654586791992 9 19.652475357055664 3.896536111831665 55.44768142700195 22.7065372467041
1 19.72024917602539 44.68730163574219 42.74757766723633 58.19110107421875 0 17.661136627197266 56.46538543701172 45.49113082885742 68.63762664794922 6 19.19297218322754 55.24854278564453 40.24917984008789 68.32574462890625 3 18.231884002685547 41.873268127441406 41.702781677246094 56.605010986328125 1 17.160123825073242 52.08964157104492 39.46186065673828 63.54204177856445 7 13.825719833374023 78.77030944824219 42.49344253540039 87.0
5 22.24630355834961 0.0 46.25291442871094 14.706525802612305
1 7.101025581359863 15.444602966308594 41.662567138671875 29.507057189941406 2 19.465457916259766 28.641586303710938 50.086708068847656 45.09369659423828

1 16.296192169189453 27.162277221679688 65.64239501953125 42.20334243774414 9 16.800251007080078 3.410792827606201 62.660736083984375 26.612720489501953
7 8.524778366088867 21.26283073425293 38.257965087890625 33.29720687866211 4 16.43761444091797 9.632648468017578 43.6215934753418 22.150251388549805 1 13.287129402160645 20.01764488220215 43.915348052978516 34.09138107299805
5 9.096456527709961 20.855850219726562 23.523662567138672 30.700061798095703 2 6.837881088256836 20.05144691467285 23.264894485473633 29.700206756591797
3 4.616273403167725 4.527921676635742 34.22829055786133 22.543729782104492 1 6.317728519439697 18.76776885986328 34.93619918823242 31.304838180541992
2 83.85841369628906 27.7681884765625 134.01470947265625 58.79591751098633 3 62.029850006103516 84.68667602539062 126.0721206665039 121.835205078125 1 74.55670166015625 114.00415802001953 116.09050750732422 137.42214965820312
6 16.406604766845703 73.2045669555664 51.94456481933594 92.28451538085938 1 14.926612854003906 58.20294952392578 44.66356658935547 77.49676513671875
9 14.632647514343262 33.449676513671875 40.12273406982422 49.245548248291016
5 27.479230880737305 16.191911697387695 71.00118255615234 36.391746520996094 1 23.725282669067383 0.12951621413230896 63.4652099609375 17.378355026245117 4 26.761098861694336 14.376895904541016 61.69981002807617 35.537071228027344 9 28.70623207092285 13.543502807617188 67.07596588134766 36.11980056762695 1 28.47020149230957 30.36081314086914 63.67752456665039 48.195220947265625
1 8.385050773620605 15.569551467895508 31.664100646972656 24.964181900024414 2 11.030912399291992 4.8307204246521 31.312278747558594 16.269248962402344
1 148.82058715820312 79.43266296386719 185.71286010742188 94.79974365234375 1 150.78086853027344 1.487250804901123 189.23768615722656 21.617612838745117 1 153.81800842285156 117.85004425048828 190.19046020507812 136.0966339111328 1 157.49354553222656 131.53591918945312 188.45956420898438 145.66546630859375 1 153.9290771484375 70.44488525390625 178.1446990966797 87.62423706054688 1 155.8963165283203 87.19022369384766 180.8008575439453 106.11742401123047
6 13.785272598266602 10.784074783325195 34.715885162353516 20.144418716430664 4 10.744818687438965 20.020660400390625 33.70286178588867 32.497615814208984 9 12.322675704956055 20.69350242614746 36.297630310058594 30.988069534301758 8 12.774141311645508 8.65397834777832 36.282005310058594 19.63645362854004
6 13.531625747680664 15.39077377319336 33.41454315185547 24.936355590820312 2 9.719382286071777 3.6215672492980957 31.686473846435547 16.81829833984375 7 14.587173461914062 2.5177969932556152 34.15645980834961 13.474031448364258 4 10.566807746887207 22.968883514404297 32.809696197509766 33.89942932128906 4 14.37802505493164 10.473569869995117 32.36068344116211 20.660045623779297
5 28.40456199645996 17.585018157958984 75.2176742553711 43.32200622558594 3 19.55054473876953 58.64387512207031 64.95993041992188 80.43465423583984 8 20.244064331054688 53.29084014892578 73.985595703125 76.71288299560547 2 15.327394485473633 60.37371063232422 53.94576644897461 80.59142303466797
4 13.97382640838623 2.0534777641296387 36.35171127319336 12.766221046447754 4 16.053808212280273 15.268446922302246 38.023746490478516 28.06697654724121 5 12.53974437713623 5.795234680175781 32.97602462768555 18.574729919433594
2 17.131519317626953 33.16154098510742 46.98933029174805 52.13780212402344 1 15.608823776245117 9.844687461853027 53.47959899902344 23.634105682373047
4 25.189159393310547 7.045413970947266 53.017478942871094 21.577756881713867 6 25.586400985717773 19.496965408325195 47.91714096069336 33.60074234008789 8 25.86250877380371 19.644498825073242 48.45237350463867 33.39627456665039

1 103.42705535888672 104.6135482788086 145.88841247558594 131.82192993164062 2 98.51305389404297 123.156005859375 148.27749633789062 158.4705352783203 9 68.99201965332031 127.7229232788086 145.6419219970703 165.5388946533203
4 18.883777618408203 61.66393280029297 53.70909118652344 89.7428207397461
3 16.95674705505371 73.3362808227539 66.9751968383789 97.23777770996094 4 15.625941276550293 89.01472473144531 59.94597244262695 114.50537872314453 2 27.844865798950195 71.68827819824219 67.13848114013672 102.15573120117188
6 12.182441711425781 11.143685340881348 29.27716827392578 23.068496704101562
9 14.50840950012207 3.562626361846924 38.18171691894531 19.118337631225586
7 25.065458297729492 78.3614730834961 86.1178970336914 113.0432357788086 3 22.50822639465332 41.4192008972168 91.89387512207031 75.60380554199219 8 39.3470458984375 44.77291488647461 92.95819854736328 77.11012268066406 1 41.87362289428711 9.92626953125 106.91355895996094 38.57835388183594
2 10.840507507324219 23.699323654174805 25.425748825073242 32.22077941894531
1 23.61298942565918 0.548676609992981 71.56067657470703 22.090496063232422 7 16.911211013793945 53.02273941040039 56.96098327636719 78.68184661865234 7 15.108713150024414 23.33262825012207 55.04279327392578 47.08930206298828 3 14.114933013916016 23.496517181396484 73.59105682373047 47.921165466308594 4 18.787137985229492 0.0 64.57167053222656 21.58228302001953 4 40.11228561401367 55.03444290161133 85.3038558959961 77.43101501464844
1 36.03078842163086 62.28732681274414 73.1520004272461 81.89861297607422
8 14.337760925292969 7.4605278968811035 62.27006912231445 33.89937210083008 8 11.759772300720215 30.377384185791016 64.4129867553711 56.453514099121094
7 5.054215908050537 11.520569801330566 27.88603401184082 26.480905532836914
1 24.607498168945312 25.331279754638672 47.9241828918457 38.251277923583984 0 19.82804298400879 34.032997131347656 47.18398666381836 49.98990249633789
4 62.30592346191406 33.736572265625 175.651123046875 87.97846221923828 1 156.16456604003906 13.619009017944336 222.780029296875 43.47067642211914 2 106.86158752441406 121.15119934082031 153.33798217773438 151.1548614501953
9 8.917845726013184 4.079036235809326 25.67316246032715 14.687138557434082
2 31.710376739501953 25.667888641357422 71.09478759765625 49.8160514831543
0 88.36829376220703 53.93107604980469 148.08999633789062 80.98383331298828 3 100.10401153564453 27.783056259155273 149.9630584716797 57.321292877197266
7 10.504401206970215 24.024927139282227 27.778932571411133 35.633155822753906
9 13.892024040222168 5.455352306365967 38.92279052734375 20.823774337768555
2 12.854520797729492 0.7741410136222839 56.36639404296875 19.00476837158203 7 23.257648468017578 27.4215030670166 64.70720672607422 46.296287536621094

2 17.51715660095215 89.36747741699219 45.808231353759766 107.2404556274414 3 16.698036193847656 101.23355102539062 43.45929718017578 116.34939575195312 4 89.64216613769531 10.145465850830078 125.0 39.95319747924805
9 11.64605712890625 20.994009017944336 42.79468536376953 35.28021240234375 1 2.694939613342285 10.44868278503418 35.1424674987793 22.711362838745117 6 15.325162887573242 37.88078689575195 39.87575149536133 53.094425201416016 9 20.104963302612305 36.21759796142578 45.8513069152832 51.97397232055664
1 62.99988555908203 31.188901901245117 99.7571029663086 55.12459945678711 8 48.67887496948242 63.93288803100586 79.55879211425781 88.69110870361328
1 8.808971405029297 41.34638595581055 38.78782653808594 55.17967987060547 4 10.96922492980957 52.52695083618164 41.67043685913086 66.4187240600586
6 18.882963180541992 18.563119888305664 44.944087982177734 34.12909698486328 7 18.98832130432129 6.63040018081665 48.83225631713867 19.18984031677246 5 15.0267972946167 20.469053268432617 45.486328125 33.411128997802734 0 21.61664390563965 9.133464813232422 46.938636779785156 20.694887161254883 1 17.290258407592773 5.315891265869141 48.7793083190918 18.83162498474121
1 59.536685943603516 93.2981185913086 151.43624877929688 131.2884521484375 1 97.08243560791016 36.30266571044922 148.5596160888672 64.76396942138672 4 84.36054229736328 137.94017028808594 153.24623107910156 174.04432678222656 1 72.75852966308594 119.84720611572266 136.92567443847656 150.9280548095703 1 46.751102447509766 12.066494941711426 124.66233825683594 45.56975555419922 0 65.10674285888672 118.38967895507812 143.68902587890625 152.02037048339844
0 9.672477722167969 32.97477722167969 39.960453033447266 45.14668655395508 1 9.380232810974121 24.035619735717773 38.079044342041016 36.02849197387695 3 9.248273849487305 17.92993927001953 38.58950424194336 34.015838623046875
1 10.722298622131348 23.670366287231445 40.48025131225586 39.263954162597656 1 7.166341304779053 32.85212707519531 41.91242980957031 46.01215362548828 5 14.18191146850586 6.229238986968994 44.30001449584961 22.547391891479492
0 86.84371948242188 86.7638168334961 124.59451293945312 104.51765441894531 1 88.59285736083984 56.50198745727539 117.1911392211914 72.48841857910156 6 84.41841125488281 67.75421142578125 109.53302764892578 86.81181335449219 0 88.6785659790039 81.31919860839844 114.35436248779297 97.78343200683594 1 67.05953979492188 34.904884338378906 120.6077880859375 57.939945220947266 0 74.5020523071289 83.98532104492188 106.4801025390625 103.73833465576172
2 20.010297775268555 6.172646522521973 51.92068862915039 20.693939208984375 4 14.702888488769531 21.209192276000977 45.17904281616211 37.82635498046875 9 11.298203468322754 36.13611602783203 43.828407287597656 52.26156234741211 1 25.6068172454834 24.505769729614258 54.368770599365234 37.52762985229492 4 20.274179458618164 7.071989059448242 53.668582916259766 25.836986541748047 9 24.90622329711914 5.654921054840088 49.04772186279297 17.404760360717773
2 22.809452056884766 40.244346618652344 51.89970016479492 57.604705810546875 1 16.541107177734375 6.128664970397949 56.4581184387207 21.092182159423828
9 12.170659065246582 31.911178588867188 41.3826789855957 47.612586975097656
2 23.105527877807617 28.37799644470215 59.63561248779297 49.67042541503906 9 13.160941123962402 52.587100982666016 50.122650146484375 72.67050170898438 4 14.346622467041016 53.21833801269531 48.18436813354492 71.06343078613281
1 55.298614501953125 47.611915588378906 122.0 71.01554870605469 2 39.65693283081055 5.8437371253967285 87.38752746582031 32.40351867675781 1 0.0 39.2267951965332 48.04581069946289 62.78976821899414 4 0.0 53.41157531738281 41.13712692260742 78.3813705444336 1 14.71023941040039 32.09121322631836 85.21640014648438 57.447479248046875
5 8.926543235778809 11.536967277526855 33.965274810791016 25.755754470825195 5 13.677287101745605 24.35228157043457 39.14104080200195 39.19761657714844


7 9.902999877929688 6.62766695022583 30.252885818481445 20.57324981689453 4 7.541592121124268 12.859379768371582 30.661989212036133 24.019052505493164
5 13.229742050170898 8.663044929504395 50.7009162902832 30.437768936157227
3 7.305599212646484 27.293182373046875 32.451690673828125 41.1676025390625
1 24.091405868530273 10.305668830871582 65.3106918334961 26.244958877563477 7 22.935134887695312 44.4010009765625 58.73688888549805 70.91942596435547 4 18.698026657104492 48.161643981933594 61.06487274169922 70.20783996582031
3 14.875577926635742 14.082012176513672 48.201324462890625 31.563655853271484 7 18.575037002563477 36.8089485168457 49.72636413574219 54.63907241821289
3 7.724065780639648 39.023719787597656 49.447444915771484 62.18803787231445 8 22.096891403198242 25.86904525756836 54.005592346191406 47.226924896240234 1 26.98155975341797 12.72727108001709 57.311767578125 28.437891006469727 5 12.346160888671875 43.21388244628906 46.58879089355469 65.51070404052734 9 21.544286727905273 23.86163330078125 50.2110481262207 42.12375259399414 7 9.061319351196289 39.87223815917969 42.109107971191406 60.796653747558594
4 14.336980819702148 22.27871322631836 38.256004333496094 35.041725158691406 4 15.35926342010498 33.506858825683594 41.09113311767578 46.06667709350586 5 23.285615921020508 0.0 45.44847869873047 11.903841018676758 4 12.24644947052002 6.3231730461120605 33.53196716308594 20.409969329833984 9 9.90441608428955 6.641558647155762 32.26905822753906 20.18013572692871 6 28.738155364990234 0.7160919904708862 49.0 12.689579963684082
2 16.75739288330078 16.792253494262695 49.708438873291016 35.943115234375 8 15.847319602966309 33.08734893798828 49.66941833496094 53.03449249267578 6 19.34054183959961 35.686641693115234 53.17831039428711 56.04875946044922 3 21.842666625976562 38.77314376831055 49.29615783691406 59.16495895385742
5 23.963388442993164 79.68142700195312 67.08604431152344 105.19245910644531 1 27.648351669311523 66.47537231445312 70.27181243896484 86.90834045410156 3 25.005287170410156 51.69572448730469 72.86133575439453 79.73387145996094 1 18.44723892211914 54.855342864990234 70.52974700927734 79.08963012695312 1 0.22425596415996552 16.988544464111328 72.95514678955078 49.81093215942383
4 9.974197387695312 5.036135196685791 38.48355484008789 20.586307525634766 4 12.487911224365234 27.599838256835938 33.5394287109375 42.40326690673828 4 8.622553825378418 35.30873107910156 32.39228820800781 50.142494201660156
2 10.788034439086914 26.00693702697754 29.37493133544922 38.31779479980469 2 8.130902290344238 37.510746002197266 28.541563034057617 50.86930465698242

2 53.55806350708008 112.36483764648438 101.79521179199219 144.31893920898438 3 67.82234954833984 130.38150024414062 108.10531616210938 157.9461212158203 9 58.501407623291016 171.34323120117188 116.37932586669922 198.1878204345703 5 61.93132400512695 134.14080810546875 100.7806396484375 154.0505828857422 2 73.22142028808594 178.1551971435547 113.87863159179688 200.7164764404297 9 72.1010513305664 114.7955551147461 109.00310516357422 139.64080810546875
1 7.844456672668457 4.452027797698975 45.501731872558594 18.92478370666504 1 10.376086235046387 13.969988822937012 40.375614166259766 28.935462951660156
8 13.242138862609863 21.31396484375 37.246238708496094 34.21842575073242 3 13.142939567565918 7.972736835479736 41.980812072753906 22.714893341064453
1 11.889884948730469 4.0100626945495605 47.01860809326172 18.460281372070312


5 99.3559799194336 105.72176361083984 135.6716766357422 123.69189453125 5 101.55855560302734 103.0304183959961 134.95663452148438 112.72578430175781 6 98.4002914428711 81.05321502685547 135.1316680908203 100.35370635986328 5 95.70635223388672 93.324951171875 131.3888702392578 109.24212646484375 5 98.3836898803711 82.56411743164062 134.58311462402344 102.37380981445312
3 9.041550636291504 10.278512954711914 32.2414436340332 23.62571144104004 9 8.324702262878418 22.869840621948242 34.397552490234375 36.52139663696289
7 11.673449516296387 17.3140811920166 38.76064682006836 30.14446449279785 3 12.783747673034668 4.040957450866699 39.72477340698242 19.486974716186523
4 19.17376136779785 6.022967338562012 46.47470474243164 26.496978759765625 4 15.632264137268066 24.16265869140625 53.41212844848633 48.14778137207031

7 12.232322692871094 18.336883544921875 34.80678176879883 31.310575485229492
8 19.907920837402344 34.231014251708984 38.51866912841797 46.855587005615234 2 18.171566009521484 23.19601058959961 37.9925651550293 36.7979736328125

3 12.910826683044434 15.309308052062988 36.623626708984375 30.573074340820312 4 17.620119094848633 28.263486862182617 40.25116729736328 41.392372131347656

1 13.62907886505127 0.0 82.74285125732422 21.856346130371094 1 18.744091033935547 38.05754089355469 90.8565673828125 66.89195251464844 8 26.271244049072266 20.75571060180664 59.54540252685547 39.12314987182617
8 64.6097640991211 42.3121452331543 85.5953369140625 57.53974151611328 8 65.0323715209961 35.13751220703125 89.70686340332031 50.406410217285156 1 55.47370910644531 28.095029830932617 91.14615631103516 46.82491683959961 9 62.06053924560547 46.29352951049805 90.2752685546875 62.953861236572266 8 57.19069290161133 45.148170471191406 93.73336791992188 65.79833221435547 7 58.70453643798828 50.267906188964844 94.81692504882812 70.68915557861328
1 24.192157745361328 17.483535766601562 51.03445053100586 29.137699127197266 5 21.747249603271484 24.918174743652344 50.8047981262207 39.6132926940918 1 26.43789291381836 0.0 59.26320266723633 15.622919082641602

2 26.046972274780273 56.258094787597656 64.37186431884766 76.83085632324219 9 21.900066375732422 38.54058837890625 59.10009765625 60.247596740722656 8 30.984294891357422 40.06789016723633 65.10932922363281 61.06816864013672
8 56.58604049682617 46.842044830322266 91.14986419677734 67.05369567871094
8 69.33674621582031 70.0096664428711 122.8311767578125 96.60663604736328 2 74.33940124511719 12.015983581542969 127.86858367919922 42.246849060058594 0 70.24140167236328 42.977535247802734 129.26556396484375 73.57624816894531


5 41.135066986083984 124.2074203491211 99.88211059570312 160.7650604248047

1 32.221961975097656 26.585208892822266 67.72537994384766 45.169227600097656 0 37.91995620727539 57.59856414794922 72.01058959960938 73.5644302368164 0 36.18516159057617 41.01937484741211 67.46591186523438 57.99147033691406 8 33.641807556152344 41.07068634033203 72.13213348388672 57.689002990722656 8 34.96833419799805 58.50953674316406 74.33381652832031 76.04347229003906 6 34.81630325317383 58.84074020385742 70.57486724853516 77.7304916381836
2 38.38751220703125 1.435813307762146 68.04399108886719 17.696727752685547 9 19.3887882232666 40.05744934082031 51.753929138183594 56.94570541381836 1 26.949386596679688 21.57176971435547 60.36985397338867 37.84689712524414
2 18.207035064697266 23.303340911865234 44.63077926635742 38.74445724487305 2 21.319616317749023 7.868368148803711 47.689674377441406 22.668121337890625
5 18.184736251831055 14.602964401245117 38.79311752319336 26.854841232299805
1 37.511714935302734 29.893918991088867 68.25753784179688 45.33949661254883 7 41.083499908447266 44.27211380004883 67.37452697753906 57.83422088623047 4 18.928346633911133 1.7983107566833496 63.777976989746094 24.62502098083496 4 53.43699645996094 0.006855139043182135 89.19805145263672 23.322267532348633 1 0.0 58.18851089477539 34.69048309326172 81.80693817138672
3 19.319278717041016 3.6054441928863525 63.15851974487305 24.214221954345703 6 29.282073974609375 23.10995864868164 74.32147216796875 45.47549819946289 8 33.702476501464844 42.16435623168945 78.05667877197266 66.55770111083984

3 13.955973625183105 36.551570892333984 37.09910583496094 52.07107925415039
2 15.540804862976074 5.5639166831970215 49.770179748535156 28.47281837463379 5 11.746540069580078 23.035446166992188 55.89862823486328 48.31157684326172

1 108.46070861816406 46.87548828125 140.18844604492188 66.09757232666016 6 104.24772644042969 61.90882873535156 141.7037811279297 84.72473907470703
7 20.616039276123047 27.084115982055664 52.01434326171875 42.57302474975586 4 16.287921905517578 39.07400131225586 55.6020622253418 56.44831085205078 1 11.920941352844238 43.070465087890625 45.87580871582031 59.41278839111328

5 52.03102493286133 29.071205139160156 91.87671661376953 53.867950439453125 3 63.34524154663086 19.559354782104492 97.36122131347656 43.458892822265625 4 55.39053726196289 12.963066101074219 95.64933776855469 33.77103042602539
7 9.59876823425293 24.774829864501953 37.27277374267578 41.84453201293945 7 12.347796440124512 10.024773597717285 39.01251983642578 24.595157623291016
5 8.046929359436035 25.06650161743164 35.560096740722656 37.083953857421875 0 16.856487274169922 16.14702033996582 44.22282028198242 26.655210494995117 2 22.01990509033203 9.315380096435547 51.92643737792969 22.101057052612305 1 7.32328987121582 35.111419677734375 39.308509826660156 46.98979187011719 4 17.10122299194336 6.893238544464111 46.260684967041016 21.011428833007812
3 13.666604995727539 8.180541038513184 40.069820404052734 24.41142463684082 2 11.075843811035156 24.831077575683594 32.811622619628906 37.02854919433594
6 25.01468849182129 48.09794998168945 56.76759338378906 65.60896301269531 2 24.632015228271484 2.2598934173583984 57.20291519165039 21.33500862121582 4 29.096792221069336 22.5677547454834 61.493324279785156 43.73551559448242 5 27.138824462890625 49.13766098022461 61.18293762207031 66.42479705810547 1 26.115882873535156 32.60042953491211 62.31537628173828 48.877708435058594 8 31.0816707611084 47.47755432128906 60.83654022216797 65.56153106689453
2 73.96941375732422 89.36833190917969 111.02084350585938 111.42931365966797 1 25.221914291381836 113.00615692138672 94.4012680053711 140.32948303222656 4 82.5399169921875 99.54774475097656 114.2565689086914 121.42988586425781
7 32.09751892089844 31.287553787231445 55.09579086303711 45.97659683227539 7 33.49751663208008 38.81963348388672 57.96084976196289 51.49974822998047 2 33.674713134765625 30.553720474243164 59.370235443115234 44.40796661376953 2 0.0 60.58229064941406 39.589534759521484 84.01171112060547


3 0.0 29.743404388427734 32.17707824707031 53.260868072509766 1 29.444910049438477 45.444175720214844 61.20225524902344 57.274620056152344 1 21.47114372253418 4.315225601196289 52.8685188293457 22.36822509765625 0 32.60118103027344 60.32663345336914 58.550575256347656 78.65165710449219 1 32.67730712890625 50.585750579833984 63.30827331542969 66.74586486816406 1 40.34351348876953 95.20238494873047 111.91665649414062 125.11021423339844
2 20.88614273071289 7.062732696533203 58.61371612548828 24.24549674987793 8 10.371048927307129 33.62664794921875 45.47075653076172 50.05405807495117 0 16.969568252563477 21.57588005065918 50.08414077758789 36.93020248413086 0 13.4148588180542 32.60948181152344 43.5322151184082 49.35783386230469 6 14.412193298339844 34.734989166259766 46.1850700378418 49.67454528808594
1 94.38066101074219 109.28762817382812 159.0 140.25445556640625 4 83.3929214477539 36.46358871459961 112.48173522949219 56.37443542480469 4 78.86444091796875 44.452247619628906 113.18448638916016 69.45092010498047
5 20.802518844604492 39.52195739746094 50.49139404296875 55.71308898925781
1 18.416580200195312 30.790019989013672 57.305633544921875 53.12775421142578 1 21.369361877441406 47.37557601928711 58.216190338134766 69.33782196044922 9 20.879236221313477 71.65383911132812 64.46126556396484 95.06602478027344 3 15.696084976196289 44.2833366394043 57.38432693481445 67.51589965820312 5 22.430238723754883 45.13190841674805 68.11209869384766 65.5333023071289
4 11.859809875488281 19.795948028564453 29.258285522460938 29.936962127685547
9 26.109357833862305 37.960575103759766 68.3139419555664 57.97570037841797 9 22.495590209960938 64.8383560180664 66.9034423828125 87.51504516601562 1 18.566001892089844 1.578133463859558 67.00225830078125 21.501346588134766
8 26.069108963012695 69.83008575439453 55.5843620300293 94.3179931640625 4 35.531375885009766 75.22917175292969 82.18130493164062 114.50536346435547 1 51.61818313598633 94.009033203125 132.02066040039062 124.77796173095703
8 11.290888786315918 23.380266189575195 31.313329696655273 33.844818115234375 3 13.073665618896484 9.603636741638184 31.09187889099121 21.183494567871094
6 5.9369049072265625 34.5671501159668 37.78862762451172 49.89163589477539 7 7.288366317749023 28.345762252807617 33.90403747558594 42.49961471557617 4 9.637730598449707 25.813125610351562 35.845882415771484 39.52039337158203 0 16.565032958984375 35.8923454284668 46.54964065551758 49.34022903442383 4 7.451536178588867 38.06970977783203 42.03645324707031 53.286224365234375
2 16.29230308532715 14.094510078430176 59.580570220947266 32.888038635253906 9 14.589513778686523 33.069732666015625 59.95028305053711 49.228946685791016 0 14.218940734863281 30.834781646728516 51.76676559448242 47.64567947387695
0 8.56458568572998 35.68284606933594 45.4011344909668 52.00052261352539 6 11.352681159973145 10.562959671020508 40.602455139160156 27.9649658203125 0 20.80409812927246 9.67576789855957 46.53990173339844 29.164045333862305
1 11.217703819274902 3.1562983989715576 37.38737869262695 16.29999351501465 1 9.253401756286621 30.97557258605957 39.997100830078125 43.849098205566406 4 11.508174896240234 17.166641235351562 34.341678619384766 30.30417251586914

5 9.700145721435547 28.431306838989258 35.3206901550293 38.86699295043945 3 10.419722557067871 11.017537117004395 35.495391845703125 24.095178604125977
6 157.2473907470703 45.06733703613281 210.65330505371094 85.3573989868164 1 68.77117156982422 0.0 130.79443359375 29.902938842773438
1 33.87956619262695 4.317267417907715 90.03660583496094 29.137632369995117 7 33.802703857421875 53.50791549682617 84.506591796875 82.20258331298828 0 31.439590454101562 26.127872467041016 91.46340942382812 56.59165954589844
7 14.629576683044434 11.944993019104004 38.06599807739258 24.47353172302246 4 8.98237133026123 27.04617691040039 29.75900650024414 41.87253952026367 2 14.590270042419434 14.830290794372559 37.67109680175781 27.0294132232666


9 18.571617126464844 17.978883743286133 56.6041145324707 35.16316223144531 1 20.604690551757812 2.0857081413269043 56.24778366088867 21.044130325317383 6 15.296318054199219 32.35767364501953 57.098262786865234 51.17252731323242 0 19.31496238708496 19.336299896240234 52.10129165649414 34.397098541259766 0 23.172809600830078 36.37294006347656 58.57542037963867 53.885433197021484 8 18.59957504272461 15.457795143127441 56.78803253173828 34.901390075683594

3 28.481725692749023 40.37668991088867 53.822757720947266 54.93804168701172 6 24.5087833404541 54.765907287597656 52.823387145996094 70.63288116455078 1 21.11421012878418 28.957035064697266 53.742252349853516 44.194942474365234 3 24.91069221496582 47.20660400390625 53.398109436035156 63.622798919677734
3 13.975375175476074 10.830341339111328 38.60655212402344 23.75954818725586
7 12.191554069519043 3.404406785964966 33.553348541259766 14.7193021774292 4 7.457371711730957 7.14957332611084 33.234500885009766 18.515331268310547
2 23.548377990722656 77.35165405273438 73.1572265625 107.59796905517578 5 29.79923439025879 103.60028839111328 76.1025161743164 128.92681884765625
7 14.69186782836914 31.881210327148438 40.84183120727539 49.21293640136719 4 13.102193832397461 15.842018127441406 41.689697265625 30.968080520629883 2 16.229276657104492 13.169944763183594 42.13844299316406 28.657726287841797
9 65.49162292480469 110.07196044921875 117.74920654296875 132.6956024169922 2 65.4482421875 115.66879272460938 119.7014389038086 136.2619171142578 9 72.3869857788086 120.66935729980469 101.85586547851562 133.86114501953125

1 13.70598316192627 2.9660775661468506 55.865089416503906 19.665611267089844 8 18.639188766479492 26.814558029174805 62.73856735229492 47.44243240356445 1 22.773942947387695 9.410301208496094 60.279388427734375 26.51325798034668
3 46.18055725097656 42.146881103515625 91.64546203613281 73.422119140625 4 41.497074127197266 14.852569580078125 100.39936828613281 43.6845588684082 2 39.92417526245117 42.7687873840332 99.99346160888672 73.58892059326172
6 24.695680618286133 28.380765914916992 49.29390335083008 41.55564880371094 6 25.446706771850586 16.192033767700195 56.60958480834961 33.02244186401367 8 26.78325653076172 28.627975463867188 52.963172912597656 44.30123519897461
2 36.8409309387207 62.3234748840332 80.35572814941406 88.29509735107422 3 31.901893615722656 10.599762916564941 83.06665802001953 39.95730209350586 4 32.97924041748047 37.71554183959961 83.60729217529297 60.82862854003906 2 34.71518325805664 45.482643127441406 79.92097473144531 74.18879699707031 1 90.684326171875 97.56719970703125 154.0 133.85560607910156 1 19.578371047973633 92.41092681884766 101.87242126464844 123.61882781982422
2 14.520943641662598 34.993404388427734 66.41973114013672 64.94111633300781 6 37.90446090698242 72.27838897705078 88.58602142333984 102.05010986328125


8 94.58602142333984 133.44369506835938 127.96202850341797 153.18344116210938 6 85.42698669433594 117.093505859375 120.78670501708984 134.26722717285156 6 78.45801544189453 100.99148559570312 109.6407241821289 118.80767059326172 3 80.88848876953125 98.70366668701172 114.48880004882812 118.36036682128906 5 71.65030670166016 98.61048126220703 106.42389678955078 121.26769256591797 9 93.8374252319336 124.34030151367188 160.0 160.0
5 43.6032829284668 28.680479049682617 76.56794738769531 44.91421127319336 2 48.45710372924805 4.167094707489014 76.16853332519531 18.963376998901367 8 42.99884796142578 16.234149932861328 75.8832015991211 34.493431091308594 3 47.36994552612305 3.441471815109253 78.06271362304688 22.393604278564453 6 40.36705017089844 17.58829116821289 78.68502044677734 40.56003189086914


2 22.03888702392578 0.0 44.6678466796875 14.099041938781738 5 20.3535213470459 3.8215174674987793 46.768829345703125 22.035964965820312 4 20.5471134185791 16.629182815551758 47.20930099487305 34.19795227050781
4 43.31633377075195 33.94059753417969 101.96968841552734 62.85683822631836 6 16.699060440063477 61.37153244018555 73.2688980102539 100.87596130371094
9 17.579294204711914 59.287750244140625 52.5400390625 75.9292221069336 4 20.11707305908203 44.162254333496094 50.28105163574219 63.81752014160156 1 16.89975357055664 20.903711318969727 55.34181594848633 35.35205841064453 0 18.229263305664062 27.31447410583496 56.43671417236328 45.729339599609375 0 16.19281578063965 58.217018127441406 47.14285659790039 76.61124420166016 4 17.31839370727539 53.24161148071289 56.64281463623047 70.89652252197266

7 42.65814971923828 53.08818435668945 87.34562683105469 73.0086441040039 1 4.035118103027344 33.47165298461914 80.13650512695312 57.23917007446289 1 48.3898811340332 62.48362731933594 77.9521255493164 77.97928619384766

3 37.41798400878906 0.0 70.07268524169922 15.636348724365234 1 26.81382942199707 8.45734691619873 59.31655502319336 25.1052303314209
3 36.14694595336914 40.97163391113281 69.4516372680664 60.52694320678711 3 35.56685256958008 4.556792736053467 68.3322982788086 23.58189582824707 5 31.08993911743164 21.737524032592773 69.94176483154297 38.32951736450195 9 38.787452697753906 20.96772575378418 70.11441040039062 39.52050018310547 6 27.501251220703125 18.763900756835938 70.43598175048828 39.31737518310547

2 14.568466186523438 32.317474365234375 36.3592643737793 45.588722229003906
5 9.08254623413086 15.67780876159668 27.424816131591797 27.609750747680664
6 8.4835205078125 13.411070823669434 26.21551513671875 21.450233459472656 5 4.4690728187561035 4.177781105041504 24.08382797241211 13.151468276977539
1 7.131294250488281 20.919950485229492 38.088863372802734 33.23666763305664
2 24.63009262084961 17.305076599121094 76.5435791015625 47.922428131103516 1 21.14081382751465 56.139015197753906 80.42021179199219 84.86783599853516 4 20.13239860534668 57.842105865478516 66.3540267944336 86.3421630859375
5 20.579626083374023 53.38013458251953 54.986671447753906 79.19507598876953 2 21.32170867919922 27.726713180541992 61.62335968017578 49.3682975769043 1 16.855192184448242 4.283473491668701 63.121036529541016 24.435853958129883
2 15.30046272277832 26.14964485168457 50.089881896972656 42.58736801147461
2 26.418657302856445 11.026167869567871 65.37174224853516 33.89474105834961 7 28.829992294311523 34.28868865966797 72.49298858642578 54.231929779052734 7 35.26270294189453 42.93321228027344 71.64012145996094 63.045509338378906
1 85.66902160644531 30.912572860717773 113.7264404296875 47.0848274230957 9 85.74341583251953 42.428951263427734 114.38631439208984 61.55278015136719 4 20.14296531677246 96.66610717773438 80.66670227050781 127.3963394165039
2 84.75032043457031 70.80547332763672 145.20175170898438 109.47826385498047


3 8.908461570739746 21.078781127929688 28.429176330566406 31.75658416748047
3 12.647754669189453 14.138605117797852 37.7671012878418 28.316076278686523 8 25.970672607421875 21.804244995117188 53.96177291870117 37.629608154296875 0 32.797340393066406 25.737096786499023 53.6546745300293 38.08938217163086
5 12.827814102172852 31.233078002929688 36.97589874267578 45.072227478027344 3 26.174236297607422 47.2008056640625 49.77770233154297 61.8238410949707 6 12.18669319152832 31.325035095214844 36.38918685913086 46.803062438964844 5 23.271604537963867 46.15133285522461 49.394012451171875 61.03240203857422
2 15.706993103027344 38.327125549316406 52.72394943237305 60.01716232299805 4 19.037790298461914 34.91365051269531 57.91099548339844 55.46984100341797
1 67.31359100341797 114.79925537109375 140.66012573242188 159.83200073242188
2 13.647088050842285 68.58724212646484 50.341552734375 91.274169921875 7 37.06582260131836 70.13082122802734 78.63117980957031 89.15231323242188 2 55.2928352355957 68.65608215332031 89.63787841796875 90.51212310791016 3 41.95537185668945 70.54853820800781 83.6262435913086 91.93113708496094
1 28.184436798095703 9.74548625946045 71.94326782226562 29.070804595947266 7 28.457134246826172 20.212053298950195 71.30665588378906 40.45846176147461 8 29.56172752380371 33.91329574584961 72.81441497802734 50.65623092651367 0 29.82309341430664 46.60218048095703 69.49624633789062 63.44683837890625 0 33.220733642578125 36.98974609375 70.84178161621094 52.91697311401367 4 33.496891021728516 33.6357421875 67.20938873291016 47.17942428588867
3 19.624128341674805 5.159564971923828 67.67882537841797 35.21449661254883 7 22.19965171813965 32.13015365600586 76.00645446777344 62.461021423339844 5 35.67017364501953 61.664649963378906 86.80250549316406 91.08538055419922 3 39.142662048339844 65.57042694091797 90.82422637939453 92.68035125732422
6 36.91685485839844 28.273706436157227 73.69445037841797 45.08354187011719 9 41.77508544921875 13.821647644042969 66.84198760986328 28.728042602539062 6 43.33966064453125 32.37628173828125 64.37544250488281 41.970211029052734 1 0.0 66.61009979248047 47.138397216796875 87.34107208251953

6 27.278034210205078 51.9564094543457 61.29294967651367 70.65369415283203 1 20.410099029541016 39.988826751708984 59.48658752441406 56.36223602294922
4 11.411506652832031 24.74635124206543 46.194583892822266 40.523109436035156 1 9.547369003295898 13.64400577545166 45.359798431396484 28.529802322387695 0 14.172147750854492 39.998260498046875 47.292179107666016 55.978023529052734 1 16.674427032470703 32.86222839355469 50.370033264160156 46.95969009399414
4 21.254600524902344 35.53031921386719 70.70586395263672 64.12645721435547
7 10.590096473693848 1.9007484912872314 35.47312927246094 17.003711700439453 8 12.153238296508789 14.92896556854248 35.077754974365234 29.15438461303711 9 10.133907318115234 14.662209510803223 31.185373306274414 29.441865921020508

2 25.900047302246094 0.0 44.68803405761719 10.714851379394531 3 24.926448822021484 11.271768569946289 46.24395751953125 26.324478149414062 2 23.92096519470215 11.531227111816406 47.28788757324219 24.875083923339844 4 25.08249282836914 11.786272048950195 46.45117950439453 24.543643951416016 1 12.45779800415039 26.876108169555664 51.196937561035156 40.99138259887695
3 4.8351569175720215 21.918853759765625 29.917240142822266 36.3895149230957
5 28.991737365722656 77.8614730834961 51.10436248779297 92.76152801513672 6 27.306684494018555 92.55078887939453 43.90692901611328 105.69557189941406 5 30.350021362304688 86.78606414794922 50.97478485107422 99.63145446777344 8 23.184547424316406 91.96110534667969 44.42510986328125 105.68355560302734 4 49.58203125 14.83950424194336 99.80084991455078 41.12861633300781
6 14.023387908935547 26.42921257019043 35.085296630859375 38.27191162109375
1 25.133697509765625 38.91065216064453 56.390357971191406 53.32002639770508 9 23.795230865478516 50.092315673828125 58.35087585449219 66.75611877441406 8 26.26849365234375 62.63179016113281 64.39918518066406 79.06383514404297 8 28.57921600341797 51.115562438964844 60.769432067871094 69.78915405273438 0 25.452594757080078 53.403587341308594 52.71318054199219 66.70616149902344 0 29.781261444091797 64.57511901855469 69.82196044921875 80.09587097167969
2 18.92447280883789 11.036452293395996 41.45745849609375 24.468910217285156 1 26.459487915039062 2.5008277893066406 49.0 13.16506576538086 5 20.213563919067383 21.439964294433594 41.66446304321289 36.853240966796875
9 36.89052963256836 65.86103820800781 77.09422302246094 87.09555053710938 1 33.870059967041016 47.405982971191406 86.77312469482422 66.89897155761719 7 35.89345932006836 29.81977653503418 84.00591278076172 52.895843505859375 2 41.28516387939453 68.90730285644531 85.94218444824219 89.92634582519531 7 36.54434585571289 50.8555908203125 67.4104232788086 67.22525024414062 1 42.86322784423828 25.53805160522461 84.17949676513672 51.52910232543945
8 9.394339561462402 15.65750503540039 35.15810775756836 30.27718734741211 2 9.94345474243164 1.3226299285888672 39.46908950805664 17.12887191772461 4 13.479687690734863 26.98316192626953 37.63799285888672 40.301788330078125
1 16.552274703979492 30.09634780883789 51.33913040161133 46.5290641784668 2 19.390453338623047 11.93592643737793 52.17695617675781 31.10352325439453
1 33.16992950439453 68.81916046142578 64.39604187011719 87.209716796875 4 42.37394714355469 82.70106506347656 74.77552795410156 101.26741027832031 3 53.747528076171875 88.4579849243164 102.36910247802734 110.0
2 32.74705505371094 9.493928909301758 70.80926513671875 27.185195922851562
1 11.110994338989258 103.95114135742188 114.42082214355469 141.19740295410156 3 140.42771911621094 173.14991760253906 192.98439025878906 211.427978515625
2 6.029404163360596 2.704930067062378 23.250200271606445 11.844149589538574
2 10.422293663024902 0.8395798206329346 28.93431854248047 11.263188362121582
9 73.90620422363281 131.57276916503906 108.82166290283203 154.5031280517578 2 70.33531951904297 129.41334533691406 106.66140747070312 154.2926025390625 2 61.723793029785156 112.00064086914062 109.5066146850586 141.81993103027344 8 73.45863342285156 154.169677734375 107.33261108398438 174.49819946289062 9 75.36022186279297 116.52991485595703 126.13436126708984 144.9623260498047 2 71.17045593261719 157.2600555419922 108.0736083984375 174.4639434814453
4 34.96363067626953 31.608966827392578 67.28543090820312 51.34500503540039
5 27.324012756347656 106.88192749023438 66.57621002197266 127.8458023071289 1 32.96891784667969 90.70825958251953 66.11885833740234 112.6115493774414 7 20.686641693115234 87.14453125 71.93209075927734 113.04810333251953 5 21.96308135986328 91.16405487060547 76.3152084350586 122.59038543701172
3 14.674727439880371 45.885704040527344 46.255428314208984 61.87434005737305 3 7.338300704956055 40.29570388793945 37.43132781982422 57.03269958496094

4 1.8735679388046265 29.676109313964844 31.244667053222656 48.480712890625 2 6.465505123138428 17.475555419921875 30.578702926635742 32.66817855834961 1 0.0 39.22748947143555 21.30592918395996 52.21064758300781

7 67.83844757080078 28.787288665771484 99.5500717163086 46.49229049682617 1 66.29251861572266 16.34258460998535 97.8530044555664 34.491268157958984

7 14.159828186035156 23.260793685913086 32.64995193481445 34.636985778808594 1 14.206357955932617 2.332827091217041 36.1164665222168 13.328798294067383 9 12.311372756958008 12.70645523071289 33.44502258300781 24.041179656982422
6 18.58444595336914 17.029956817626953 46.87958526611328 36.22150421142578 2 21.713359832763672 23.79273223876953 41.16333770751953 40.03912353515625 2 19.133621215820312 30.872631072998047 47.654266357421875 45.91444396972656
0 46.47591781616211 14.042407035827637 127.03750610351562 48.21806335449219 4 47.87651824951172 66.07498931884766 130.9654998779297 98.26089477539062

0 36.57051086425781 61.411766052246094 65.2857894897461 74.71749877929688 3 32.429866790771484 37.22145080566406 61.72501754760742 53.365264892578125 4 39.07846450805664 49.16303634643555 61.56452560424805 64.7558364868164 2 37.2593879699707 36.45045471191406 61.5384407043457 51.397064208984375 4 31.79018211364746 40.86380386352539 63.98356246948242 58.10667419433594
6 40.97897720336914 23.29073143005371 81.73136138916016 42.94297790527344 5 38.79478454589844 38.29901885986328 78.35484313964844 59.116050720214844 5 37.799095153808594 7.063554286956787 77.8636474609375 26.742469787597656 6 38.9183235168457 36.96350860595703 79.60791778564453 60.13505554199219
1 10.555842399597168 15.110931396484375 39.55912780761719 28.363466262817383

4 10.747337341308594 23.377042770385742 34.74330139160156 38.1640625
6 100.91581726074219 98.15962219238281 141.19497680664062 116.09693145751953 6 95.27320861816406 79.7426528930664 130.62518310546875 105.52169799804688 6 95.94812774658203 99.07048034667969 122.74188995361328 135.4159698486328 6 87.59290313720703 67.12073516845703 145.00904846191406 92.02241516113281 6 111.94084167480469 71.57913208007812 159.21424865722656 96.97877502441406


4 134.40097045898438 175.72662353515625 166.9780731201172 214.7340850830078 4 6.471145153045654 67.10690307617188 125.94978332519531 122.10417175292969 4 120.81285858154297 195.2672882080078 185.55191040039062 226.03749084472656 4 123.12448120117188 206.1064453125 166.3252716064453 240.1919708251953
5 17.340045928955078 11.652098655700684 46.80669403076172 30.335874557495117 5 21.162160873413086 29.849517822265625 54.14316940307617 47.79560089111328 9 26.04161834716797 28.431949615478516 55.8494758605957 44.70916748046875

1 16.449369430541992 23.837419509887695 57.31057357788086 42.15113830566406 2 21.712814331054688 33.35063171386719 58.703941345214844 52.21992874145508
6 21.49922752380371 45.18242645263672 52.6644172668457 64.12974548339844 1 26.696611404418945 18.986356735229492 63.311431884765625 34.6049690246582

6 30.695268630981445 18.196136474609375 62.64124298095703 40.73048782348633 1 30.599069595336914 7.027578830718994 64.64092254638672 22.581430435180664

1 31.507083892822266 2.923232316970825 62.96074676513672 18.977371215820312 5 35.45524978637695 12.527105331420898 60.52711486816406 29.074438095092773
0 37.48100280761719 48.96438980102539 82.05548095703125 67.46456146240234 6 18.625213623046875 20.182987213134766 63.747745513916016 45.65205383300781 8 13.244134902954102 52.323463439941406 58.66353988647461 74.64478302001953
2 42.04671859741211 39.56568908691406 69.52529907226562 56.443660736083984 8 34.81455993652344 76.57530212402344 72.34056091308594 98.0 5 40.757179260253906 49.88179397583008 64.8525161743164 62.39236831665039 1 0.0 45.247581481933594 31.57402801513672 62.452362060546875 3 34.08221435546875 12.710033416748047 74.75872802734375 33.53575897216797 2 41.42740249633789 14.398977279663086 68.88738250732422 30.440502166748047
8 23.769451141357422 27.927221298217773 47.88740158081055 41.66474533081055 8 20.891727447509766 41.73825454711914 47.75210189819336 56.90810775756836 3 24.354251861572266 25.27579116821289 46.98653030395508 41.09062194824219 2 22.8397159576416 26.605443954467773 48.119903564453125 40.32135009765625
8 16.09709930419922 21.44973373413086 57.524864196777344 39.22652816772461 1 13.368306159973145 1.0320202112197876 57.67498016357422 20.31259536743164
2 8.414909362792969 21.90428924560547 34.61875915527344 36.16086959838867 5 8.42676067352295 4.192348003387451 32.402156829833984 17.338565826416016

6 9.236899375915527 13.016279220581055 27.667741775512695 22.00606918334961
3 17.58065414428711 28.437456130981445 49.43142318725586 44.89369583129883 6 17.372013092041016 41.13448715209961 52.006858825683594 58.12275695800781 2 16.381467819213867 29.433536529541016 48.48721694946289 48.479652404785156
3 18.13417625427246 11.516369819641113 53.548194885253906 30.535015106201172 2 11.01361083984375 10.394231796264648 47.189388275146484 30.215862274169922
3 23.55620002746582 71.8843765258789 52.0241813659668 91.42650604248047 3 23.05839729309082 60.8299446105957 50.70716094970703 77.10237121582031 1 15.623985290527344 40.105445861816406 63.14656066894531 62.95088577270508

3 43.648193359375 12.969860076904297 87.80243682861328 39.25307083129883 0 31.724815368652344 38.381248474121094 89.2965087890625 61.503353118896484 5 45.58694839477539 62.45624923706055 88.41716766357422 80.64362335205078 7 40.546531677246094 57.0749397277832 90.15715789794922 86.5249252319336
4 33.985965728759766 22.51381492614746 57.429447174072266 35.728736877441406 6 31.657958984375 22.329917907714844 54.23841857910156 36.24275207519531 1 29.96262550354004 16.20598602294922 57.96849822998047 30.219968795776367 6 29.201269149780273 33.325992584228516 54.160274505615234 47.05033493041992
1 86.36943054199219 46.839698791503906 125.67744445800781 58.8604621887207 4 95.70632934570312 71.46723175048828 132.61976623535156 101.92102813720703 1 90.09244537353516 40.90247344970703 122.41061401367188 53.2023811340332 6 95.36609649658203 57.95779800415039 125.62200927734375 82.86555480957031 1 91.38761138916016 51.11244201660156 132.138916015625 71.58402252197266
3 66.87870788574219 130.26817321777344 144.31851196289062 164.51055908203125 1 16.6663818359375 63.69832992553711 110.9282455444336 99.12279510498047 7 41.86641311645508 127.14491271972656 109.47901916503906 169.20663452148438 1 64.62300872802734 62.38658905029297 150.6394805908203 98.98162841796875 1 46.02610397338867 121.41304779052734 141.265625 167.3308563232422
6 26.029539108276367 22.542173385620117 68.47747802734375 43.49571990966797 1 14.235485076904297 34.02430725097656 56.07139587402344 59.409523010253906
1 20.6192569732666 2.7340383529663086 71.37903594970703 19.91212272644043 0 10.939739227294922 32.95643997192383 50.93925857543945 52.60838317871094 8 17.257993698120117 16.935182571411133 55.954246520996094 34.282413482666016 0 23.64748191833496 17.661914825439453 61.34013748168945 37.10067367553711

3 7.801992416381836 20.614364624023438 30.44654655456543 33.60411834716797 7 9.563164710998535 8.424532890319824 31.437057495117188 20.614421844482422
2 10.855633735656738 24.282493591308594 31.20609474182129 36.38654708862305 4 10.389786720275879 24.73539161682129 34.27941131591797 37.16159439086914 7 9.788318634033203 23.493417739868164 33.166934967041016 38.53757095336914
2 22.05179214477539 12.870037078857422 39.12490463256836 24.148561477661133 2 20.34849739074707 5.062565803527832 41.028316497802734 15.69614315032959 1 0.0 28.73263931274414 27.294212341308594 42.35686111450195
0 53.983741760253906 93.72174835205078 84.85151672363281 109.50601959228516 7 51.34303665161133 78.97815704345703 81.91227722167969 97.95085144042969
2 90.83660125732422 63.332969665527344 143.4093475341797 96.37661743164062 1 69.37730407714844 90.90165710449219 137.29345703125 124.66114044189453 7 108.01530456542969 67.78269958496094 181.0 111.65711975097656
5 37.86904525756836 45.112083435058594 65.50106811523438 62.63948440551758 2 35.913360595703125 47.11740493774414 63.669166564941406 61.62286376953125 3 32.90126037597656 39.05625534057617 63.15624237060547 56.41129684448242 4 35.68990707397461 33.035362243652344 67.88261413574219 52.46147537231445
7 11.23548698425293 15.182513236999512 38.86503601074219 30.37504768371582
3 39.12661361694336 32.47544479370117 71.23552703857422 50.657264709472656 0 41.77253341674805 50.02634048461914 70.0493392944336 66.95477294921875 8 37.222747802734375 48.047523498535156 69.1234130859375 64.81074523925781 9 39.5505256652832 50.377220153808594 74.2525634765625 67.18280792236328

1 8.317045211791992 11.78103256225586 33.734519958496094 22.950876235961914 7 13.960607528686523 22.886899948120117 43.20055389404297 36.78417205810547 2 8.65555477142334 10.302701950073242 34.147674560546875 22.551876068115234 1 13.874184608459473 20.526817321777344 43.626312255859375 35.14792251586914
4 22.670269012451172 29.20233154296875 59.07553482055664 48.13690185546875 3 36.616146087646484 48.29994583129883 72.6015853881836 74.24555206298828 1 14.678221702575684 7.307291030883789 53.92837142944336 27.029067993164062
1 13.34980583190918 6.0927958488464355 35.706790924072266 19.016155242919922 5 11.024370193481445 34.314781188964844 32.48068618774414 46.74351119995117 6 11.782177925109863 32.5352783203125 39.002872467041016 45.53764343261719 0 13.027680397033691 18.476245880126953 38.4592170715332 30.964332580566406
5 11.474373817443848 14.203927040100098 33.71653366088867 27.158573150634766 4 10.168974876403809 3.2808279991149902 35.332366943359375 15.54931926727295
2 21.66620445251465 2.1554079055786133 54.055564880371094 24.832813262939453 7 18.461158752441406 20.819904327392578 53.80970764160156 41.74134826660156 1 12.114023208618164 22.22100067138672 57.16923904418945 40.924468994140625

5 43.11137008666992 93.43292236328125 77.91499328613281 111.22040557861328 5 46.72262954711914 84.5711441040039 79.4064712524414 102.27472686767578 5 50.20378494262695 68.77388763427734 75.57136535644531 94.0779800415039 3 41.94120407104492 70.0607681274414 77.30657958984375 88.45242309570312
4 34.247249603271484 69.32708740234375 78.0956802368164 91.05085754394531 3 25.305727005004883 39.89795684814453 82.80662536621094 67.62801361083984 1 36.52565002441406 91.60128784179688 86.87702178955078 111.0 1 35.044254302978516 81.05360412597656 82.25839233398438 102.44100189208984
3 9.96492862701416 21.106075286865234 36.786128997802734 37.84733200073242
5 10.235039710998535 10.652822494506836 43.09050369262695 26.880571365356445 8 14.806365966796875 24.615903854370117 44.559635162353516 38.515220642089844 2 15.144509315490723 23.087614059448242 38.399208068847656 36.285125732421875 4 10.872028350830078 1.999958872795105 38.568023681640625 14.258925437927246
8 8.245874404907227 12.405237197875977 28.15923500061035 25.832622528076172 8 7.665262699127197 23.74704360961914 27.890825271606445 35.353736877441406 3 5.952869415283203 23.408884048461914 26.999042510986328 35.868656158447266 4 6.216248989105225 24.17827033996582 25.43239974975586 34.00594711303711
9 18.357425689697266 23.58677101135254 61.04954528808594 44.61714172363281 1 22.821502685546875 5.160144805908203 62.01289367675781 26.682767868041992 0 25.62580108642578 41.34212875366211 62.0631103515625 60.59159851074219 9 27.8675537109375 37.63218307495117 66.85298156738281 56.40444564819336
4 7.930543422698975 3.727095127105713 26.887348175048828 13.460915565490723 7 5.639373302459717 16.54092025756836 25.097442626953125 25.681217193603516
7 10.319353103637695 16.49451446533203 31.491302490234375 26.807579040527344
8 17.68342399597168 47.98318099975586 60.26616668701172 69.57107543945312 4 38.22768020629883 9.425543785095215 84.14584350585938 35.02631759643555 7 25.41486358642578 30.766357421875 75.40353393554688 50.16722106933594
7 26.61623191833496 66.02729797363281 55.77447509765625 84.26663208007812 2 28.211017608642578 64.1391830444336 60.20856475830078 83.9200439453125 1 21.51685333251953 54.29853057861328 59.64033508300781 71.24906921386719 7 26.79779052734375 75.20193481445312 58.42509078979492 92.92839050292969
6 29.47177505493164 50.62676239013672 44.3913459777832 63.05352783203125 2 28.80162239074707 41.73356246948242 45.98450469970703 51.94900131225586
2 21.418447494506836 34.99678421020508 46.092994689941406 50.3810920715332 7 18.783260345458984 25.375871658325195 46.85287094116211 42.35178756713867
4 9.531573295593262 8.241205215454102 39.83733367919922 23.551807403564453 2 8.409087181091309 2.0940189361572266 36.567138671875 18.06785011291504
9 35.36482620239258 73.9865951538086 80.67080688476562 100.66851043701172 9 40.40946960449219 96.01227569580078 87.79090118408203 117.77262115478516
5 13.476845741271973 47.07646942138672 59.99689483642578 67.71205139160156 2 16.410154342651367 14.209006309509277 63.13084411621094 36.08595657348633 1 15.387395858764648 34.113101959228516 52.86525344848633 50.92103958129883 7 15.173152923583984 31.458242416381836 56.4469108581543 49.95428466796875
2 31.08198356628418 40.12168884277344 80.494873046875 65.53355407714844 6 14.100725173950195 41.7747802734375 69.62925720214844 70.63819122314453
7 77.918212890625 130.6749267578125 110.96893310546875 147.16871643066406 4 47.0436897277832 101.16619873046875 133.41998291015625 139.9486541748047 4 70.67947387695312 131.95486450195312 104.59467315673828 152.69775390625

7 36.3704948425293 31.554677963256836 68.38262939453125 50.363006591796875 8 14.044510841369629 37.65761184692383 48.843772888183594 53.79681396484375 6 14.424628257751465 26.77309799194336 49.92207717895508 46.98576354980469 2 23.939462661743164 27.217754364013672 59.79936981201172 46.857852935791016
5 22.74241828918457 8.635871887207031 52.48491668701172 22.84893798828125
4 12.617973327636719 28.637033462524414 50.74352264404297 47.262908935546875 0 21.372356414794922 43.83565902709961 59.79143142700195 61.58066940307617 7 17.466073989868164 57.38833999633789 63.18144607543945 72.72722625732422 1 13.696959495544434 12.371354103088379 58.16594314575195 30.04816246032715 1 0.0 11.917881965637207 33.44215774536133 26.853425979614258 6 15.979604721069336 45.54962158203125 53.13182830810547 61.71412658691406

1 11.035072326660156 23.61113739013672 46.78996658325195 38.68125915527344 1 19.941932678222656 39.0164794921875 58.52647399902344 55.41913604736328 8 25.33443260192871 56.685096740722656 56.82307052612305 75.22127532958984 6 24.42120361328125 56.7195930480957 55.4099235534668 74.31084442138672 9 29.853260040283203 56.958274841308594 66.21905517578125 77.44152069091797

8 24.19193458557129 34.02775192260742 63.164730072021484 50.69895935058594 2 33.1297607421875 22.54145050048828 60.5861701965332 38.73310470581055 1 31.201326370239258 11.315202713012695 64.43646240234375 25.454343795776367 3 34.75162887573242 33.06092834472656 64.75493621826172 49.271087646484375
8 6.780837059020996 3.699974775314331 26.258302688598633 16.822994232177734 9 4.792996406555176 5.156446933746338 25.561735153198242 15.649107933044434 0 7.118529796600342 14.540017127990723 29.148242950439453 26.12163734436035
9 59.06916427612305 75.83355712890625 90.18990325927734 95.5102767944336
8 86.49803161621094 117.65241241455078 142.2103729248047 143.27969360351562 2 82.4076919555664 85.5339126586914 138.3545684814453 118.69113159179688
1 35.27195358276367 43.34124755859375 72.51872253417969 62.911685943603516 0 42.97275161743164 48.13302993774414 71.54720306396484 63.10605239868164
4 71.74005889892578 48.989803314208984 145.03297424316406 89.10355377197266 3 80.89625549316406 40.604793548583984 145.63546752929688 63.421146392822266 1 75.70832061767578 9.27807331085205 141.13063049316406 36.077545166015625 3 89.57534790039062 19.022653579711914 159.9149627685547 49.65689468383789 1 86.24577331542969 37.19879913330078 143.2687530517578 73.9699478149414
4 12.724090576171875 14.737582206726074 35.23147964477539 26.361276626586914 8 15.211259841918945 1.6312355995178223 43.05467987060547 13.5741605758667
6 24.895875930786133 7.438825607299805 72.52360534667969 36.57546615600586 8 28.876041412353516 12.541035652160645 80.27178955078125 38.27474594116211
3 25.68748664855957 37.352867126464844 62.19934844970703 56.02960968017578 7 27.297080993652344 22.179872512817383 64.08428192138672 41.269676208496094 1 18.593400955200195 58.1996955871582 72.66856384277344 75.43611145019531



2 36.519012451171875 23.751319885253906 82.70216369628906 50.569644927978516 2 39.765010833740234 69.34508514404297 87.283935546875 91.24976348876953 7 33.81452941894531 48.54493713378906 81.98599243164062 73.77133178710938 4 41.59843063354492 69.56544494628906 93.29820251464844 95.6861343383789 7 41.04011154174805 34.87351608276367 82.102294921875 60.323036193847656
5 59.34348678588867 45.403751373291016 97.65682983398438 67.74715423583984 1 52.248146057128906 6.510340690612793 97.86000061035156 28.84141731262207 2 50.01607131958008 27.231094360351562 96.76720428466797 47.34971618652344 7 51.52254867553711 7.693504810333252 97.4125747680664 31.078121185302734
5 10.965697288513184 23.39745330810547 35.60249328613281 39.71981430053711 3 10.899106979370117 6.041577339172363 37.48522186279297 23.06270980834961
7 42.027652740478516 30.796789169311523 87.39518737792969 57.81441116333008
5 49.26184844970703 22.853248596191406 118.21981811523438 64.28865051269531 5 18.590635299682617 105.95513916015625 84.9462890625 151.29563903808594 0 40.16651153564453 67.39190673828125 115.14645385742188 107.50576782226562 3 51.97410202026367 23.37009620666504 122.27364349365234 63.00609588623047
0 51.01700973510742 47.106178283691406 78.64875030517578 65.76992797851562 1 49.05839157104492 38.1119384765625 78.65052795410156 51.596641540527344 1 48.596466064453125 24.89154815673828 90.4739761352539 47.15299987792969 8 43.312747955322266 47.20249557495117 82.26229095458984 64.78761291503906 0 50.07600784301758 3.9795851707458496 78.29320526123047 25.742874145507812
8 15.913128852844238 9.680618286132812 35.79800796508789 23.698183059692383 4 13.212002754211426 23.089176177978516 38.256439208984375 37.84992218017578
8 101.05021667480469 41.25254821777344 129.84559631347656 58.283050537109375 4 26.41097640991211 85.89739990234375 78.95877075195312 115.25016784667969 4 26.329885482788086 110.42955780029297 75.13478088378906 138.6243896484375
9 47.18077087402344 17.55204200744629 87.05101013183594 44.400508880615234 1 38.731666564941406 1.1877254247665405 80.65977478027344 20.18291473388672 1 52.702152252197266 70.1060791015625 94.91123962402344 91.55680084228516 9 47.817806243896484 44.23771667480469 101.36595916748047 73.41877746582031 1 0.0 56.104713439941406 36.18202590942383 80.03649139404297
1 30.449321746826172 45.48005676269531 70.85991668701172 64.0192642211914 6 27.874975204467773 56.1265754699707 71.64258575439453 73.68605041503906 1 30.030067443847656 71.69712829589844 68.25237274169922 88.79005432128906 1 30.931297302246094 54.77503967285156 67.55390167236328 70.65154266357422 3 17.728633880615234 30.760025024414062 71.56317901611328 53.850563049316406 4 42.38233947753906 61.4541130065918 93.1899642944336 88.01001739501953

5 38.697715759277344 50.05408477783203 71.5465087890625 67.44979858398438 6 36.410396575927734 34.141910552978516 77.48033142089844 54.01955795288086 7 49.58760452270508 66.4035415649414 72.48219299316406 79.87718200683594 9 41.66265106201172 64.37223815917969 70.52796936035156 80.03919982910156 8 37.901771545410156 65.70491027832031 73.48444366455078 81.92033386230469 3 38.51930236816406 50.475372314453125 73.69841003417969 66.99653625488281
0 26.26313018798828 60.28526306152344 80.66920471191406 87.84638977050781 7 29.098468780517578 34.37080383300781 82.05780792236328 59.765647888183594 2 17.816972732543945 32.85601043701172 76.539306640625 58.21977615356445

7 56.71649932861328 0.0 114.59464263916016 37.291507720947266 4 77.3618392944336 2.016550064086914 132.1703338623047 40.61418151855469
4 7.645953178405762 3.5874717235565186 26.083280563354492 14.879655838012695 9 6.97741174697876 17.82328987121582 22.18034553527832 28.265676498413086
2 11.943899154663086 4.389015197753906 32.96320343017578 17.338411331176758
2 15.601030349731445 56.54662322998047 48.82304763793945 76.94931030273438 4 15.901329040527344 39.04005432128906 49.89936065673828 57.8627815246582 2 15.805240631103516 36.00029754638672 53.834014892578125 55.06062698364258

5 54.910675048828125 59.48979949951172 96.4021987915039 84.11006927490234 6 48.52802276611328 30.260377883911133 104.0060806274414 63.72542953491211 4 58.10023498535156 36.540138244628906 98.7840805053711 61.12979507446289 2 45.55569839477539 65.6774673461914 105.759765625 94.99327850341797
5 11.593704223632812 4.811286449432373 36.35689926147461 17.337875366210938 4 13.107037544250488 19.112092971801758 40.330448150634766 29.144397735595703 5 14.616242408752441 27.478805541992188 39.4720573425293 38.309913635253906 6 12.298744201660156 23.207029342651367 41.56072998046875 35.392982482910156 0 17.625612258911133 6.006269454956055 36.30369567871094 16.355300903320312 3 16.516281127929688 26.258298873901367 37.14249801635742 37.93742752075195
8 24.074296951293945 14.42549991607666 56.20679473876953 30.294044494628906 3 24.188987731933594 29.508872985839844 53.87602996826172 44.94044494628906 1 26.796445846557617 6.714963912963867 58.11478042602539 20.684432983398438 5 22.22544288635254 29.10232162475586 56.23568344116211 45.47608947753906 1 17.00421905517578 34.319496154785156 58.04753875732422 50.88649368286133 6 22.336679458618164 12.72310733795166 56.93766403198242 27.399564743041992
4 8.561479568481445 31.635229110717773 30.107439041137695 44.42308044433594 2 8.82292366027832 22.308979034423828 31.125242233276367 32.53509521484375

1 9.355755805969238 21.21968650817871 39.67849349975586 34.012142181396484 1 11.58934211730957 33.963409423828125 42.90872573852539 45.733394622802734
1 9.819235801696777 89.13459777832031 85.85641479492188 113.23472595214844 6 58.43427276611328 46.12751770019531 89.02403259277344 59.95918273925781 1 67.77009582519531 87.60833740234375 140.0 115.54582214355469
1 7.994559288024902 18.86310577392578 33.690826416015625 30.534263610839844
2 9.177759170532227 15.828670501708984 31.521223068237305 28.124696731567383 7 8.123048782348633 26.318166732788086 33.85319519042969 39.85362243652344
2 25.90679931640625 66.26118469238281 105.81346130371094 113.57967376708984
1 20.005346298217773 37.47034454345703 53.123291015625 53.97498321533203 2 18.195926666259766 11.994603157043457 53.84152603149414 32.91325378417969
1 23.248069763183594 22.09171485900879 49.92897033691406 36.468318939208984 7 21.551876068115234 45.81642150878906 48.01486587524414 60.55078125 3 18.781789779663086 34.70973205566406 46.50791931152344 48.54573059082031 1 24.74683380126953 33.29783248901367 48.29003143310547 48.71321105957031
5 22.002561569213867 30.913726806640625 41.88519287109375 44.53657531738281 4 15.613405227661133 15.770044326782227 45.88541030883789 34.30281066894531
6 6.728673934936523 33.80596160888672 38.239219665527344 48.757381439208984 0 15.142837524414062 19.17933464050293 47.9802131652832 33.90690231323242 1 15.310423851013184 11.929394721984863 51.09051513671875 23.688875198364258 0 8.639150619506836 34.80109786987305 40.168514251708984 50.475914001464844
1 59.0826301574707 0.0 94.02686309814453 23.572282791137695 1 0.0 104.46155548095703 52.333946228027344 135.50230407714844
1 20.775012969970703 8.491793632507324 55.14480972290039 21.795560836791992 0 14.682462692260742 26.332740783691406 58.54761505126953 44.044803619384766 5 11.162834167480469 2.4182448387145996 46.0108757019043 21.47574806213379 1 6.151023864746094 8.403837203979492 39.97628402709961 25.725183486938477 0 39.858768463134766 38.016441345214844 76.0 55.53550338745117

1 8.234894752502441 0.6258605122566223 37.271446228027344 12.938332557678223 6 11.22417163848877 30.307619094848633 33.304283142089844 45.0 0 12.511466979980469 14.196366310119629 34.561805725097656 26.559158325195312
2 76.63526916503906 7.638448715209961 124.15750122070312 34.84534454345703 1 78.83744812011719 2.332378625869751 114.75365447998047 16.165800094604492 1 83.20217895507812 6.278984546661377 121.91200256347656 27.842559814453125
5 20.954851150512695 21.786767959594727 48.73292922973633 38.143104553222656 2 22.8233699798584 7.555997371673584 51.871273040771484 26.795156478881836
4 14.51990795135498 18.54357147216797 46.94916534423828 38.84455108642578 7 14.74166202545166 0.6180886626243591 51.329463958740234 21.714359283447266
7 26.169620513916016 24.155893325805664 45.8637809753418 33.45600891113281 0 24.231136322021484 14.934786796569824 53.452884674072266 25.295700073242188 2 23.937210083007812 2.6601359844207764 49.980674743652344 17.064844131469727 7 17.89822769165039 21.835655212402344 52.68801498413086 38.11393356323242 8 28.575546264648438 15.084320068359375 62.02361297607422 28.74412727355957 2 11.124327659606934 28.212343215942383 40.96452713012695 43.76583480834961
6 55.174991607666016 26.182348251342773 79.92686462402344 43.61276626586914 4 54.00284194946289 10.673530578613281 80.01232147216797 27.527381896972656

6 18.842283248901367 12.506875991821289 40.82438278198242 27.6558837890625 0 13.29763412475586 35.88855743408203 39.97572326660156 49.90078353881836 7 14.739416122436523 21.20537757873535 38.45029830932617 34.143409729003906 7 13.102836608886719 27.33209228515625 41.16997528076172 40.237239837646484
5 10.58243465423584 15.315622329711914 48.76759719848633 31.283994674682617 4 16.397920608520508 36.917179107666016 53.40730667114258 57.43715286254883 2 14.717416763305664 37.492164611816406 47.31781005859375 53.6943359375 1 8.94835090637207 49.31117248535156 46.05608367919922 66.67023468017578 1 15.233230590820312 25.41761589050293 48.64997863769531 40.33350372314453
1 9.564566612243652 80.6558837890625 141.49221801757812 130.4949493408203 2 54.5136604309082 78.88983917236328 161.41091918945312 127.19219207763672
2 27.287246704101562 40.21607971191406 60.251590728759766 59.49247741699219 4 27.708786010742188 26.471797943115234 53.872074127197266 42.81616973876953 2 26.475980758666992 23.7125186920166 51.245113372802734 41.9611701965332

3 17.34316635131836 35.26490783691406 45.300941467285156 54.29208755493164 9 8.530767440795898 51.88180923461914 37.14324188232422 70.0 1 23.751527786254883 24.768857955932617 57.65373992919922 39.10907745361328
2 32.0191535949707 61.35900115966797 83.25590515136719 101.2098159790039
4 19.572574615478516 8.012706756591797 80.36921691894531 46.93885803222656 1 23.170894622802734 33.80707550048828 66.65135192871094 57.767173767089844 4 33.51356506347656 106.55099487304688 128.63848876953125 149.02133178710938 4 34.539215087890625 79.08683013916016 113.93055725097656 118.40400695800781 1 19.501972198486328 46.80976867675781 83.76862335205078 87.99533081054688
8 10.230510711669922 43.18239212036133 30.127004623413086 55.138797760009766
2 12.636659622192383 15.476919174194336 37.42274856567383 28.017555236816406 2 9.538032531738281 25.252513885498047 35.48042678833008 35.45157241821289 1 9.58525276184082 5.118556022644043 33.26614761352539 16.1893310546875
0 18.852996826171875 106.16300201416016 66.92176055908203 129.54039001464844 7 16.181808471679688 80.91971588134766 66.39849090576172 110.25993347167969 0 24.184518814086914 95.9792709350586 64.88540649414062 119.00408172607422 1 21.926856994628906 81.27375793457031 68.67888641357422 106.30603790283203 4 19.91494369506836 74.59021759033203 81.35045623779297 103.90943145751953

2 13.739151000976562 24.54413604736328 59.302162170410156 46.81327819824219 9 13.81702995300293 42.608497619628906 60.81617736816406 62.14808654785156 5 15.829183578491211 59.89002990722656 58.245723724365234 81.02873992919922 0 12.93973445892334 44.01346206665039 52.50299835205078 63.14718246459961 4 14.465232849121094 38.74345397949219 55.928794860839844 56.40370559692383 1 12.235782623291016 10.601268768310547 68.13101959228516 30.750633239746094

6 21.776872634887695 49.87158966064453 64.0926284790039 70.94200134277344 4 13.941245079040527 29.987354278564453 55.347381591796875 47.34119415283203 1 10.364771842956543 33.73388671875 48.96303176879883 53.393768310546875 7 38.938358306884766 29.757259368896484 71.31153106689453 46.27405548095703 4 44.882347106933594 22.07251739501953 72.50882720947266 39.82926559448242
5 10.241400718688965 46.3460578918457 54.638282775878906 75.80787658691406 1 13.43880844116211 73.57376098632812 60.654022216796875 92.7502212524414
2 40.334228515625 61.12257766723633 86.82748413085938 84.60527801513672 3 41.05350875854492 101.48854064941406 79.75154876708984 121.27873229980469 2 37.6356086730957 84.59626770019531 85.838623046875 107.19236755371094 2 38.719825744628906 72.85195922851562 74.40283203125 86.17013549804688 3 42.961578369140625 87.64543151855469 74.8187026977539 113.51264190673828 1 37.029903411865234 107.8609619140625 74.90050506591797 131.0970458984375
9 14.568674087524414 36.9440803527832 42.95046615600586 55.38593673706055 2 15.865015983581543 37.38267517089844 45.92127990722656 54.137413024902344 1 0.0 17.65060043334961 30.079086303710938 33.204063415527344 1 14.948654174804688 19.138046264648438 60.63816452026367 36.3629150390625 4 17.89004898071289 44.743770599365234 44.93529510498047 59.88919448852539
8 25.822481155395508 9.095541000366211 70.03065490722656 28.4119873046875 9 23.059207916259766 26.382186889648438 63.54801559448242 44.927650451660156 5 25.499727249145508 39.763145446777344 63.741554260253906 63.25466537475586 0 24.55200958251953 24.92843246459961 58.86667251586914 43.506649017333984 3 31.774250030517578 42.9595947265625 66.81012725830078 62.71009063720703 6 33.77554702758789 9.315217971801758 72.81920623779297 30.05750846862793
2 18.877534866333008 38.809547424316406 41.81643295288086 52.33944320678711
2 26.77141761779785 35.64221954345703 76.14949798583984 64.90652465820312 3 14.014266967773438 75.83513641357422 67.89010620117188 107.8445816040039 1 23.165821075439453 61.60602569580078 74.8902359008789 83.64408874511719 1 60.910377502441406 55.633724212646484 110.0 81.93810272216797 8 24.521921157836914 79.65384674072266 72.66303253173828 105.63983917236328
7 24.81695556640625 9.399759292602539 52.859493255615234 28.854177474975586 1 23.498485565185547 0.6576406359672546 56.32781219482422 14.767304420471191
6 13.570951461791992 26.464250564575195 36.011112213134766 40.12367630004883
8 22.106351852416992 25.56553840637207 49.8981819152832 40.66260528564453 5 5.540478706359863 14.12099838256836 31.611927032470703 30.116348266601562 3 7.171497344970703 10.247129440307617 38.037471771240234 27.986042022705078 9 10.214835166931152 15.275233268737793 36.339839935302734 29.45433807373047
2 11.323384284973145 20.44106101989746 34.186607360839844 33.58315658569336 4 15.21501636505127 4.590281009674072 42.11556625366211 21.516857147216797
8 5.42053747177124 45.61170196533203 41.262535095214844 58.46147918701172 2 40.45975875854492 22.492692947387695 76.31745147705078 39.277732849121094 4 14.79045581817627 31.943857192993164 57.45366287231445 51.09316635131836 1 0.3202313184738159 2.17606782913208 45.64346694946289 20.915315628051758 3 15.138481140136719 27.49195098876953 60.98089599609375 47.54008483886719 7 0.0 0.7894136309623718 45.564117431640625 21.0067138671875
4 9.741250038146973 16.392480850219727 35.871788024902344 28.19184112548828 3 5.546380996704102 3.851357936859131 35.48822784423828 19.08885383605957 3 5.969006061553955 19.252046585083008 35.60216522216797 30.141342163085938 7 5.615921497344971 16.10601043701172 34.3692512512207 31.232227325439453
2 94.23413848876953 38.58542251586914 137.39280700683594 81.27616119384766 8 94.22628784179688 40.595680236816406 138.3550262451172 78.67680358886719
8 22.135839462280273 36.83944320678711 58.56349563598633 59.16200256347656 2 34.31210708618164 15.186408042907715 73.38544464111328 36.92347717285156
1 19.4317684173584 28.950016021728516 73.41920471191406 55.86642074584961
0 11.408719062805176 13.778059959411621 45.73780059814453 26.914478302001953 4 17.395483016967773 12.823348999023438 62.451805114746094 29.496204376220703 1 10.896605491638184 47.50600051879883 52.57052993774414 61.32500457763672 1 12.945140838623047 9.38524341583252 44.36603546142578 24.381616592407227 7 24.39904022216797 12.513463973999023 58.17339324951172 28.61433219909668 7 15.213251113891602 45.446075439453125 53.28913116455078 62.996376037597656
1 57.4551887512207 52.9815559387207 108.29417419433594 84.00199127197266 4 23.737733840942383 84.23259735107422 68.76376342773438 116.09920501708984 6 31.11200714111328 4.0468292236328125 108.82449340820312 40.03304672241211 2 103.37641143798828 9.88726806640625 147.03707885742188 44.60200500488281
2 22.54372215270996 26.971975326538086 47.16957092285156 40.11295700073242 6 23.467119216918945 40.06355285644531 47.68928909301758 51.90568161010742
2 15.342812538146973 16.688488006591797 37.83395004272461 29.48628807067871 3 16.706600189208984 3.092557191848755 41.424739837646484 18.305662155151367 0 9.369712829589844 31.259492874145508 34.628997802734375 43.59151077270508
7 145.7753448486328 75.9814453125 186.5031280517578 100.28687286376953 2 140.1690216064453 63.709312438964844 186.98519897460938 86.81268310546875 4 142.39955139160156 59.4195556640625 179.5529327392578 84.41411590576172 0 140.4292755126953 91.75840759277344 182.2108612060547 116.9751968383789
4 2.662484645843506 20.573089599609375 21.076801300048828 29.93185806274414
1 41.226036071777344 15.361419677734375 74.67928314208984 34.56964874267578 4 42.53179931640625 29.10492706298828 72.58460998535156 44.15874481201172 4 37.5847282409668 37.35842514038086 69.6197509765625 53.65964126586914 6 49.292823791503906 19.89965057373047 102.19036865234375 49.81529998779297
4 14.63510513305664 14.4315767288208 66.20130157470703 53.80956268310547 4 28.72743034362793 34.26921081542969 60.79238510131836 57.7999267578125
5 7.5200419425964355 19.255495071411133 24.600400924682617 29.61516761779785
7 14.855538368225098 33.12626266479492 40.99642562866211 47.503414154052734 1 14.196693420410156 5.7944111824035645 41.120826721191406 19.668167114257812 0 14.122824668884277 21.101959228515625 40.30790328979492 33.392337799072266

2 13.214902877807617 16.14451789855957 33.49909210205078 28.65093421936035 4 15.694729804992676 17.916179656982422 37.08114242553711 28.848058700561523 1 13.200037002563477 20.235427856445312 36.91771697998047 30.249984741210938
2 18.034399032592773 27.05240249633789 46.85088348388672 41.75728225708008 7 17.143871307373047 38.44459533691406 42.688072204589844 52.868873596191406
2 18.510330200195312 22.975364685058594 41.18862533569336 36.675540924072266



2 19.331287384033203 49.95112228393555 55.08979415893555 70.97711181640625
5 75.429443359375 40.76805877685547 124.81809997558594 79.16996002197266 4 82.2449722290039 72.21590423583984 113.8963623046875 93.55450439453125 8 6.843844890594482 11.020532608032227 34.8111572265625 30.273426055908203 5 77.32445526123047 61.97078323364258 117.3537826538086 87.18962097167969 6 43.90435791015625 34.02513885498047 71.12647247314453 45.69562911987305 4 69.39945983886719 65.5803451538086 127.38151550292969 101.67022705078125
5 46.422706604003906 132.7723388671875 126.75827026367188 177.1259765625
1 43.32794189453125 39.59943389892578 69.1510009765625 53.30155944824219 8 35.383914947509766 9.776620864868164 56.97713088989258 25.951391220092773 2 31.6939640045166 0.0 57.6424560546875 14.17564582824707 8 27.898956298828125 45.62862014770508 68.9134750366211 65.15091705322266 6 20.548810958862305 41.126487731933594 58.31966781616211 62.11827850341797
1 8.210515022277832 18.78777313232422 36.253849029541016 31.990144729614258
2 11.876269340515137 7.387205123901367 29.328575134277344 19.40382957458496
6 30.527376174926758 39.173336029052734 60.60017776489258 55.31900405883789 6 33.480506896972656 20.528881072998047 62.318817138671875 39.42558288574219 3 30.702428817749023 62.68374252319336 53.29006576538086 76.76095581054688 1 32.085693359375 60.86943817138672 53.215431213378906 74.88626098632812 5 16.340087890625 59.84368133544922 53.00040817260742 80.56293487548828
8 36.721736907958984 150.9674530029297 86.96746063232422 179.39324951171875 6 29.884889602661133 173.1858673095703 81.22908782958984 206.89759826660156 6 47.025455474853516 178.61387634277344 92.99565887451172 198.745361328125 6 27.903261184692383 150.8196258544922 91.63983154296875 174.42752075195312 1 36.687862396240234 94.84191131591797 78.32801818847656 123.95889282226562 8 25.76146697998047 160.01112365722656 73.89818572998047 188.73770141601562
2 14.37867546081543 7.212445259094238 49.16773986816406 25.145479202270508 1 12.848386764526367 44.383148193359375 47.393287658691406 58.726802825927734
2 19.35239028930664 61.11347198486328 70.94232940673828 90.36251831054688 5 23.338359832763672 34.57788848876953 66.7307357788086 63.748897552490234 4 30.60106086730957 65.95524597167969 74.90245056152344 93.0
5 52.29463195800781 62.81513595581055 120.51676940917969 107.6216812133789 3 17.13896369934082 38.39695358276367 83.61792755126953 78.75890350341797 1 0.0 13.539790153503418 56.06098937988281 40.91033172607422
1 7.261133193969727 16.736921310424805 27.47364044189453 26.634340286254883
7 14.366687774658203 2.134335517883301 42.311744689941406 16.5011043548584

5 13.488566398620605 34.06791687011719 39.669891357421875 52.38930892944336 3 9.863515853881836 35.47308349609375 43.19330596923828 52.327964782714844
6 24.717327117919922 33.942134857177734 69.20927429199219 52.63794708251953 3 27.418746948242188 13.923957824707031 73.71483612060547 36.453895568847656
2 56.47869873046875 29.120988845825195 95.20962524414062 53.78501892089844 1 13.501009941101074 54.95935821533203 54.10359191894531 73.9487533569336 1 21.221738815307617 7.953648567199707 46.06257247924805 27.909372329711914 1 20.33376121520996 64.41411590576172 49.766971588134766 78.73918914794922 4 10.543434143066406 53.9654541015625 47.018367767333984 75.05657196044922 2 56.08512878417969 46.54427719116211 90.51590728759766 66.4371337890625
1 7.863640308380127 5.933596611022949 38.18140411376953 19.885576248168945 5 11.071200370788574 15.147682189941406 41.92727279663086 32.393978118896484
1 38.21251678466797 39.076271057128906 64.13580322265625 53.81673812866211 5 36.88153839111328 44.60477066040039 65.5240249633789 62.2863883972168 3 40.51456069946289 44.95259475708008 65.15357208251953 58.882972717285156 1 32.464656829833984 30.832744598388672 72.14190673828125 50.48971176147461
1 16.560985565185547 1.8730040788650513 56.20137023925781 18.55828285217285 1 22.045612335205078 26.470561981201172 61.056400299072266 44.93980407714844 4 26.555971145629883 0.0 55.551361083984375 17.780065536499023
5 7.738238334655762 28.24951171875 44.10084533691406 47.053199768066406 1 13.202909469604492 18.269044876098633 48.018428802490234 32.43984603881836
7 10.549410820007324 0.028005139902234077 35.282073974609375 10.455462455749512
2 36.60874557495117 31.63971710205078 101.4284439086914 62.68989944458008 1 17.36953353881836 75.28662109375 79.82584381103516 100.47163391113281 4 33.19411087036133 72.7105941772461 95.71448516845703 98.71271514892578 7 2.478187322616577 68.51994323730469 67.4306869506836 95.62188720703125 9 0.0 71.97774505615234 47.303955078125 102.78905487060547
5 36.96919250488281 42.45830535888672 70.72012329101562 64.16236877441406 4 30.12952423095703 19.20899200439453 62.659942626953125 38.754302978515625

4 18.281055450439453 26.791879653930664 37.65274429321289 40.59200668334961 9 9.042790412902832 20.664831161499023 32.04961013793945 33.00227355957031
3 31.42817497253418 0.0 59.33348083496094 13.805146217346191
0 39.066795349121094 47.40220642089844 94.81897735595703 79.37694549560547 3 26.563777923583984 25.361249923706055 98.51642608642578 50.50174331665039
5 7.724670886993408 4.890191078186035 28.97355079650879 13.708113670349121 8 5.767622947692871 16.995914459228516 25.54062843322754 28.38555908203125 6 8.883166313171387 17.35905647277832 29.57013702392578 27.502899169921875

4 11.4248046875 8.427022933959961 31.53501319885254 18.86054229736328
1 95.38028717041016 25.0311279296875 216.64234924316406 70.20967864990234 1 116.3700180053711 7.317478179931641 207.05772399902344 49.49647903442383 1 107.67162322998047 46.08015441894531 245.20956420898438 85.09966278076172 1 109.76358795166016 82.79527282714844 220.06307983398438 128.0130157470703 1 99.76600646972656 62.38335037231445 245.65689086914062 109.64044189453125 1 22.470531463623047 18.13138771057129 83.27137756347656 48.1496696472168
3 72.43333435058594 98.58580780029297 101.37740325927734 114.65721893310547
2 26.034944534301758 49.77991485595703 53.55229949951172 69.21290588378906 2 29.320556640625 32.90046691894531 58.76115798950195 52.50070571899414 2 32.497127532958984 42.4868278503418 56.48923873901367 59.452964782714844 4 30.339929580688477 64.4468994140625 62.68622589111328 83.43394470214844 2 30.9503173828125 55.285926818847656 68.98931121826172 74.03424835205078
3 8.085168838500977 10.103425025939941 29.9550838470459 24.909841537475586 8 9.309429168701172 10.577600479125977 33.09625244140625 24.36360740661621

7 10.46230697631836 11.37916088104248 30.334484100341797 21.00185203552246
1 8.314530372619629 30.75911521911621 41.762176513671875 43.244598388671875

2 31.667646408081055 21.62823486328125 57.905235290527344 36.83735275268555 4 26.46181297302246 35.554649353027344 51.01683807373047 48.978607177734375 7 30.59855842590332 20.514101028442383 57.4891242980957 37.211185455322266
1 18.799171447753906 65.88813018798828 96.68629455566406 93.78203582763672 4 100.69686126708984 26.61099624633789 127.08560943603516 48.74150848388672 0 103.22129821777344 44.73045349121094 126.22199249267578 58.09278869628906
5 18.74054527282715 56.01913833618164 70.70435333251953 86.48297119140625 4 39.957435607910156 79.98963165283203 96.32958984375 112.61498260498047 1 44.87595748901367 108.68832397460938 111.85464477539062 132.0 3 23.599355697631836 52.33653259277344 76.91673278808594 81.39864349365234
5 22.39908218383789 0.0 51.048439025878906 13.516826629638672

1 13.163387298583984 13.313593864440918 30.67958641052246 22.767866134643555 0 8.658550262451172 27.998573303222656 27.383657455444336 38.89768600463867 4 9.753704071044922 20.549091339111328 29.677648544311523 32.302730560302734

3 65.65836334228516 35.677703857421875 103.08870697021484 55.360836029052734 8 61.41487121582031 44.06295394897461 104.74547576904297 68.45588684082031
7 15.174627304077148 49.085060119628906 39.81128692626953 63.278480529785156
2 11.322360038757324 18.969989776611328 30.178604125976562 30.66451072692871 1 6.760331630706787 10.557051658630371 32.3884162902832 21.24109649658203
6 66.22636413574219 30.755168914794922 100.08067321777344 58.20576477050781
2 73.19233703613281 100.62394714355469 143.20101928710938 137.50180053710938 2 68.42401123046875 71.70402526855469 124.53336334228516 99.87646484375 2 80.15843963623047 85.14894104003906 144.5394287109375 117.43590545654297 3 66.33938598632812 71.63235473632812 133.2200164794922 108.06663513183594

2 30.037277221679688 27.555681228637695 56.8525390625 39.93328094482422 8 23.079967498779297 49.45642852783203 58.03103256225586 63.146888732910156 0 27.030256271362305 39.36409378051758 58.12574005126953 52.67597961425781 6 21.071495056152344 58.581321716308594 58.67298126220703 73.74381256103516 1 18.588823318481445 15.242650032043457 65.04304504394531 30.389530181884766 0 23.381376266479492 58.85770034790039 58.276344299316406 74.88954162597656
7 9.21642780303955 36.80052185058594 48.29762268066406 54.81819152832031 6 12.338488578796387 7.120608329772949 46.78472137451172 27.253055572509766
3 30.600223541259766 111.97351837158203 60.83708953857422 132.8745574951172 1 24.969600677490234 95.95110321044922 64.46668243408203 116.297119140625 6 23.569366455078125 128.83204650878906 64.85159301757812 147.35316467285156 1 49.601661682128906 127.11967468261719 146.29794311523438 165.92959594726562 9 27.067689895629883 127.49907684326172 58.14680099487305 151.924072265625 1 83.05740356445312 70.43792724609375 156.52232360839844 103.0672607421875

5 37.63511657714844 1.6114323139190674 85.0308837890625 24.90842628479004 0 38.332096099853516 23.85321044921875 90.87012481689453 45.7778434753418 1 0.0 72.29183197021484 50.28260040283203 95.99154663085938
1 12.231466293334961 22.238513946533203 46.76958084106445 36.36335754394531 1 13.082440376281738 8.614859580993652 48.04080581665039 24.336578369140625
6 11.852005004882812 30.334209442138672 33.40534210205078 41.90872573852539 3 10.83798599243164 19.957149505615234 32.27708053588867 32.47754669189453
8 12.397361755371094 30.675411224365234 39.707515716552734 45.56230545043945 5 19.884750366210938 18.77293586730957 44.70384979248047 36.45180892944336 3 24.79726791381836 7.573488712310791 51.3697624206543 23.467544555664062 6 19.12775421142578 20.50699234008789 42.68495178222656 36.697837829589844 8 26.079565048217773 7.915074825286865 51.95905303955078 22.580242156982422

1 30.79700469970703 1.6042404174804688 99.54646301269531 33.40325164794922
8 29.210248947143555 42.71588134765625 77.6151351928711 63.94449234008789 4 13.381741523742676 3.311614990234375 49.269447326660156 31.358129501342773 5 21.460039138793945 22.7216854095459 60.43408203125 40.04873275756836
3 8.507682800292969 15.677011489868164 27.64757537841797 28.40572166442871
1 7.45405912399292 13.457218170166016 32.42420959472656 23.972972869873047
4 7.893864631652832 10.137408256530762 24.2418155670166 19.5355224609375 5 4.946271896362305 0.0 26.122447967529297 11.104952812194824


2 14.902185440063477 18.64554786682129 29.757244110107422 27.457895278930664 5 12.165048599243164 18.880271911621094 27.238405227661133 28.148483276367188

6 107.7889633178711 163.36880493164062 163.55039978027344 192.78282165527344 1 105.92903900146484 137.453857421875 164.60206604003906 172.4628143310547 6 140.78375244140625 164.00485229492188 176.0032501220703 192.5574951171875 6 125.75366973876953 144.94900512695312 173.38551330566406 174.37962341308594
0 10.269074440002441 23.11093521118164 38.23435974121094 36.38379669189453
3 130.34153747558594 36.379432678222656 186.86618041992188 64.69209289550781 5 51.89958572387695 52.95425796508789 85.99666595458984 79.52899932861328 3 122.99210357666016 15.836943626403809 175.27252197265625 57.44767761230469 6 46.4984245300293 28.04021453857422 102.97396087646484 70.59808349609375 3 137.2369842529297 44.46525573730469 168.35154724121094 72.44060516357422 8 87.66636657714844 68.52542877197266 172.7025909423828 112.54478454589844

6 19.146190643310547 32.284873962402344 72.79794311523438 56.61695861816406 5 23.7343807220459 4.275837421417236 73.40956115722656 28.55609893798828
2 54.36410140991211 33.618690490722656 94.09369659423828 57.9609375 2 64.87203979492188 29.957698822021484 85.53771209716797 48.888301849365234 3 51.449344635009766 31.4053897857666 98.7934799194336 60.72779846191406 5 49.65046691894531 29.88766860961914 98.04206848144531 67.72842407226562

3 56.71323776245117 16.20970916748047 92.32292938232422 38.532958984375 5 59.75395584106445 19.522964477539062 85.55317687988281 38.976314544677734 1 59.33418655395508 33.312950134277344 89.0325927734375 47.078285217285156
2 12.274723052978516 0.0 31.4896297454834 12.67054271697998 2 14.214006423950195 20.194501876831055 33.74068832397461 31.870330810546875 9 13.319470405578613 8.009156227111816 31.08759307861328 22.964801788330078 2 14.338946342468262 29.900888442993164 32.608177185058594 41.64727020263672 3 14.462346076965332 30.657678604125977 35.42167663574219 43.398860931396484
4 11.0297212600708 24.868846893310547 29.7471923828125 35.69562530517578 4 11.766996383666992 12.171648979187012 32.87656021118164 22.170913696289062

1 33.70111846923828 92.6916732788086 105.40032958984375 121.62779998779297 8 66.67603302001953 12.691665649414062 98.1369857788086 30.999876022338867 3 6.971482753753662 2.596871852874756 67.5199203491211 35.637882232666016
1 96.56531524658203 111.2730941772461 185.0 151.53030395507812 4 53.73005294799805 62.454681396484375 142.83392333984375 110.63200378417969
6 35.38899230957031 67.17106628417969 65.70507049560547 83.85662841796875 2 62.83709716796875 9.285625457763672 98.0 34.18054962158203
5 8.760082244873047 2.086627244949341 30.781991958618164 14.554261207580566
7 14.602100372314453 18.71599578857422 38.0291748046875 30.237226486206055 3 10.825536727905273 4.751852035522461 35.02463150024414 20.413843154907227
5 7.9110002517700195 3.4742696285247803 28.23800277709961 15.8291654586792
5 6.3748931884765625 20.37246322631836 28.616748809814453 31.337190628051758
7 6.355246543884277 11.944477081298828 37.60017776489258 26.7530460357666
1 33.0843391418457 43.14872360229492 73.33521270751953 63.401390075683594 0 26.87008285522461 58.22085952758789 73.66569519042969 81.68436431884766 6 30.146320343017578 58.40920639038086 73.01644134521484 81.58111572265625
6 71.22373962402344 92.14559936523438 108.97528839111328 116.04556274414062
1 34.332462310791016 91.0996322631836 103.07917785644531 118.1302490234375 2 82.78755950927734 120.53271484375 141.14671325683594 166.7843780517578
4 18.562339782714844 52.93592834472656 46.547176361083984 66.02885437011719 7 18.245969772338867 43.07512664794922 43.66872024536133 57.80990219116211
5 10.409786224365234 0.10629180818796158 39.0458984375 15.387861251831055 9 13.860557556152344 21.243122100830078 42.663700103759766 35.85560989379883

4 69.94305419921875 96.1026840209961 93.47146606445312 112.6954345703125 4 70.14033508300781 86.54680633544922 97.41212463378906 101.78704833984375 1 2.892375946044922 48.8812141418457 72.44517517089844 73.25498962402344 3 67.80084991455078 81.384521484375 95.71988677978516 102.49242401123047
4 4.344028472900391 18.498855590820312 25.863319396972656 27.040210723876953
1 0.0 57.373748779296875 77.68673706054688 81.7588119506836 7 77.87654876708984 21.232126235961914 106.61324310302734 38.6824836730957 1 8.101400375366211 17.805208206176758 77.48868560791016 40.216407775878906
1 31.57451629638672 20.73265838623047 79.20953369140625 42.05766677856445 0 30.28977394104004 42.77867126464844 98.9517593383789 77.33538055419922
7 14.932262420654297 37.13726806640625 46.29109191894531 55.715087890625
5 19.637271881103516 54.26292419433594 59.457096099853516 72.25166320800781 1 19.186899185180664 37.82512664794922 60.04889678955078 55.62704849243164

3 17.553388595581055 29.09739875793457 50.513092041015625 44.704345703125 5 21.219764709472656 13.196261405944824 52.13249969482422 32.507041931152344 4 21.128278732299805 42.808876037597656 49.790260314941406 57.11720657348633 5 19.701610565185547 28.944461822509766 51.40296936035156 43.11002731323242 1 17.45552635192871 4.976303577423096 54.941627502441406 19.47771453857422


5 10.812885284423828 24.15989875793457 36.66543197631836 36.928890228271484
3 26.917448043823242 44.27840042114258 62.303977966308594 64.46812438964844 1 21.206829071044922 29.41214942932129 59.16434097290039 48.2968864440918

6 8.874005317687988 5.75165319442749 27.183116912841797 15.481321334838867 4 9.780012130737305 17.815086364746094 25.381200790405273 28.21186065673828

2 9.345484733581543 19.448497772216797 28.152996063232422 29.97930908203125
4 27.79439353942871 17.503185272216797 59.86802673339844 34.65867614746094 4 20.281206130981445 32.7181282043457 56.94738006591797 48.90488815307617 3 23.558813095092773 14.006275177001953 59.7604866027832 36.09101104736328 8 22.24376678466797 32.25998306274414 57.71293640136719 50.43301773071289
3 21.948862075805664 53.93177032470703 71.46800994873047 80.66851043701172 1 21.26963996887207 17.659536361694336 65.47077941894531 36.147193908691406 4 28.301136016845703 33.75381088256836 71.36707305908203 58.96039962768555 4 15.948607444763184 12.720537185668945 57.9648551940918 34.81005096435547
3 54.515350341796875 87.05965423583984 113.63167572021484 127.15644073486328 1 40.616539001464844 42.19355392456055 104.71966552734375 79.69820404052734 1 50.71561050415039 61.05205535888672 119.96635437011719 93.545654296875 1 31.45492172241211 58.95247268676758 90.1497573852539 85.94144439697266 5 37.25264358520508 86.49748992919922 102.18586730957031 127.13042449951172
2 48.79038619995117 5.233555793762207 96.23446655273438 34.03786849975586 0 14.108854293823242 64.5080795288086 65.9655990600586 88.17874908447266 7 32.00223922729492 30.90439224243164 79.36190795898438 60.243690490722656

2 27.068824768066406 5.531060218811035 70.62849426269531 36.333534240722656
6 16.23548698425293 21.484289169311523 51.82543182373047 46.26533126831055 8 11.758492469787598 37.757022857666016 45.16252899169922 62.00529861450195 1 28.527587890625 6.972863674163818 60.08781814575195 26.402284622192383 8 20.541982650756836 22.24091339111328 52.109771728515625 43.112911224365234
6 16.359830856323242 0.0 40.41072082519531 14.94666862487793 5 15.173171997070312 9.195405960083008 38.36391830444336 21.246511459350586
2 49.71931838989258 34.84852600097656 105.18741607666016 70.67981719970703
7 8.590792655944824 30.79690170288086 34.68947219848633 47.329097747802734
6 17.635852813720703 47.52324676513672 42.45832443237305 63.16249465942383 3 26.264020919799805 34.17010498046875 48.19327163696289 51.68204116821289
2 18.272598266601562 40.44398498535156 41.92517852783203 59.947452545166016 1 13.218289375305176 11.168952941894531 51.25025939941406 27.26891326904297
5 11.232736587524414 17.698251724243164 33.12467956542969 29.79725456237793 2 10.084299087524414 27.365909576416016 29.38723373413086 39.10365676879883 2 10.327644348144531 6.197432518005371 36.16130065917969 17.972902297973633 3 12.973804473876953 17.20662498474121 34.50770950317383 28.838397979736328 2 13.61634635925293 16.426502227783203 32.899078369140625 27.355894088745117
2 75.51390838623047 56.88023376464844 105.45046997070312 75.40476989746094 1 73.9070053100586 42.13620376586914 109.25796508789062 58.77473831176758 1 73.82499694824219 71.89078521728516 102.66998291015625 91.29488372802734 9 51.572322845458984 54.75801086425781 104.15168762207031 81.17320251464844 4 30.46849250793457 57.99068832397461 86.20365142822266 82.86243438720703 1 78.69371795654297 49.153377532958984 108.09371948242188 66.43128204345703
2 28.361133575439453 10.424365997314453 64.33812713623047 31.55879020690918 0 19.636716842651367 60.19450759887695 60.303955078125 79.0 7 23.326265335083008 5.273720741271973 63.871253967285156 27.2203369140625 6 13.491353988647461 31.16495132446289 54.344154357910156 54.41877365112305
1 27.636335372924805 6.641636848449707 84.02692413330078 43.4263801574707
2 24.151580810546875 2.566301107406616 64.07148742675781 21.630483627319336 5 12.138235092163086 7.939067840576172 56.900882720947266 29.791582107543945
9 9.602554321289062 20.882423400878906 29.816057205200195 32.78596115112305 2 8.555895805358887 7.055532455444336 32.4096565246582 19.01816749572754

1 17.087366104125977 62.85846710205078 71.78347778320312 90.92359161376953 1 18.601823806762695 36.52424240112305 75.17296600341797 60.99080276489258 3 72.75676727294922 44.61434555053711 98.91748046875 59.21525573730469
1 20.16952133178711 63.898746490478516 63.5565299987793 86.87794494628906 5 15.709709167480469 16.35064125061035 54.79693603515625 43.518646240234375

2 12.777613639831543 25.939434051513672 33.529151916503906 38.3210334777832 4 10.033170700073242 16.453126907348633 34.125083923339844 29.68779754638672 5 10.211716651916504 24.851844787597656 35.9194221496582 36.73653793334961

6 70.38580322265625 101.34728240966797 97.17694854736328 114.2863998413086
7 71.05669403076172 95.37394714355469 102.50045776367188 113.2385025024414 5 71.75330352783203 77.64484405517578 106.04845428466797 93.64873504638672 1 78.83340454101562 71.50163269042969 105.0828857421875 87.36571502685547 7 77.42430877685547 85.77715301513672 106.23738098144531 106.24077606201172 3 75.36788177490234 75.97628784179688 106.2169189453125 97.3956298828125
2 26.171640396118164 11.74164867401123 52.81105422973633 29.36501693725586 8 23.21268081665039 42.33473205566406 49.53590774536133 57.12857437133789 1 22.61398696899414 26.67574691772461 51.36879348754883 40.53815460205078 3 27.81461524963379 10.759515762329102 56.928401947021484 28.057254791259766
5 20.434803009033203 19.751937866210938 43.770538330078125 32.49298095703125 4 17.111940383911133 30.875659942626953 41.868221282958984 43.49317932128906

6 19.7617130279541 17.36731719970703 48.564918518066406 30.061752319335938 5 18.407316207885742 5.534207344055176 49.023616790771484 18.79100799560547
2 17.597949981689453 19.698400497436523 39.57135772705078 32.2952766418457
7 35.25221633911133 23.68593978881836 55.996280670166016 35.20771789550781
2 30.7266788482666 38.17414855957031 73.02365112304688 60.38986587524414 3 7.741855621337891 56.01478958129883 60.21322250366211 82.77574920654297 5 6.720808982849121 54.302101135253906 54.51209259033203 82.62377166748047 4 32.51362991333008 37.0527458190918 72.42737579345703 60.97991943359375 7 11.426812171936035 56.86006164550781 36.16700744628906 75.74276733398438
2 8.114228248596191 11.631711959838867 28.571924209594727 23.53972816467285 5 10.95466136932373 22.5285587310791 29.685138702392578 35.69569396972656 6 7.520058631896973 23.446046829223633 30.311857223510742 34.77206039428711
2 39.41661834716797 17.794689178466797 66.5298843383789 34.654029846191406
1 16.499473571777344 23.20417022705078 44.821571350097656 39.870059967041016 1 14.701926231384277 32.28696060180664 42.932899475097656 47.97914123535156 3 14.712699890136719 14.460683822631836 49.8743896484375 31.016786575317383 0 12.389610290527344 29.47066879272461 46.55552291870117 45.08025360107422
1 54.681575775146484 2.1915664672851562 112.0 27.839860916137695 1 0.0 4.635004997253418 57.165260314941406 28.422725677490234 1 17.957599639892578 76.06963348388672 69.67315673828125 99.18872833251953 0 13.341102600097656 67.51831817626953 67.44498443603516 95.63587188720703 4 59.38135528564453 72.96939086914062 103.48682403564453 98.13316345214844 4 34.68285369873047 37.77405548095703 82.08293914794922 75.19645690917969
9 32.83237838745117 58.862937927246094 70.06694030761719 80.09996032714844
4 32.55876922607422 39.82857131958008 85.31146240234375 69.06877899169922 7 30.944908142089844 26.140016555786133 95.02511596679688 48.07404708862305 4 41.829315185546875 29.27154541015625 85.55560302734375 54.71614456176758
8 12.44308090209961 10.065869331359863 53.10438537597656 32.649749755859375 2 35.29429626464844 25.23175621032715 72.76056671142578 51.83494567871094
5 14.347846984863281 21.838802337646484 43.51722717285156 34.85084533691406 2 17.46549415588379 11.127547264099121 44.84864807128906 22.97737693786621 8 10.647663116455078 33.31291198730469 39.46804428100586 45.728458404541016 4 18.174962997436523 12.180633544921875 45.057064056396484 25.1009464263916 0 18.80204963684082 33.09270477294922 45.97608184814453 46.77940368652344
2 17.268566131591797 29.70964813232422 67.93136596679688 55.23965835571289 1 18.70608901977539 16.32973861694336 75.34943389892578 36.470947265625
8 23.77549171447754 104.3290786743164 83.62511444091797 128.67425537109375 0 45.628631591796875 102.16152954101562 90.2116470336914 129.0963897705078 0 23.342966079711914 102.84613037109375 61.66691207885742 125.98138427734375 1 25.269073486328125 85.4852066040039 82.14461517333984 109.23283386230469
2 22.188369750976562 24.10072135925293 45.25789260864258 37.34994888305664 5 21.943965911865234 39.434696197509766 43.79512405395508 52.45243835449219 3 19.183042526245117 37.932247161865234 45.1660270690918 52.54185104370117 1 23.419721603393555 7.201480388641357 52.22974395751953 20.134185791015625

0 23.766847610473633 74.48974609375 60.44308090209961 90.6705093383789 1 27.043516159057617 60.440677642822266 53.8692741394043 79.94420623779297 5 49.675472259521484 112.7820816040039 106.35604858398438 143.0
8 25.0719051361084 48.38009262084961 66.46504974365234 66.09099578857422 2 16.14375114440918 45.70100784301758 59.37841033935547 66.24492645263672 0 12.771688461303711 26.975078582763672 66.2787857055664 48.80172348022461 8 19.033390045166016 56.944664001464844 55.70918655395508 78.56151580810547
2 8.23292064666748 4.859780788421631 24.817075729370117 14.132813453674316 2 15.01906967163086 20.60080337524414 29.526216506958008 28.87830352783203
6 62.07660675048828 17.523569107055664 128.6365966796875 64.36771392822266 3 62.577423095703125 49.53419494628906 131.605224609375 99.89476013183594
6 16.909446716308594 33.12349319458008 74.74656677246094 66.72238159179688 1 49.632850646972656 101.66282653808594 145.57276916503906 137.7313995361328

4 30.938655853271484 77.36688995361328 65.26289367675781 99.86503601074219 1 73.2430648803711 31.07394790649414 138.0 56.34578323364258 1 41.01909255981445 27.26737403869629 108.96629333496094 54.3721923828125 3 78.52411651611328 76.41131591796875 106.5277099609375 93.78781127929688 7 31.743873596191406 78.04304504394531 68.13272857666016 103.65218353271484 4 70.4953842163086 83.23011016845703 111.51042938232422 109.21974182128906


8 12.038508415222168 17.775680541992188 40.850345611572266 31.779287338256836 6 17.403865814208984 18.799386978149414 41.94823455810547 31.82196044921875 2 11.305879592895508 0.259634792804718 36.92021942138672 17.043981552124023 5 17.398941040039062 19.593751907348633 43.14501953125 33.33940887451172
5 25.913928985595703 35.729862213134766 53.598121643066406 51.23530960083008 2 26.030044555664062 13.042838096618652 53.36829376220703 32.62730407714844 4 23.78717803955078 23.071306228637695 57.032203674316406 38.26556396484375 6 25.25494384765625 37.462852478027344 51.570919036865234 51.21354293823242 4 28.068410873413086 29.84001922607422 53.46810531616211 44.60525894165039
0 14.602479934692383 27.56288719177246 39.37336349487305 40.36082458496094 5 13.401287078857422 38.73868942260742 39.00865173339844 54.0 3 11.494379997253418 11.530091285705566 35.45676040649414 28.8355655670166
4 70.91566467285156 53.459285736083984 108.34495544433594 76.85758972167969
0 40.563507080078125 31.496301651000977 69.48717498779297 44.303733825683594 1 36.116920471191406 14.588922500610352 65.39852142333984 29.546607971191406 7 39.84575271606445 19.400768280029297 67.12320709228516 32.827003479003906
2 51.118282318115234 32.68928527832031 75.83997344970703 48.27220153808594 9 52.61099624633789 20.051319122314453 76.91938781738281 33.37776184082031 2 47.44712448120117 16.204923629760742 85.78965759277344 33.639427185058594
5 5.5730814933776855 18.85063934326172 27.86239242553711 30.079357147216797 5 9.66466236114502 2.3024868965148926 30.291948318481445 14.583036422729492
3 84.18273162841797 61.305213928222656 120.4036865234375 82.97061157226562 5 79.2231674194336 89.92784118652344 122.41704559326172 110.20355224609375 6 80.54830169677734 91.26546478271484 118.96478271484375 111.67318725585938
4 20.323810577392578 16.700122833251953 57.87419128417969 33.018001556396484 4 26.79243278503418 30.59095573425293 60.70314025878906 49.02680969238281 1 20.691085815429688 5.22225284576416 55.98256301879883 20.3961238861084 4 23.984174728393555 23.66722869873047 53.99333953857422 40.82415008544922
5 9.747056007385254 15.420023918151855 31.068260192871094 27.999486923217773 5 10.98741626739502 28.146474838256836 31.002300262451172 39.359928131103516
9 36.587791442871094 32.111228942871094 65.30764770507812 52.29716491699219 9 31.464797973632812 16.44964599609375 59.130043029785156 33.609596252441406
6 95.7825927734375 70.50730895996094 134.8366241455078 99.10426330566406 1 64.55256652832031 60.802860260009766 108.9191665649414 82.99871826171875
4 22.843841552734375 21.864665985107422 58.60051345825195 44.433162689208984 2 21.893831253051758 10.10573673248291 65.0577621459961 37.16447067260742 7 20.33721351623535 7.050163269042969 61.697608947753906 30.166343688964844 3 26.17093849182129 27.03369903564453 62.05216598510742 51.458255767822266 5 21.609533309936523 33.57407760620117 60.91242980957031 50.882896423339844 6 23.627025604248047 29.185787200927734 61.109012603759766 49.27468490600586
2 18.922441482543945 78.74620056152344 76.81199645996094 110.85608673095703 3 35.93487548828125 16.128934860229492 93.16326904296875 47.782169342041016 4 21.619211196899414 77.22478485107422 81.05272674560547 117.79852294921875 7 34.07426452636719 15.462400436401367 76.4246826171875 45.240169525146484 7 29.866609573364258 43.85972213745117 86.88741302490234 69.68437194824219 1 30.392717361450195 48.284645080566406 81.48649597167969 72.44404602050781
6 45.3178596496582 88.19452667236328 85.46451568603516 112.48516082763672 2 43.007896423339844 54.779727935791016 84.7661361694336 89.0259780883789 4 46.96497344970703 30.38381576538086 83.65755462646484 57.037574768066406
1 11.811935424804688 40.6269645690918 42.499454498291016 56.10508346557617 6 18.40153694152832 47.89281463623047 42.555728912353516 61.994972229003906 6 11.309934616088867 52.100948333740234 37.39069366455078 66.86974334716797 0 13.606215476989746 63.58516311645508 42.89954376220703 80.36006164550781 1 34.720909118652344 104.38397216796875 108.48754119873047 136.32215881347656 1 49.51703643798828 32.96577072143555 123.20645904541016 63.69493103027344
1 23.93794822692871 2.254910707473755 62.24369430541992 21.391244888305664
9 7.805983066558838 22.323699951171875 45.4905891418457 42.082298278808594 2 11.430676460266113 23.670665740966797 43.69076919555664 39.66041564941406
3 32.19132995605469 60.6384391784668 64.95645141601562 79.2586669921875
5 37.5040168762207 39.4493522644043 103.44326782226562 82.90119934082031 5 29.664730072021484 86.2425537109375 102.25224304199219 125.79081726074219
0 101.15573120117188 67.3243637084961 135.07492065429688 84.482666015625 3 106.79862976074219 48.46587371826172 141.999755859375 71.27408599853516 2 31.34239387512207 0.0 131.08935546875 44.950172424316406 6 93.08653259277344 67.00415802001953 128.91876220703125 88.78379821777344
1 53.34689712524414 55.33998489379883 89.644775390625 74.52680969238281 4 21.313444137573242 32.841060638427734 64.85427856445312 55.30210876464844

2 6.251728534698486 15.10538101196289 24.709930419921875 29.21449089050293 2 7.684625625610352 2.2158615589141846 23.504159927368164 17.65393829345703

5 28.34486961364746 0.0 64.3718032836914 18.989290237426758 6 25.943222045898438 18.39657974243164 64.64707946777344 36.44182205200195
1 106.37171173095703 60.66678237915039 130.69822692871094 73.67525482177734 1 90.84947204589844 55.3796272277832 130.173828125 68.7799301147461 6 97.52676391601562 71.08169555664062 134.74945068359375 93.48389434814453 1 93.04777526855469 58.076534271240234 145.0430145263672 78.44986724853516
1 21.236499786376953 27.87621307373047 56.91655731201172 42.49577713012695 1 23.49755096435547 35.45402526855469 55.67111587524414 49.71383285522461
8 9.233941078186035 10.599717140197754 34.342315673828125 26.010305404663086 6 8.328984260559082 26.90027618408203 32.86779022216797 41.25403594970703
0 12.573762893676758 36.269344329833984 43.56403732299805 50.810367584228516 8 9.132568359375 5.042275905609131 43.444732666015625 23.076475143432617 9 13.741634368896484 20.37239646911621 44.62858200073242 37.31185531616211
3 11.962756156921387 11.00676155090332 41.63258361816406 26.460044860839844
1 21.81122589111328 14.576520919799805 49.5248908996582 33.60188293457031 6 10.44288444519043 23.503679275512695 47.093135833740234 43.120635986328125
2 23.43706512451172 45.85711669921875 47.878456115722656 61.77250671386719 4 23.9522647857666 21.35129737854004 45.98792266845703 35.2872428894043 0 22.035932540893555 34.08073043823242 50.600868225097656 48.989524841308594 9 21.282730102539062 34.60902786254883 49.42936706542969 48.007789611816406
7 17.079999923706055 21.12900161743164 47.17906951904297 35.98287582397461 4 23.745004653930664 9.632331848144531 48.89146423339844 22.693212509155273 7 9.959750175476074 34.3431282043457 36.58656692504883 49.27622985839844
2 10.444635391235352 22.509218215942383 41.888153076171875 39.24037170410156

2 14.498422622680664 13.650796890258789 38.65910720825195 29.49595069885254
2 21.18014907836914 26.409448623657227 41.93828201293945 40.67181396484375 3 18.51779556274414 13.4002685546875 39.11485290527344 26.45022964477539 8 21.001564025878906 37.222084045410156 41.128684997558594 48.78607940673828 2 21.882627487182617 22.403573989868164 39.12212371826172 33.4154167175293 2 23.37648582458496 14.018966674804688 42.808555603027344 28.269306182861328
1 16.235809326171875 25.439937591552734 47.57649612426758 41.909366607666016 7 14.970733642578125 39.198822021484375 47.617671966552734 54.848995208740234
6 59.925785064697266 0.0 126.26587677001953 35.332576751708984 5 19.900543212890625 38.377620697021484 46.926910400390625 55.01435470581055 9 70.28768157958984 0.0 127.42515563964844 27.43888282775879 3 25.545307159423828 6.357016563415527 52.66388702392578 26.553159713745117 7 56.6840934753418 110.98004150390625 78.01666259765625 130.85935974121094 1 70.43055725097656 78.81632995605469 108.54592895507812 96.93362426757812
8 11.781952857971191 17.503551483154297 61.23723220825195 39.990299224853516 1 9.796331405639648 47.382598876953125 54.90528869628906 64.41349029541016
5 11.445812225341797 0.0 29.699581146240234 10.877093315124512
8 16.869102478027344 25.555036544799805 38.27784729003906 38.10244369506836
7 14.32934856414795 17.992807388305664 39.01243209838867 35.1955451965332 5 8.002277374267578 3.663533926010132 32.104793548583984 19.567659378051758 4 11.130057334899902 4.729295253753662 40.65544128417969 16.94525718688965
5 30.387802124023438 43.8884162902832 85.00689697265625 72.0985107421875 1 28.55759620666504 71.1806869506836 91.84791564941406 95.02804565429688
2 15.575418472290039 0.0 52.89650344848633 20.140748977661133 8 23.72304344177246 19.42831039428711 66.65604400634766 39.273067474365234 0 27.202913284301758 20.745153427124023 69.23062896728516 42.73408889770508
4 11.650826454162598 18.484718322753906 36.812503814697266 30.945972442626953 6 13.480467796325684 30.608346939086914 37.186981201171875 41.52324295043945 2 11.02336597442627 18.796472549438477 33.3050537109375 30.711627960205078
4 49.3828010559082 90.46720123291016 107.4781494140625 122.93171691894531 1 82.43036651611328 14.855259895324707 167.0 49.64836120605469
6 10.76496696472168 45.73469161987305 38.291465759277344 60.842350006103516 6 33.328128814697266 18.275182723999023 64.63258361816406 35.417564392089844
4 8.47026538848877 19.552034378051758 26.856027603149414 30.09872055053711 1 5.371137619018555 5.5002760887146 31.747556686401367 15.262784957885742 2 7.762969017028809 15.508695602416992 26.47663688659668 27.44474220275879

1 10.478578567504883 25.546058654785156 34.81425476074219 39.24578094482422 2 14.682976722717285 36.925357818603516 37.79559326171875 53.902984619140625
9 10.79354476928711 17.0681209564209 31.02475357055664 29.11893653869629
2 11.840164184570312 19.26424789428711 48.727989196777344 41.03839111328125 4 25.577205657958984 50.92817687988281 64.25371551513672 71.13693237304688 3 17.324405670166016 34.514427185058594 51.86882019042969 55.39083480834961
7 11.487641334533691 25.183897018432617 32.15633010864258 38.57374954223633 0 11.746709823608398 13.860432624816895 33.718711853027344 27.001598358154297 2 10.878419876098633 2.222175121307373 33.65108871459961 15.413013458251953
3 35.048831939697266 5.040130615234375 64.9297866821289 20.75182342529297 5 0.0 53.387027740478516 29.048158645629883 75.55846405029297 2 31.93189811706543 4.7627716064453125 62.13640594482422 22.863481521606445
2 16.782392501831055 28.447511672973633 48.200069427490234 41.19084930419922 1 9.492958068847656 39.30593490600586 45.336570739746094 52.682830810546875 1 20.937450408935547 16.790611267089844 50.32421875 31.95406723022461
3 30.513853073120117 14.686704635620117 69.46900939941406 33.8839225769043 1 44.24616622924805 26.730892181396484 66.92549133300781 39.23969650268555
6 10.128525733947754 22.4796085357666 35.324851989746094 37.611419677734375 7 9.2860107421875 4.396798133850098 37.5833854675293 18.728607177734375
9 10.929638862609863 42.369998931884766 36.69431686401367 56.33011245727539 6 7.5754313468933105 29.425148010253906 33.614234924316406 45.510887145996094 8 9.110593795776367 30.697534561157227 35.1898307800293 46.33162307739258
5 29.9251708984375 40.62918472290039 65.70257568359375 60.462547302246094 1 29.806520462036133 29.053081512451172 62.347251892089844 43.77297592163086 2 31.9234619140625 55.90160369873047 68.4646224975586 75.00988006591797

6 91.16480255126953 58.73583221435547 120.5440673828125 78.76754760742188 8 94.80370330810547 43.9561653137207 117.32067108154297 59.624298095703125 1 10.442060470581055 108.46550750732422 88.55931854248047 144.0 6 87.74188995361328 44.26249694824219 118.40892791748047 59.281280517578125 1 25.718847274780273 69.44798278808594 107.46427917480469 103.59339141845703

8 19.771648406982422 2.837679386138916 44.63417053222656 16.902210235595703 9 12.538359642028809 26.35731315612793 38.463375091552734 40.17779541015625 7 14.036089897155762 14.26522445678711 44.553836822509766 27.068994522094727 7 15.775800704956055 20.052692413330078 38.36215591430664 31.73297691345215 4 14.155789375305176 21.640356063842773 39.181453704833984 35.62767791748047 6 16.175302505493164 2.056457281112671 45.99296951293945 17.551868438720703
5 9.89045524597168 28.540042877197266 35.06192398071289 44.521690368652344 2 10.743566513061523 1.410961389541626 36.54959487915039 14.812076568603516 3 8.429625511169434 14.268831253051758 35.45186996459961 29.21514129638672
1 10.889145851135254 24.18239974975586 50.54183578491211 41.84895324707031

2 13.89984130859375 14.325395584106445 33.599754333496094 24.112197875976562
1 18.825897216796875 14.91936206817627 57.83843231201172 36.74237060546875 0 21.593088150024414 33.49360656738281 52.9760627746582 50.25981521606445
2 21.529104232788086 67.85967254638672 74.7729263305664 98.9891128540039
3 67.6263198852539 84.82482147216797 115.0 111.78487396240234 1 12.47187614440918 33.75872802734375 82.7051010131836 61.40486526489258 2 61.92356491088867 84.75543975830078 113.37018585205078 111.12410736083984
1 17.978734970092773 4.341531753540039 57.315513610839844 20.606592178344727 7 7.0645670890808105 41.31122589111328 46.361412048339844 61.81894302368164 5 14.351235389709473 20.669918060302734 54.804805755615234 41.50029373168945

8 20.685224533081055 20.31922721862793 54.21458435058594 34.89513397216797 6 21.2647762298584 21.245464324951172 52.9549560546875 36.134761810302734 1 20.98093032836914 54.29344940185547 64.34325408935547 72.71144104003906 2 18.31646156311035 18.23477554321289 50.71897888183594 36.016605377197266 0 0.0 60.58275604248047 42.168243408203125 78.2917709350586
3 20.275218963623047 15.832118034362793 55.31793212890625 35.03103256225586 5 20.095598220825195 32.29865264892578 50.712318420410156 53.13256072998047 2 18.043821334838867 14.212372779846191 54.00801467895508 33.638126373291016
2 10.40104866027832 9.006464004516602 27.765958786010742 21.296449661254883
1 13.233376502990723 4.303764343261719 41.72591781616211 16.8236083984375 1 12.396452903747559 10.551042556762695 41.03253936767578 23.933340072631836 4 6.541356086730957 21.239267349243164 37.16580581665039 34.67878341674805 1 1.3494073152542114 34.138545989990234 34.43391799926758 47.70130920410156
8 17.3652286529541 16.047574996948242 40.2280158996582 32.97088623046875 1 23.204496383666992 2.4060592651367188 48.10591506958008 16.908987045288086 4 13.282586097717285 40.06369400024414 38.96079635620117 54.13844299316406 4 15.365068435668945 14.186060905456543 41.677799224853516 29.871456146240234
5 16.300859451293945 57.93839645385742 61.745872497558594 86.72720336914062

6 12.694157600402832 20.223957061767578 54.82538604736328 37.96174621582031 5 15.799038887023926 39.13451385498047 52.58820343017578 55.9200439453125 1 13.470465660095215 3.7936384677886963 50.8045654296875 18.234663009643555 0 22.574209213256836 19.644962310791016 53.28520202636719 35.631202697753906
9 29.209735870361328 19.07366180419922 58.41273498535156 35.10501480102539 4 29.183395385742188 0.0 54.986175537109375 13.65571117401123 3 33.6400260925293 0.0 58.538978576660156 14.085259437561035 2 32.00886917114258 19.520030975341797 61.31169128417969 35.979434967041016
4 11.150336265563965 9.946910858154297 30.373029708862305 20.602466583251953
9 16.246936798095703 66.66023254394531 50.38720703125 86.06240844726562 4 14.6627836227417 52.078857421875 44.67763137817383 69.7186050415039 6 54.262298583984375 59.826438903808594 98.66586303710938 88.43464660644531
1 19.376041412353516 48.81277847290039 44.08460998535156 62.19797134399414
5 12.812529563903809 19.68736457824707 46.79523849487305 41.51401901245117 4 20.357099533081055 18.83531379699707 53.04939270019531 36.72682571411133 7 25.959280014038086 4.163943767547607 56.341312408447266 22.421358108520508 9 23.195188522338867 0.4011077582836151 63.70008850097656 20.48057746887207
9 9.026005744934082 24.66179847717285 29.499975204467773 36.59646987915039
1 5.149143695831299 10.911715507507324 29.444395065307617 21.4066104888916
4 39.58646011352539 34.1204948425293 67.0772933959961 49.81950759887695 4 34.8110466003418 41.45836639404297 64.58676147460938 57.30173873901367 1 36.255401611328125 3.1379828453063965 77.0 17.258203506469727
2 21.586637496948242 8.790621757507324 47.957496643066406 21.88498306274414 5 13.718156814575195 5.781594753265381 38.922298431396484 20.366086959838867 4 17.910968780517578 10.329569816589355 53.08481979370117 25.096939086914062 1 20.35739517211914 2.885695695877075 49.076969146728516 15.527511596679688

3 56.58856201171875 10.462883949279785 112.6161117553711 38.16584014892578
1 31.961666107177734 8.032241821289062 69.11943817138672 24.21381378173828 2 18.702688217163086 22.890777587890625 58.505340576171875 45.680519104003906 6 6.74977970123291 44.73101043701172 42.69290542602539 65.7414779663086 8 8.728618621826172 47.100868225097656 42.91190719604492 67.32231140136719 7 19.363218307495117 21.549806594848633 57.551368713378906 42.07525634765625
4 11.137284278869629 38.362220764160156 41.59568786621094 55.5263671875 1 0.0 18.78044319152832 36.32621383666992 34.52293014526367
0 21.698043823242188 41.326133728027344 55.072200775146484 58.160728454589844 4 18.32320213317871 26.895090103149414 48.849952697753906 44.70644760131836 9 23.39680290222168 57.05691146850586 58.152687072753906 71.4251937866211

5 34.16276931762695 82.05970764160156 78.36270141601562 103.6192626953125 1 31.655607223510742 65.33821105957031 84.55120849609375 86.66801452636719 1 24.992733001708984 49.25960922241211 81.14399719238281 72.12803649902344

2 19.444820404052734 35.06655502319336 39.021392822265625 48.31864929199219 4 21.433197021484375 37.50648498535156 48.65827178955078 52.13698196411133 6 7.241443634033203 32.85684585571289 35.964874267578125 47.61723709106445
6 6.4507951736450195 2.0801055431365967 25.750755310058594 11.119488716125488
1 35.27777099609375 10.875946998596191 79.0169448852539 32.2000617980957 5 34.384952545166016 30.60791015625 84.17695617675781 63.06450653076172 7 38.20185852050781 62.97783660888672 88.21733093261719 85.66597747802734
5 7.217560768127441 42.15625762939453 46.69896697998047 56.44645309448242 3 9.785991668701172 26.461091995239258 48.21046829223633 42.65988540649414 3 13.174433708190918 41.60198974609375 47.621028900146484 56.164215087890625 2 10.584698677062988 27.033578872680664 38.069091796875 43.89133071899414
4 24.696651458740234 23.042705535888672 55.48212814331055 44.798519134521484 1 21.75118637084961 6.549299240112305 55.36618423461914 23.513004302978516
0 34.70075988769531 29.155784606933594 65.50628662109375 59.66032409667969 1 41.15754318237305 15.019330978393555 78.13013458251953 44.07113265991211 6 15.6307954788208 51.051719665527344 50.49055862426758 74.34168243408203 9 17.54306983947754 47.6524658203125 50.94294738769531 67.41386413574219 8 13.163408279418945 45.16712951660156 53.01809310913086 71.44046020507812 5 16.466796875 51.17566680908203 57.034637451171875 76.81710052490234
2 52.37686538696289 50.43143081665039 80.73429870605469 65.50008392333984 2 49.36894607543945 37.452308654785156 78.32640075683594 52.438838958740234 1 46.45643997192383 62.63945007324219 82.94060516357422 80.31832885742188 1 45.63800811767578 55.560001373291016 79.443359375 71.25186920166016 1 40.04716491699219 1.555363416671753 97.14332580566406 25.03521728515625
6 67.27140808105469 145.1473388671875 117.64855194091797 177.74050903320312 1 40.92279052734375 87.46536254882812 156.3067626953125 142.5488739013672
2 39.992835998535156 42.607669830322266 71.64847564697266 59.604434967041016 2 40.6790657043457 59.47066879272461 72.09410858154297 79.53370666503906 6 43.3892707824707 57.31429672241211 66.53936767578125 72.94173431396484
5 15.479060173034668 20.780542373657227 43.14291763305664 35.36129379272461 7 16.929105758666992 33.406253814697266 42.717674255371094 48.29804611206055
4 15.041168212890625 15.143354415893555 34.94407653808594 27.959156036376953 2 10.537067413330078 5.918617248535156 32.482276916503906 20.158445358276367


8 11.7951078414917 37.549720764160156 43.715858459472656 53.71306610107422 3 21.834943771362305 5.797609806060791 55.00999450683594 25.71278190612793 7 16.826889038085938 21.470808029174805 46.41372299194336 39.23271942138672
2 14.214381217956543 21.0496768951416 33.000633239746094 32.105228424072266 9 6.259659767150879 1.5363775491714478 28.002405166625977 12.46109676361084 6 9.914939880371094 19.963834762573242 29.19827651977539 31.54328727722168
2 20.00371551513672 35.87765121459961 40.57237243652344 47.42730712890625
2 9.360296249389648 9.525091171264648 29.08303451538086 19.705860137939453 2 10.53342056274414 19.85715675354004 28.19369888305664 31.207298278808594
4 7.07594108581543 25.853239059448242 34.51020812988281 42.93180847167969 1 7.863688945770264 34.88340759277344 38.12199401855469 48.946109771728516
8 6.346874713897705 15.758228302001953 27.233991622924805 25.66173553466797 2 10.322060585021973 0.22492769360542297 31.313648223876953 12.314913749694824 7 9.592686653137207 2.1140341758728027 29.67534065246582 12.221071243286133
2 44.88408660888672 57.535301208496094 73.16035461425781 74.88288879394531 1 46.57071304321289 68.93814086914062 70.82709503173828 82.42900085449219

3 13.464988708496094 19.890249252319336 40.33565139770508 34.317928314208984 1 11.48379898071289 32.36733627319336 33.27975845336914 45.876441955566406 3 16.36602783203125 26.33407974243164 35.66193389892578 37.62312698364258
1 13.514017105102539 0.0 54.18532943725586 18.080114364624023 1 7.100436210632324 13.787513732910156 51.3777961730957 29.168624877929688 4 11.495948791503906 14.303180694580078 42.629554748535156 29.086339950561523
2 56.88185119628906 53.927207946777344 127.96742248535156 96.63231658935547 5 75.68148040771484 76.08906555175781 124.98396301269531 102.46198272705078 6 41.173099517822266 53.980987548828125 128.4757080078125 100.12213134765625 2 78.35417938232422 80.96676635742188 124.3168716430664 104.57115936279297 3 70.36493682861328 64.51128387451172 128.103759765625 102.34512329101562
4 8.072433471679688 11.98486328125 26.23160743713379 23.28143882751465 2 13.047043800354004 22.65460968017578 37.06422805786133 34.15559768676758
9 37.6097526550293 64.77874755859375 86.35515594482422 93.30237579345703 6 39.126216888427734 45.256229400634766 80.00916290283203 69.10323333740234 5 43.47088623046875 18.086809158325195 90.30653381347656 45.86317825317383 9 42.108489990234375 13.762128829956055 95.41773986816406 49.67052459716797 8 39.83998107910156 44.91164779663086 81.11033630371094 72.51667022705078
6 83.97808837890625 139.27517700195312 120.18087005615234 159.0 0 95.8613510131836 109.28125 133.08688354492188 130.74075317382812 7 85.75253295898438 121.28766632080078 117.22892761230469 142.7194366455078 6 86.49940490722656 128.8275909423828 119.28792572021484 149.05540466308594 9 20.4497127532959 139.89566040039062 91.11428833007812 159.0
8 41.88806915283203 36.34076690673828 96.97612762451172 67.68470001220703 3 38.963382720947266 35.674617767333984 94.9965591430664 67.19815826416016
3 19.53673553466797 48.94023132324219 55.934104919433594 67.01469421386719
6 38.66410446166992 30.659286499023438 73.05278015136719 50.49607467651367 9 17.361595153808594 33.821372985839844 57.45695877075195 59.45314407348633

7 9.584274291992188 13.396733283996582 35.839454650878906 26.12034034729004 2 11.175085067749023 0.0 39.23200225830078 12.032490730285645
0 23.8238525390625 154.7118682861328 65.54051208496094 172.3408203125 0 23.39307975769043 165.069580078125 65.40109252929688 187.90731811523438 1 18.739362716674805 149.7146453857422 69.25354766845703 170.82290649414062
6 9.556082725524902 98.72710418701172 75.5075912475586 140.6732940673828 1 74.87065124511719 42.444061279296875 138.7777099609375 85.50116729736328 6 46.74458312988281 78.86813354492188 116.68317413330078 112.2330322265625 3 45.90986251831055 74.27478790283203 107.77970886230469 113.43553924560547 0 22.60548973083496 94.77444458007812 77.13885498046875 144.87899780273438 0 75.1903305053711 39.340858459472656 140.11643981933594 84.1618423461914

3 31.838136672973633 41.340309143066406 58.12415313720703 60.248348236083984 2 26.197673797607422 57.0292854309082 56.39335632324219 74.89993286132812 6 37.1071662902832 34.584598541259766 68.54670715332031 53.89425277709961 5 36.33951950073242 38.26451110839844 70.27830505371094 57.63618469238281
0 12.201777458190918 31.572267532348633 38.03443145751953 45.35174560546875 0 11.820767402648926 39.80326843261719 40.19789123535156 52.0 2 12.37389850616455 20.09952735900879 39.050907135009766 33.60309600830078
3 31.332674026489258 25.157608032226562 67.13016510009766 47.05524826049805 2 17.39178466796875 52.6668701171875 52.96841049194336 73.13461303710938 1 23.580829620361328 40.87595748901367 58.35839080810547 57.572509765625 7 20.021116256713867 52.343833923339844 56.843441009521484 74.013916015625
5 28.046213150024414 48.419578552246094 60.07579803466797 65.0 1 11.456526756286621 22.36297035217285 39.83710861206055 39.55216598510742 6 29.688323974609375 50.075469970703125 54.931129455566406 63.22364807128906
6 11.862076759338379 18.03032112121582 32.8533935546875 31.201358795166016
6 65.87992858886719 58.27113342285156 106.56217956542969 83.67803192138672
8 70.27464294433594 100.77132415771484 112.85523986816406 127.4010009765625 3 64.59021759033203 74.80729675292969 120.57882690429688 100.42535400390625 6 73.75374603271484 124.34146881103516 114.5181884765625 150.9886016845703 5 71.9661636352539 78.25568389892578 119.22455596923828 102.49503326416016 0 76.86347198486328 120.08451843261719 122.73053741455078 146.3929443359375
1 13.03257942199707 1.3439602851867676 38.3599853515625 14.267706871032715 5 8.7333402633667 10.848451614379883 40.325653076171875 28.18817138671875 4 12.464027404785156 10.182634353637695 40.914947509765625 25.699264526367188

2 34.67504119873047 48.77915573120117 67.55635070800781 67.44963836669922 2 22.41657066345215 24.728612899780273 57.69065856933594 44.396942138671875 1 9.938899993896484 5.654479026794434 49.06867980957031 21.780975341796875
6 90.39448547363281 83.59686279296875 143.35586547851562 114.64747619628906

3 64.58867645263672 59.585548400878906 99.233642578125 82.36112213134766 5 59.35822677612305 68.94715881347656 100.10873413085938 90.67475891113281
2 19.633167266845703 72.7651596069336 71.05732727050781 103.90010070800781 3 38.319374084472656 16.774856567382812 90.47247314453125 43.03905487060547 5 30.984394073486328 45.57005310058594 77.01248931884766 72.56375885009766
2 10.438693046569824 7.150488376617432 40.69727325439453 23.28968620300293
8 60.034706115722656 76.22913360595703 95.70763397216797 96.54959869384766 3 55.085304260253906 26.5347843170166 91.94412994384766 54.527069091796875 1 54.30851364135742 53.286766052246094 99.97119140625 72.87181091308594 1 53.846290588378906 65.86477661132812 99.82300567626953 84.70941162109375
7 67.83958435058594 112.23257446289062 112.40543365478516 144.72108459472656 4 72.5084228515625 100.27967071533203 124.18434143066406 148.67327880859375 6 134.48394775390625 71.41511535644531 166.52040100097656 86.56034851074219 1 29.105260848999023 147.99069213867188 124.35997009277344 182.0801544189453
5 12.590535163879395 23.932804107666016 29.05840301513672 34.86643981933594 3 11.499995231628418 13.121015548706055 31.064292907714844 24.644872665405273
5 49.46968460083008 42.046241760253906 76.26020050048828 61.335113525390625 6 48.02230453491211 41.570167541503906 78.11497497558594 62.75891876220703 1 23.161884307861328 2.215054988861084 66.42259979248047 26.116716384887695

1 8.044452667236328 9.04257869720459 36.88089370727539 23.114593505859375 0 6.0988850593566895 27.2300968170166 35.86246109008789 41.473655700683594
4 24.74759864807129 46.9316291809082 49.636173248291016 62.055355072021484 9 21.44087028503418 59.16001510620117 51.50687789916992 76.69635009765625 1 19.72316551208496 37.71134948730469 49.786094665527344 53.8386116027832 8 17.779277801513672 62.135318756103516 54.699954986572266 77.60733032226562 2 31.932104110717773 35.97043228149414 62.09929275512695 55.14725112915039

6 32.63100814819336 58.2329216003418 64.79283142089844 75.82341003417969 9 22.290483474731445 37.74126052856445 60.07073211669922 56.40871810913086 0 30.522872924804688 19.616771697998047 62.57498550415039 36.64155197143555 1 22.475980758666992 3.084066152572632 68.72884368896484 21.7132511138916 6 15.066727638244629 35.761199951171875 54.4217414855957 57.57539367675781 3 17.651609420776367 60.329036712646484 53.05000305175781 80.16655731201172
1 4.250831604003906 6.407477378845215 28.356054306030273 14.945550918579102 1 4.5332231521606445 24.055158615112305 24.100587844848633 31.287673950195312
2 15.570324897766113 5.001602649688721 36.65473937988281 17.56277084350586 7 14.532031059265137 7.472872734069824 34.47114181518555 20.64192771911621 6 17.54905128479004 14.529228210449219 36.686161041259766 27.569684982299805
1 9.272377014160156 10.9204740524292 34.15900802612305 21.19500160217285
2 13.250819206237793 49.29539489746094 42.7567024230957 67.0
3 16.11172103881836 11.70238971710205 40.484676361083984 27.231861114501953 7 10.135656356811523 28.324905395507812 38.18195343017578 45.97504425048828 8 15.338092803955078 12.27617073059082 42.05714797973633 27.067689895629883
8 104.24018096923828 27.533052444458008 146.55923461914062 51.585784912109375 1 92.48617553710938 72.12149047851562 172.0 106.26119232177734 6 113.07749938964844 23.61927604675293 141.31996154785156 44.86550521850586 1 105.69779205322266 10.781942367553711 143.0915069580078 28.748416900634766


4 33.28213119506836 42.68137741088867 57.97697067260742 61.418670654296875 1 68.16104125976562 15.638008117675781 94.26457214355469 31.439699172973633 0 67.60157775878906 68.12468719482422 92.72293853759766 81.85609436035156 1 30.501689910888672 35.564334869384766 61.39042282104492 47.915199279785156 0 69.55610656738281 60.85681915283203 92.84056854248047 71.53448486328125 1 74.23774719238281 42.81338119506836 93.30125427246094 51.79376983642578
3 33.438507080078125 31.399904251098633 57.65907287597656 46.04486846923828
4 9.551736831665039 21.051807403564453 30.281993865966797 32.809452056884766 7 14.787154197692871 26.93553352355957 32.618194580078125 38.967933654785156
9 5.0253143310546875 21.01241111755371 31.339107513427734 35.66108322143555 3 20.503597259521484 33.088897705078125 46.52553176879883 47.71852493286133
6 19.409910202026367 25.470399856567383 47.41886520385742 40.79393005371094 2 12.615239143371582 9.890660285949707 41.87602233886719 26.594385147094727 4 23.0662784576416 36.641109466552734 50.72871780395508 55.26416778564453 4 16.762096405029297 16.389759063720703 42.491825103759766 30.766178131103516 5 23.298110961914062 13.47542953491211 50.47422790527344 29.765148162841797 9 18.048124313354492 44.08642578125 51.97758865356445 60.51542282104492
4 14.67410945892334 3.1899209022521973 37.018646240234375 17.973876953125 2 16.28656005859375 14.300554275512695 42.88040542602539 30.682573318481445 2 20.087352752685547 28.20806312561035 45.97468185424805 40.81439971923828 3 14.500995635986328 13.44138240814209 39.68996047973633 29.026283264160156
5 6.820766925811768 4.83835506439209 23.495271682739258 14.965246200561523
9 12.862977027893066 28.053621292114258 32.401390075683594 39.235721588134766
3 35.787742614746094 59.2346076965332 61.82329559326172 73.48974609375
6 58.1325569152832 71.90571594238281 116.59053039550781 112.16401672363281 1 76.52201080322266 49.60869598388672 146.80068969726562 89.4019546508789 4 28.299854278564453 103.63966369628906 104.67315673828125 141.2694854736328 4 77.69520568847656 47.37748718261719 144.57371520996094 80.7420425415039 4 24.863733291625977 117.65104675292969 73.18323516845703 152.833251953125

2 14.078073501586914 2.1697843074798584 39.41348648071289 17.776166915893555 4 15.798242568969727 13.854777336120605 36.61260223388672 27.73944854736328 4 12.830559730529785 25.281909942626953 36.41333770751953 39.61419677734375 5 11.833657264709473 0.0 41.1600456237793 16.542461395263672
0 28.565990447998047 67.83402252197266 80.01892852783203 90.75606536865234 1 29.59242820739746 53.29085922241211 74.77423858642578 73.0495376586914
3 8.278026580810547 22.283536911010742 28.133373260498047 33.8331184387207 3 10.64854621887207 13.27746868133545 28.260717391967773 25.11823272705078

8 10.914252281188965 20.297643661499023 31.71832275390625 30.433273315429688
8 22.87697410583496 46.10722351074219 64.76200866699219 71.31676483154297
2 24.069549560546875 14.31202507019043 88.65111541748047 55.47220993041992 1 29.22161102294922 102.72711181640625 111.59961700439453 137.80337524414062 4 38.0903434753418 18.43328285217285 99.9818344116211 55.65004348754883
5 14.319806098937988 20.46480941772461 35.38923263549805 33.79924011230469
1 55.70770263671875 74.59382629394531 107.35768127441406 98.80744934082031 1 61.474700927734375 97.55925750732422 117.61866760253906 125.0
5 15.029519081115723 25.891387939453125 37.022605895996094 40.593997955322266 9 5.997264862060547 12.400845527648926 27.671689987182617 26.17543601989746
3 20.872665405273438 15.999637603759766 59.48005676269531 39.527835845947266 6 24.946857452392578 54.52960205078125 57.90347671508789 70.80660247802734 9 25.497058868408203 37.073123931884766 63.277015686035156 54.74009704589844 5 21.630287170410156 19.061458587646484 57.1230354309082 40.04537582397461
1 17.46030044555664 24.098169326782227 61.76442337036133 41.62636947631836 7 15.080055236816406 45.760677337646484 52.523311614990234 64.49365234375 1 17.9686279296875 60.32207107543945 62.61890411376953 79.45208740234375 1 21.659990310668945 45.2656364440918 65.93177032470703 63.4555549621582 1 17.579483032226562 2.0564324855804443 65.84818267822266 18.205158233642578 7 20.034805297851562 38.24817657470703 69.45716857910156 57.698280334472656
6 35.17844772338867 36.324459075927734 65.3902816772461 56.39397048950195 9 30.19393539428711 51.28056716918945 62.70462417602539 67.94181823730469 2 10.333479881286621 49.907135009765625 39.486446380615234 74.05745697021484
6 15.309608459472656 2.7000222206115723 47.098079681396484 18.495227813720703 0 23.99424934387207 14.189126968383789 51.606849670410156 29.90725326538086 8 15.981436729431152 15.742441177368164 45.31848907470703 32.13959884643555 0 21.41016387939453 2.107731580734253 51.98023986816406 17.75769805908203
5 60.231937408447266 119.10868835449219 114.53358459472656 155.44638061523438 1 59.01076126098633 103.06267547607422 114.09625244140625 128.0618133544922
2 75.62759399414062 92.10096740722656 144.09939575195312 119.1769790649414 0 90.8735122680664 29.707786560058594 132.5231170654297 55.846683502197266 5 77.17938995361328 58.36729049682617 136.92855834960938 95.50398254394531 1 33.58079528808594 121.38189697265625 143.45632934570312 160.62669372558594 0 97.50337219238281 19.15753173828125 143.98251342773438 43.90859603881836 5 93.73133850097656 72.8889389038086 126.48938751220703 89.55380249023438
1 18.07650375366211 8.685752868652344 55.67705154418945 23.335023880004883
1 12.186074256896973 21.213680267333984 47.702762603759766 37.91044235229492 0 19.462406158447266 38.006202697753906 53.60868835449219 56.6053581237793 7 12.946725845336914 22.059934616088867 51.20903015136719 36.118064880371094 7 18.879737854003906 31.345539093017578 51.90224075317383 47.71852111816406 1 19.426918029785156 6.118160724639893 50.32471466064453 22.114845275878906
2 21.734161376953125 1.1447407007217407 48.01679611206055 15.372387886047363 5 18.09193229675293 9.905960083007812 49.87381362915039 22.747364044189453 2 21.11298179626465 11.216877937316895 50.59474563598633 24.02352523803711
6 40.59288024902344 49.824913024902344 69.51304626464844 68.449462890625 2 38.32064437866211 25.829980850219727 76.86832427978516 45.17051696777344 1 41.601505279541016 20.277490615844727 72.74127197265625 34.47269821166992 1 37.53647232055664 42.189815521240234 72.41067504882812 58.519046783447266

4 42.71662521362305 59.203800201416016 90.61839294433594 81.0733413696289 4 31.08646011352539 70.9892578125 75.87841033935547 93.15067291259766 1 30.014780044555664 36.92465591430664 85.44403839111328 62.98654556274414
2 25.833419799804688 4.9298224449157715 60.095638275146484 25.446500778198242 0 22.130146026611328 22.515064239501953 61.835079193115234 41.12527847290039
9 8.952917098999023 35.97600555419922 39.82046890258789 47.142234802246094 4 12.85772705078125 24.81501579284668 38.28348922729492 38.35100173950195 1 11.504955291748047 26.624141693115234 38.896297454833984 37.79934310913086


8 12.693934440612793 1.899513602256775 34.74818420410156 15.084430694580078 6 12.928457260131836 2.710496425628662 37.30615234375 15.601037979125977
2 10.604207038879395 8.77965259552002 37.362945556640625 24.019704818725586 0 11.218790054321289 27.663829803466797 39.37282943725586 43.416969299316406
2 16.3165225982666 6.62796688079834 45.049407958984375 20.63007354736328 4 8.042999267578125 17.562379837036133 44.276039123535156 32.363521575927734
2 9.610739707946777 6.100268363952637 36.9498176574707 21.373779296875
0 23.13770294189453 31.278974533081055 44.601829528808594 42.85634994506836 4 22.584575653076172 21.385345458984375 47.637359619140625 34.67289733886719 1 13.711181640625 20.234817504882812 48.30203628540039 34.463523864746094



3 9.896644592285156 42.15793228149414 45.235103607177734 56.956111907958984 2 10.936141014099121 44.37595748901367 37.40899658203125 58.63032531738281 6 14.562172889709473 55.80696487426758 50.885990142822266 76.0 2 22.674833297729492 40.67389678955078 54.326011657714844 57.531253814697266
4 18.768125534057617 3.780508518218994 42.26943588256836 19.508031845092773
0 83.23663330078125 18.894227981567383 112.62942504882812 36.854156494140625 1 86.53321075439453 11.68657398223877 113.99757385253906 24.13507843017578 1 72.32151794433594 80.63755798339844 137.0 108.38663482666016
1 16.51127815246582 12.46141242980957 62.958377838134766 32.28825759887695 7 10.336676597595215 51.38314437866211 49.25303649902344 76.99737548828125 7 19.963573455810547 9.734484672546387 61.5583610534668 33.19565200805664 3 19.179819107055664 30.00244140625 64.17972564697266 56.27693176269531 7 29.44345474243164 54.34913635253906 63.09001159667969 71.14088439941406 3 12.252158164978027 51.02896499633789 56.37697982788086 71.70549011230469
0 8.629012107849121 31.072145462036133 31.079862594604492 40.89971160888672 2 12.46225643157959 18.90231704711914 33.255615234375 29.813268661499023
8 30.72538948059082 29.405529022216797 49.44211959838867 43.01253890991211 8 31.13837242126465 41.86680221557617 52.094970703125 55.51393127441406 1 13.528374671936035 71.9306411743164 71.70362854003906 93.22649383544922 4 54.40083694458008 71.84114837646484 95.0 92.61161804199219 8 29.713891983032227 36.09577941894531 48.077430725097656 47.49601745605469 6 33.690216064453125 29.631683349609375 51.83295822143555 44.202178955078125
7 17.172821044921875 18.79096794128418 77.12456512451172 49.504920959472656 7 36.132476806640625 41.03708267211914 97.56109619140625 68.61034393310547 1 21.367023468017578 18.500242233276367 86.56199645996094 48.80551528930664
9 10.877785682678223 52.17811965942383 62.264015197753906 71.70771789550781 9 21.580400466918945 35.03929138183594 64.5470962524414 56.55233383178711 2 30.163663864135742 16.248613357543945 70.60711669921875 35.04861068725586 4 37.82433319091797 18.20864486694336 75.88309478759766 38.21088409423828
6 66.49883270263672 86.05754852294922 88.43717193603516 99.37257385253906 3 65.4931411743164 69.04105377197266 90.99020385742188 86.08992004394531 3 45.95780944824219 61.53009033203125 96.69647979736328 86.04864501953125
2 29.17848777770996 19.397567749023438 66.59984588623047 36.86902618408203 6 15.409454345703125 7.539679050445557 61.614967346191406 32.41946792602539
2 24.292709350585938 24.63471794128418 54.20968246459961 40.97068405151367 5 16.918800354003906 40.0338134765625 50.29331970214844 55.99360275268555

6 19.624404907226562 5.562324047088623 53.6505241394043 21.470306396484375 0 18.84811782836914 21.30833625793457 55.62568664550781 38.03194046020508
8 96.19701385498047 121.04476928710938 151.5412139892578 153.76942443847656 2 91.57068634033203 87.00762939453125 151.86509704589844 121.43232727050781 4 93.15196228027344 62.52421951293945 154.38394165039062 99.57506561279297 8 100.87933349609375 103.7548599243164 154.17938232421875 137.6727752685547
0 66.98944091796875 30.915668487548828 97.60206604003906 49.83863830566406 1 68.62813568115234 21.20840835571289 99.03732299804688 36.717777252197266
9 28.489952087402344 19.518434524536133 67.39237213134766 39.66482162475586 2 33.328887939453125 38.41728973388672 64.0488510131836 56.692386627197266
6 5.8590288162231445 25.933422088623047 30.019540786743164 38.88538360595703

2 12.208582878112793 13.74219799041748 35.91270065307617 31.409500122070312 3 10.252825736999512 15.570394515991211 35.67454147338867 32.71445846557617 0 12.196944236755371 29.625627517700195 34.536865234375 42.55210876464844
4 7.754360675811768 18.686447143554688 35.48308563232422 33.8697624206543 3 19.458145141601562 39.2150993347168 45.55036163330078 54.0
4 15.267492294311523 23.973539352416992 51.156455993652344 43.079795837402344 6 15.249895095825195 40.613712310791016 49.90852355957031 60.25857925415039 2 20.337627410888672 6.308547019958496 55.127174377441406 25.50538444519043


3 7.1077446937561035 18.76117706298828 36.64202880859375 34.38432312011719 0 25.558712005615234 27.99622344970703 60.04571533203125 45.33797073364258
5 56.66517639160156 8.5380220413208 94.90338134765625 31.414794921875 3 61.188743591308594 11.765801429748535 98.95240020751953 31.686195373535156 1 13.276098251342773 62.55691146850586 68.80802917480469 86.41474151611328
2 11.213567733764648 17.241680145263672 37.174312591552734 32.4975700378418
4 12.19606876373291 38.93096160888672 36.27168273925781 53.74875259399414
7 16.624282836914062 42.1120491027832 58.37811279296875 71.32022857666016 2 13.10258960723877 44.57881546020508 57.88483810424805 69.67687225341797

1 84.97721862792969 1.4423364400863647 116.29891204833984 18.290796279907227 1 81.60292053222656 42.57646179199219 140.0 68.59456634521484 1 0.0 49.33793640136719 61.66914367675781 77.76673126220703 0 82.98060607910156 18.277877807617188 115.3458480834961 35.54356384277344 1 89.80796813964844 8.648469924926758 123.04840087890625 26.280006408691406 7 51.800872802734375 35.394405364990234 125.44497680664062 68.40460205078125
8 20.232526779174805 41.44744873046875 47.83890151977539 57.76895523071289 5 22.30619239807129 27.865665435791016 49.043922424316406 44.46969223022461 3 21.66095733642578 42.960105895996094 49.056732177734375 56.80500030517578 6 23.502660751342773 54.3336067199707 43.30968475341797 61.729209899902344 4 24.994775772094727 26.894824981689453 45.98627471923828 37.66498947143555 4 2.588050603866577 10.195365905761719 31.10825538635254 27.434463500976562
9 106.81949615478516 99.17822265625 161.2410888671875 133.02651977539062 0 107.0099105834961 102.36463928222656 152.4322509765625 134.94139099121094
4 11.828850746154785 12.144288063049316 30.67458724975586 22.681188583374023 7 3.7800354957580566 24.269041061401367 30.04554557800293 37.20798873901367
2 20.965173721313477 96.24010467529297 75.49159240722656 138.15487670898438
5 12.23293685913086 4.111913204193115 34.182735443115234 17.074569702148438 5 10.134111404418945 15.00533390045166 35.147491455078125 28.058629989624023 7 11.08911418914795 23.56366729736328 35.77189636230469 34.93535614013672 6 13.92863941192627 4.240972518920898 36.07578659057617 16.78508758544922 4 10.754975318908691 33.3006706237793 33.545379638671875 43.603153228759766 9 14.217830657958984 4.222555637359619 36.36124801635742 15.64645767211914
2 19.26628875732422 6.106388568878174 50.57253646850586 25.48282814025879 9 14.712011337280273 24.454782485961914 45.605411529541016 42.11660385131836

7 9.889945030212402 43.2540397644043 42.831844329833984 65.65277862548828 4 8.712982177734375 17.108299255371094 44.15229415893555 39.89471435546875 4 8.251700401306152 29.53981590270996 44.63066101074219 52.973785400390625
8 15.98097038269043 18.927478790283203 31.253450393676758 29.311363220214844 2 6.671862602233887 5.293272495269775 26.43889045715332 18.533740997314453
3 42.57191848754883 104.40380859375 87.05684661865234 128.2592010498047 1 52.775360107421875 45.21855926513672 94.14366149902344 64.06050109863281 4 40.40962600708008 81.48472595214844 90.9499282836914 111.11089324951172 0 49.60304641723633 58.71632385253906 90.10408020019531 81.57083129882812 5 43.89217758178711 104.74075317382812 87.10428619384766 129.6680450439453
5 5.7670793533325195 14.65576171875 25.569194793701172 23.804819107055664
6 9.534090995788574 9.692138671875 37.22171401977539 23.02722930908203 0 12.440752983093262 21.81410789489746 40.72553253173828 34.451904296875
0 11.75650405883789 29.918859481811523 39.87700653076172 43.9530143737793 0 11.725835800170898 16.334558486938477 39.293556213378906 29.58608055114746 1 8.898865699768066 2.6680634021759033 38.30630111694336 16.746248245239258
1 6.891164779663086 7.957110404968262 36.80714416503906 21.401689529418945 0 9.219648361206055 33.820186614990234 34.943077087402344 52.284706115722656 8 8.152626037597656 34.27899932861328 38.201927185058594 50.39622116088867 8 9.0901460647583 19.06753158569336 39.10362243652344 35.913169860839844 9 9.318452835083008 19.479238510131836 37.94282913208008 34.83066940307617 0 14.149487495422363 17.573877334594727 35.195655822753906 36.67540740966797
2 30.55271339416504 40.96845626831055 59.001827239990234 58.04451370239258 5 32.352420806884766 53.40522003173828 59.13761901855469 69.77788543701172 4 34.3033332824707 44.95104217529297 62.177825927734375 62.12116241455078 3 25.053485870361328 44.08749771118164 57.78384017944336 60.27633285522461 3 35.16033172607422 49.81060028076172 65.46417236328125 71.22077941894531
2 29.90522003173828 9.775680541992188 79.12322998046875 40.80210876464844 2 32.486114501953125 24.81591796875 70.9820556640625 47.15080261230469 1 16.760984420776367 92.61170959472656 85.89647674560547 126.05274963378906 1 11.124443054199219 127.78788757324219 78.9927978515625 159.0 7 23.012306213378906 84.51164245605469 87.7507553100586 119.0615463256836
3 16.8465576171875 22.49849510192871 48.77558898925781 40.032840728759766 1 19.029922485351562 7.913845539093018 59.18571090698242 23.72212791442871 2 21.936351776123047 24.642261505126953 43.97737121582031 36.5285758972168
6 35.083984375 32.75700759887695 77.92294311523438 58.20090103149414 1 27.249269485473633 17.8275089263916 70.39773559570312 32.080810546875
3 21.393810272216797 40.88832473754883 60.734336853027344 60.736507415771484 8 21.025541305541992 46.28337097167969 63.53450393676758 65.12203216552734
7 11.253610610961914 36.11101150512695 48.546661376953125 49.86954879760742 5 12.746729850769043 50.31519317626953 47.460018157958984 66.0 1 13.771721839904785 18.602474212646484 54.35713195800781 35.32468795776367



5 15.38981819152832 31.85589599609375 37.9808235168457 45.46265411376953 3 14.93780517578125 30.685161590576172 37.747802734375 43.98968505859375 9 4.0130414962768555 29.697834014892578 25.64876937866211 44.90522003173828
4 15.363141059875488 5.972293853759766 39.57987976074219 21.885618209838867 4 12.146951675415039 24.57150650024414 36.9813232421875 39.165992736816406
7 11.629945755004883 14.075935363769531 42.26524353027344 33.6932258605957 3 3.0291268825531006 0.0 46.39928436279297 20.46790313720703 1 41.702972412109375 4.044820308685303 86.23463439941406 24.48459243774414
3 70.86628723144531 14.546144485473633 112.68800354003906 37.64228439331055 3 48.724952697753906 12.192620277404785 86.17008972167969 27.632545471191406 3 0.0 84.9621353149414 53.76457977294922 117.91938018798828

2 18.702404022216797 40.911808013916016 35.43695068359375 50.98947525024414 3 21.29702377319336 39.13885498046875 38.12639617919922 51.37358093261719

7 23.505840301513672 22.55224609375 51.79957962036133 38.64278793334961 2 15.959527015686035 24.62287139892578 46.0593376159668 42.280269622802734 8 12.845995903015137 23.16180992126465 46.99991989135742 41.13957214355469 3 16.947307586669922 38.87370681762695 50.13526916503906 60.12434768676758 1 20.349693298339844 7.816335201263428 51.97482681274414 25.00189208984375 8 23.521387100219727 39.09544372558594 50.5806884765625 57.41464614868164
7 11.14332389831543 21.80557632446289 38.07095718383789 35.26124572753906
7 98.07585144042969 121.39720916748047 148.005859375 143.35426330566406 5 96.53947448730469 89.55693817138672 150.32203674316406 120.48793029785156 7 86.82929992675781 112.61135864257812 166.076416015625 160.43194580078125 1 121.7692642211914 10.59514045715332 160.33920288085938 28.82444190979004 1 115.4001235961914 23.239248275756836 161.48985290527344 40.68870544433594 7 82.52518463134766 107.1879653930664 135.3578338623047 137.31517028808594

1 25.890140533447266 58.15565490722656 91.05342102050781 82.88429260253906 4 30.337812423706055 50.94260787963867 85.70243835449219 84.43342590332031 4 30.332889556884766 35.05173110961914 82.50694274902344 62.242523193359375 1 24.764253616333008 37.647308349609375 97.3299789428711 60.40928268432617 9 20.59763526916504 55.21163558959961 84.67259979248047 82.65151977539062 0 34.99815368652344 35.49203109741211 88.67174530029297 60.82086181640625
6 32.320098876953125 56.06493377685547 87.75892639160156 84.62409973144531 4 20.310028076171875 26.284696578979492 68.99165344238281 60.040000915527344 2 28.488798141479492 16.86168670654297 82.2522201538086 50.25096130371094 4 41.74662399291992 24.84799575805664 93.09027862548828 54.23110580444336 6 16.979032516479492 62.293113708496094 70.65697479248047 95.58665466308594
9 15.992998123168945 17.9912166595459 34.820594787597656 32.793792724609375
1 17.761077880859375 6.049915790557861 56.799171447753906 23.261659622192383 2 16.0628662109375 30.158348083496094 67.2613296508789 54.89173889160156 1 17.508243560791016 34.4080696105957 69.2668685913086 54.58258819580078 1 17.613121032714844 15.606056213378906 56.79395294189453 32.371429443359375 7 15.487428665161133 13.955265998840332 60.750465393066406 32.05036163330078 2 19.40140151977539 60.19451904296875 77.62860870361328 86.88887786865234
3 25.674436569213867 116.80964660644531 148.1046600341797 185.90133666992188 1 89.04254913330078 72.8980941772461 173.43283081054688 109.20060729980469 9 89.2909927368164 163.82061767578125 212.00213623046875 220.61790466308594 1 176.92575073242188 57.79241943359375 247.99998474121094 96.2540283203125 1 96.4586410522461 56.004432678222656 214.08126831054688 96.14604949951172 5 5.705698013305664 126.80741119384766 112.87305450439453 189.66152954101562

7 7.2705397605896 37.59549331665039 34.86459732055664 50.282997131347656 1 7.805145263671875 30.252628326416016 35.18883514404297 41.38186264038086
3 27.391826629638672 61.87800598144531 77.33639526367188 80.51547241210938 2 32.25819778442383 22.4840087890625 80.53653717041016 43.32810592651367 8 29.970705032348633 43.556800842285156 84.09550476074219 63.68301773071289 8 28.818246841430664 79.04012298583984 82.11170196533203 101.07038879394531 0 30.102140426635742 77.94068908691406 75.90049743652344 99.09607696533203 7 34.64574432373047 22.65293312072754 89.81652069091797 44.51911926269531
3 13.510281562805176 25.98770523071289 38.1895637512207 39.65430450439453 8 9.97228717803955 14.552520751953125 37.403526306152344 28.819656372070312 8 16.620689392089844 23.430461883544922 38.33149337768555 36.440574645996094 8 8.413052558898926 35.06256866455078 34.60175704956055 48.94569778442383
2 62.880401611328125 83.07281494140625 95.63832092285156 104.35713958740234 9 24.403844833374023 90.39312744140625 78.5263442993164 115.69182586669922 4 25.49008560180664 82.07559204101562 85.51617431640625 113.49455261230469 2 43.72792053222656 73.92073822021484 95.03311157226562 95.66448211669922 6 34.72277069091797 75.30301666259766 94.30730438232422 104.55885314941406
6 34.229766845703125 11.562858581542969 67.63932800292969 36.54154968261719 1 22.21434783935547 32.866207122802734 70.88350677490234 50.383819580078125 5 30.382722854614258 15.677675247192383 67.65092468261719 38.67094421386719 0 30.152578353881836 30.59223175048828 67.17446899414062 48.81444549560547
9 3.920592784881592 36.759037017822266 33.058712005615234 51.21187210083008
1 43.829383850097656 3.7579293251037598 79.90900421142578 21.100202560424805 5 40.894596099853516 15.777801513671875 71.36602020263672 39.3304328918457
5 13.286052703857422 50.30281066894531 44.242820739746094 66.55506896972656 3 18.740772247314453 21.494544982910156 54.085941314697266 37.20518493652344 4 19.923429489135742 38.8328857421875 50.68263626098633 53.5749626159668 1 15.123888969421387 40.35308074951172 44.689552307128906 56.327693939208984 8 19.819942474365234 19.142446517944336 55.22003936767578 36.67761993408203 7 16.162145614624023 20.801408767700195 47.96256637573242 38.01503372192383
1 11.383095741271973 36.39911651611328 42.9935302734375 49.9393310546875

6 87.01873016357422 148.95932006835938 148.27090454101562 189.62969970703125 6 115.23401641845703 154.17889404296875 171.43960571289062 186.39990234375 5 103.23281860351562 164.3931884765625 168.18777465820312 196.26426696777344 5 132.0276336669922 176.01365661621094 172.58441162109375 213.7142791748047 6 57.844696044921875 137.04725646972656 183.91209411621094 204.48345947265625 2 127.86471557617188 153.55735778808594 175.6988525390625 186.11065673828125
4 11.542564392089844 33.97254180908203 45.95627975463867 50.34622573852539 1 14.518509864807129 47.19609832763672 51.2066535949707 63.81121063232422
3 70.09113311767578 17.83065414428711 102.79397583007812 38.31733322143555 6 34.44158935546875 69.9869155883789 100.92250061035156 99.47703552246094 7 35.943904876708984 40.761634826660156 97.69727325439453 69.6539306640625 8 31.601543426513672 73.26856994628906 93.11105346679688 103.73612976074219 0 44.01176834106445 65.97901916503906 100.9810562133789 94.44590759277344 1 34.952754974365234 38.966163635253906 101.66541290283203 64.95548248291016
9 28.268749237060547 57.231746673583984 77.98011779785156 82.72748565673828 2 59.13082504272461 27.424293518066406 101.80451202392578 56.62453079223633 1 14.236992835998535 88.74555969238281 64.65467071533203 112.0022201538086
2 33.81816864013672 62.18830108642578 59.787147521972656 80.2212142944336 1 26.114063262939453 48.20579528808594 61.24845886230469 64.4091796875
7 25.099056243896484 32.03415298461914 53.28535079956055 46.65626907348633 5 23.039892196655273 22.419029235839844 53.49702453613281 37.253196716308594
6 181.5190887451172 104.90485382080078 243.42202758789062 150.68365478515625 8 182.41671752929688 115.21090698242188 245.87884521484375 161.7003936767578
5 10.126283645629883 19.977176666259766 32.95457077026367 33.56277847290039
1 68.29013061523438 6.451901912689209 95.82733917236328 19.307964324951172 6 44.21654510498047 0.38503602147102356 101.52735137939453 35.631038665771484 1 52.41031265258789 35.54005432128906 94.28899383544922 62.448814392089844
6 22.795774459838867 72.00196075439453 49.584896087646484 87.36157989501953 6 84.06816101074219 65.82645416259766 120.37200927734375 78.7886962890625 6 73.02513122558594 110.04969024658203 108.70386505126953 120.862548828125 6 106.6305160522461 139.34495544433594 131.8351593017578 154.54197692871094 6 41.39845657348633 65.66126251220703 71.65426635742188 87.15094757080078 6 89.69031524658203 70.2928695678711 114.38416290283203 87.87781524658203
1 10.502325057983398 1.3671470880508423 43.23320388793945 14.40708065032959 0 16.542158126831055 31.849079132080078 42.18722915649414 47.0845947265625 9 10.245488166809082 15.974349021911621 40.73479461669922 31.98383331298828 1 18.056676864624023 32.69986343383789 41.93106460571289 45.59592819213867

6 27.696142196655273 25.561233520507812 52.19819259643555 40.364559173583984 3 25.621746063232422 8.378186225891113 57.60446548461914 25.67434310913086 5 26.45906639099121 6.622435092926025 56.49384689331055 25.64351463317871 1 28.064302444458008 18.7023868560791 52.62919998168945 35.351165771484375 6 24.420551300048828 2.9355483055114746 58.6273307800293 23.143218994140625 1 16.57077407836914 47.991859436035156 55.08421325683594 66.49811553955078
1 15.24919605255127 3.8446292877197266 42.28584289550781 17.093469619750977 5 15.46805191040039 16.505847930908203 41.08111572265625 32.43695831298828 6 16.87088394165039 16.613590240478516 39.91599655151367 32.36088943481445
7 10.019018173217773 18.050796508789062 34.64337921142578 33.47606658935547
6 15.548723220825195 16.255237579345703 38.25495147705078 28.29545783996582 0 17.304119110107422 36.828094482421875 42.90650177001953 50.23088455200195 0 15.762572288513184 27.516088485717773 40.18986511230469 38.84126281738281 0 19.835857391357422 15.19294261932373 41.53727722167969 28.17249298095703 1 12.819710731506348 12.694169044494629 36.72383117675781 25.42025375366211 6 13.710943222045898 27.281034469604492 39.84612274169922 39.69205856323242

8 12.35235595703125 23.480722427368164 35.27970886230469 38.822940826416016 4 13.004201889038086 8.831170082092285 41.41279220581055 23.904638290405273 2 14.854942321777344 1.3172142505645752 40.45561981201172 17.237369537353516
5 14.82433032989502 36.881744384765625 62.87205123901367 61.59598159790039 1 12.945188522338867 57.656490325927734 63.93262481689453 81.34759521484375 2 16.829736709594727 6.980346202850342 67.03691864013672 36.80509948730469
1 2.781978130340576 5.746279239654541 30.709470748901367 18.390474319458008 2 5.619350433349609 15.434306144714355 31.89774513244629 29.472463607788086
3 112.32112884521484 50.11362838745117 157.4467010498047 76.34004211425781 7 118.86476135253906 74.19771575927734 171.391845703125 102.40420532226562 4 125.01741027832031 71.46593475341797 172.48495483398438 96.80552673339844
2 12.80535888671875 7.272550106048584 30.268274307250977 18.921180725097656 1 11.75065803527832 16.08659553527832 32.33304214477539 26.037452697753906
1 44.94707489013672 33.491641998291016 113.42704772949219 58.38311767578125 1 58.80278778076172 5.979461669921875 132.26611328125 34.47063064575195 3 28.671388626098633 49.67441177368164 97.79574584960938 95.44896697998047 7 49.00295639038086 3.6475718021392822 120.64785766601562 34.60820007324219 4 49.666046142578125 3.7533152103424072 106.27186584472656 37.66950607299805
1 16.95840072631836 74.71175384521484 76.34578704833984 103.29319763183594 9 44.86491775512695 100.32329559326172 108.70767974853516 130.91677856445312 1 38.43214416503906 68.01466369628906 103.27279663085938 100.79753112792969 4 39.78028869628906 63.13472366333008 102.92909240722656 99.27732849121094
3 15.363563537597656 13.479557991027832 46.829307556152344 30.241357803344727 2 20.128376007080078 28.81427574157715 50.030738830566406 45.25429916381836 3 15.002603530883789 0.5044699907302856 44.67360305786133 16.392820358276367 9 13.619362831115723 25.591327667236328 44.56459426879883 41.53392028808594
6 15.2883939743042 21.35230827331543 41.3110466003418 39.80864334106445 1 11.48875904083252 11.277803421020508 38.80194091796875 24.071617126464844 4 13.868460655212402 21.213430404663086 45.533287048339844 37.00592041015625
5 6.718502998352051 2.6859805583953857 28.854496002197266 16.105342864990234
9 7.465491771697998 9.689881324768066 21.174379348754883 18.40671157836914 4 4.068449974060059 17.59461212158203 22.55844497680664 25.778846740722656
1 97.8479995727539 32.88182067871094 159.0 64.77120208740234 1 65.01313781738281 111.7681655883789 128.5067596435547 146.593994140625 3 25.13916778564453 122.60336303710938 54.1014404296875 137.73638916015625
3 18.765966415405273 47.475101470947266 53.41056823730469 67.60823059082031 3 31.337020874023438 32.77967071533203 66.84310150146484 53.94557571411133 2 28.048439025878906 34.49380874633789 63.60084533691406 54.88349151611328 2 14.726736068725586 50.86659622192383 52.75112533569336 70.21133422851562
4 60.01162338256836 102.43415832519531 112.5409164428711 138.62562561035156 4 43.29210662841797 63.86750030517578 104.65039825439453 110.11752319335938


4 14.80190658569336 4.353295803070068 39.034576416015625 19.5402774810791
5 22.545745849609375 11.7039213180542 58.64748001098633 33.14333724975586 0 12.142168998718262 45.08502960205078 48.5394401550293 64.2408676147461 0 20.391328811645508 29.401395797729492 56.17096710205078 47.349273681640625
0 105.60664367675781 101.01372528076172 137.37051391601562 119.50064849853516 1 101.97064971923828 84.97309112548828 137.33592224121094 102.95529174804688 8 96.75830078125 119.42314147949219 137.43516540527344 138.20065307617188
6 16.00638771057129 19.318981170654297 39.87526321411133 33.31216812133789 9 17.448863983154297 18.034526824951172 40.366668701171875 33.70508575439453
7 12.006559371948242 2.047269344329834 34.8015022277832 15.195954322814941 2 11.05152416229248 1.6859018802642822 34.320762634277344 14.013364791870117
1 11.166600227355957 40.435272216796875 46.11281204223633 59.545135498046875
1 50.926719665527344 17.219655990600586 88.28841400146484 35.66648864746094 7 52.60602951049805 33.6877555847168 87.44770812988281 53.07630157470703 1 57.947452545166016 27.82457160949707 85.4981689453125 42.636409759521484 1 17.41717529296875 51.136878967285156 67.08129119873047 72.03936004638672 4 18.420671463012695 21.518796920776367 69.1041488647461 48.65761184692383

2 15.843019485473633 6.6375627517700195 36.476646423339844 21.72632598876953 8 14.01999282836914 17.627197265625 37.779869079589844 30.43933868408203 9 10.948981285095215 19.520263671875 35.51906204223633 32.7474250793457

3 28.437788009643555 13.324955940246582 74.38145446777344 39.889949798583984 2 22.984010696411133 38.81232452392578 70.80648803710938 64.8393783569336 5 28.055683135986328 13.905652046203613 71.41653442382812 39.34920883178711 8 21.44769859313965 63.282958984375 74.81044006347656 88.28380584716797 7 21.687177658081055 17.937585830688477 77.00028228759766 47.079498291015625
6 20.646684646606445 42.61819076538086 81.66613006591797 76.0067138671875 7 29.675769805908203 74.74370574951172 69.95272064208984 97.46199798583984 7 24.769920349121094 80.31519317626953 82.48548126220703 111.04027557373047 1 24.23397445678711 17.727985382080078 94.589599609375 47.544803619384766 4 31.006967544555664 81.80418395996094 100.13674926757812 112.28640747070312
0 47.42512893676758 46.76422882080078 77.18951416015625 62.608219146728516 8 46.86806106567383 61.11581802368164 74.07962036132812 77.43383026123047
7 20.31494903564453 26.578067779541016 46.29219055175781 44.91847610473633 5 11.659965515136719 6.649374961853027 50.07752990722656 25.03553009033203
6 8.780550003051758 8.966255187988281 32.193580627441406 21.7452449798584 0 15.067094802856445 20.600482940673828 42.21668243408203 35.170997619628906
5 8.09813404083252 27.159467697143555 32.67909240722656 42.0
7 5.446597099304199 23.722732543945312 26.67342758178711 33.657649993896484 9 10.335043907165527 12.545984268188477 28.673324584960938 22.50348663330078
1 52.75713348388672 21.49949836730957 93.90201568603516 40.42900466918945 1 51.311519622802734 1.4170451164245605 87.85104370117188 17.45376205444336 1 49.99683380126953 13.141562461853027 90.89808654785156 31.629600524902344 1 1.1401742696762085 39.86017608642578 59.0972900390625 60.05303955078125
2 11.312151908874512 6.487537860870361 38.06386184692383 21.023117065429688
2 36.577491760253906 67.39997100830078 81.26091003417969 92.52759552001953 3 34.68446731567383 65.62881469726562 80.18002319335938 90.83773040771484 5 34.27996826171875 65.35687255859375 79.8565444946289 93.57584381103516
8 16.199983596801758 0.19946351647377014 43.670013427734375 17.073545455932617 4 14.53603744506836 16.117446899414062 43.050994873046875 34.52281951904297
5 27.031444549560547 16.828346252441406 54.636627197265625 32.68874740600586 3 25.390174865722656 13.948071479797363 52.704315185546875 30.60628318786621 1 0.0 46.01932144165039 32.254966735839844 62.218196868896484
2 12.018564224243164 22.52790069580078 47.91181182861328 43.82317352294922 4 10.690357208251953 39.09548568725586 45.328643798828125 60.43205261230469 1 6.860907554626465 54.72955322265625 47.51171112060547 72.57059478759766 4 49.78934860229492 46.57217788696289 79.29936218261719 65.83984375
4 44.74269104003906 3.23582124710083 96.38554382324219 29.020517349243164 3 25.468284606933594 64.80573272705078 91.56440734863281 96.62922668457031 6 42.3565673828125 6.061583518981934 97.5755386352539 39.217437744140625 4 30.76177406311035 12.76478385925293 87.96484375 46.19506072998047 1 25.092483520507812 85.46343231201172 90.308837890625 116.05216979980469 6 35.93621826171875 52.88951873779297 90.55110168457031 85.31514739990234
2 28.31185531616211 87.93770599365234 79.45075988769531 123.71123504638672 2 34.16419982910156 98.71759796142578 64.80790710449219 119.20661926269531
4 77.56867980957031 84.2263412475586 119.51395416259766 109.26536560058594 4 79.62289428710938 96.4151840209961 117.35188293457031 120.1048812866211 1 76.7343521118164 80.18405151367188 117.30219268798828 103.09949493408203
2 32.26807403564453 13.15936279296875 76.07298278808594 33.94649887084961 6 67.84895324707031 82.59748840332031 99.10296630859375 96.04063415527344 5 83.37260437011719 77.70628356933594 106.24556732177734 94.66431427001953 6 78.12442779541016 85.78430938720703 112.43537902832031 99.86177062988281 5 64.35100555419922 86.76952362060547 95.90135955810547 104.00626373291016 6 77.50987243652344 70.83817291259766 98.55355834960938 83.1819839477539
2 48.13235855102539 46.97227478027344 79.58097839355469 65.07747650146484 2 40.831817626953125 53.20855712890625 77.12385559082031 74.24100494384766

1 43.46149826049805 0.0 99.62596130371094 19.805347442626953 1 48.42706298828125 34.310428619384766 113.27057647705078 57.700843811035156
1 25.273000717163086 16.629962921142578 67.11988830566406 38.70865249633789 8 19.099029541015625 52.67384338378906 61.62383270263672 77.67066955566406 4 25.174776077270508 15.847188949584961 69.1253890991211 38.12410354614258 9 23.01915740966797 7.907373428344727 66.13867950439453 28.509395599365234 9 20.350635528564453 52.82683181762695 60.80162811279297 74.14029693603516 1 31.01923370361328 35.61457824707031 64.18901824951172 56.31086730957031

6 11.805965423583984 24.35647964477539 33.290992736816406 39.190093994140625 1 10.065668106079102 15.799572944641113 29.930450439453125 27.400121688842773 3 9.772323608398438 6.955721855163574 31.207353591918945 19.653491973876953
3 5.353422164916992 0.0 35.004539489746094 15.667996406555176 3 31.753145217895508 37.16556930541992 56.10103225708008 52.54646682739258
5 21.05430030822754 15.143178939819336 64.16085815429688 39.004085540771484 6 17.51106834411621 44.863487243652344 67.00909423828125 69.01664733886719

2 8.709900856018066 9.584939002990723 38.801597595214844 23.977468490600586

6 16.84861946105957 14.682848930358887 40.08893966674805 28.10358238220215 8 14.338489532470703 15.406392097473145 41.08582305908203 29.955028533935547 1 16.135725021362305 5.564988613128662 45.1688346862793 16.62531089782715
3 25.701265335083008 27.1566162109375 57.42430114746094 46.395347595214844
5 12.53625202178955 21.961196899414062 64.37157440185547 47.77606201171875 4 16.01406478881836 0.0 64.04212188720703 26.17559814453125
1 19.569229125976562 67.94219207763672 62.804534912109375 86.647705078125 1 35.7483024597168 0.0 79.32130432128906 20.481739044189453 1 24.669330596923828 19.945886611938477 63.82231140136719 38.147682189941406 1 27.730884552001953 6.755105972290039 73.21873474121094 30.809606552124023 0 24.78396987915039 17.880382537841797 75.04261779785156 38.43484878540039 1 20.123977661132812 76.5811538696289 64.8686752319336 97.21107482910156
3 9.968052864074707 13.987897872924805 27.59855842590332 27.99210548400879 5 10.534605979919434 23.006196975708008 31.915857315063477 35.81573486328125 3 9.765689849853516 24.58777618408203 27.86113739013672 36.9642448425293 5 8.077754020690918 13.016006469726562 28.16158676147461 26.7369327545166
2 80.93848419189453 33.2885627746582 127.31419372558594 66.32410430908203 3 77.06614685058594 6.7902936935424805 129.7587127685547 40.10982131958008 9 16.03487205505371 61.688140869140625 80.10942840576172 91.06819152832031 4 59.88648986816406 62.28068542480469 112.17503356933594 95.41797637939453
3 92.68082427978516 87.17548370361328 120.80075073242188 102.03904724121094
5 32.18158721923828 37.2853889465332 76.65306091308594 59.435272216796875 0 25.713167190551758 69.54668426513672 84.25841522216797 91.0577163696289 1 31.113588333129883 55.723243713378906 71.1981201171875 71.76754760742188
9 33.42805480957031 83.08500671386719 61.402191162109375 101.22773742675781

7 12.400535583496094 23.21243667602539 36.80820083618164 36.26467514038086 4 6.706358432769775 5.029202938079834 32.19707489013672 19.73910903930664 0 12.105844497680664 36.84901809692383 40.441280364990234 49.08293533325195 2 11.809106826782227 2.007812738418579 36.59003829956055 16.103900909423828 2 17.407665252685547 21.127079010009766 39.31708526611328 34.285491943359375
6 30.7552490234375 55.10037612915039 58.05494689941406 69.16002655029297 4 33.796730041503906 42.46991729736328 61.474918365478516 58.41490173339844 0 29.285171508789062 65.93334197998047 57.2618293762207 79.46269989013672 4 43.968536376953125 67.78523254394531 84.13611602783203 91.0
6 82.86892700195312 47.72926330566406 131.52503967285156 75.11965942382812 7 27.471874237060547 84.36927795410156 89.18568420410156 127.36396026611328 1 15.34951114654541 46.60362243652344 80.78484344482422 78.83463287353516

6 43.64825439453125 23.773897171020508 72.68142700195312 38.41373062133789 3 45.2066650390625 10.207833290100098 76.12860107421875 29.14875030517578 1 52.4151725769043 59.63460922241211 103.0 80.52826690673828
5 10.308063507080078 5.805778503417969 32.93538284301758 20.58419418334961 7 11.0686616897583 15.800463676452637 31.30900001525879 27.10257339477539
9 11.35935115814209 25.1312255859375 27.627967834472656 37.05563735961914

3 109.70761108398438 54.34053421020508 148.7483673095703 76.41500854492188 1 114.0927734375 0.0 183.0 32.63584899902344
3 13.331718444824219 35.981292724609375 48.30269241333008 53.1916389465332 7 13.972599029541016 52.53260803222656 47.90756607055664 65.93478393554688 2 14.522601127624512 37.50431823730469 46.17125701904297 53.02032470703125
2 7.18615198135376 3.6030185222625732 32.249244689941406 15.767522811889648 1 8.62989616394043 20.086454391479492 32.61772155761719 30.01927375793457
8 18.988574981689453 21.843366622924805 46.430213928222656 35.14419174194336 2 7.2844157218933105 11.96912670135498 33.10757827758789 25.648683547973633
1 15.026782035827637 6.280985355377197 43.802242279052734 22.64514923095703 1 0.0 71.53394317626953 66.56866455078125 94.3266372680664
1 33.87037658691406 60.57603454589844 135.35720825195312 108.17780303955078
6 20.33416748046875 21.622407913208008 46.82467269897461 32.794532775878906
3 104.80760955810547 22.699708938598633 144.88531494140625 49.05588912963867 8 102.28622436523438 45.237213134765625 150.12318420410156 70.83888244628906 6 103.89069366455078 45.38981246948242 147.84812927246094 66.9575424194336

5 11.368637084960938 17.14252281188965 33.531700134277344 29.71652603149414
7 57.95869445800781 109.76284790039062 112.74930572509766 139.20127868652344 4 161.5189208984375 195.9980926513672 205.80398559570312 223.3402099609375 1 34.89747619628906 77.65391540527344 122.54246520996094 127.02096557617188
3 93.92361450195312 40.29368209838867 129.70692443847656 61.65225601196289 1 18.10745620727539 34.985198974609375 102.45877838134766 64.54273986816406 2 18.155729293823242 64.15564727783203 100.50409698486328 102.37791442871094
9 17.442829132080078 19.473512649536133 36.19265365600586 33.110103607177734 7 15.666888236999512 28.69411849975586 40.325870513916016 42.31422805786133 5 13.702733993530273 8.019012451171875 36.03904724121094 24.128225326538086
3 56.38628387451172 41.36861038208008 84.91170501708984 61.48146057128906 8 106.8885269165039 28.50850486755371 134.5988311767578 47.12909698486328 1 56.62434387207031 3.096853494644165 98.0049057006836 26.506916046142578
8 34.376129150390625 47.147281646728516 62.42239761352539 61.85868835449219 8 33.66991424560547 37.980926513671875 64.30662536621094 53.1514892578125 9 32.95808792114258 45.56064987182617 64.82064819335938 62.229209899902344 1 33.95009231567383 25.23306655883789 73.8791732788086 40.62668991088867
7 46.26321792602539 8.514077186584473 91.80008697509766 32.884849548339844 1 46.81309509277344 28.145587921142578 90.42906951904297 49.73524856567383 1 37.930076599121094 106.75096130371094 117.38317108154297 133.8431854248047 4 5.662968635559082 103.73860168457031 54.79704666137695 129.48040771484375
5 4.772791862487793 10.380422592163086 21.203147888183594 20.339094161987305
2 64.17645263671875 64.82197570800781 96.87084197998047 82.07679748535156 0 66.14077758789062 78.61915588378906 99.94601440429688 93.57028198242188 9 64.34619140625 90.37122344970703 95.91307830810547 107.4139404296875 4 21.081279754638672 65.62950134277344 68.04505157470703 92.98082733154297 9 19.963178634643555 76.47406768798828 67.64402770996094 99.4439697265625
2 11.3106689453125 20.26848030090332 40.863487243652344 37.739742279052734 5 11.496363639831543 34.205596923828125 40.14720916748047 53.299041748046875
2 41.5930290222168 48.45480728149414 68.15679168701172 66.0368423461914 4 39.64255905151367 61.304931640625 72.19418334960938 78.86654663085938
4 54.73457717895508 123.79631805419922 89.02069091796875 138.85450744628906 4 59.728118896484375 105.94921875 97.068115234375 140.6320343017578 2 55.791866302490234 98.2103500366211 83.37225341796875 114.3481674194336
4 30.384593963623047 29.78276824951172 60.52745056152344 46.049560546875 4 27.236696243286133 18.98954963684082 65.49054718017578 36.954681396484375 1 28.506803512573242 9.796645164489746 70.16542053222656 25.471437454223633 1 29.77313995361328 19.699562072753906 65.86027526855469 35.85871124267578 4 26.605628967285156 36.51225662231445 65.20252227783203 56.01828384399414
5 11.360011100769043 13.065895080566406 30.23880386352539 23.27619743347168 1 9.365507125854492 3.9374237060546875 33.102256774902344 15.054475784301758 0 8.710321426391602 24.047164916992188 32.70641326904297 34.37526321411133
4 19.68012237548828 43.316688537597656 45.81691360473633 61.17268371582031 0 17.778398513793945 62.82479476928711 47.690155029296875 80.64142608642578 9 16.727014541625977 61.57528305053711 52.92879104614258 80.49019622802734
2 11.372000694274902 22.80607032775879 56.314208984375 43.66802978515625 1 3.9179420471191406 42.06483840942383 52.2514762878418 60.63364791870117 9 10.648743629455566 20.545684814453125 52.99695587158203 43.89499282836914
6 22.044466018676758 43.49801254272461 49.28056335449219 61.247684478759766 9 13.503503799438477 25.870756149291992 48.491249084472656 41.57771682739258

9 69.78123474121094 50.55621337890625 149.43162536621094 85.73284912109375 3 87.92996215820312 78.51861572265625 145.73333740234375 105.55879211425781 2 80.06502532958984 50.42397689819336 150.85276794433594 86.04737854003906 2 95.26654815673828 20.7860164642334 150.0407257080078 53.623111724853516 3 90.63984680175781 19.494661331176758 153.7152099609375 60.51276397705078 1 89.65089416503906 83.0218276977539 141.58441162109375 109.87064361572266
3 47.31879425048828 34.29845428466797 65.65178680419922 44.3150520324707 1 48.726985931396484 23.545434951782227 69.49882507324219 36.38658142089844 3 48.873802185058594 41.438987731933594 66.70236206054688 52.47840118408203 6 47.68300247192383 42.60944366455078 68.9864730834961 54.88966369628906
4 14.140361785888672 75.45355987548828 60.35299301147461 113.93074035644531 2 81.47794342041016 59.728031158447266 133.38963317871094 85.26407623291016 3 57.67644500732422 55.210166931152344 118.81891632080078 91.25039672851562
6 114.26371002197266 116.06620788574219 143.6424560546875 133.11900329589844 6 28.668466567993164 123.36239624023438 62.12129592895508 135.1573486328125
2 30.21955108642578 19.815763473510742 72.0 38.19103240966797 1 23.074542999267578 34.60271072387695 59.50397491455078 53.358619689941406

8 26.957042694091797 16.29482078552246 49.79766082763672 31.41606903076172 6 25.142465591430664 17.73654556274414 51.68293762207031 31.260759353637695 1 20.87169647216797 8.336433410644531 50.454227447509766 21.988271713256836 4 24.6859130859375 4.61696195602417 52.60719680786133 19.03583335876465 2 19.049997329711914 26.037752151489258 56.976280212402344 43.44788360595703
2 22.200340270996094 14.492563247680664 70.8305892944336 47.49538040161133 6 34.93998336791992 72.4795150756836 106.81380462646484 105.11089324951172 5 38.809566497802734 76.28987121582031 97.19281005859375 104.45376586914062
5 14.285799026489258 18.918292999267578 47.78569030761719 39.435916900634766 5 16.9200496673584 36.59942626953125 50.83027648925781 59.02881622314453

5 34.4887580871582 45.51169967651367 56.42449951171875 58.645729064941406 2 33.88789367675781 33.35940933227539 56.23185729980469 48.762474060058594 2 35.075782775878906 23.047597885131836 58.98453140258789 38.19244384765625
2 22.021865844726562 3.3091373443603516 53.77632522583008 21.127548217773438 4 29.08091163635254 14.701628684997559 65.0042953491211 37.54810333251953
5 11.54565143585205 8.506982803344727 33.58064651489258 23.4721622467041


4 18.348337173461914 12.552594184875488 41.10837173461914 27.507709503173828 4 8.449101448059082 14.393829345703125 31.25137710571289 25.30058479309082
1 15.300661087036133 20.6516170501709 97.90006256103516 50.854331970214844 7 24.493528366088867 47.1153678894043 102.91556549072266 88.32133483886719
6 31.845638275146484 15.451897621154785 62.166473388671875 35.311702728271484 3 33.18412780761719 30.56296730041504 66.73365783691406 51.80571746826172 2 36.26361846923828 33.371246337890625 63.70323181152344 52.9322509765625
4 49.184349060058594 136.9018096923828 112.36683654785156 163.0 2 29.611650466918945 136.97189331054688 78.1728286743164 163.0 6 70.96891784667969 138.2765350341797 110.09029388427734 163.0 1 51.35819625854492 78.01426696777344 88.54431915283203 93.50199127197266 8 54.49977111816406 134.10447692871094 116.66331481933594 163.0 7 106.1907730102539 133.5301971435547 163.0 163.0
1 14.796061515808105 53.230804443359375 61.8192138671875 75.267333984375 2 10.44211483001709 11.546599388122559 48.28655242919922 34.44575500488281
2 28.656953811645508 25.799983978271484 59.224945068359375 43.1110725402832 9 29.424419403076172 62.70692825317383 65.18040466308594 82.99779510498047 9 26.344528198242188 41.59938049316406 62.12884521484375 63.83877182006836 3 27.012670516967773 21.197490692138672 64.96347045898438 44.53678894042969
4 10.65753173828125 22.75984764099121 39.28496551513672 35.700557708740234
2 17.555585861206055 19.530826568603516 37.0338134765625 32.864017486572266
3 29.825044631958008 12.131661415100098 61.890830993652344 30.263944625854492 5 30.485549926757812 13.375649452209473 61.12336730957031 29.883514404296875 3 31.486759185791016 25.860897064208984 57.124149322509766 43.44917297363281
1 17.488113403320312 0.40935859084129333 56.597412109375 15.081864356994629 5 10.892516136169434 11.00754451751709 47.25566864013672 27.38882064819336
2 36.09150695800781 42.25226974487305 84.18317413330078 67.9228515625 9 39.07444381713867 63.85643005371094 84.42562103271484 90.2918472290039 7 40.670562744140625 83.7787857055664 90.32218933105469 106.14811706542969
2 6.2069478034973145 2.6913552284240723 29.32971954345703 16.364913940429688 6 6.803462028503418 14.97447395324707 26.89966583251953 26.01434326171875 7 7.5213470458984375 8.372753143310547 26.1348819732666 18.02886199951172
6 7.373940467834473 58.921451568603516 37.431785583496094 79.7208480834961 4 10.916597366333008 46.01670837402344 38.48151397705078 62.048160552978516 1 24.949190139770508 37.7276611328125 68.4910659790039 57.11570739746094 1 22.263038635253906 6.448488235473633 69.56224822998047 27.306970596313477
2 158.5069122314453 176.58065795898438 202.7576904296875 209.63555908203125 3 156.99378967285156 144.96188354492188 214.55918884277344 183.5928192138672 5 155.8357696533203 149.0123291015625 205.03955078125 183.8507080078125

8 127.94712829589844 108.5444107055664 162.6656951904297 131.20713806152344 8 19.263046264648438 106.15902709960938 64.88001251220703 129.1338348388672
5 15.049690246582031 52.71065139770508 39.45671081542969 68.93702697753906 9 9.290505409240723 36.415367126464844 39.60102462768555 51.16387939453125 1 11.981489181518555 22.67764663696289 44.50096130371094 37.214195251464844
2 26.924091339111328 25.603334426879883 55.205718994140625 41.226871490478516 1 24.03487205505371 6.23613166809082 61.89179611206055 21.800418853759766 1 21.942806243896484 43.08976364135742 55.80234909057617 59.43934631347656
2 18.634950637817383 47.50088882446289 51.50811004638672 67.82877349853516 1 25.542221069335938 61.70968246459961 48.918758392333984 75.1142578125
2 20.45334815979004 35.719810485839844 49.33732986450195 54.36741256713867 7 19.624530792236328 36.038700103759766 47.42631912231445 52.91532897949219 1 14.997528076171875 51.626373291015625 50.94380187988281 69.24649047851562
6 78.36351776123047 24.77536964416504 115.54291534423828 42.837493896484375 3 80.68199920654297 9.778376579284668 111.50730895996094 31.320552825927734 8 82.6983642578125 48.154788970947266 118.10515594482422 67.08174896240234 4 78.90015411376953 40.63264465332031 132.06837463378906 71.92347717285156 6 88.77948760986328 29.352432250976562 123.22640991210938 52.27817916870117 8 77.63336181640625 9.38577651977539 108.63459014892578 25.780717849731445
7 11.129060745239258 6.779647350311279 41.909515380859375 19.138595581054688 4 12.809836387634277 25.777116775512695 34.83123016357422 39.760215759277344 2 12.107592582702637 21.19927215576172 37.79718780517578 34.127689361572266 7 11.976578712463379 14.195833206176758 33.289222717285156 25.375165939331055 1 10.698179244995117 28.049564361572266 33.155521392822266 40.04538345336914
6 17.139551162719727 8.882071495056152 47.03133773803711 27.974178314208984
4 40.51909637451172 66.0439682006836 81.63671112060547 92.3894271850586 3 39.54136276245117 82.3131332397461 76.9964828491211 106.73735809326172
6 25.64031219482422 54.55589294433594 55.55227279663086 75.37808990478516 3 30.258056640625 42.24174118041992 60.2341194152832 60.47001266479492 2 30.290361404418945 43.82500076293945 63.13318634033203 60.801666259765625 0 27.852615356445312 5.779966354370117 69.60835266113281 23.494613647460938 1 27.830720901489258 1.2479726076126099 72.24678039550781 15.38669490814209
5 11.795994758605957 24.145885467529297 36.598445892333984 38.64482498168945 2 12.40273380279541 12.258538246154785 36.324432373046875 24.47196388244629
5 10.110210418701172 34.52593231201172 34.826133728027344 52.24424743652344 1 0.0 22.642900466918945 42.535037994384766 36.34855651855469
1 10.174315452575684 8.798931121826172 36.17841720581055 19.051427841186523

5 26.15709114074707 50.03824996948242 80.55989837646484 74.90067291259766 0 29.4639835357666 76.42442321777344 84.7882308959961 100.99555206298828
2 32.81988525390625 69.91405487060547 72.21563720703125 89.12708282470703 8 19.63625717163086 68.97354888916016 63.015499114990234 88.75247192382812 3 17.584983825683594 69.5093765258789 47.76955032348633 86.04117584228516
6 93.48751831054688 50.22703552246094 125.05023956298828 66.9157943725586
3 21.57853126525879 5.8409743309021 45.64997482299805 21.322099685668945 7 20.00653839111328 22.242347717285156 43.51775360107422 34.82011413574219
2 7.2742919921875 21.71194076538086 24.6914119720459 33.898582458496094
6 50.43796920776367 40.58440399169922 89.54939270019531 60.00434875488281

9 29.11363410949707 84.5645523071289 93.13634490966797 114.45026397705078 4 22.617734909057617 49.877376556396484 65.56795501708984 81.57978820800781
3 11.21728801727295 5.283864498138428 42.478023529052734 21.3676815032959 4 12.734797477722168 7.642076015472412 44.019309997558594 24.802581787109375
1 13.02458667755127 0.39760422706604004 33.86992645263672 10.743062019348145 3 7.985180854797363 9.168846130371094 33.440975189208984 22.104530334472656 8 7.379436492919922 7.717836380004883 34.09273910522461 20.278900146484375
8 21.172771453857422 27.86134910583496 60.85635757446289 45.98540115356445 4 23.44165802001953 46.0101318359375 53.3897705078125 61.92374038696289 1 21.541393280029297 16.29783821105957 54.11561965942383 30.888015747070312 4 19.032756805419922 54.23825454711914 57.140533447265625 69.1738510131836 1 16.76055145263672 7.724171161651611 58.783287048339844 22.815893173217773 9 24.026016235351562 29.63752555847168 57.1135368347168 45.39864730834961
4 23.574268341064453 44.70541000366211 48.45726776123047 57.91657638549805 1 20.108781814575195 33.88412094116211 46.01084518432617 47.55366516113281 3 2.854703426361084 0.10625763237476349 31.515607833862305 13.671202659606934 4 43.93252944946289 0.0 66.0 15.480742454528809
5 49.43973159790039 33.06391906738281 73.06411743164062 48.602386474609375 0 46.0599250793457 46.5581169128418 74.31014251708984 61.240379333496094 5 44.96196365356445 39.00887680053711 75.59075927734375 58.57381057739258 1 40.358219146728516 23.58555793762207 82.47339630126953 43.681331634521484
4 36.970497131347656 38.556297302246094 68.57806396484375 59.09939956665039 2 36.66970443725586 34.639793395996094 68.26200103759766 52.521812438964844

4 42.51510238647461 64.77549743652344 76.84552001953125 84.56298065185547 2 43.60683059692383 62.99549102783203 78.7474136352539 80.83052825927734
5 28.552762985229492 48.382118225097656 58.913448333740234 66.46654510498047 1 14.17347526550293 67.29021453857422 67.83807373046875 88.00654602050781 1 22.982158660888672 40.746212005615234 61.68568801879883 56.5783805847168
8 9.958006858825684 22.394594192504883 29.68661880493164 33.82019805908203
2 70.15982818603516 83.67357635498047 97.94835662841797 103.1435775756836 1 69.43814086914062 71.91255950927734 98.35092163085938 87.79998016357422 4 15.83419418334961 82.25776672363281 62.494205474853516 105.65217590332031 1 7.042428970336914 64.35783386230469 61.67041015625 85.00608825683594
7 53.91615676879883 68.31037139892578 80.23397827148438 85.61986541748047 6 56.542808532714844 58.64189147949219 83.28788757324219 70.99988555908203 8 58.46748733520508 58.854278564453125 81.60200500488281 75.72801971435547
8 11.474584579467773 50.3192024230957 60.764060974121094 75.69061279296875 8 35.10270690917969 69.6577377319336 81.21459197998047 94.899169921875


5 22.223285675048828 6.72055196762085 46.54084014892578 22.35440444946289 8 23.865774154663086 21.02860450744629 47.26791763305664 36.089229583740234 8 22.29648780822754 35.33266830444336 46.4542236328125 49.08799362182617 6 22.92995834350586 22.129560470581055 46.562294006347656 34.9359016418457
9 53.034542083740234 69.28607177734375 77.2887191772461 84.1672134399414 2 47.83411407470703 68.13297271728516 82.93436431884766 85.72864532470703
2 28.7175235748291 23.549650192260742 62.31911087036133 45.05840301513672 8 25.082443237304688 54.64028549194336 65.7757797241211 78.0343017578125 1 30.138132095336914 45.21163558959961 63.06547927856445 61.849430084228516 1 22.11942481994629 3.638310432434082 71.66170501708984 22.421133041381836 1 26.72760009765625 34.890953063964844 68.2215347290039 56.61833572387695
0 41.07487869262695 53.40748596191406 64.55130767822266 65.18461608886719 3 38.93330383300781 37.011905670166016 69.20726013183594 55.71391677856445 4 37.26073455810547 60.75178527832031 67.1532974243164 78.0 9 39.763465881347656 53.3276481628418 64.36581420898438 65.5266342163086

3 16.53852081298828 30.70022201538086 58.30576705932617 51.49217224121094 2 6.256954193115234 31.8337459564209 49.48043441772461 51.98908996582031
6 38.150634765625 35.62331771850586 68.84922790527344 54.49464797973633 4 15.61095905303955 30.74197769165039 58.74658966064453 57.563106536865234
7 32.31655502319336 28.874839782714844 73.02581787109375 52.455047607421875 4 30.470632553100586 42.4973030090332 70.82571411132812 62.31753921508789
1 5.671520233154297 24.922025680541992 34.4785041809082 35.79612350463867
2 19.938932418823242 25.464149475097656 45.439579010009766 39.158931732177734 1 20.180009841918945 36.82765579223633 45.42887496948242 48.860774993896484
5 12.163542747497559 12.886195182800293 43.87757873535156 31.58307647705078 7 17.006303787231445 48.802825927734375 54.710838317871094 65.7847900390625 6 17.55980110168457 29.64972496032715 52.38372802734375 49.479736328125 8 12.193699836730957 32.43120574951172 51.82174301147461 50.65668487548828
4 9.208362579345703 25.21000862121582 30.5042724609375 36.61350631713867 1 8.538558006286621 13.844895362854004 33.779014587402344 24.952491760253906


0 50.68863296508789 137.79310607910156 82.37757110595703 156.0817108154297
1 12.253490447998047 17.206270217895508 46.518798828125 33.40718078613281
2 19.562509536743164 11.142126083374023 48.138427734375 30.14646339416504 4 38.696712493896484 18.286046981811523 64.60711669921875 32.00505828857422 3 15.017913818359375 6.410423278808594 52.79570007324219 34.82465362548828 4 21.516616821289062 10.200550079345703 67.27583312988281 32.703643798828125 4 36.162017822265625 29.426362991333008 66.81610107421875 40.831031799316406
2 17.0382137298584 29.94745635986328 40.31035232543945 46.574241638183594
2 97.77000427246094 171.48898315429688 140.31797790527344 201.7432403564453
5 24.56032943725586 25.927330017089844 56.19267654418945 43.465457916259766 2 16.988590240478516 13.952404022216797 45.113651275634766 29.827531814575195
7 10.34948444366455 20.808740615844727 36.50694274902344 33.631221771240234 2 11.674735069274902 2.415677070617676 37.194236755371094 16.278579711914062
1 59.23902130126953 111.96895599365234 93.53684997558594 132.27757263183594 6 17.357093811035156 98.99383544921875 116.69084930419922 138.46990966796875
2 75.02832794189453 3.2539479732513428 125.8228759765625 33.384273529052734 0 35.901187896728516 84.57247161865234 69.18148803710938 104.5975341796875 2 32.16859436035156 81.07656860351562 69.51217651367188 104.1142807006836
5 5.354488849639893 7.523406028747559 21.410140991210938 17.15658950805664
2 13.397494316101074 12.272374153137207 40.44647216796875 25.742557525634766 9 14.042163848876953 25.3731689453125 40.817142486572266 40.197383880615234
9 23.658763885498047 56.60602951049805 68.61372375488281 77.07952880859375 5 26.330320358276367 38.316551208496094 70.79733276367188 59.46883010864258 3 23.773420333862305 36.50918960571289 70.61547088623047 58.48113250732422 4 46.18783187866211 72.93453216552734 92.08514404296875 93.39753723144531 1 20.51668930053711 25.252063751220703 65.32328033447266 46.81857681274414 6 27.95960807800293 74.27384948730469 80.10636138916016 94.18792724609375
1 13.527331352233887 20.80677032470703 38.72992706298828 32.622867584228516 6 11.963448524475098 11.166284561157227 37.33910369873047 25.67062759399414 1 15.48038101196289 2.1303818225860596 42.54747009277344 14.424013137817383 3 13.29086685180664 12.39749813079834 40.380531311035156 26.577632904052734

3 8.292600631713867 11.73231315612793 32.6677131652832 24.16002655029297 0 13.242857933044434 24.41327476501465 36.53968811035156 37.46237564086914 1 10.539884567260742 21.816143035888672 33.34040832519531 33.10063934326172
4 13.51314926147461 2.429523468017578 41.64086151123047 19.172115325927734 5 10.279154777526855 19.877473831176758 37.118499755859375 33.862422943115234

6 15.3421630859375 18.848461151123047 47.73005294799805 35.271724700927734 2 17.680330276489258 4.704416275024414 49.36140823364258 20.739416122436523 8 18.03742790222168 19.42223358154297 51.23914337158203 38.91785430908203 4 17.805217742919922 3.7047667503356934 51.78911590576172 21.236621856689453 1 29.83308982849121 32.3443717956543 57.49656295776367 45.932411193847656 9 11.009969711303711 1.104030966758728 42.530723571777344 20.271373748779297
1 26.002941131591797 3.868663787841797 55.203346252441406 20.059551239013672 5 21.428133010864258 17.66207504272461 54.29421615600586 39.30702590942383 3 24.918365478515625 21.1463680267334 62.4599723815918 39.849891662597656
2 34.53486633300781 61.02373504638672 71.67852783203125 82.77928924560547 3 15.346760749816895 70.27888488769531 59.373985290527344 92.94970703125 2 20.47669792175293 68.89485931396484 65.29127502441406 91.68988037109375 8 18.726999282836914 71.54841613769531 53.1324348449707 93.125
5 22.324657440185547 29.92504119873047 54.45358657836914 45.78634262084961 6 13.660272598266602 19.109195709228516 53.03559112548828 35.69483184814453
5 5.644639015197754 15.28150749206543 23.7680606842041 24.177209854125977 1 4.779155731201172 5.127816200256348 26.575092315673828 13.079638481140137


2 9.142457962036133 2.5685982704162598 29.126283645629883 14.590208053588867
1 31.51932716369629 16.315881729125977 74.3031234741211 35.95665740966797 2 31.127775192260742 33.5511474609375 75.20545959472656 62.779048919677734
6 9.950662612915039 0.6226471662521362 29.233154296875 13.356295585632324 3 9.395811080932617 16.52141571044922 29.5041446685791 26.49466323852539
9 99.9581527709961 88.20130920410156 133.0760040283203 110.66690826416016 2 33.687644958496094 23.48008155822754 74.92498016357422 58.169898986816406 1 87.01447296142578 64.61036682128906 157.0 94.01148986816406 9 97.36582946777344 93.352294921875 147.21844482421875 124.13263702392578 9 86.72643280029297 80.34410858154297 141.2459716796875 103.42878723144531 6 79.89208221435547 83.07791900634766 129.48873901367188 107.2829360961914
2 87.7850341796875 14.721083641052246 120.20072937011719 32.90226745605469
5 11.87790298461914 23.8051815032959 31.11275863647461 38.14716339111328
2 66.29369354248047 54.604705810546875 115.86538696289062 85.30754089355469 5 58.66505813598633 78.56265258789062 119.84783172607422 110.80178833007812 1 41.8483772277832 81.98164367675781 128.07191467285156 126.31583404541016 5 32.62101364135742 129.5002899169922 78.11949920654297 158.21615600585938 2 33.542423248291016 115.12100982666016 85.96633911132812 146.78880310058594 2 59.53572463989258 26.951515197753906 135.88821411132812 66.08330535888672


2 17.0555419921875 21.81041717529297 45.519493103027344 38.061126708984375 3 10.676387786865234 20.321178436279297 38.8771858215332 36.68058776855469 2 8.603667259216309 39.56894302368164 36.039676666259766 56.557899475097656 1 23.349468231201172 12.712569236755371 50.75605010986328 27.119455337524414
9 22.916580200195312 8.562454223632812 61.85694122314453 32.22002029418945 0 10.174362182617188 7.053178310394287 50.41754150390625 27.6660213470459
6 12.22738265991211 4.685004234313965 45.73767852783203 22.739107131958008 6 16.552778244018555 38.241146087646484 50.91374969482422 56.08615493774414 1 14.915567398071289 24.169536590576172 48.75362014770508 39.3321533203125 7 17.29610252380371 24.11709976196289 49.92832946777344 39.63353729248047
8 27.70296287536621 34.56864929199219 74.84658813476562 64.84908294677734 6 29.564199447631836 0.049403607845306396 78.29601287841797 31.826297760009766 3 22.42036247253418 34.47760009765625 74.1541748046875 66.09260559082031 5 41.45979309082031 4.319819927215576 82.89002227783203 35.75120162963867
8 22.485536575317383 52.85069274902344 66.34678649902344 76.96680450439453 4 8.478035926818848 6.483155727386475 45.23689651489258 28.951274871826172 2 16.152849197387695 31.220840454101562 53.61387252807617 51.85829162597656 4 22.30523681640625 2.127286672592163 60.6959342956543 22.45901107788086 3 31.835222244262695 3.2299375534057617 67.33417510986328 23.36589813232422
1 34.06562042236328 55.55712890625 67.37647247314453 72.1744613647461 6 38.526817321777344 65.85718536376953 69.1311264038086 84.09805297851562 0 43.21109390258789 70.2052993774414 67.80541229248047 82.72874450683594
1 14.04096794128418 0.0 43.28173828125 12.215164184570312

1 11.712578773498535 20.880830764770508 39.34410095214844 33.42430114746094 5 13.100997924804688 11.09853458404541 34.31007385253906 24.931495666503906 1 15.889850616455078 15.74864673614502 42.55501174926758 27.8447322845459
1 9.047675132751465 22.985963821411133 43.531524658203125 43.970523834228516 6 2.6127731800079346 40.51115417480469 46.09364318847656 62.73236083984375 0 7.868072032928467 38.803855895996094 46.84585952758789 62.50763702392578
5 76.47025299072266 65.95894622802734 109.09203338623047 87.16136169433594 1 3.996976137161255 29.977479934692383 78.46023559570312 58.207763671875 1 43.590824127197266 29.956787109375 124.72380828857422 58.24759292602539 5 73.24768829345703 59.651336669921875 102.13011169433594 76.75614929199219

6 45.90626525878906 91.04435729980469 74.35270690917969 109.70169830322266 4 44.10893249511719 73.72956848144531 78.35179138183594 90.43798828125 1 48.15910339355469 81.3449935913086 77.38349151611328 96.54649353027344 7 26.002376556396484 98.47258758544922 68.90168762207031 122.0 1 41.3018913269043 39.422847747802734 100.53632354736328 66.56128692626953
2 8.417107582092285 36.44894027709961 38.455326080322266 55.517208099365234 1 22.31919288635254 14.927395820617676 55.630340576171875 30.269073486328125 1 13.305364608764648 24.41280174255371 45.562767028808594 41.31527328491211
1 8.061956405639648 10.991275787353516 26.962505340576172 19.569171905517578 5 5.097255706787109 0.0 34.63666915893555 16.00640296936035
4 24.980817794799805 145.8600616455078 75.20262145996094 181.7356414794922 4 25.968961715698242 166.48358154296875 75.81637573242188 191.05345153808594 7 73.08099365234375 86.87644958496094 196.70115661621094 160.55824279785156
7 8.46950626373291 5.874290943145752 38.48052978515625 22.1014461517334 1 11.074265480041504 27.835636138916016 42.559814453125 43.94660568237305
2 9.456707000732422 7.028277397155762 30.441736221313477 20.832622528076172
8 24.329242706298828 11.132838249206543 65.65341186523438 32.42190933227539 9 19.591602325439453 32.38247299194336 64.24592590332031 51.53993606567383 1 37.515995025634766 0.0 71.41031646728516 15.036893844604492 1 0.0 0.0 28.5533504486084 17.45381736755371

1 6.3956499099731445 11.869296073913574 29.94647216796875 21.40960121154785
4 125.86973571777344 4.6636810302734375 164.6512908935547 43.1676025390625 4 143.82078552246094 0.0 199.94325256347656 64.65007781982422
3 9.897397994995117 12.098816871643066 36.82500457763672 26.190208435058594 5 8.288100242614746 22.881799697875977 34.26704025268555 38.14165115356445 5 10.685478210449219 12.667516708374023 36.878963470458984 26.557485580444336 3 8.446877479553223 18.189273834228516 32.1863899230957 31.494443893432617
2 66.081787109375 89.4357681274414 95.56369018554688 109.19176483154297 1 24.193260192871094 0.0 79.06066131591797 21.90082550048828 1 17.279125213623047 55.4532470703125 86.16987609863281 78.6182861328125
5 12.368846893310547 23.906322479248047 38.47161865234375 41.679317474365234 2 15.163058280944824 23.111591339111328 40.28196334838867 35.964637756347656
3 15.877870559692383 24.084434509277344 40.658504486083984 37.50086975097656 3 17.775863647460938 12.975434303283691 42.82001495361328 26.940919876098633 5 14.79098892211914 25.369728088378906 40.57894515991211 39.732357025146484
4 25.827539443969727 34.51924133300781 69.8300552368164 58.81248474121094 2 21.78780746459961 29.139463424682617 68.15919494628906 53.70393753051758 4 30.308683395385742 48.40541458129883 71.03279113769531 71.1396484375
0 36.27666091918945 103.51116180419922 71.57831573486328 125.4864730834961 5 37.06993103027344 82.68595123291016 68.50938415527344 108.78817749023438 5 43.68717956542969 79.17630767822266 65.11575317382812 94.14419555664062 0 34.57898712158203 91.63250732421875 66.61881256103516 116.79586791992188
8 7.951632499694824 22.637126922607422 39.895042419433594 39.55011749267578
2 17.390975952148438 29.764699935913086 39.9586181640625 43.59258270263672 6 18.233678817749023 20.997758865356445 38.00456237792969 33.550209045410156 5 17.88205909729004 19.31084632873535 39.46120071411133 34.08772659301758
2 22.626602172851562 13.63842487335205 50.89752197265625 25.98211669921875 5 26.93062973022461 38.49660110473633 50.95542526245117 54.295223236083984 8 24.339706420898438 22.282934188842773 46.815643310546875 35.94774627685547 2 26.649822235107422 4.471100330352783 50.41551971435547 21.568927764892578
6 29.77887725830078 59.293575286865234 95.75262451171875 96.28256225585938
2 76.34889221191406 53.132991790771484 123.52611541748047 87.7261734008789 8 125.46893310546875 17.90998077392578 179.285400390625 51.531166076660156 3 76.4463882446289 20.66212272644043 131.4362030029297 59.801513671875 4 163.55142211914062 51.97605514526367 205.67745971679688 82.43232727050781 4 137.44371032714844 2.6062841415405273 203.39614868164062 40.099945068359375 2 46.0238151550293 38.678096771240234 130.23342895507812 99.16523742675781

2 38.75056076049805 55.12644958496094 63.16801452636719 69.68794250488281

5 24.09149742126465 59.482749938964844 62.182334899902344 79.5979232788086 1 27.149232864379883 27.48752212524414 66.86441040039062 43.74545669555664 0 29.149127960205078 42.73289108276367 70.30230712890625 65.23902130126953 1 23.709613800048828 17.694089889526367 62.728179931640625 36.858314514160156
2 45.88215255737305 62.03582000732422 90.95623779296875 87.35641479492188 5 43.45608139038086 63.75582504272461 85.43415832519531 88.3523941040039
4 13.545211791992188 28.536319732666016 56.8503532409668 45.69884490966797 6 10.367022514343262 38.70884323120117 53.4278450012207 58.98149871826172 0 18.28367042541504 40.065975189208984 50.856658935546875 58.901588439941406
1 41.35694885253906 82.62865447998047 78.59204864501953 98.0 2 41.31053924560547 61.34843444824219 83.75377655029297 83.4070816040039 3 41.04996109008789 63.0782585144043 84.11080169677734 87.65875244140625
7 4.212764739990234 37.610233306884766 36.88447189331055 53.56032943725586 1 0.0 8.02511978149414 28.447280883789062 22.137678146362305 1 23.607866287231445 27.624792098999023 48.64680480957031 43.45866012573242
2 12.400351524353027 8.173076629638672 48.14274597167969 26.80054473876953 2 30.405534744262695 22.415882110595703 55.374385833740234 37.678367614746094 5 17.54422950744629 21.996383666992188 49.58304214477539 38.442867279052734 0 32.41923141479492 34.563934326171875 63.189186096191406 52.447811126708984 4 10.510176658630371 9.41189193725586 50.422149658203125 28.642963409423828
8 53.05294418334961 42.47412872314453 114.10629272460938 79.22325134277344
3 16.555818557739258 39.44245910644531 50.893585205078125 57.722564697265625 2 9.83642864227295 20.595205307006836 44.685123443603516 39.47577667236328

8 19.608539581298828 83.33531188964844 68.02351379394531 106.7192611694336 9 19.244853973388672 101.4630126953125 78.23480224609375 132.0 1 21.103918075561523 67.75535583496094 76.78640747070312 88.9767837524414 0 23.596771240234375 102.36886596679688 61.50343322753906 128.10592651367188 9 21.11356544494629 82.05033874511719 67.18806457519531 110.23851013183594 4 21.220874786376953 66.85063171386719 70.98104095458984 88.60675048828125
8 8.244333267211914 24.147863388061523 31.49542236328125 36.84918975830078 6 10.740680694580078 13.284957885742188 32.23661804199219 26.839570999145508 5 11.350378036499023 14.763782501220703 29.647430419921875 27.233522415161133
1 11.349936485290527 21.688405990600586 40.807613372802734 37.18295669555664 1 15.57150650024414 8.808586120605469 40.9027099609375 23.759380340576172
8 55.58393096923828 92.87374114990234 91.6366958618164 114.30194091796875 4 61.714332580566406 67.60202026367188 91.82914733886719 85.21092987060547 8 61.84225082397461 81.486572265625 89.2135238647461 98.12242126464844
3 11.537724494934082 34.255340576171875 38.12555694580078 49.393035888671875
6 9.064431190490723 31.976524353027344 41.09824752807617 50.25777816772461 0 11.597686767578125 46.712703704833984 36.782325744628906 60.36968994140625
7 17.233076095581055 40.26666259765625 37.58694076538086 56.30727005004883 0 19.410552978515625 22.887033462524414 44.55729675292969 36.85173034667969 1 10.418249130249023 21.439538955688477 40.53446578979492 33.56669998168945 6 15.033550262451172 24.307598114013672 43.30125427246094 34.87744903564453 4 15.368626594543457 28.284976959228516 39.321044921875 39.566688537597656
4 8.721436500549316 0.21193146705627441 29.188709259033203 11.14798355102539
1 28.484699249267578 0.4688670039176941 66.86687469482422 19.60088539123535 0 11.040278434753418 39.092952728271484 44.18695831298828 59.76216506958008 7 19.670459747314453 17.634830474853516 56.1717414855957 38.04110336303711 5 16.443037033081055 12.961516380310059 51.411537170410156 35.27488708496094 1 20.687206268310547 21.854522705078125 53.8194465637207 39.646785736083984 1 10.366535186767578 32.64097595214844 46.51995849609375 50.8581428527832
6 13.414223670959473 28.552505493164062 60.33409881591797 49.99690628051758 0 17.575054168701172 52.6591682434082 61.95416259765625 73.01176452636719 1 14.017513275146484 11.309748649597168 59.79096984863281 34.62643051147461 7 16.810556411743164 10.27547836303711 65.6793441772461 29.78413963317871 9 29.234371185302734 32.07350158691406 68.22103118896484 49.0438232421875 0 32.33382797241211 25.254364013671875 65.5225830078125 48.6556282043457
3 36.0331916809082 94.52882385253906 89.0864486694336 123.33960723876953 6 42.59872055053711 75.43547821044922 89.6041488647461 99.77068328857422 9 48.21635055541992 117.89960479736328 106.05546569824219 144.28713989257812 6 14.00412368774414 74.54673767089844 79.1620101928711 119.9875717163086 9 15.715907096862793 108.8298568725586 86.5972900390625 144.03024291992188
4 13.02263069152832 16.560583114624023 44.210289001464844 32.58017349243164 5 12.389093399047852 36.57379150390625 42.19999694824219 52.401885986328125 2 15.041788101196289 7.465822219848633 37.95695877075195 25.981420516967773
9 38.792972564697266 33.644561767578125 66.75103759765625 49.6147346496582 2 37.100955963134766 1.1515955924987793 64.69929504394531 19.41555404663086 0 38.65666961669922 16.829925537109375 68.49022674560547 33.32425308227539 9 41.77284240722656 18.739513397216797 71.83502960205078 34.534324645996094
4 21.72136116027832 19.185787200927734 45.21108627319336 32.77306365966797 7 14.245816230773926 4.323036193847656 44.905399322509766 21.863576889038086 7 21.692840576171875 21.29055404663086 47.5762825012207 36.59138488769531 1 14.729543685913086 9.098679542541504 42.99222183227539 24.12110710144043 4 9.066940307617188 21.78816032409668 39.82268524169922 37.51029968261719
2 52.30181121826172 63.71219253540039 82.646240234375 82.4657211303711 4 48.979034423828125 77.07366180419922 83.47055053710938 98.0
4 4.853379726409912 17.432209014892578 27.98154067993164 30.65000343322754
1 8.653822898864746 26.5086669921875 40.91239547729492 40.680545806884766 1 7.170536994934082 16.265830993652344 42.07670974731445 30.406726837158203
4 87.56073760986328 74.59204864501953 143.9853973388672 103.85888671875 7 83.93142700195312 93.03917694091797 125.32201385498047 115.71561431884766 7 64.93367767333984 46.25199508666992 138.11570739746094 74.87334442138672 4 78.28675842285156 61.23640060424805 137.18682861328125 92.43651580810547 4 75.06098175048828 86.28892517089844 128.53379821777344 112.22747039794922 5 58.049747467041016 43.11405944824219 138.25828552246094 77.13420867919922
2 35.613651275634766 34.9278564453125 59.44376754760742 50.33344650268555 7 34.92240905761719 14.401203155517578 66.19441223144531 33.70449447631836
1 8.780227661132812 8.635638236999512 39.61095428466797 22.419200897216797

5 11.912760734558105 14.057278633117676 38.496402740478516 30.85555648803711 9 16.58644676208496 10.243115425109863 47.8392448425293 26.9566593170166 1 6.760665416717529 8.102897644042969 36.116722106933594 21.33997344970703
1 15.797467231750488 35.71335220336914 59.65430450439453 52.752891540527344 6 19.0238094329834 11.621556282043457 54.97479248046875 30.96697235107422
4 16.34894371032715 6.398009300231934 44.01228332519531 22.283348083496094 5 35.46992111206055 0.21114370226860046 57.000003814697266 17.514413833618164
1 9.5341157913208 16.243574142456055 38.68391036987305 33.05348587036133 3 12.658196449279785 34.25895309448242 41.82118225097656 50.003414154052734

0 12.684597969055176 19.252683639526367 45.869422912597656 35.99663162231445 1 15.464934349060059 13.186758995056152 50.064537048339844 31.12972068786621
7 32.696014404296875 34.33312225341797 57.33739471435547 46.940128326416016 2 27.914947509765625 21.097877502441406 60.83400344848633 37.502037048339844
2 9.417257308959961 27.13681983947754 34.479888916015625 39.18366241455078
3 39.8305549621582 23.924819946289062 61.0 38.110252380371094 3 39.67622375488281 39.45772933959961 61.0 54.38576126098633 5 43.599361419677734 25.98116683959961 61.0 40.06277084350586
9 7.188346862792969 29.700645446777344 36.05427551269531 41.60795593261719 4 3.0639333724975586 33.150794982910156 30.580760955810547 47.02064514160156 1 9.539207458496094 18.448867797851562 35.95077133178711 31.263154983520508

4 9.605252265930176 0.1188601702451706 32.75706100463867 13.391069412231445 4 10.746273040771484 11.5980806350708 32.415802001953125 25.04709815979004 2 13.374176025390625 7.676388263702393 33.415767669677734 19.414653778076172
4 11.010519981384277 10.60299301147461 36.60197830200195 24.911767959594727
6 6.531571865081787 19.36701011657715 26.882009506225586 30.16729736328125 5 8.856070518493652 19.61994171142578 26.42592430114746 31.209325790405273
1 30.62436294555664 9.02184009552002 86.90264129638672 29.874662399291992 6 7.995984077453613 52.12879180908203 61.15608596801758 80.21003723144531 4 28.2745418548584 26.149002075195312 89.66316223144531 52.91358184814453 1 18.811840057373047 38.633148193359375 70.55777740478516 59.378047943115234
3 16.99423599243164 5.538997650146484 47.820858001708984 22.13631248474121 3 15.443314552307129 39.95257568359375 48.44377517700195 56.63798904418945 5 15.674352645874023 22.8349666595459 47.626983642578125 40.83955764770508
2 9.215142250061035 22.108287811279297 28.495515823364258 35.329566955566406
1 20.044620513916016 1.1226435899734497 112.44756317138672 34.43252944946289 4 43.94152069091797 53.71239471435547 133.08116149902344 101.50994873046875 1 102.82575225830078 6.304487705230713 144.23680114746094 24.859561920166016
9 46.18868637084961 32.62828826904297 79.01750183105469 52.33715057373047 4 48.156925201416016 19.10186004638672 79.40672302246094 36.763954162597656 2 43.799652099609375 28.839143753051758 81.92607879638672 53.828189849853516
4 9.860163688659668 22.103057861328125 28.62595558166504 30.81957244873047 2 11.277155876159668 7.681869983673096 29.061174392700195 17.976171493530273
8 53.95068359375 92.98097229003906 92.31571197509766 112.77685546875 1 56.43641662597656 79.8752670288086 92.97357177734375 96.65321350097656 6 59.18510055541992 86.99913787841797 93.43450164794922 108.67155456542969
6 64.11358642578125 22.087121963500977 99.13877868652344 44.35259246826172 1 67.84452056884766 38.766658782958984 97.97193145751953 58.38838577270508
6 16.40400505065918 22.847007751464844 51.92940139770508 41.51813888549805 2 17.839658737182617 40.0982666015625 58.14822006225586 57.00049591064453
2 21.74102020263672 17.363067626953125 40.9034423828125 31.360240936279297
0 32.6182746887207 12.173676490783691 53.007869720458984 26.06817054748535 4 39.74691390991211 24.08013916015625 66.63737487792969 42.696006774902344 2 30.679393768310547 34.18711471557617 58.35098648071289 55.58542251586914 2 31.260862350463867 2.0128026008605957 60.4690055847168 17.89212989807129 9 30.575456619262695 12.806344985961914 58.29296112060547 27.464845657348633 7 32.729244232177734 2.555537700653076 52.85868835449219 14.749879837036133
8 25.2208309173584 35.168338775634766 64.55288696289062 57.54655456542969 1 6.411776542663574 25.22551155090332 43.87583541870117 40.6269416809082
8 36.093894958496094 67.130615234375 60.105350494384766 81.4434585571289 8 18.816234588623047 66.71858215332031 51.84808349609375 86.94188690185547
1 4.935883045196533 12.553848266601562 28.09326934814453 25.563228607177734
1 34.145931243896484 73.22168731689453 87.53902435302734 100.89990234375 5 32.01470947265625 94.1819076538086 87.06912231445312 124.71991729736328 1 30.610008239746094 49.72042465209961 87.43668365478516 74.99848937988281 1 38.67709732055664 60.410640716552734 82.61200714111328 86.61051177978516 1 33.23460388183594 86.51762390136719 79.09230041503906 110.17868041992188
8 9.267282485961914 14.90488052368164 28.130678176879883 25.991056442260742 4 12.978671073913574 24.616729736328125 35.173797607421875 35.33273696899414 4 15.740621566772461 29.327518463134766 32.49330520629883 38.79070281982422
9 14.082563400268555 42.50571060180664 41.014739990234375 58.220420837402344 3 12.224569320678711 30.37965965270996 39.5090217590332 46.55195999145508

1 9.01983642578125 19.064828872680664 30.941499710083008 31.817991256713867
2 85.18962860107422 0.0 134.07220458984375 12.735050201416016

8 111.05298614501953 122.78160858154297 150.27236938476562 151.92144775390625 2 32.06996536254883 75.303466796875 102.71050262451172 118.75582885742188
2 7.958015441894531 4.363505840301514 34.219600677490234 18.37678337097168
1 17.55333137512207 1.4419678449630737 58.34660339355469 19.018239974975586 2 16.323957443237305 21.36805534362793 53.917701721191406 41.633392333984375 7 12.123916625976562 41.95050048828125 49.18435287475586 65.46599578857422
2 30.849483489990234 0.4889787435531616 70.0872573852539 23.42021369934082 4 30.461883544921875 52.401268005371094 78.70866394042969 80.03535461425781 1 28.411989212036133 29.995134353637695 77.68182373046875 51.45096969604492 2 41.30337142944336 7.023879051208496 65.69417572021484 18.480911254882812

8 30.081554412841797 14.453136444091797 76.91783905029297 39.837650299072266 2 32.69738006591797 18.74175453186035 75.23612976074219 39.606224060058594 1 0.0 38.620277404785156 34.62514114379883 57.08390808105469
9 12.70117473602295 27.210947036743164 33.4107551574707 40.057430267333984
2 0.0 87.90189361572266 30.897274017333984 109.9915542602539 5 0.0 104.30747985839844 29.548917770385742 123.99999237060547
7 21.420377731323242 54.637107849121094 44.942527770996094 64.08230590820312 6 15.371282577514648 37.51525115966797 49.375728607177734 55.760860443115234

8 12.357470512390137 45.07493209838867 33.856685638427734 57.57973861694336 8 11.385628700256348 52.3127326965332 32.051300048828125 65.66393280029297 6 8.610180854797363 51.72597885131836 31.100725173950195 65.50450134277344
2 5.588631629943848 3.2358975410461426 28.372411727905273 15.562082290649414 3 8.94234561920166 5.098025321960449 32.86033248901367 16.2684383392334 2 7.003599166870117 29.53667449951172 29.517017364501953 42.6120719909668
7 22.639789581298828 60.08903503417969 69.9924545288086 83.40213775634766 2 24.81673812866211 23.195451736450195 72.44254302978516 47.5726318359375 4 37.41917419433594 44.50182342529297 76.15917205810547 64.89877319335938 4 24.94444465637207 28.018781661987305 67.77830505371094 51.077484130859375 1 19.110197067260742 60.16059875488281 74.9816665649414 82.06653594970703
8 17.753305435180664 0.7249113917350769 42.11601257324219 16.799306869506836 6 13.096161842346191 17.26077651977539 40.89239501953125 31.72198486328125
2 5.831756591796875 17.51680564880371 30.362102508544922 30.93357276916504
2 21.43073081970215 28.474044799804688 57.51601028442383 44.54412841796875
8 52.811126708984375 85.52442169189453 91.00607299804688 106.22449493408203 9 53.86679458618164 84.68563842773438 87.11048889160156 104.74406433105469 1 43.97343444824219 69.41983032226562 89.80476379394531 88.7076416015625 0 53.67275619506836 85.83940887451172 80.91941833496094 105.21923065185547

7 33.67273712158203 36.16794967651367 108.008544921875 72.8635482788086
1 19.173145294189453 72.23190307617188 85.28398895263672 98.82109069824219 9 19.789335250854492 40.33769226074219 81.76899719238281 69.44305419921875 1 22.206878662109375 4.59431791305542 80.95277404785156 28.54136085510254 0 15.854519844055176 38.484432220458984 74.02714538574219 70.07817840576172
2 12.202825546264648 20.643224716186523 52.516265869140625 39.838687896728516 5 20.75802993774414 40.84034729003906 60.95847702026367 61.1685676574707 6 9.583967208862305 38.73134994506836 54.07535171508789 61.091548919677734
2 12.121766090393066 30.05196189880371 32.09891891479492 42.51481628417969 4 9.816887855529785 20.828054428100586 32.185829162597656 30.978235244750977 9 11.478779792785645 17.528579711914062 33.9429817199707 30.840118408203125
2 25.179595947265625 25.597450256347656 57.880393981933594 43.5554313659668 9 25.468223571777344 46.75082778930664 60.22364807128906 66.75008392333984
2 31.04242706298828 37.12673568725586 85.53279113769531 68.44951629638672 7 25.49937629699707 104.94725799560547 86.47916412353516 136.53485107421875 4 29.785566329956055 49.403045654296875 85.14081573486328 83.25728607177734 7 34.18808364868164 77.50110626220703 119.07234191894531 112.9591293334961 7 65.990478515625 102.95512390136719 138.0 134.5478057861328
6 12.438167572021484 44.76097869873047 41.22745132446289 62.48969650268555 1 9.370665550231934 33.760318756103516 43.35306167602539 53.229454040527344 2 20.034284591674805 3.441934585571289 51.20298767089844 22.598522186279297
5 22.722593307495117 37.367889404296875 51.992332458496094 53.91522216796875 3 19.273151397705078 48.55261993408203 48.59626388549805 63.0
2 32.55937957763672 56.825984954833984 83.34317016601562 83.94405364990234 2 35.97282791137695 3.407914400100708 80.02994537353516 30.908374786376953 4 32.727081298828125 25.716529846191406 79.97613525390625 48.56595230102539
1 20.274757385253906 41.302085876464844 64.57988739013672 60.187095642089844 8 17.206069946289062 55.185890197753906 59.73916244506836 71.60731506347656 9 17.340106964111328 54.484642028808594 52.830936431884766 74.47811126708984 6 20.17432403564453 56.595394134521484 63.863311767578125 72.6312484741211
4 7.417098045349121 40.118568420410156 37.5474853515625 58.163307189941406
8 6.294393539428711 2.7638509273529053 24.151586532592773 13.106111526489258
2 85.44210815429688 90.90485382080078 111.77285766601562 108.36199188232422 6 88.8558349609375 105.95135498046875 109.20538330078125 118.69471740722656 1 10.904105186462402 22.90191078186035 83.87339782714844 57.09864044189453

4 25.647720336914062 26.73862648010254 52.30434036254883 42.401458740234375 2 11.753063201904297 16.435468673706055 43.954410552978516 35.06520462036133 9 9.489245414733887 16.198244094848633 46.84627914428711 34.55841064453125
2 19.102140426635742 22.532470703125 44.62533187866211 36.344608306884766 5 19.422853469848633 35.073707580566406 47.98679733276367 49.59953689575195 7 19.248626708984375 46.14952850341797 45.42787551879883 58.1931266784668 2 22.478771209716797 15.638809204101562 53.184200286865234 32.51148986816406
5 52.37155532836914 12.146081924438477 93.26895904541016 37.87777328491211 1 50.87396240234375 2.2864010334014893 98.21189880371094 22.452272415161133 1 49.922733306884766 31.310352325439453 88.41695404052734 48.02043914794922 5 46.32068634033203 60.99823760986328 111.0 87.46129608154297 1 53.07309341430664 61.55210494995117 109.47813415527344 86.82862854003906 7 62.320350646972656 84.44705200195312 107.25846099853516 107.51996612548828
2 20.00755500793457 21.436717987060547 42.41932678222656 39.01789855957031
1 29.489744186401367 11.055404663085938 157.59214782714844 60.7957649230957 5 28.311758041381836 1.8015516996383667 119.03850555419922 45.259239196777344
8 7.077581882476807 10.998886108398438 23.682573318481445 19.881431579589844 3 7.2018585205078125 10.438281059265137 24.44253158569336 20.7235164642334

3 23.023160934448242 28.06658935546875 53.598777770996094 48.72605514526367 1 19.874486923217773 64.11095428466797 49.73159408569336 82.70022583007812 0 23.307605743408203 47.70356369018555 61.797698974609375 67.2935562133789 1 5.62235164642334 0.0 54.249568939208984 19.17995834350586 4 15.09597110748291 52.592010498046875 34.7769775390625 62.526798248291016 9 22.414011001586914 45.28285217285156 56.424747467041016 65.5988540649414
2 24.636600494384766 43.710914611816406 64.89444732666016 64.68740844726562 2 25.08124542236328 20.617551803588867 65.36021423339844 41.61116027832031
4 50.42610168457031 78.18352508544922 98.3157730102539 98.80953216552734 0 55.84832763671875 91.67399597167969 100.08872985839844 114.27444458007812 1 25.5375919342041 10.24678897857666 97.87149047851562 41.72011947631836 5 38.00981140136719 104.493408203125 97.9397964477539 128.3637237548828
1 8.073209762573242 19.334020614624023 39.87681198120117 32.18381881713867 6 7.847882270812988 34.50205993652344 36.04537582397461 49.81663131713867

5 76.95712280273438 120.00755310058594 122.85710906982422 140.80471801757812 5 81.79542541503906 142.9526824951172 120.26847076416016 164.8347625732422 5 83.3702163696289 133.667724609375 119.23747253417969 153.57855224609375 1 95.87094116210938 47.90984344482422 152.95567321777344 80.2651596069336 2 89.42922973632812 100.92449188232422 123.83448791503906 123.35092163085938 3 83.97161102294922 99.44194030761719 116.56402587890625 125.75209045410156
9 25.525772094726562 23.888153076171875 73.83513641357422 47.845699310302734 3 26.521194458007812 2.0144670009613037 75.76283264160156 26.931482315063477 0 21.22021484375 42.59306335449219 77.5310287475586 64.08000183105469 0 25.635122299194336 27.18726348876953 60.50812530517578 42.161827087402344 7 27.219722747802734 3.2738475799560547 68.41496276855469 29.240062713623047 3 31.13728141784668 28.07172393798828 72.48136138916016 46.837615966796875
1 27.468427658081055 66.72135925292969 108.1514892578125 97.3186264038086
2 12.833822250366211 8.334020614624023 33.33506774902344 19.51898956298828
2 82.75137329101562 68.49675750732422 144.8280792236328 107.68254089355469
2 16.522506713867188 7.258063793182373 48.011451721191406 24.952848434448242

3 21.487049102783203 35.560302734375 54.409297943115234 54.734580993652344
2 43.1854248046875 32.87522888183594 65.056884765625 50.29177474975586
1 95.11036682128906 25.737890243530273 158.60848999023438 51.679012298583984
7 9.336134910583496 20.51618194580078 33.61219787597656 32.047279357910156 7 11.661284446716309 5.144623756408691 37.742095947265625 17.871164321899414
1 66.19818878173828 78.48234558105469 103.15731048583984 97.1891098022461 1 52.67020797729492 1.6026190519332886 132.37213134765625 28.250972747802734 1 0.0 12.890473365783691 58.15684127807617 44.6106071472168
4 30.956233978271484 14.349335670471191 71.1700439453125 38.37417221069336
1 66.36663818359375 0.0 139.57345581054688 26.317506790161133 0 68.8433837890625 10.802119255065918 154.19180297851562 38.22694778442383 1 70.65938568115234 28.155029296875 128.03335571289062 51.79148864746094 1 66.18510437011719 40.50398635864258 141.31146240234375 68.21377563476562 0 62.293094635009766 22.211082458496094 144.05520629882812 50.86775207519531



4 18.980749130249023 20.474552154541016 42.481319427490234 37.44793701171875 6 21.35846519470215 33.62508010864258 47.2001838684082 50.03293991088867 9 18.992616653442383 31.67620086669922 46.82830047607422 50.24795913696289
7 10.08462142944336 1.1721876859664917 35.702552795410156 14.529874801635742 5 16.083877563476562 13.530635833740234 40.07468032836914 27.54677963256836
2 22.49861717224121 14.866080284118652 50.74647903442383 30.200620651245117 1 15.888116836547852 4.57360315322876 47.20420455932617 19.612958908081055 1 18.554052352905273 25.051513671875 55.901947021484375 40.18489456176758 4 18.333951950073242 12.830930709838867 55.9549446105957 31.575193405151367
1 25.962013244628906 3.7630605697631836 61.32984161376953 23.303842544555664 8 26.695768356323242 12.183180809020996 65.12127685546875 35.437870025634766 0 18.778427124023438 17.144662857055664 55.864158630371094 42.26142883300781
5 24.8664493560791 9.894776344299316 55.05654525756836 32.57057571411133
4 15.280227661132812 23.734575271606445 41.812355041503906 39.252403259277344 7 13.761528015136719 40.60020446777344 38.91067123413086 52.791831970214844
7 50.08699035644531 71.53084564208984 99.7144775390625 101.09282684326172 3 47.94816970825195 95.91799926757812 93.02787780761719 120.57205200195312 1 62.53617477416992 78.78880310058594 103.1672134399414 96.15135192871094 1 12.989828109741211 7.708725929260254 106.82101440429688 36.9444580078125
6 16.90781021118164 25.627227783203125 40.406654357910156 39.57390594482422 5 24.042360305786133 38.016319274902344 48.50646209716797 51.62948989868164
5 12.475103378295898 0.0 30.5054988861084 10.148880958557129 3 13.262032508850098 0.0 30.68426513671875 10.240752220153809
1 116.48060607910156 156.31869506835938 237.1908721923828 197.88265991210938 1 145.15875244140625 127.60735321044922 211.45416259765625 164.32411193847656 1 32.670467376708984 168.11253356933594 141.30873107910156 199.00828552246094
9 21.012784957885742 22.37835693359375 45.60271072387695 36.25753402709961
2 10.010857582092285 1.7068690061569214 41.58063888549805 17.44329261779785 4 8.101134300231934 2.3991787433624268 43.092342376708984 23.316722869873047
7 26.850643157958984 71.75529479980469 77.91795349121094 94.46334075927734 4 35.22628402709961 68.99995422363281 79.34276580810547 93.58922576904297 1 22.561708450317383 11.067184448242188 68.3937759399414 31.990568161010742
5 7.040542125701904 1.3732308149337769 28.862394332885742 13.240925788879395
2 39.42397689819336 13.932061195373535 71.53306579589844 33.871238708496094

7 11.126222610473633 19.682422637939453 46.42061233520508 38.20302200317383
0 17.484298706054688 23.3841552734375 44.554718017578125 36.070247650146484 7 19.748218536376953 12.62219524383545 45.01789093017578 27.15789222717285 4 22.74571990966797 26.89405059814453 48.67359161376953 42.62640380859375 4 19.649484634399414 13.705646514892578 44.343441009521484 27.946796417236328
3 19.771831512451172 16.024120330810547 48.55705642700195 33.043617248535156
9 18.212059020996094 25.934383392333984 46.506736755371094 44.39592361450195

2 6.204358100891113 4.848869323730469 28.600791931152344 17.216487884521484
1 13.18089485168457 55.13015365600586 51.28484344482422 70.48516845703125
7 13.699323654174805 27.66449737548828 41.15959930419922 44.1672248840332
5 81.11732482910156 44.106998443603516 143.0057373046875 85.67705535888672
1 30.17162322998047 91.2197494506836 123.91817474365234 126.99951934814453 1 31.03925323486328 55.00148010253906 122.5414047241211 91.04927062988281
5 7.37665319442749 9.991150856018066 33.29627990722656 22.982177734375
9 10.351364135742188 12.094489097595215 28.359127044677734 23.78970718383789
8 16.906810760498047 7.864042282104492 42.23078918457031 22.626779556274414 5 18.5460262298584 22.372209548950195 44.563804626464844 38.21513748168945
1 37.83295440673828 11.322748184204102 64.96529388427734 27.70720863342285 6 38.83427810668945 24.918188095092773 65.1439437866211 41.73287582397461 3 34.38917922973633 37.13705825805664 62.95851135253906 52.323787689208984 1 36.97779846191406 17.36846923828125 58.92477035522461 36.075801849365234
4 8.317347526550293 3.496070146560669 22.6059627532959 12.3521146774292
3 59.346351623535156 77.31110382080078 99.5710678100586 99.51547241210938 1 66.34036254882812 56.886878967285156 99.74935913085938 77.31010437011719 1 73.38584899902344 4.865087032318115 136.0 35.69930648803711
5 4.460210800170898 2.4115004539489746 31.380718231201172 16.432207107543945 2 7.434688568115234 17.599849700927734 32.86783981323242 33.385597229003906
1 24.478500366210938 69.61225891113281 94.413330078125 95.45459747314453 1 48.35458755493164 4.4475555419921875 78.22315979003906 20.949296951293945 1 62.09400939941406 75.5194320678711 119.0 100.96685028076172

2 10.826566696166992 19.484920501708984 26.932924270629883 29.76881980895996
8 22.058542251586914 56.86117935180664 68.92329406738281 77.00399780273438 4 23.516435623168945 16.52259635925293 63.00209426879883 36.48735427856445 7 17.379323959350586 32.69108200073242 65.41433715820312 55.6599006652832 6 27.692716598510742 54.48820877075195 66.5396957397461 78.47515106201172
3 58.64096450805664 18.01834487915039 109.73665618896484 43.39027786254883 6 56.806583404541016 51.98263168334961 109.86207580566406 78.90376281738281 1 57.94784927368164 36.28255081176758 105.59053802490234 58.00721740722656 8 61.048282623291016 16.93031883239746 107.88092041015625 43.40426254272461
3 14.973723411560059 22.51523208618164 52.088531494140625 41.64454650878906 7 23.790416717529297 5.053388595581055 58.042240142822266 22.163082122802734
7 20.46143341064453 22.19809913635254 46.83039474487305 37.52376174926758 1 21.861013412475586 0.12925486266613007 51.96381759643555 12.943564414978027 5 23.212533950805664 11.389830589294434 47.88454818725586 25.33893394470215 3 22.989572525024414 21.707365036010742 49.460811614990234 37.40465545654297

1 11.059086799621582 15.27535343170166 40.81212615966797 28.2225284576416 8 7.932821273803711 29.53397560119629 42.31900405883789 43.9282112121582
1 11.282770156860352 4.7654218673706055 44.3963737487793 19.676424026489258 8 13.66425609588623 18.567840576171875 45.29582595825195 36.071964263916016
4 13.988320350646973 19.215452194213867 36.81125259399414 31.877403259277344 5 11.475412368774414 0.8685152530670166 38.97639846801758 19.019325256347656 4 12.068655014038086 24.669071197509766 37.7296028137207 38.50681686401367
3 47.68336486816406 33.22454833984375 101.15255737304688 64.89503479003906 2 35.94989776611328 69.44282531738281 99.20286560058594 108.17219543457031 6 41.02479934692383 30.414325714111328 105.19727325439453 60.51195526123047
5 46.66053771972656 55.58779525756836 84.32598876953125 78.48344421386719 6 45.24016571044922 75.59979248046875 78.16597747802734 93.07039642333984 1 64.91694641113281 57.233089447021484 105.12106323242188 74.2230224609375
8 18.237815856933594 59.35924530029297 42.8054084777832 73.71638488769531 1 20.07284927368164 15.302885055541992 60.9796142578125 33.91032028198242 4 17.863441467285156 44.80914306640625 50.39305114746094 60.817508697509766
3 47.95484161376953 76.15200805664062 95.29952239990234 104.23573303222656 1 37.3310432434082 47.410362243652344 96.18688201904297 74.9420166015625 1 34.185367584228516 28.310016632080078 91.60779571533203 51.75545883178711
2 30.996091842651367 45.07178497314453 60.07162094116211 61.81990051269531 2 31.67620849609375 30.518110275268555 61.09690475463867 47.47731399536133 4 33.73247528076172 45.07794189453125 66.22001647949219 63.985416412353516
1 36.4775505065918 29.83934211730957 75.19061279296875 45.20750045776367 2 30.79944610595703 43.23518753051758 68.47753143310547 64.98762512207031
1 15.337959289550781 6.195103168487549 50.66148376464844 21.15615463256836 7 17.028688430786133 17.875638961791992 49.798118591308594 33.062782287597656
1 73.92682647705078 116.38107299804688 125.03002166748047 136.24598693847656 6 77.70909118652344 100.50904846191406 120.54454040527344 120.71438598632812


3 27.820409774780273 84.53221893310547 68.65836334228516 110.16471862792969 0 35.24930191040039 61.060150146484375 81.31790161132812 86.25894165039062 7 29.20005226135254 34.99043655395508 82.02476501464844 62.64930725097656 5 25.101154327392578 84.72660064697266 65.57716369628906 114.03790283203125
2 33.29493713378906 38.014305114746094 100.73242950439453 75.46984100341797 6 29.610748291015625 28.705158233642578 76.9847412109375 55.38674545288086
6 35.4271354675293 32.816585540771484 88.6353530883789 66.71268463134766 6 30.27614402770996 52.223323822021484 81.415283203125 80.92859649658203 4 170.64346313476562 223.60606384277344 272.53363037109375 266.19610595703125 1 174.31959533691406 3.631972312927246 254.88470458984375 43.94846725463867 1 164.9788055419922 32.826820373535156 242.5036163330078 69.88322448730469
9 40.90690612792969 7.329631805419922 77.17594146728516 26.72521209716797 1 2.1851022243499756 34.5396842956543 44.84769058227539 59.82149887084961

2 35.92641830444336 43.54505920410156 89.27853393554688 74.25800323486328 7 24.210824966430664 70.15387725830078 96.40837097167969 99.35226440429688
6 14.678942680358887 7.770283222198486 42.69635009765625 21.225929260253906 6 11.485419273376465 21.276519775390625 41.86345291137695 34.21999740600586 8 10.202509880065918 24.360347747802734 43.14822006225586 35.55036926269531
6 11.260170936584473 50.54435729980469 34.622745513916016 64.26549530029297 4 43.295108795166016 53.77158737182617 71.0 68.15960693359375
3 9.364261627197266 22.263797760009766 24.6125431060791 33.33585739135742 8 6.1092143058776855 22.16935157775879 24.987186431884766 33.38454055786133
3 28.229917526245117 14.587688446044922 51.7518310546875 29.96793556213379 6 28.95096778869629 2.701911211013794 51.39453887939453 17.927345275878906 8 29.29363441467285 8.473284721374512 51.64223861694336 23.130672454833984
2 11.683467864990234 17.25942611694336 40.79705047607422 34.48202896118164 0 12.654577255249023 31.511079788208008 44.172637939453125 48.22441101074219
8 44.39789962768555 43.23451232910156 79.831787109375 62.43134689331055 3 38.30417251586914 12.379491806030273 79.34777069091797 34.498748779296875 1 43.55120849609375 28.476484298706055 81.60006713867188 45.1544189453125 6 42.393550872802734 40.739498138427734 78.78572845458984 63.135066986083984 3 42.78935623168945 22.450965881347656 72.4104232788086 39.753074645996094
2 14.336246490478516 12.471779823303223 52.91562271118164 31.53373146057129
7 85.23888397216797 90.37779998779297 135.13319396972656 115.50739288330078 7 90.26506042480469 82.93682098388672 148.3620147705078 103.51746368408203
3 31.233266830444336 55.151771545410156 69.41963958740234 76.19683837890625 4 29.759418487548828 79.41837310791016 78.74124908447266 102.80008697509766 2 31.603641510009766 74.87602996826172 74.9670181274414 98.6584701538086
2 12.8228759765625 13.963859558105469 30.2676944732666 24.361696243286133 8 5.950737476348877 24.159730911254883 24.85118865966797 34.99114227294922 9 5.647332191467285 25.043001174926758 25.06731414794922 34.427635192871094
6 18.141328811645508 43.02872085571289 43.15718460083008 58.68313980102539 4 19.419025421142578 31.19769859313965 45.70166778564453 45.38199996948242
3 14.842978477478027 14.487508773803711 44.601497650146484 28.825416564941406 4 18.951852798461914 26.396007537841797 49.266265869140625 42.60014343261719 7 18.7813663482666 26.898395538330078 50.6110954284668 40.36726760864258 6 16.943714141845703 28.123516082763672 49.47025680541992 43.109703063964844 1 17.232831954956055 24.04218292236328 45.34493637084961 36.715301513671875

5 7.07356595993042 13.246822357177734 22.2805233001709 21.471023559570312
1 18.88123893737793 38.554359436035156 63.45939636230469 60.32588195800781 5 28.129623413085938 8.563364028930664 75.65068054199219 36.370906829833984 4 13.117507934570312 34.69915008544922 59.01419448852539 60.652523040771484

3 20.07700538635254 30.30376434326172 50.2528190612793 46.26422119140625 1 16.004636764526367 41.32755661010742 45.62525177001953 56.438323974609375 4 20.24008560180664 34.64973068237305 49.76009750366211 50.006473541259766
8 8.345232963562012 13.867288589477539 33.286685943603516 28.482311248779297
5 38.052024841308594 34.304664611816406 69.81000518798828 53.616973876953125 1 30.646047592163086 21.61646842956543 74.14598083496094 37.783451080322266
9 27.711322784423828 31.00252342224121 64.81758880615234 51.58688735961914 5 21.162322998046875 48.94852066040039 67.41242218017578 70.75409698486328 5 21.8620548248291 12.653367042541504 67.5141372680664 32.4611930847168
1 38.988433837890625 36.72675704956055 72.4942855834961 52.87582015991211 3 45.48884963989258 24.26601219177246 74.65181732177734 41.83747100830078 4 66.48490905761719 7.118558883666992 95.18157196044922 25.83742904663086 1 45.66719436645508 82.3967514038086 106.58729553222656 110.87675476074219
4 13.83806324005127 26.89323616027832 32.737430572509766 41.21590042114258 2 16.89546012878418 26.027746200561523 41.13429260253906 39.67921447753906 3 8.57880973815918 28.32196617126465 34.623409271240234 42.54524230957031 4 14.588020324707031 20.062685012817383 41.55442428588867 31.110048294067383 8 11.497964859008789 27.899911880493164 36.97521209716797 41.76982879638672
1 86.79780578613281 66.7244873046875 190.05039978027344 123.82506561279297 7 34.123695373535156 100.17279815673828 86.3302001953125 146.96116638183594
1 28.09893226623535 12.665453910827637 86.00418853759766 35.453941345214844 0 26.934947967529297 35.17600631713867 90.0359115600586 62.09611892700195 1 13.591423034667969 91.81632232666016 91.42462158203125 122.93036651611328
2 21.551218032836914 12.888578414916992 44.7789421081543 29.68939781188965 5 19.07358741760254 22.94012451171875 44.59894943237305 38.983524322509766

2 21.761205673217773 36.42429733276367 50.58211135864258 52.82938003540039 7 9.792313575744629 19.023704528808594 37.595237731933594 35.651405334472656 3 20.648757934570312 36.120601654052734 46.661163330078125 52.61361312866211 7 21.329498291015625 34.733116149902344 49.1430549621582 51.15532302856445


2 20.32291030883789 18.757164001464844 43.457679748535156 33.96284103393555 3 15.248387336730957 19.498287200927734 39.91343688964844 34.94123077392578 5 8.44663143157959 17.868209838867188 33.674129486083984 33.9573860168457

6 48.70383071899414 37.346107482910156 85.08365631103516 61.99607849121094 3 37.92024612426758 14.024176597595215 82.40047454833984 39.831607818603516
6 12.202214241027832 29.35753631591797 33.072052001953125 40.88946533203125
2 34.84287643432617 34.06460189819336 76.42986297607422 58.260196685791016 6 31.67276954650879 56.54756164550781 71.96099090576172 80.72406768798828 2 29.801366806030273 55.65066909790039 73.35721588134766 84.61333465576172
3 20.037540435791016 29.149513244628906 55.09830856323242 50.69591522216797

2 69.17665100097656 7.694591045379639 136.9488067626953 48.171165466308594 5 66.3304672241211 41.91200637817383 140.26429748535156 86.03632354736328 4 33.7435302734375 57.804107666015625 102.6319808959961 93.79936218261719 4 40.51676559448242 82.17704772949219 106.2694091796875 119.45820617675781 4 42.66568374633789 56.7064323425293 84.41764831542969 77.3227310180664 8 47.251956939697266 16.096464157104492 101.243408203125 51.91606140136719

4 41.064476013183594 44.965206146240234 75.01252746582031 64.24972534179688 3 42.18513107299805 31.27785301208496 70.55000305175781 47.847991943359375 7 15.076061248779297 71.66940307617188 74.31211853027344 98.48222351074219

6 50.53557586669922 19.489713668823242 80.28649139404297 35.548919677734375 1 50.88589096069336 10.79635238647461 81.30075073242188 27.895660400390625 4 51.26629638671875 7.181624412536621 79.12945556640625 22.39282989501953 4 55.85322952270508 34.1828498840332 83.89044952392578 52.76994323730469 7 54.485557556152344 34.123531341552734 77.75059509277344 48.25712203979492
2 32.584007263183594 11.584305763244629 65.71965789794922 29.409805297851562 3 31.706951141357422 0.0 64.49246215820312 16.53973960876465
2 14.609451293945312 6.047565460205078 33.31645202636719 17.797042846679688 7 12.394566535949707 18.183074951171875 32.406959533691406 29.993610382080078
7 29.925800323486328 43.296600341796875 60.1483154296875 58.477230072021484 1 0.0 4.829690933227539 24.201536178588867 19.862140655517578 5 30.248088836669922 31.89468002319336 60.91581344604492 47.58851623535156
5 11.417529106140137 23.091829299926758 29.5899715423584 34.65132141113281 2 11.455259323120117 14.137306213378906 30.687456130981445 26.340505599975586
5 9.649904251098633 9.205815315246582 29.26985740661621 21.303211212158203 5 12.205979347229004 19.238590240478516 34.69937515258789 31.491275787353516
1 11.464710235595703 33.38923263549805 42.07624816894531 46.418670654296875
7 11.306735038757324 24.574867248535156 37.845035552978516 36.60588836669922 3 11.953014373779297 14.099912643432617 39.93499755859375 28.101078033447266 0 8.666877746582031 37.6187858581543 41.12590026855469 50.04393005371094 2 10.616886138916016 0.0 32.36669921875 10.963786125183105
9 8.260869026184082 22.977554321289062 30.42923355102539 36.83317565917969 1 9.356085777282715 14.090681076049805 34.8233528137207 25.68568229675293
5 6.7617268562316895 2.698401927947998 29.26922607421875 15.035453796386719 1 18.315326690673828 15.36156940460205 43.85608673095703 27.591325759887695 2 8.283946990966797 2.7880377769470215 30.37407112121582 15.42483139038086 3 9.635854721069336 0.7361154556274414 29.966053009033203 12.948037147521973
1 12.818357467651367 25.12859344482422 35.45341110229492 36.686927795410156

1 13.310166358947754 13.82163143157959 40.071197509765625 26.51503562927246
3 25.765586853027344 8.540696144104004 51.4467887878418 24.00237274169922 1 25.977293014526367 16.546937942504883 49.776123046875 29.623899459838867
2 9.868939399719238 2.2517576217651367 32.51385498046875 13.817727088928223 4 12.200243949890137 9.962624549865723 34.15081024169922 21.862333297729492 3 13.75790023803711 11.974096298217773 35.48301696777344 23.331871032714844
0 10.513962745666504 30.873144149780273 40.264373779296875 44.55097961425781 6 17.57259178161621 20.111499786376953 46.964630126953125 32.90509033203125
6 67.87490844726562 56.16613006591797 104.55494689941406 83.78177642822266 7 64.87015533447266 41.42375946044922 100.27283477783203 61.419578552246094 4 58.152931213378906 41.962589263916016 101.12031555175781 67.83190155029297 8 65.643310546875 59.14215850830078 106.66363525390625 82.82373809814453
8 25.965551376342773 3.6703202724456787 54.495635986328125 19.07538604736328 7 27.01925277709961 15.069268226623535 65.69434356689453 34.7937126159668
0 33.19739532470703 21.442068099975586 83.63558959960938 41.45671844482422 2 5.9627366065979 22.046117782592773 54.64460372924805 41.14935302734375 1 10.973709106445312 7.119868755340576 64.26634216308594 28.310054779052734 8 24.792083740234375 21.805545806884766 84.12897491455078 43.477874755859375 1 41.931976318359375 10.275001525878906 88.98758697509766 29.600549697875977 9 6.199551105499268 19.355426788330078 59.52557373046875 44.06973648071289
1 0.0 61.93954086303711 84.53424072265625 91.17281341552734 5 82.08820343017578 131.4821319580078 122.5810775756836 149.90606689453125 1 108.25945281982422 56.473873138427734 195.0 90.47394561767578 1 1.1459587812423706 82.73027801513672 100.6612319946289 114.6347427368164 2 80.04267883300781 99.54003143310547 120.05437469482422 117.49697875976562 1 60.671104431152344 71.17630004882812 120.6034164428711 98.16515350341797
6 21.870393753051758 57.63042068481445 51.42582702636719 72.82413482666016 3 18.923696517944336 44.17891311645508 53.28261184692383 59.43260192871094 2 18.880638122558594 44.47733688354492 45.46419143676758 60.11598587036133 4 25.910497665405273 45.036075592041016 48.98088836669922 60.17451858520508
5 9.921428680419922 9.966312408447266 32.550899505615234 21.187294006347656 9 8.625896453857422 20.36208724975586 29.837100982666016 31.854169845581055 7 8.337550163269043 19.218534469604492 29.9240779876709 31.405841827392578 2 13.520299911499023 9.275101661682129 32.99159240722656 21.291807174682617 2 5.4260783195495605 28.496721267700195 23.89597511291504 40.50724411010742
3 15.669239044189453 10.318557739257812 44.15340042114258 25.478809356689453 1 18.91102409362793 1.0766693353652954 59.44179153442383 14.48885440826416 8 15.629125595092773 10.340824127197266 44.25313949584961 26.004121780395508
2 48.46152114868164 80.90910339355469 98.32625579833984 111.76651000976562 9 27.63349151611328 109.35272216796875 81.31851196289062 142.01956176757812 2 33.69428634643555 93.35528564453125 96.92110443115234 126.8824462890625 0 31.948942184448242 105.8427505493164 97.83686065673828 140.1263427734375
8 13.092812538146973 22.045988082885742 37.77946472167969 33.468780517578125 6 11.418012619018555 32.04752731323242 37.09384536743164 44.8764762878418 3 17.60831069946289 23.79132652282715 39.01570129394531 33.19428253173828 0 9.911834716796875 22.236690521240234 33.85699462890625 34.769020080566406 8 12.016790390014648 32.582279205322266 38.254173278808594 46.20514678955078 0 20.665729522705078 32.93830108642578 37.202415466308594 43.034854888916016
5 7.544609546661377 17.62744903564453 27.65943717956543 30.624343872070312
3 11.244498252868652 24.754924774169922 37.82016372680664 40.81592559814453 4 13.628532409667969 3.394188165664673 39.37583923339844 21.810596466064453

1 7.7877516746521 9.79770278930664 31.800081253051758 21.002233505249023 5 11.677647590637207 19.22882080078125 33.77132034301758 31.745492935180664
3 11.59408187866211 22.48745346069336 29.45465850830078 33.04166793823242
2 5.645424842834473 22.979663848876953 48.302703857421875 46.01387023925781 1 22.777584075927734 26.450260162353516 62.782440185546875 46.57738494873047 3 21.998327255249023 53.36044692993164 59.75535202026367 72.37091827392578
3 14.11790943145752 16.58626937866211 37.34173583984375 32.66408157348633 2 11.090776443481445 1.8411827087402344 34.39910125732422 16.326465606689453
6 81.05902862548828 43.10417556762695 128.06924438476562 66.42935943603516 1 81.35847473144531 22.03034782409668 154.60214233398438 53.47747802734375 7 59.611080169677734 63.424930572509766 125.14994049072266 97.18276977539062 6 70.41777038574219 54.876041412353516 129.7271728515625 87.3241195678711
3 18.82860565185547 62.85266876220703 78.35533905029297 89.79412841796875 4 28.650089263916016 34.89257049560547 74.1990737915039 63.48090362548828 4 22.407917022705078 5.852866172790527 72.77745819091797 30.123428344726562 5 20.562570571899414 64.6465072631836 76.79357147216797 94.522705078125 1 13.796733856201172 38.00896453857422 62.2705192565918 58.686363220214844
4 6.856096267700195 1.0101163387298584 26.184844970703125 12.026498794555664
2 22.020030975341797 29.10494613647461 40.99307632446289 41.30121994018555 6 21.979795455932617 40.54023742675781 41.779781341552734 51.727760314941406 8 21.83350372314453 40.592777252197266 42.03317642211914 51.55226135253906 3 23.401254653930664 38.98720169067383 42.717193603515625 49.58047103881836
3 50.910030364990234 71.11972045898438 87.47528839111328 94.51493835449219 2 48.63688659667969 71.78216552734375 96.90126037597656 93.77899169921875
7 8.579927444458008 2.289952039718628 31.573572158813477 17.01153564453125
2 17.52546501159668 30.41156768798828 52.350032806396484 52.70286560058594
5 6.5634236335754395 22.904024124145508 31.12115478515625 36.60437774658203 2 12.092307090759277 23.587677001953125 36.59801483154297 36.57755661010742
5 6.070924282073975 38.916419982910156 34.9571647644043 56.91804122924805 6 7.098917007446289 55.581478118896484 35.1827278137207 70.33319091796875 9 34.73699951171875 35.19001007080078 67.12267303466797 53.27005386352539 0 10.450796127319336 24.070964813232422 39.92103958129883 43.243186950683594 4 32.642723083496094 52.99854278564453 63.44227600097656 71.35005187988281 6 14.308125495910645 7.487707614898682 46.2924690246582 26.0913143157959

5 27.18146324157715 51.513099670410156 57.97850799560547 71.69973754882812 3 28.316181182861328 32.71302032470703 61.40283966064453 52.8420524597168 5 25.046714782714844 33.865169525146484 59.36664962768555 50.977500915527344 3 24.507633209228516 50.77584457397461 57.25172424316406 69.11373138427734 1 23.174095153808594 14.296680450439453 68.14093017578125 33.41973876953125
8 36.58473587036133 17.644094467163086 60.767398834228516 31.05525016784668
7 31.962417602539062 64.85523223876953 69.51422882080078 80.701416015625 2 29.296714782714844 37.12004852294922 63.049434661865234 55.17234802246094 3 27.301410675048828 52.437644958496094 68.6157455444336 71.17231750488281 2 29.026472091674805 83.5409164428711 67.50878143310547 100.21935272216797 3 28.28582763671875 43.96249771118164 65.4804916381836 62.4870491027832 7 35.84947204589844 83.26073455810547 72.82225036621094 101.44766235351562
5 37.95344161987305 20.345827102661133 59.43560791015625 33.86990737915039 2 40.10550308227539 8.03389835357666 59.85498046875 20.83986473083496 4 39.24904251098633 10.182364463806152 64.63025665283203 23.639482498168945
7 69.38065338134766 129.56674194335938 112.42813873291016 155.95516967773438 1 70.37023162841797 100.40403747558594 115.93285369873047 126.43242645263672 4 66.80337524414062 132.00213623046875 109.35069274902344 158.21751403808594 1 72.25376892089844 118.40477752685547 108.61331939697266 138.10867309570312 4 73.77223205566406 118.49044036865234 106.86573791503906 138.14234924316406
2 32.34126281738281 45.649375915527344 86.17961883544922 76.56770324707031 1 56.71134567260742 2.7272045612335205 106.8581771850586 28.098764419555664 6 15.53632926940918 71.14794921875 73.77349853515625 105.94224548339844 0 43.55149459838867 22.60419273376465 99.93736267089844 52.9383544921875
0 16.44141960144043 33.1683464050293 39.14684295654297 45.679317474365234 1 14.25261116027832 1.6656216382980347 51.46434783935547 13.290000915527344
8 19.726869583129883 51.03181457519531 50.81362533569336 65.62969207763672 8 23.2017822265625 36.7805290222168 53.55247497558594 52.45629119873047 4 23.344255447387695 23.34146499633789 55.867618560791016 39.1796875

2 20.91801643371582 9.63962459564209 50.47418975830078 24.942102432250977 2 20.858596801757812 23.784292221069336 53.12118911743164 39.6656494140625 8 15.944690704345703 38.27886962890625 49.24378204345703 53.832420349121094 9 15.436759948730469 40.169620513916016 46.220088958740234 55.039146423339844
6 19.80220603942871 11.777313232421875 57.699951171875 30.755367279052734 1 17.29544448852539 0.0 64.46186828613281 16.835376739501953 1 32.34504318237305 50.063133239746094 85.83939361572266 68.83162689208984

1 10.469733238220215 28.37567710876465 52.944427490234375 44.59954071044922 4 30.111919403076172 38.94797897338867 62.17802429199219 52.12679672241211 7 12.033478736877441 26.871139526367188 52.223060607910156 42.08407211303711
2 14.562373161315918 4.62487268447876 36.32658386230469 17.971763610839844 7 9.854493141174316 20.59657859802246 35.28563690185547 33.988216400146484 0 10.76429557800293 33.18143844604492 36.95435333251953 47.63224792480469
9 10.96859359741211 18.279582977294922 32.45884704589844 31.677858352661133 8 11.12220573425293 19.440105438232422 33.38413619995117 31.297067642211914 4 7.075353622436523 6.765697479248047 35.84051513671875 21.386192321777344
1 141.18966674804688 91.40972900390625 217.0 134.17868041992188 1 0.0 86.39092254638672 139.75836181640625 129.9597930908203 2 10.349361419677734 23.33881950378418 76.68048858642578 51.8261604309082
6 24.76874542236328 20.725276947021484 51.90947341918945 38.27813720703125 4 31.433809280395508 10.399832725524902 59.53783416748047 27.25059700012207 2 25.919919967651367 8.88106632232666 57.97127151489258 25.526765823364258 4 21.08452606201172 22.088027954101562 51.114295959472656 39.27456283569336

1 16.052711486816406 1.6392163038253784 51.06743240356445 18.870498657226562 2 18.689966201782227 14.950584411621094 47.502811431884766 32.503135681152344 2 18.01622772216797 29.418277740478516 46.814334869384766 46.339195251464844
4 86.42927551269531 89.73367309570312 171.75094604492188 139.15869140625 6 64.9482192993164 36.364315032958984 172.33189392089844 111.23725891113281 2 69.38677978515625 30.738536834716797 177.71949768066406 99.72864532470703 2 95.27900695800781 91.11547088623047 147.07427978515625 131.4292755126953

5 6.536933898925781 21.205055236816406 36.866580963134766 35.37510299682617

5 29.3167781829834 51.612735748291016 66.23463439941406 70.23443603515625 2 35.73585891723633 38.72426223754883 70.91300964355469 55.73949432373047 2 40.097171783447266 34.04393005371094 62.194637298583984 49.3442268371582 2 16.761810302734375 25.809680938720703 68.97688293457031 56.257476806640625 2 52.869102478027344 52.98080825805664 98.77851104736328 76.93399810791016
2 15.222465515136719 14.708067893981934 37.19691467285156 26.828462600708008 4 14.02632999420166 1.9373204708099365 36.5064582824707 15.388373374938965
5 45.45703887939453 37.5552864074707 91.83882141113281 59.719215393066406 1 40.24811935424805 71.70718383789062 87.23329162597656 93.36321258544922 6 16.73740005493164 35.12732696533203 63.86109161376953 67.5074691772461
2 49.7269287109375 19.750389099121094 78.44442749023438 40.642086029052734 2 46.666046142578125 2.490757942199707 75.98480224609375 18.94334602355957 4 46.315040588378906 20.509639739990234 85.68397521972656 41.36800003051758 1 33.15723419189453 30.59326171875 82.27948760986328 49.27777862548828 7 37.695594787597656 27.24472999572754 76.16348266601562 47.203548431396484
1 11.253082275390625 29.312488555908203 63.20833969116211 54.772003173828125 2 16.091806411743164 53.38295364379883 72.47952270507812 81.41331481933594 9 15.911481857299805 47.96980667114258 65.3392105102539 79.96470642089844 1 84.88313293457031 9.736162185668945 136.0 39.556705474853516 0 15.458037376403809 50.01641845703125 63.48484802246094 74.29402923583984 2 100.61580657958984 49.17412567138672 134.705322265625 68.09832000732422
7 8.64609432220459 4.501715183258057 33.30598449707031 16.951171875 9 8.055451393127441 16.577709197998047 32.873069763183594 30.316850662231445
2 11.842844009399414 3.7503762245178223 42.565185546875 19.364498138427734 1 37.4314079284668 28.13770294189453 64.0 43.43815994262695 3 11.054591178894043 17.45796012878418 40.19081497192383 32.3513298034668 2 12.969216346740723 20.03957176208496 37.40119552612305 36.79850769042969

8 25.429180145263672 4.184685230255127 53.3812255859375 18.426029205322266 4 26.706005096435547 18.331798553466797 47.80443572998047 31.44776725769043
1 9.165446281433105 30.362171173095703 31.664947509765625 41.0322151184082 5 11.487783432006836 3.6788506507873535 33.36781692504883 16.619083404541016 5 13.328869819641113 17.99128532409668 36.118614196777344 29.230106353759766
1 20.023590087890625 18.477502822875977 41.0 29.61465072631836

5 7.712789058685303 20.788436889648438 28.479248046875 31.66278839111328 5 7.331473350524902 2.8641958236694336 26.138246536254883 13.659143447875977
5 7.640041351318359 18.735204696655273 27.70711326599121 29.977380752563477

7 15.998984336853027 46.16626739501953 41.032508850097656 61.2078742980957 6 54.76190185546875 68.7716293334961 77.89537811279297 86.08247375488281 8 12.526843070983887 29.814861297607422 39.05659103393555 46.05833053588867 6 33.339385986328125 50.41997528076172 62.916229248046875 63.5948600769043 6 13.685687065124512 31.13645362854004 36.171287536621094 47.05711364746094 6 55.95149612426758 8.135499954223633 81.67880249023438 21.657241821289062
5 37.271141052246094 26.37525749206543 61.181549072265625 40.54167938232422 4 33.589229583740234 8.341068267822266 63.43221664428711 30.670011520385742 6 38.31231689453125 27.228830337524414 68.69115447998047 44.15206527709961
1 180.39401245117188 3.026394844055176 234.3355255126953 30.007633209228516
2 28.235240936279297 21.35946273803711 64.5696792602539 41.267738342285156 4 27.90608787536621 43.9920654296875 59.97747802734375 61.992042541503906 0 22.21718978881836 60.769134521484375 61.07331848144531 79.66197204589844 1 18.73187255859375 48.40309143066406 56.40487289428711 66.44837951660156
2 29.070463180541992 28.412578582763672 61.776885986328125 47.04974365234375 3 30.331811904907227 41.77439880371094 55.4312858581543 58.80940628051758

8 40.88161087036133 52.911434173583984 69.9559326171875 72.9973373413086 4 35.68339920043945 33.447059631347656 75.55355834960938 59.16786193847656 3 37.947113037109375 50.033809661865234 76.53089141845703 74.78852081298828 8 34.319976806640625 61.35545349121094 63.707801818847656 77.01571655273438 2 37.16720962524414 25.698455810546875 76.50321960449219 50.91459655761719
9 29.80562973022461 48.1060676574707 61.633392333984375 67.89420318603516
1 19.68248748779297 53.56849670410156 75.77307891845703 80.77660369873047 1 15.384029388427734 15.275768280029297 78.32189178466797 41.67607116699219 1 28.611433029174805 71.5049819946289 91.01549530029297 98.00605773925781 0 18.339759826660156 24.226449966430664 77.98271942138672 57.253173828125 4 24.00495719909668 56.651336669921875 101.73799133300781 85.81129455566406
2 63.78500747680664 36.855018615722656 101.10584259033203 57.306297302246094 0 63.257755279541016 58.75812530517578 105.07810974121094 80.10202026367188 1 10.381793022155762 9.595996856689453 68.36656951904297 38.266075134277344
3 14.109902381896973 13.410905838012695 37.046958923339844 30.480056762695312
8 16.98275375366211 14.07651424407959 41.821205139160156 26.404373168945312 7 17.277816772460938 2.6027348041534424 40.91004180908203 15.190934181213379 6 17.67973518371582 11.308237075805664 46.076080322265625 23.25881576538086

8 43.38695526123047 63.574703216552734 76.8871078491211 82.81192016601562 1 7.350764751434326 15.960522651672363 47.22300338745117 36.649784088134766 0 20.764171600341797 37.93318557739258 62.988155364990234 58.45194625854492
9 25.91226577758789 61.376644134521484 55.36045455932617 76.48798370361328 6 28.297382354736328 48.62654495239258 56.32014083862305 65.22865295410156 8 28.506757736206055 56.558631896972656 53.965579986572266 72.49413299560547
3 39.34196853637695 35.371089935302734 78.17118835449219 58.03559494018555 6 36.474063873291016 56.896297454833984 71.48823547363281 72.3120346069336 1 38.52123260498047 74.1189956665039 76.05851745605469 91.84375
1 54.19116973876953 38.2174072265625 79.80783081054688 53.03199768066406 3 54.49401092529297 49.46634292602539 78.40028381347656 64.2135238647461
5 40.16164016723633 75.81083679199219 67.76741790771484 93.11273193359375 5 42.14830780029297 61.936790466308594 68.39055633544922 80.84706115722656 2 37.359619140625 62.25597381591797 70.93878936767578 75.94892120361328
3 42.17012405395508 97.17062377929688 102.39971160888672 125.24293518066406 4 45.47942352294922 122.14178466796875 85.88565826416016 141.99310302734375 6 49.38939666748047 84.26174926757812 100.24203491210938 112.52184295654297 8 47.332725524902344 56.519134521484375 75.49583435058594 77.2140121459961 1 53.844322204589844 32.61760711669922 96.11779022216797 55.37849044799805 6 45.15353012084961 61.13587951660156 73.15518951416016 77.2745361328125
8 17.862903594970703 44.96633529663086 46.49215316772461 64.15898895263672 1 12.860250473022461 17.219989776611328 50.1181755065918 31.459056854248047
4 20.465166091918945 31.721803665161133 55.8695182800293 47.77271270751953 1 21.67462158203125 21.76042938232422 54.774234771728516 34.888763427734375 3 21.978933334350586 31.5439395904541 55.68181610107422 52.105010986328125 1 9.941511154174805 38.35741424560547 47.515445709228516 56.776302337646484
5 31.88001251220703 6.972539901733398 67.48643493652344 30.187091827392578 5 22.211772918701172 29.91599464416504 58.202056884765625 49.929222106933594 5 11.745185852050781 55.00862503051758 48.06760025024414 75.36651611328125
5 14.688380241394043 28.54889488220215 37.41548538208008 43.64289093017578 8 9.730752944946289 12.002129554748535 36.327735900878906 26.187314987182617
6 61.86595916748047 44.553653717041016 118.25359344482422 69.02131652832031 1 72.2680435180664 27.793312072753906 123.57573699951172 52.622440338134766 7 59.735504150390625 50.07917404174805 116.20563507080078 76.33504486083984 7 68.81171417236328 23.649877548217773 117.80895233154297 50.15946960449219 1 77.77203369140625 36.53030776977539 113.44757080078125 48.68268966674805 1 13.229644775390625 2.064939022064209 83.8859634399414 28.96518325805664
1 2.17954158782959 42.45871353149414 37.74126434326172 60.90288162231445 4 2.760979175567627 44.27345657348633 37.80567169189453 61.91971969604492 8 10.638810157775879 54.155784606933594 40.07301712036133 73.05911254882812
7 52.84003448486328 34.30813217163086 85.06623077392578 56.20780944824219 7 57.20930099487305 45.63668441772461 86.03240966796875 62.57584762573242 4 48.96443176269531 22.27901268005371 82.67890167236328 42.354610443115234 5 52.429847717285156 28.329851150512695 87.8829574584961 45.888572692871094
5 6.270780086517334 15.548701286315918 29.43629264831543 26.917736053466797 1 4.618526458740234 3.512040138244629 29.829578399658203 16.998668670654297 9 7.909421920776367 16.19139862060547 29.712886810302734 27.033903121948242
1 9.367653846740723 11.679132461547852 32.24081802368164 20.514934539794922
2 53.9649772644043 61.72548294067383 105.76177978515625 88.67732238769531 6 45.755714416503906 101.68040466308594 96.44413757324219 127.03014373779297 8 48.712764739990234 102.93339538574219 99.59539031982422 127.73101043701172 7 69.95111846923828 81.50100708007812 132.18312072753906 108.10565185546875 4 9.357072830200195 97.44775390625 78.5262680053711 133.04393005371094 5 56.0504264831543 83.3244400024414 112.460205078125 107.7442626953125
6 44.37517166137695 35.57207489013672 67.68590545654297 53.27950668334961 3 36.0335807800293 17.61039161682129 75.89813232421875 40.236854553222656
1 21.625877380371094 27.849971771240234 43.913578033447266 40.36793518066406 1 20.039554595947266 35.57908248901367 45.83381652832031 47.8675651550293 6 20.700788497924805 45.105308532714844 45.79134750366211 60.36409378051758 8 17.89164924621582 44.1202507019043 44.85110855102539 59.88339614868164
2 5.99998140335083 23.28279685974121 26.648906707763672 35.67305374145508 2 4.940608024597168 12.37027359008789 26.193857192993164 24.0546932220459
0 32.52924728393555 29.89095687866211 69.26239013671875 49.49921417236328 2 36.985374450683594 13.289518356323242 69.42295837402344 32.12085723876953

8 135.9597930908203 73.03219604492188 202.16586303710938 110.629150390625 6 158.10707092285156 68.66349029541016 213.971923828125 105.42658996582031

2 16.82098388671875 11.171236038208008 37.90300369262695 24.142019271850586 7 16.2691593170166 18.556989669799805 38.25800704956055 30.167150497436523
4 80.89501190185547 54.33045196533203 120.06958770751953 77.08309936523438 5 34.6047477722168 56.69593811035156 83.18096923828125 88.60848999023438

7 8.69276237487793 19.512697219848633 30.332117080688477 29.537477493286133 9 8.291280746459961 8.31194019317627 27.85232162475586 19.417064666748047
6 15.984326362609863 70.0290756225586 62.444149017333984 95.170654296875 1 18.28618812561035 59.40533447265625 62.68254852294922 78.50909423828125 5 18.260652542114258 71.49845123291016 63.14267349243164 95.53375244140625
3 22.348033905029297 30.144912719726562 67.4481430053711 52.14247512817383 2 26.259916305541992 48.71232986450195 65.17835998535156 67.90958404541016 7 21.996671676635742 15.146835327148438 60.36674880981445 35.55196762084961 8 26.8952693939209 27.105388641357422 75.08757781982422 49.07535934448242 2 28.35500717163086 35.10443878173828 61.03662109375 49.21319580078125
9 8.584359169006348 15.349706649780273 32.21444320678711 26.84568977355957 1 9.814424514770508 3.1753628253936768 35.02237319946289 14.777743339538574 2 11.392487525939941 26.5469970703125 32.888160705566406 40.07291793823242
3 25.47224998474121 33.167911529541016 59.68194580078125 55.24562072753906 3 45.092918395996094 47.959922790527344 82.94515991210938 72.71397399902344
3 17.24578094482422 21.657514572143555 43.14284133911133 34.99420928955078 8 11.92210578918457 24.623302459716797 39.57179260253906 38.76007080078125 5 13.306083679199219 6.818332672119141 42.64985656738281 20.40182876586914 2 9.164548873901367 25.043190002441406 34.84098815917969 38.93918991088867 6 9.103133201599121 7.586069583892822 32.88692855834961 23.380727767944336 0 13.846891403198242 22.017967224121094 29.401147842407227 34.39740753173828
6 10.108014106750488 5.655919075012207 34.6848258972168 17.544557571411133 7 14.310783386230469 15.764881134033203 34.81965637207031 26.830562591552734
6 33.778812408447266 28.067764282226562 66.49698638916016 47.996273040771484 3 32.824798583984375 40.083255767822266 66.3695297241211 59.92796325683594
8 11.242233276367188 10.994722366333008 30.808944702148438 22.085886001586914
5 117.30754852294922 118.89063262939453 150.12416076660156 144.42584228515625 1 113.4463882446289 93.42072296142578 154.9149932861328 121.54649353027344 5 121.86214447021484 106.03502655029297 154.52432250976562 129.5103759765625
7 0.0 205.41757202148438 107.82259368896484 271.1237487792969 1 58.284156799316406 22.57048225402832 222.79769897460938 81.98888397216797
3 8.147936820983887 18.01736831665039 32.4940071105957 31.911937713623047 1 7.88458776473999 27.918302536010742 32.84183120727539 40.4527473449707 5 6.435159683227539 34.450767517089844 34.431976318359375 49.278995513916016
2 84.78907775878906 69.88224029541016 118.22368621826172 90.32256317138672 2 81.44417572021484 87.72371673583984 125.07955169677734 109.25233459472656 7 84.8589859008789 88.32530212402344 125.22913360595703 108.01631164550781 1 84.19355010986328 72.73641204833984 120.62305450439453 94.88334655761719 7 88.27715301513672 70.789306640625 117.86611938476562 89.15852355957031 1 16.53142547607422 24.48244285583496 107.91563415527344 57.40087127685547
5 6.113277435302734 7.971128940582275 28.292259216308594 19.482872009277344
2 74.71139526367188 16.198184967041016 117.48804473876953 40.90790557861328 0 73.54840087890625 39.837039947509766 111.69415283203125 56.77861022949219 0 74.34385681152344 27.699249267578125 116.4157485961914 50.937557220458984
2 23.586896896362305 20.52745246887207 50.1478385925293 33.80520248413086 2 23.849119186401367 8.484134674072266 52.233314514160156 22.113147735595703
6 21.211551666259766 51.250301361083984 56.836463928222656 67.54972076416016 7 26.55877685546875 32.829280853271484 54.75481414794922 46.69615936279297 7 23.261486053466797 42.28057861328125 58.1312141418457 55.53060531616211 0 32.414222717285156 54.70842361450195 60.464195251464844 68.90494537353516
4 8.4019136428833 14.629612922668457 28.3145809173584 26.731380462646484
6 6.052769184112549 15.269807815551758 21.575668334960938 23.670087814331055 2 6.661654949188232 4.981584072113037 21.212444305419922 13.785211563110352
2 86.26472473144531 123.43376922607422 137.3043975830078 152.07496643066406 1 81.84626770019531 104.64067840576172 123.88475036621094 125.72936248779297 2 79.22323608398438 101.26808166503906 134.47451782226562 130.88055419921875
2 13.054813385009766 59.393402099609375 42.21996307373047 77.56327819824219 1 12.202576637268066 45.71746063232422 45.02558135986328 60.02324676513672

6 120.70596313476562 99.69054412841797 172.41184997558594 125.7878646850586 6 100.4157943725586 101.75276184082031 151.50132751464844 138.2222442626953 6 93.75553131103516 84.19137573242188 158.8623046875 116.31269836425781 6 122.8544921875 112.24620056152344 161.444580078125 132.32733154296875

3 17.350019454956055 38.40851974487305 58.75261306762695 59.23958969116211 2 14.931229591369629 56.96392059326172 52.747108459472656 77.67444610595703 1 26.190587997436523 0.0 73.58316040039062 19.887779235839844
9 8.279878616333008 3.484452962875366 29.64775848388672 16.65675926208496 7 11.476625442504883 17.543685913085938 35.708946228027344 30.489023208618164
6 34.90458679199219 35.51127624511719 91.71382141113281 73.91195678710938 8 26.363380432128906 65.81452941894531 89.10717010498047 105.72065734863281 0 42.992252349853516 36.04473876953125 108.29254913330078 72.49638366699219 9 23.402360916137695 68.1177978515625 85.22150421142578 103.3820571899414
1 72.6008071899414 5.710015296936035 122.67562103271484 28.515625 8 74.22557067871094 25.91693687438965 114.83548736572266 49.2529411315918 2 77.71100616455078 0.22335383296012878 140.70596313476562 30.5883731842041
9 30.75075340270996 27.002296447753906 68.3957748413086 55.247650146484375
2 16.64740562438965 15.43289566040039 37.57568359375 29.54979705810547 1 10.379145622253418 29.08924674987793 41.775184631347656 40.053306579589844

5 44.973018646240234 0.0 100.0622787475586 30.36336326599121 9 20.574851989746094 45.52092361450195 71.79515838623047 73.77890014648438 1 38.97388458251953 29.684947967529297 82.02227783203125 53.00433349609375
5 43.19450378417969 54.5283203125 83.85248565673828 80.40528106689453 7 41.16259002685547 69.12614440917969 82.64907836914062 93.7982177734375


4 24.497907638549805 45.11138153076172 54.26021957397461 61.94011688232422 4 27.282638549804688 35.78173828125 56.92012405395508 49.879024505615234 1 27.2474422454834 23.920875549316406 60.4735107421875 41.0374641418457 4 30.297155380249023 27.93013572692871 60.40053176879883 44.5782356262207
5 12.349248886108398 31.620718002319336 37.46292495727539 49.608619689941406 5 11.138040542602539 19.028011322021484 35.90309524536133 34.99847412109375 5 26.004344940185547 44.51399612426758 55.14664840698242 61.999996185302734
2 47.503692626953125 28.416912078857422 124.86310577392578 70.83528900146484 3 60.85420608520508 29.261150360107422 133.48443603515625 72.6669921875 1 38.948326110839844 61.11532974243164 116.47490692138672 99.42530822753906 0 32.12791061401367 90.76396179199219 101.6319351196289 129.18141174316406 5 60.60525894165039 36.584312438964844 138.03591918945312 79.73530578613281 4 30.248153686523438 88.48484802246094 93.0733642578125 130.52511596679688

3 10.968125343322754 13.427338600158691 36.40707778930664 28.212942123413086 4 12.558475494384766 2.246452808380127 37.7605094909668 18.253787994384766
2 13.65633487701416 5.55582857131958 36.86626052856445 16.764347076416016 3 10.475262641906738 27.731948852539062 36.300289154052734 44.129913330078125 4 12.85820484161377 17.128509521484375 34.0890998840332 31.13222312927246
2 5.820107460021973 15.769062042236328 33.81089401245117 31.176916122436523
2 9.925520896911621 12.748226165771484 28.616418838500977 23.735074996948242
6 14.944829940795898 12.598163604736328 40.409061431884766 27.224424362182617 4 53.370113372802734 25.48859977722168 97.18395233154297 64.44567108154297 1 20.02335548400879 20.159732818603516 44.83209228515625 36.60826110839844
7 10.106621742248535 33.122947692871094 46.07806396484375 47.361507415771484
4 9.821612358093262 7.4704084396362305 43.31707000732422 27.290771484375 5 9.523880958557129 27.982046127319336 42.18186950683594 45.72264862060547
1 91.12574005126953 103.019287109375 174.0 134.21524047851562 1 0.0 108.28949737548828 80.20909881591797 142.52450561523438
2 10.337930679321289 22.190214157104492 33.402652740478516 36.4983024597168 7 10.357399940490723 34.57012939453125 31.581501007080078 47.2322998046875

8 50.7856330871582 33.94358825683594 109.92086791992188 59.78030014038086 8 50.61479187011719 52.067527770996094 93.73970031738281 78.08613586425781 3 41.5144157409668 64.8310546875 93.71601104736328 93.82482147216797 8 43.46171569824219 64.08087158203125 90.88125610351562 88.15664672851562 5 36.069252014160156 67.5553207397461 98.91866302490234 96.8588638305664
8 20.07264518737793 47.553123474121094 64.32182312011719 69.10285186767578 1 21.80782699584961 8.718270301818848 64.20524597167969 28.603530883789062 4 19.210105895996094 9.848170280456543 55.313232421875 29.146156311035156 1 10.903040885925293 32.839168548583984 49.40486526489258 47.5047721862793 7 18.778284072875977 26.870670318603516 68.01644134521484 46.54762268066406 1 26.39224624633789 31.74563217163086 70.7004623413086 49.38356018066406
5 13.894489288330078 16.64228057861328 46.379974365234375 33.15542221069336 6 13.991828918457031 16.924116134643555 45.3468017578125 35.7381706237793
4 11.531705856323242 13.272233009338379 37.547279357910156 27.381454467773438 4 13.170673370361328 27.308435440063477 38.25505065917969 40.32829284667969
2 30.198047637939453 24.589752197265625 58.900634765625 37.66797637939453 6 27.222991943359375 19.963228225708008 54.50614547729492 35.64665603637695 8 24.84804916381836 21.600234985351562 52.794803619384766 35.997127532958984 1 12.190682411193848 40.18126678466797 43.55919647216797 58.00588607788086
8 16.89311981201172 26.151296615600586 35.96122741699219 37.98942565917969 9 6.84600305557251 14.199637413024902 29.535152435302734 27.669410705566406
8 35.89330291748047 41.59181213378906 66.9532470703125 57.783912658691406 2 32.33151626586914 54.672149658203125 60.06172180175781 68.5616683959961 8 32.48817825317383 49.70490264892578 62.01154327392578 61.86765670776367 4 0.0 13.545395851135254 21.027456283569336 33.70945739746094 3 0.0 27.389053344726562 21.970970153808594 42.55305862426758 1 32.08829116821289 17.820571899414062 74.11382293701172 38.33443832397461
6 32.4698486328125 86.8895492553711 73.2322006225586 104.32532501220703 3 36.62953186035156 66.44947052001953 77.358642578125 87.96802520751953 2 37.94528579711914 69.27162170410156 71.07349395751953 87.14444732666016 8 32.73826217651367 65.97256469726562 73.20269012451172 91.47119140625 8 28.42569351196289 86.46727752685547 70.99089813232422 104.5715103149414 0 40.03958511352539 87.37528991699219 73.68106079101562 104.03341674804688

7 9.460464477539062 18.028587341308594 30.79817008972168 30.078893661499023 2 9.673468589782715 12.560582160949707 34.938663482666016 26.650985717773438
1 15.09025764465332 30.82729721069336 46.3990364074707 43.2979736328125 5 13.91879940032959 42.03754806518555 44.71644592285156 55.83354568481445 4 3.623631000518799 42.08796310424805 35.16600036621094 58.717254638671875 4 21.554216384887695 29.4670467376709 48.85519790649414 42.18220520019531
7 35.671478271484375 37.333099365234375 86.94778442382812 62.275184631347656 2 31.226272583007812 66.54456329345703 83.48143005371094 96.5079574584961 4 16.256643295288086 19.419612884521484 79.61724090576172 46.21914291381836 3 30.8919677734375 66.72901153564453 82.13343048095703 100.87969207763672 1 45.62847137451172 18.616527557373047 98.25780487060547 45.89047622680664 5 36.50074768066406 68.9957275390625 85.3879165649414 98.77169799804688

1 7.288455009460449 8.955595970153809 30.233369827270508 19.649621963500977 4 8.152039527893066 9.90072250366211 35.773826599121094 24.30110740661621 3 7.153666019439697 17.099817276000977 32.55096435546875 32.57427978515625
2 52.76844024658203 41.38640213012695 88.39157104492188 62.05967330932617 9 40.09653091430664 21.608320236206055 89.07170867919922 45.86835479736328

2 28.70285415649414 51.46709442138672 61.9261474609375 71.86886596679688 5 22.986328125 66.223388671875 60.52228546142578 87.17066955566406 6 26.800493240356445 67.669921875 61.39851379394531 85.64334106445312 2 31.503637313842773 39.790348052978516 66.00928497314453 58.92799377441406 3 27.291288375854492 36.64561080932617 67.93911743164062 60.302955627441406 2 25.345415115356445 66.23664855957031 59.03407669067383 84.48400115966797
2 80.06560516357422 4.036865234375 121.67375183105469 28.653461456298828 7 87.00234985351562 23.902790069580078 123.06871795654297 50.53487014770508 2 83.11235809326172 1.3104493618011475 107.65692901611328 19.50611686706543 4 85.20500946044922 7.921043395996094 134.0318145751953 37.860816955566406 6 20.048046112060547 5.9014458656311035 85.59630584716797 41.8839225769043
7 8.398425102233887 25.672077178955078 34.278053283691406 37.435523986816406 2 9.653263092041016 15.118529319763184 30.81648063659668 25.978504180908203
6 11.250988960266113 35.66493225097656 36.88931655883789 51.06633377075195
6 45.201812744140625 25.96875 70.45024108886719 39.211124420166016 1 44.786563873291016 14.749500274658203 72.58412170410156 27.347553253173828 5 49.22753143310547 24.16023063659668 71.73784637451172 39.35724639892578 8 52.21095275878906 40.2183837890625 82.56271362304688 56.48247528076172
2 28.916603088378906 35.72712326049805 72.8397445678711 58.42748260498047

6 20.104307174682617 22.81305694580078 47.34454345703125 39.390830993652344 3 18.18230438232422 40.35151672363281 49.09855270385742 56.660400390625 1 15.479727745056152 47.833003997802734 48.150718688964844 62.43489074707031


5 11.031299591064453 4.083991050720215 34.8297233581543 18.01261329650879 9 8.796600341796875 13.789665222167969 31.376148223876953 29.453092575073242 2 8.686619758605957 13.635689735412598 32.20167541503906 27.474220275878906
6 17.3804874420166 16.645532608032227 47.33388137817383 31.006343841552734 2 20.763465881347656 27.288490295410156 48.85846710205078 43.69960403442383 3 18.40976333618164 3.159088134765625 47.03374481201172 17.05626106262207
2 71.2579116821289 4.180788516998291 115.2806625366211 28.213857650756836 6 64.57466125488281 21.707765579223633 110.54523468017578 46.43329620361328 5 63.168434143066406 19.471752166748047 105.22640228271484 53.182743072509766
9 7.956482410430908 18.784061431884766 26.92928695678711 29.735950469970703 3 5.603079319000244 7.379239559173584 27.54364585876465 19.24150848388672
1 14.791316986083984 38.797523498535156 43.77847671508789 56.34656524658203
4 13.342812538146973 18.092626571655273 32.73642349243164 30.660987854003906 9 9.05971908569336 27.83379554748535 33.67377471923828 39.21113967895508
2 146.42926025390625 123.36700439453125 195.16476440429688 151.70745849609375
2 9.167925834655762 10.444419860839844 33.06126403808594 25.408037185668945 6 25.219709396362305 39.49226760864258 53.123390197753906 56.54264831542969 3 16.78388023376465 25.70064353942871 44.46172332763672 40.51588439941406 5 17.020488739013672 24.735307693481445 43.30392837524414 40.07735824584961
2 33.284423828125 41.575313568115234 72.36769104003906 66.71607208251953 3 34.64114761352539 37.087650299072266 80.14524841308594 60.926490783691406 0 30.366682052612305 60.41286849975586 76.05872344970703 81.15713500976562
7 18.48508071899414 26.659061431884766 70.52897644042969 46.40869140625 0 20.98967170715332 42.01350021362305 74.26532745361328 63.52284240722656 1 31.10878562927246 60.703800201416016 87.09105682373047 82.16993713378906 1 18.128511428833008 55.63697814941406 63.126075744628906 78.42131805419922
3 19.348209381103516 74.21529388427734 74.25459289550781 104.4313735961914 3 22.921079635620117 46.264408111572266 68.2594223022461 76.91033172607422 2 25.829198837280273 16.540103912353516 69.27828979492188 49.357749938964844 2 15.28222942352295 43.70641326904297 68.66759490966797 82.51616668701172
0 33.415706634521484 42.1409912109375 86.65374755859375 66.84679412841797 2 20.594955444335938 60.695159912109375 70.16255950927734 87.63347625732422 1 48.02400588989258 26.755878448486328 93.91807556152344 54.38758087158203

1 8.279460906982422 19.026216506958008 27.294334411621094 28.000694274902344 3 4.455869674682617 5.7299346923828125 23.331703186035156 15.947851181030273 3 9.609021186828613 16.10003089904785 24.88800048828125 27.193031311035156
3 26.6447811126709 108.69861602783203 88.73686981201172 137.19776916503906 2 32.33100509643555 70.32532501220703 100.02008819580078 100.61122131347656 7 16.230554580688477 106.90695190429688 77.21440887451172 136.027587890625 5 38.527896881103516 107.01415252685547 100.65569305419922 138.07203674316406 1 31.50714111328125 92.72783660888672 95.77407836914062 115.27198028564453 4 37.67745590209961 65.9725112915039 104.68476867675781 100.35320281982422

5 10.566757202148438 34.30840301513672 31.22421646118164 43.83891296386719 2 12.042201042175293 23.335615158081055 32.838600158691406 34.76416778564453 6 10.238786697387695 33.26626968383789 31.78429412841797 46.021087646484375 2 5.542298316955566 17.147008895874023 29.533432006835938 29.842679977416992
9 31.76146697998047 47.81206130981445 58.14335250854492 62.639522552490234 2 30.40128517150879 59.18797302246094 57.15529251098633 72.26518249511719
1 18.034929275512695 20.39493751525879 48.81543731689453 33.93424606323242 1 19.085521697998047 3.675654172897339 50.2382926940918 19.355384826660156
6 8.19015121459961 14.52913761138916 25.530677795410156 25.432950973510742
2 104.96546173095703 20.617847442626953 139.5345916748047 40.22568893432617 1 10.82153034210205 60.22568130493164 105.50523376464844 96.44166564941406

1 17.31501007080078 20.70514488220215 59.209815979003906 37.33806228637695 7 13.687845230102539 34.91669845581055 54.29819107055664 56.01154327392578

6 29.57488250732422 11.319395065307617 55.64989471435547 27.7125244140625 9 32.495849609375 11.206307411193848 74.42656707763672 34.01690673828125
4 15.47823429107666 35.07639694213867 45.601295471191406 51.155006408691406 1 9.565220832824707 21.66585922241211 41.5844841003418 36.1976203918457 2 12.251436233520508 30.0479736328125 40.88051223754883 46.80235290527344 4 11.377172470092773 43.066776275634766 41.91326141357422 57.94634246826172 2 24.153583526611328 16.645858764648438 59.90813446044922 33.35744857788086

7 60.921897888183594 109.53949737548828 100.03694152832031 132.28060913085938 1 70.56001281738281 56.271968841552734 136.0 83.6292953491211

3 17.828948974609375 9.178094863891602 42.50328063964844 20.86841583251953 8 16.757369995117188 9.15382194519043 40.89503860473633 20.805339813232422 1 19.813430786132812 12.930028915405273 46.44481658935547 24.441679000854492 1 20.278270721435547 5.868087291717529 43.2911376953125 17.574064254760742
5 57.23016357421875 32.13798904418945 101.48614501953125 62.11632537841797 5 48.2711181640625 64.58556365966797 82.91117095947266 87.07154083251953 1 56.650421142578125 51.587440490722656 87.03545379638672 73.20242309570312 3 22.48955726623535 34.56874084472656 83.66825866699219 62.654727935791016 3 46.29032897949219 41.29117202758789 100.9832763671875 69.63854217529297
2 21.64267349243164 29.96196746826172 58.326873779296875 47.311466217041016 3 14.219429969787598 38.16995620727539 52.177650451660156 55.93891906738281
3 7.387094974517822 9.389183044433594 28.9991512298584 26.0599365234375
5 35.15567398071289 24.140995025634766 87.45257568359375 54.70825958251953 1 0.0 101.12641143798828 84.50837707519531 135.34494018554688 2 46.488983154296875 24.93624496459961 82.86123657226562 47.30092239379883
8 11.582446098327637 13.623937606811523 26.976581573486328 23.193445205688477
4 11.103257179260254 14.946197509765625 30.151775360107422 25.4420108795166 8 9.189715385437012 24.50542449951172 30.21076202392578 35.345218658447266
1 25.500303268432617 56.20627212524414 68.00542449951172 74.58357238769531 4 26.112688064575195 80.40210723876953 67.89030456542969 105.90522003173828 1 5.109034538269043 21.792274475097656 65.75141906738281 43.37877655029297
5 12.506945610046387 44.80084991455078 42.184383392333984 60.42331314086914
7 14.081453323364258 38.180091857910156 43.21489334106445 56.38175964355469
5 21.325523376464844 19.767074584960938 52.519447326660156 38.773311614990234 3 25.42733383178711 40.58313751220703 53.211368560791016 56.453956604003906
3 23.801780700683594 29.41156768798828 58.568119049072266 47.19493103027344 0 25.25087547302246 45.6855354309082 61.987361907958984 62.298282623291016
6 13.174230575561523 37.04065704345703 40.38016128540039 51.361114501953125 9 13.693985939025879 23.723196029663086 49.10451889038086 40.716224670410156 2 20.545026779174805 34.386234283447266 51.11077117919922 50.93861389160156
6 19.108596801757812 19.809566497802734 50.7471809387207 39.5352897644043
4 37.9791259765625 58.17569351196289 108.49607849121094 97.58183288574219 4 36.378971099853516 9.5304594039917 116.85700988769531 49.82393264770508 1 33.90719223022461 69.5967788696289 102.33214569091797 104.09544372558594 1 4.511681079864502 128.4795379638672 77.87991333007812 159.0 2 50.846309661865234 0.0 124.65472412109375 38.786617279052734 2 58.711952209472656 52.19047546386719 117.41307830810547 83.49034118652344
3 10.815847396850586 10.27584171295166 44.159488677978516 29.812231063842773 2 15.026426315307617 30.280061721801758 47.006107330322266 50.690032958984375
7 11.245859146118164 20.107280731201172 37.21615219116211 30.86541175842285 4 8.36705207824707 4.651025772094727 34.98460388183594 15.853333473205566
4 14.850935935974121 25.421924591064453 47.726829528808594 40.40496063232422 3 18.72470474243164 39.004886627197266 47.98723220825195 54.74846649169922 1 18.895294189453125 24.740371704101562 47.962120056152344 38.67573928833008
3 50.253116607666016 78.1446762084961 106.43407440185547 110.84707641601562 1 32.818748474121094 25.929841995239258 121.12574005126953 57.13117599487305 6 54.7817268371582 107.41710662841797 103.23043060302734 136.0611572265625
7 39.444881439208984 59.89582824707031 70.02444458007812 82.49840545654297 2 35.00581359863281 36.23332214355469 76.18461608886719 58.40029525756836 9 39.51146697998047 33.675350189208984 65.17231750488281 52.038848876953125
6 26.52125358581543 28.633867263793945 70.50431060791016 57.98250961303711 4 67.56312561035156 0.0 109.0 26.844995498657227
5 10.676945686340332 30.415239334106445 34.996192932128906 45.511112213134766 1 9.56814956665039 20.608840942382812 40.166072845458984 32.98671340942383 3 13.549649238586426 31.88848876953125 39.18733596801758 47.173065185546875
4 8.547983169555664 2.8403141498565674 26.82359504699707 13.715666770935059 8 6.962289333343506 10.64093017578125 31.377456665039062 22.009212493896484 9 6.837148666381836 10.510143280029297 27.640552520751953 21.768722534179688
8 27.272411346435547 2.3704729080200195 55.82189178466797 16.73185920715332 5 22.31117820739746 12.842050552368164 53.76763153076172 31.81553840637207 3 27.182411193847656 14.789606094360352 58.44194412231445 29.866424560546875
2 33.856910705566406 17.986007690429688 68.12939453125 35.77337646484375 4 32.3847770690918 27.833438873291016 69.8364486694336 47.15497970581055 7 32.98290252685547 29.626365661621094 64.85923767089844 48.28787612915039
3 67.76351928710938 182.9524383544922 191.3063507080078 258.96893310546875 7 84.43480682373047 194.367431640625 204.75216674804688 256.56005859375
3 85.46285247802734 126.24312591552734 126.76383972167969 148.86827087402344 3 92.08467102050781 136.3216552734375 125.2342300415039 156.9268341064453 1 29.96851921081543 76.79782104492188 102.8812484741211 103.63240814208984

2 11.14373779296875 18.33767318725586 31.27935028076172 30.693071365356445 3 12.880620002746582 31.505674362182617 30.25757598876953 44.2957649230957
2 27.21598243713379 22.723777770996094 52.11033630371094 40.6523323059082 3 21.81236457824707 39.39625930786133 55.19139862060547 57.77569580078125 3 27.936790466308594 46.66421127319336 59.010074615478516 66.67771911621094 2 31.84800148010254 46.290706634521484 63.010353088378906 63.79190444946289
1 24.370080947875977 37.46834182739258 49.08846664428711 50.34870910644531

6 7.833907604217529 19.2371883392334 33.39525604248047 33.18430709838867 7 7.902077674865723 29.922466278076172 31.920942306518555 42.674957275390625

4 22.128889083862305 39.8952751159668 50.59648513793945 52.68826675415039 0 19.57439422607422 27.927968978881836 45.75422668457031 39.402320861816406 4 18.43315315246582 14.433469772338867 47.8577995300293 29.085519790649414
4 14.275188446044922 26.313823699951172 56.27812576293945 44.82389831542969 0 18.08056640625 27.843021392822266 57.021949768066406 43.12406921386719

4 26.067668914794922 14.6997709274292 50.67657470703125 28.747966766357422 3 21.400217056274414 24.116771697998047 47.161842346191406 39.71232604980469
3 17.37453269958496 29.737720489501953 57.169864654541016 52.5510368347168
2 24.96726417541504 28.03656768798828 51.763187408447266 46.63199234008789 3 21.955751419067383 45.15629577636719 52.12602233886719 65.47623443603516 2 21.483896255493164 50.994441986083984 51.62864685058594 68.23343658447266
2 19.99507713317871 33.223384857177734 45.383575439453125 50.30630111694336 3 15.854143142700195 20.583148956298828 47.83176040649414 39.075523376464844 2 18.97396469116211 25.658096313476562 45.861366271972656 40.848812103271484
7 19.172658920288086 23.293899536132812 39.90353012084961 37.15517807006836 7 16.92804718017578 11.408946990966797 42.4449348449707 25.65443992614746
5 17.71549415588379 22.19281005859375 50.02259063720703 41.64107131958008 1 8.517965316772461 8.973424911499023 39.62198257446289 26.45454978942871
2 17.213275909423828 10.95107364654541 41.3190803527832 22.667770385742188 5 10.861498832702637 12.706174850463867 37.78757095336914 24.778907775878906
6 12.664304733276367 0.0 38.3582649230957 14.399956703186035 5 16.600845336914062 0.0 39.817909240722656 13.70954704284668
3 11.011049270629883 23.680116653442383 46.68360900878906 44.036705017089844 4 12.287910461425781 31.561824798583984 53.72118377685547 53.167911529541016 2 15.617011070251465 28.030643463134766 41.10627746582031 43.75943374633789
4 15.305587768554688 25.071508407592773 40.026611328125 40.625938415527344
9 13.406170845031738 22.37189292907715 39.053897857666016 36.078861236572266 7 16.139068603515625 33.71440887451172 41.82357406616211 47.133995056152344 1 9.536051750183105 12.23811149597168 33.64213943481445 25.371410369873047 2 9.823813438415527 6.2930731773376465 40.539581298828125 19.930286407470703 2 16.54310417175293 35.51072692871094 39.84031295776367 50.80669021606445 2 16.003690719604492 24.697351455688477 38.819698333740234 39.49667739868164
1 26.618749618530273 15.9118013381958 72.8448257446289 37.0218505859375 0 17.26927947998047 56.75145721435547 65.89576721191406 77.9324722290039 8 20.556640625 36.8421745300293 75.64515686035156 58.726829528808594
2 60.3885383605957 28.468454360961914 94.94477081298828 46.975341796875 4 57.298458099365234 25.526391983032227 97.64295959472656 46.41176986694336 7 54.9622917175293 27.670791625976562 90.50047302246094 46.67852020263672
6 106.27172088623047 105.1635971069336 135.94528198242188 122.46105194091797 1 32.05316925048828 67.25885009765625 103.33783721923828 109.61695861816406 2 100.44970703125 87.73594665527344 136.2143096923828 102.99139404296875


4 41.70880126953125 38.34002685546875 83.38078308105469 64.6163101196289 4 27.505823135375977 92.67449188232422 59.74607849121094 113.8801498413086 1 39.379878997802734 26.549564361572266 91.63904571533203 46.575443267822266 2 66.42461395263672 91.01997375488281 123.99999237060547 123.99999237060547 1 38.795654296875 72.79695892333984 88.92168426513672 95.04302215576172
8 7.291369915008545 15.0964937210083 30.124282836914062 26.383190155029297 4 8.212708473205566 6.582830429077148 27.46658706665039 17.08367156982422

8 38.55496597290039 46.12392807006836 66.52368927001953 60.022464752197266 5 39.6191520690918 30.094789505004883 65.11714935302734 44.16408920288086 1 34.360958099365234 21.094436645507812 70.1638412475586 36.78337860107422
4 12.021672248840332 31.354141235351562 43.77048110961914 47.10974884033203 2 15.859020233154297 7.184719085693359 42.897377014160156 21.013492584228516 4 18.564687728881836 8.784150123596191 44.42274475097656 23.928382873535156
5 5.862024784088135 20.68878173828125 23.569904327392578 30.694698333740234

3 99.70020294189453 45.2159309387207 169.54238891601562 89.31743621826172 8 103.26150512695312 78.63130950927734 175.59100341796875 114.55813598632812 3 106.05265808105469 56.02409362792969 142.33717346191406 79.71693420410156
8 77.31547546386719 53.419498443603516 154.5895538330078 92.09662628173828 5 26.519121170043945 22.798919677734375 95.497314453125 62.564598083496094 2 85.25907135009766 31.93059730529785 158.58164978027344 63.44558334350586 6 95.8379898071289 57.75266647338867 153.74830627441406 85.378173828125

3 18.36089324951172 3.84639310836792 40.62870788574219 18.39861297607422 5 17.280805587768555 2.6618716716766357 41.22091293334961 16.9818058013916
3 6.021397590637207 15.096653938293457 32.34686279296875 28.407167434692383 0 6.770015716552734 26.28778648376465 30.501638412475586 40.13499450683594 5 3.0943093299865723 1.6184258460998535 30.077054977416992 14.415771484375
2 13.643808364868164 1.0006929636001587 36.08638000488281 15.36056900024414 1 15.19178581237793 14.38711166381836 36.2117919921875 27.573057174682617 7 10.783784866333008 1.797401785850525 33.819732666015625 14.365753173828125
4 64.51632690429688 36.374473571777344 101.2447280883789 55.49932861328125 7 18.41745376586914 21.89339256286621 39.41238021850586 36.373626708984375 0 13.589122772216797 48.126949310302734 36.15096664428711 62.35362243652344 6 16.377546310424805 37.23341751098633 42.61673355102539 50.152427673339844
9 25.152982711791992 43.52945327758789 55.0385856628418 66.17830657958984 9 26.370616912841797 24.871732711791992 57.17710876464844 47.2674446105957 6 24.684091567993164 43.83039855957031 54.04780578613281 63.5381965637207 6 28.065574645996094 25.378572463989258 55.53688049316406 46.06097412109375
7 62.73167419433594 134.69146728515625 108.60004425048828 163.16004943847656 1 50.22256851196289 175.90927124023438 106.04266357421875 209.79920959472656 4 38.363182067871094 87.74097442626953 140.9154052734375 138.64691162109375 3 56.94941711425781 45.30099105834961 141.82852172851562 92.05210876464844 7 56.478084564208984 61.103729248046875 102.51138305664062 93.46723937988281
4 8.226709365844727 22.806827545166016 32.936195373535156 37.611915588378906
8 29.96810531616211 28.703140258789062 56.18647766113281 44.06631851196289 4 31.276594161987305 19.400114059448242 52.94349670410156 29.678667068481445 5 48.49360656738281 2.4552290439605713 73.0 21.09206199645996
2 43.47568130493164 32.39271545410156 111.67395782470703 68.2634506225586 1 44.29462814331055 70.12150573730469 124.3059310913086 100.9830093383789
5 54.799293518066406 3.516000270843506 80.37236785888672 20.567365646362305 1 0.0 62.60756301879883 48.10493087768555 86.82840728759766 3 51.412353515625 3.338228702545166 81.06519317626953 20.014814376831055
2 18.986989974975586 35.0404167175293 45.700225830078125 47.440574645996094 5 12.442519187927246 37.88441848754883 35.123748779296875 51.743133544921875
7 64.61409759521484 44.01240158081055 102.65930938720703 64.43431854248047 4 67.17582702636719 58.13792037963867 101.57616424560547 82.00666809082031 1 58.23582077026367 26.39412498474121 102.29605102539062 47.21757888793945
9 8.451544761657715 39.73306655883789 34.683746337890625 55.01019287109375 0 16.282302856445312 26.788827896118164 39.30735778808594 44.86007308959961 9 14.336360931396484 30.533309936523438 47.48585891723633 48.627159118652344 8 25.5634708404541 20.28549575805664 53.74112319946289 36.77053451538086
5 32.54539108276367 28.06968879699707 61.965354919433594 46.538448333740234 2 34.31635665893555 11.303055763244629 65.48649597167969 32.09855651855469
6 20.394550323486328 23.360511779785156 51.01535415649414 43.24060821533203 1 23.756441116333008 12.22458267211914 52.510902404785156 28.323684692382812 5 17.49749755859375 22.821887969970703 49.16014862060547 40.4436149597168

5 23.771835327148438 11.044729232788086 50.9174919128418 28.17360496520996
2 18.49471664428711 32.950965881347656 60.324222564697266 54.67009735107422 6 18.399093627929688 51.580413818359375 53.792476654052734 76.0
2 29.95943832397461 43.57565689086914 63.72916030883789 62.3216667175293 2 25.355064392089844 38.92900466918945 52.28310775756836 55.81748962402344 0 30.518814086914062 58.453102111816406 60.3896369934082 78.47980499267578
3 6.06292200088501 3.679800033569336 24.20003890991211 14.077630996704102
5 21.551576614379883 13.38045597076416 53.791866302490234 30.623682022094727 5 21.538333892822266 30.748973846435547 56.15426254272461 47.74174499511719 5 24.734901428222656 21.752044677734375 51.47089385986328 37.6225700378418 2 24.383106231689453 28.09120750427246 54.31709289550781 46.52610397338867 2 26.579143524169922 17.44344139099121 63.114593505859375 35.04158401489258

0 10.414079666137695 40.598812103271484 40.69944763183594 52.651668548583984 1 9.044622421264648 39.921852111816406 43.912757873535156 52.55359649658203
1 19.478351593017578 41.95158767700195 47.890174865722656 59.28960037231445 6 74.41915130615234 42.70249557495117 98.4701919555664 58.703617095947266 5 44.565887451171875 42.4473876953125 71.03440856933594 61.34661102294922 3 48.070926666259766 36.98087692260742 88.79326629638672 58.22502136230469
5 9.346722602844238 3.1355836391448975 31.201343536376953 16.79358673095703 2 11.651954650878906 16.547975540161133 32.4265022277832 28.379297256469727 7 11.737008094787598 27.177549362182617 35.041778564453125 38.689170837402344
5 7.8348822593688965 16.782865524291992 25.12866973876953 26.799945831298828 4 7.741093635559082 7.955913543701172 29.7808837890625 16.218168258666992
2 64.3029556274414 66.43260192871094 95.44576263427734 87.52545928955078 0 66.468994140625 86.45793914794922 99.42784881591797 104.33124542236328
3 21.54071807861328 15.375367164611816 48.17058181762695 30.81889533996582 4 20.378215789794922 12.455662727355957 44.06465148925781 26.14588165283203 4 19.50588607788086 34.67028045654297 47.54423141479492 49.1971435546875
3 36.27240753173828 41.6987190246582 56.76725387573242 52.698455810546875 8 38.252132415771484 43.224693298339844 55.91856002807617 55.54618835449219
3 139.5835418701172 23.16946792602539 197.70352172851562 55.89145278930664 6 134.2863006591797 12.642931938171387 196.294189453125 37.922203063964844 6 91.37700653076172 69.402099609375 160.62049865722656 106.96058654785156 3 115.12699890136719 5.802567481994629 211.7528076171875 50.50749969482422 3 78.31048583984375 97.51319885253906 141.88876342773438 125.13410949707031
8 31.47441864013672 70.9074935913086 69.86229705810547 88.85914611816406 8 34.351505279541016 52.56059265136719 77.89054107666016 73.97888946533203
1 7.007804870605469 2.80344295501709 34.20138168334961 12.540851593017578 4 9.795808792114258 12.68065071105957 33.490997314453125 26.32889175415039



4 100.4150161743164 31.847015380859375 140.93914794921875 51.36819839477539 1 100.5284194946289 47.32550811767578 155.6087188720703 70.28752136230469
4 15.740121841430664 34.032005310058594 40.718772888183594 45.70365905761719 1 7.329725742340088 22.487808227539062 36.043296813964844 35.54697036743164 1 13.617867469787598 33.804443359375 35.61992263793945 46.0518913269043
8 92.68049621582031 49.04402542114258 172.39073181152344 94.0644760131836 7 47.431617736816406 89.4157485961914 151.38067626953125 128.49302673339844 3 125.6201400756836 82.15740966796875 170.43821716308594 110.09180450439453 1 35.82868576049805 134.37765502929688 159.07530212402344 184.29977416992188
2 18.50090980529785 42.402748107910156 54.86868667602539 66.69292449951172 4 24.94038200378418 63.99566650390625 54.78960037231445 81.56884002685547 2 22.715961456298828 56.73183059692383 53.783302307128906 75.72789764404297 4 20.348064422607422 54.66123580932617 53.12356948852539 74.82125091552734
0 19.076061248779297 35.148704528808594 48.075439453125 54.36968231201172
9 18.238258361816406 51.1895751953125 56.33431625366211 71.7620620727539 5 22.207786560058594 35.482154846191406 59.035003662109375 53.974002838134766 3 19.79479217529297 33.36789321899414 54.43076705932617 54.91695785522461 5 20.814973831176758 50.91688919067383 62.31047821044922 71.79266357421875
2 18.347740173339844 29.320201873779297 52.83515167236328 49.64734649658203 1 12.974730491638184 5.140003204345703 58.173824310302734 22.712520599365234
3 10.827104568481445 13.464873313903809 31.390600204467773 25.21544647216797 7 9.01646900177002 21.510053634643555 32.484798431396484 33.443817138671875
4 47.490989685058594 67.06108856201172 97.96951293945312 93.04905700683594 1 53.210872650146484 47.2763671875 102.06079864501953 66.89810180664062 1 59.531341552734375 42.19024658203125 92.6854019165039 58.23943328857422
3 13.678184509277344 27.912363052368164 35.69516372680664 39.24456787109375 2 11.547502517700195 5.525534629821777 33.266639709472656 16.344985961914062 0 10.312650680541992 17.873470306396484 33.965206146240234 28.997928619384766
1 13.216104507446289 9.93997573852539 36.27425003051758 20.52549171447754 7 11.097867012023926 22.541778564453125 34.58335494995117 34.5428581237793
6 16.024417877197266 31.39911460876465 39.790794372558594 45.52593231201172 2 18.346206665039062 17.246280670166016 40.188236236572266 33.357906341552734 5 16.012422561645508 1.2207086086273193 39.605125427246094 13.22348690032959 8 14.09766960144043 34.737422943115234 39.35248947143555 47.18150329589844 4 15.711395263671875 31.51569366455078 40.37385559082031 44.180843353271484 3 15.454172134399414 3.8929948806762695 40.4321403503418 17.434293746948242
5 18.92641830444336 29.24696922302246 41.17381286621094 44.28725814819336 2 21.342304229736328 28.48158836364746 43.863765716552734 45.19567108154297 7 11.015460014343262 40.42323684692383 38.88428497314453 53.125701904296875
1 35.50912094116211 24.28622817993164 77.5550308227539 48.70050048828125 0 32.39976119995117 46.566131591796875 79.32745361328125 72.32706451416016
2 9.976767539978027 44.24776077270508 32.55571746826172 56.902164459228516 1 10.136346817016602 19.857467651367188 32.25551986694336 34.286136627197266 1 8.874566078186035 33.94886016845703 31.83478355407715 44.87822723388672 3 11.273418426513672 42.33420944213867 32.99559783935547 57.11876678466797 5 33.4152717590332 35.880958557128906 63.83440017700195 53.4252815246582
3 7.466846942901611 23.12531089782715 38.701393127441406 39.33292007446289 6 21.704036712646484 36.908348083496094 46.03131103515625 52.73273468017578 5 19.143129348754883 40.15036392211914 48.63616943359375 54.0
6 54.53891372680664 6.347696304321289 110.25765991210938 35.34552764892578 2 57.76918411254883 12.907767295837402 94.26097106933594 37.776573181152344 3 68.8027114868164 91.7809829711914 114.23847198486328 114.87953186035156 5 57.472900390625 11.030255317687988 97.75471496582031 31.978796005249023 1 59.895755767822266 97.02017211914062 121.02110290527344 122.35106658935547
4 43.82619094848633 114.59191131591797 167.73748779296875 218.98641967773438
6 11.209896087646484 25.019760131835938 28.85780906677246 36.246681213378906



2 17.23828887939453 20.26661491394043 45.27245330810547 37.096126556396484 1 17.945167541503906 10.653300285339355 48.86439895629883 25.427621841430664
2 7.554403305053711 1.6465030908584595 31.709346771240234 14.354629516601562 7 9.0187349319458 12.988741874694824 34.44693374633789 23.60062026977539
4 11.2532958984375 18.61804962158203 40.41598892211914 32.79460525512695 4 5.249388217926025 7.626735210418701 26.90102767944336 20.164478302001953

3 47.4677619934082 35.45145797729492 110.50498962402344 75.07440948486328 6 60.435890197753906 67.2783432006836 126.7427978515625 100.45694732666016
0 11.14296817779541 44.06794738769531 47.03235626220703 62.05180358886719 3 13.444795608520508 31.416616439819336 46.106685638427734 50.31648254394531 1 12.09423542022705 58.70351791381836 54.325111389160156 76.923583984375
4 20.36652946472168 46.28794860839844 59.8864631652832 67.50331115722656 1 22.828495025634766 26.849435806274414 67.30282592773438 45.329593658447266 4 12.298675537109375 54.779449462890625 54.8947639465332 76.81251525878906
7 83.5169906616211 84.35675048828125 107.62494659423828 103.3957290649414
8 10.113764762878418 7.527817726135254 31.465330123901367 18.6372127532959
1 19.08799171447754 9.62602710723877 63.77295684814453 25.221452713012695 1 20.674421310424805 19.558156967163086 58.58546447753906 33.8419303894043 7 17.26087188720703 30.457616806030273 50.37742614746094 48.369895935058594 1 17.25080680847168 32.508235931396484 53.339813232421875 49.689762115478516 0 19.034656524658203 18.2661075592041 53.219139099121094 35.70688247680664 4 15.317618370056152 46.47734069824219 46.63352966308594 65.53448486328125
1 37.548728942871094 98.79813385009766 71.60253143310547 118.18498992919922 8 24.867351531982422 115.6812515258789 61.84880447387695 134.70321655273438 7 20.953306198120117 133.7935791015625 66.13874816894531 152.57388305664062 4 89.04170227050781 87.92736053466797 154.0 128.11871337890625
5 28.021028518676758 59.36122131347656 72.0879898071289 81.65870666503906 9 28.54376983642578 2.8394882678985596 70.43704223632812 30.363908767700195 3 31.496828079223633 59.03697967529297 75.64143371582031 85.37322998046875 6 30.030277252197266 58.80742263793945 78.39151000976562 83.30390930175781
7 20.103063583374023 61.18736267089844 67.06910705566406 90.5533676147461 2 37.15572738647461 37.322296142578125 81.38796997070312 66.84014892578125 3 47.38046646118164 10.989325523376465 94.25395965576172 42.27710723876953 5 48.6310920715332 14.313301086425781 95.73851776123047 41.66222381591797
1 19.13460922241211 39.153297424316406 59.73362350463867 64.55144500732422 4 14.637673377990723 16.81366729736328 58.311553955078125 40.980873107910156
2 11.93553352355957 11.399368286132812 34.83537673950195 24.632225036621094 7 11.515292167663574 21.16371726989746 36.694236755371094 36.46650314331055
1 37.328941345214844 30.60650634765625 71.54862976074219 50.56843185424805 9 39.71855163574219 13.254002571105957 80.31629180908203 35.101802825927734 1 9.636314392089844 80.2786636352539 97.04856872558594 104.57943725585938 1 55.81709289550781 78.95429229736328 126.0 104.70870208740234 0 32.08245086669922 13.057080268859863 80.38983154296875 35.9743537902832
7 16.100265502929688 14.311033248901367 45.51822280883789 28.62221336364746 7 9.6464204788208 27.90640640258789 36.84646987915039 43.41181945800781
2 98.7066879272461 59.986331939697266 146.67568969726562 87.68221282958984 7 56.90446472167969 54.59015655517578 105.58460235595703 85.36954498291016 2 51.878997802734375 51.66431427001953 141.4850616455078 86.51455688476562 7 66.22402954101562 58.847381591796875 141.34835815429688 94.18962860107422 4 59.19740676879883 48.94807434082031 118.90360260009766 82.02009582519531
5 20.903949737548828 39.07965087890625 48.73915481567383 56.92052459716797 7 20.231618881225586 22.763208389282227 50.486488342285156 38.873321533203125
6 55.49916076660156 125.20059967041016 113.0691146850586 168.55111694335938 4 7.234465599060059 61.51200485229492 81.285400390625 105.04176330566406 9 70.3641128540039 152.69830322265625 116.05097198486328 173.8719024658203 7 107.82268524169922 59.334930419921875 170.887451171875 91.15637969970703 4 105.41497039794922 36.1892204284668 173.91517639160156 58.246402740478516 1 168.37803649902344 3.1736207008361816 228.89999389648438 27.712148666381836
1 24.395610809326172 3.9642934799194336 58.53268814086914 19.216386795043945 5 32.08060073852539 20.69549560546875 50.90413284301758 33.645294189453125 4 26.052295684814453 2.5695695877075195 56.91641616821289 20.336231231689453
9 16.03691864013672 57.158912658691406 44.93817901611328 71.88813781738281 2 20.18557357788086 44.096797943115234 43.09918212890625 58.452415466308594 4 19.029691696166992 44.45863723754883 52.930545806884766 62.58269119262695
4 29.921091079711914 101.4728775024414 75.49613189697266 131.5316162109375 1 27.467622756958008 69.09988403320312 82.91542053222656 99.0987548828125 1 32.36421585083008 84.98686981201172 74.82498168945312 103.5033950805664
7 9.190272331237793 15.151254653930664 30.530704498291016 28.563457489013672 3 6.724405288696289 6.235339641571045 33.41532897949219 20.641202926635742
2 154.6362762451172 121.69499206542969 215.69061279296875 159.29515075683594 2 146.49429321289062 91.53627014160156 211.55630493164062 137.4942169189453 2 161.1724395751953 82.52359008789062 218.7547149658203 115.99925231933594
6 7.517902374267578 9.872968673706055 30.65392303466797 21.57172203063965 6 9.127559661865234 22.429779052734375 29.56779670715332 35.15916442871094
5 17.860946655273438 66.51195526123047 71.55826568603516 93.09076690673828 1 23.60524559020996 87.80644226074219 83.78451538085938 112.35150909423828
3 42.73219680786133 39.154441833496094 77.17416381835938 58.86672592163086 0 50.34457015991211 58.1404914855957 78.55902099609375 75.35099029541016 9 44.61983108520508 56.18029022216797 82.5328369140625 75.44210815429688
9 33.77585983276367 76.96269989013672 81.07536315917969 100.5521011352539 9 34.52235794067383 53.7871208190918 84.12420654296875 82.14848327636719
5 13.34261417388916 20.909006118774414 45.11711502075195 38.14752197265625 1 15.654449462890625 43.00708770751953 49.78867721557617 58.22233581542969
9 174.8939208984375 218.97471618652344 226.83718872070312 249.30465698242188 1 32.41695022583008 157.79942321777344 190.8783416748047 209.65908813476562
8 88.2413558959961 70.57537841796875 160.040771484375 110.77367401123047 1 97.8573226928711 114.34429931640625 141.83465576171875 137.5146942138672 7 88.68560028076172 32.05204391479492 137.78933715820312 58.85371780395508 1 95.5049057006836 103.44731140136719 131.6147918701172 125.50718688964844 7 36.98286056518555 118.14361572265625 98.99108123779297 153.2474365234375 4 83.70611572265625 108.43779754638672 153.2353515625 140.3801727294922
3 11.906621932983398 6.8398518562316895 34.35927200317383 18.776887893676758 7 13.747456550598145 21.94655418395996 41.071651458740234 33.013160705566406 3 9.682252883911133 12.312094688415527 35.2984733581543 24.01422882080078 6 13.390217781066895 5.40925931930542 38.29909896850586 16.420808792114258 8 12.437228202819824 7.1162190437316895 35.74599075317383 20.579641342163086

4 9.289596557617188 22.784013748168945 30.27071189880371 34.18500900268555
1 85.4107666015625 84.36699676513672 139.4710235595703 108.22400665283203 0 68.34500122070312 99.67804718017578 142.4086151123047 138.76243591308594 1 28.458316802978516 22.889188766479492 100.46675109863281 50.41730499267578 7 19.276016235351562 24.743013381958008 110.43940734863281 56.620018005371094 1 0.0 24.84909439086914 57.31332778930664 60.01059341430664 1 65.25209045410156 23.26837921142578 167.0 59.351234436035156
2 6.894073009490967 18.397336959838867 25.970605850219727 29.785797119140625 3 9.581047058105469 5.617533206939697 28.83199119567871 17.878665924072266
3 4.488431453704834 5.605262279510498 30.725719451904297 20.56730842590332
5 12.613961219787598 3.3426523208618164 31.51653480529785 15.62698745727539
4 14.740784645080566 13.335461616516113 55.23863983154297 35.92473220825195
6 24.98021697998047 84.61492156982422 49.96200180053711 98.9677505493164 9 25.636842727661133 100.99524688720703 47.8658561706543 114.03941345214844 1 64.90113830566406 56.18297576904297 138.7042236328125 84.43647003173828 0 64.11329650878906 80.41272735595703 141.24362182617188 111.48737335205078 7 58.82861328125 63.79714584350586 133.07769775390625 91.75186157226562

2 16.437721252441406 46.555572509765625 47.639930725097656 60.74203109741211 3 15.462199211120605 18.201011657714844 42.97026062011719 34.867759704589844 0 15.785178184509277 32.673927307128906 43.749473571777344 48.45815658569336 1 17.207839965820312 26.44994354248047 45.11573791503906 41.18982696533203 7 19.48709487915039 46.112369537353516 41.55772399902344 60.2268180847168
6 25.78330421447754 69.65129852294922 62.607967376708984 87.47774505615234 9 19.994762420654297 28.159181594848633 65.43582153320312 56.341732025146484 1 20.132858276367188 7.471027851104736 69.80683898925781 23.372928619384766 2 22.930593490600586 33.47214889526367 65.0548095703125 58.276695251464844 2 27.886125564575195 67.25508880615234 64.0832290649414 91.4534683227539 6 21.897605895996094 59.88881301879883 59.11277770996094 79.20268249511719

1 11.945717811584473 13.7908353805542 42.637855529785156 25.68993377685547 3 13.67324447631836 28.972896575927734 40.531463623046875 44.02143859863281
2 57.76369094848633 68.23284912109375 90.46205139160156 88.02433776855469 6 60.18136215209961 85.79852294921875 90.1052017211914 98.52108764648438 8 59.922752380371094 83.55577850341797 87.28363037109375 98.43952178955078 8 55.4632568359375 70.5079116821289 85.66104888916016 88.52871704101562
2 22.41621971130371 22.493061065673828 53.34845733642578 40.86310577392578
9 6.616265296936035 22.975812911987305 48.879093170166016 40.86182403564453 6 16.34780502319336 35.93088150024414 59.14013671875 56.87788391113281
6 16.7300968170166 4.252285003662109 38.2398796081543 21.736860275268555
0 26.84319305419922 22.241968154907227 68.01525115966797 45.11573028564453
2 14.027530670166016 18.735137939453125 32.769508361816406 29.241994857788086 5 7.6109418869018555 18.894737243652344 27.29155921936035 30.352182388305664 8 8.390231132507324 4.760714530944824 32.39437484741211 21.661235809326172 9 12.317049980163574 18.568517684936523 31.417346954345703 30.090120315551758 6 8.366164207458496 18.759077072143555 30.23623275756836 30.538410186767578
1 18.14358139038086 19.884838104248047 64.63834381103516 39.128944396972656 0 19.908769607543945 40.36388397216797 59.665836334228516 63.007442474365234
1 12.314106941223145 11.610928535461426 49.34360885620117 30.643470764160156 1 22.525157928466797 35.17810821533203 66.64600372314453 51.84358215332031 7 19.759525299072266 34.8094367980957 63.44829177856445 55.37141036987305 1 28.776691436767578 8.825818061828613 67.3150405883789 28.85376739501953
2 19.438819885253906 15.699334144592285 49.0859260559082 34.44110107421875 7 16.16634178161621 34.60250473022461 44.75002670288086 48.65400314331055 1 40.28499984741211 0.0 82.0 14.499677658081055 1 8.722238540649414 0.0 45.39718246459961 13.991081237792969

8 8.062185287475586 4.761258125305176 30.098682403564453 16.28725814819336
1 21.782793045043945 24.359130859375 57.9112663269043 38.105628967285156 1 15.763799667358398 45.646060943603516 54.95402526855469 60.19061279296875 6 17.89396095275879 35.02926254272461 56.50202178955078 51.439884185791016 1 34.43257522583008 0.0 72.0 12.492640495300293 1 17.328336715698242 30.261775970458984 54.58082962036133 44.96223068237305
7 76.65589141845703 58.756256103515625 149.19984436035156 96.2925033569336
1 15.4337797164917 37.55681610107422 47.29008102416992 55.52473068237305
1 6.627193927764893 2.8613336086273193 37.7401237487793 14.186822891235352 4 8.711674690246582 13.392897605895996 34.6368408203125 27.283105850219727
2 14.105189323425293 17.295000076293945 41.340431213378906 31.606801986694336 1 10.917900085449219 4.515212535858154 41.57206726074219 16.38664436340332 9 16.930740356445312 30.572378158569336 41.46054458618164 43.355831146240234
1 18.773542404174805 56.82395935058594 46.57794189453125 71.27406311035156 1 15.729788780212402 32.63313293457031 43.553924560546875 43.781028747558594 5 15.672504425048828 42.42334747314453 46.70367431640625 57.15811538696289 3 14.726943016052246 51.01802062988281 40.927425384521484 62.79226303100586 1 8.230345726013184 49.13871765136719 50.95107650756836 67.16524505615234 1 37.548606872558594 57.76484298706055 109.27630615234375 83.52104187011719

5 14.747034072875977 50.3602294921875 52.80887222290039 70.08643341064453 1 15.529196739196777 24.085161209106445 55.75965881347656 38.53236770629883
2 70.51921081542969 56.891639709472656 104.04983520507812 81.92340850830078 4 70.15194702148438 62.46760559082031 102.04144287109375 84.6344985961914 1 42.37013626098633 84.88072204589844 82.81932830810547 109.7732925415039
8 20.20476722717285 37.77316665649414 48.031005859375 53.502803802490234 2 23.13331413269043 27.968652725219727 45.9164924621582 43.101383209228516
3 58.468624114990234 38.65949249267578 126.1559066772461 74.3405990600586 2 61.587196350097656 46.50478744506836 119.07501983642578 82.227783203125
3 18.768136978149414 9.590373039245605 39.65629577636719 21.326515197753906 7 20.24677276611328 18.47170639038086 40.13935852050781 30.803499221801758 4 21.520414352416992 24.918350219726562 44.95088195800781 38.23456573486328 7 22.833017349243164 12.457144737243652 36.90850830078125 25.17673683166504
2 8.27049446105957 5.155290126800537 25.078704833984375 15.174335479736328

3 15.891399383544922 23.31822395324707 41.84530258178711 40.25129318237305 6 19.839609146118164 0.9991188645362854 49.20622253417969 17.2352352142334 2 14.37437629699707 24.015356063842773 40.41537094116211 38.870086669921875 0 27.857744216918945 0.13416072726249695 58.55195999145508 20.061729431152344 4 24.04442596435547 17.7294864654541 53.57320022583008 35.37278747558594
4 33.60078811645508 32.93136978149414 85.75019073486328 60.05707931518555 0 23.902435302734375 61.74534225463867 73.81314849853516 87.30208587646484 1 20.2518253326416 40.827449798583984 77.57019805908203 62.11420822143555

1 60.13740921020508 5.775474548339844 95.66270446777344 22.876663208007812 6 63.76216506958008 42.17750549316406 97.53716278076172 68.10527801513672 0 60.4946174621582 24.452760696411133 98.36380004882812 43.837440490722656 0 61.396827697753906 47.14133071899414 98.08264923095703 67.49968719482422 1 58.3299674987793 14.909191131591797 91.78166961669922 26.998491287231445
2 8.499253273010254 16.514141082763672 30.18174934387207 28.716163635253906 9 7.405473709106445 5.056192398071289 31.33911895751953 16.98699188232422 7 9.453635215759277 4.922087669372559 29.683338165283203 16.617433547973633
4 21.602937698364258 36.524539947509766 47.00765609741211 50.527652740478516 1 20.546472549438477 10.747182846069336 52.53047180175781 24.3835391998291 0 17.211471557617188 23.13546371459961 48.47162628173828 37.98551559448242
8 25.240062713623047 47.52899932861328 64.98786163330078 73.1602554321289
3 65.0169677734375 92.12139129638672 94.41651153564453 108.13322448730469 2 62.7976188659668 69.75912475585938 97.18281555175781 89.3702621459961

2 15.155126571655273 25.136375427246094 52.066162109375 47.311031341552734 3 25.349252700805664 48.77875518798828 68.09915924072266 70.935302734375
9 9.769474029541016 39.438411712646484 37.73225402832031 51.84518814086914 9 10.492633819580078 29.82727813720703 38.35386276245117 41.318973541259766 1 14.597153663635254 18.471349716186523 44.8509635925293 32.20340347290039 1 53.626007080078125 43.06882858276367 88.0 67.9198226928711 1 36.430931091308594 58.29829406738281 74.60896301269531 87.6374740600586 0 8.575671195983887 38.16436004638672 28.721378326416016 53.22241973876953
5 50.35295104980469 33.60894012451172 77.07345581054688 51.45806884765625 3 48.55810546875 48.085933685302734 76.11296844482422 64.31817626953125 5 47.534420013427734 43.46435546875 77.95730590820312 60.35243606567383 6 0.0 21.587684631347656 38.04241943359375 49.53752136230469
0 71.06185150146484 18.073720932006836 103.63626098632812 32.97861099243164 1 69.37425994873047 4.1051506996154785 99.09908294677734 18.971574783325195 6 66.53431701660156 13.376625061035156 100.7436294555664 34.29818344116211
2 29.36777114868164 49.96346664428711 51.73714828491211 62.124759674072266 0 28.988971710205078 39.262264251708984 58.850242614746094 51.504268646240234 1 32.491615295410156 31.085647583007812 55.43223571777344 44.71288299560547 2 31.350723266601562 43.73422622680664 54.69310760498047 56.186161041259766 4 29.765317916870117 46.23467254638672 61.312049865722656 66.3924560546875 2 40.211029052734375 7.232276439666748 68.88180541992188 26.204668045043945
1 25.661293029785156 14.204846382141113 68.2326431274414 32.521732330322266 9 15.996878623962402 9.07811450958252 52.48345947265625 29.74776268005371

7 54.96392822265625 13.953944206237793 89.1349105834961 37.28073501586914
4 28.502355575561523 28.37467384338379 58.92903518676758 48.75878143310547 0 35.63741683959961 47.69814682006836 61.509178161621094 63.78819274902344 0 17.926166534423828 44.03282165527344 74.70787811279297 65.96326446533203
2 38.938941955566406 57.64969253540039 75.56341552734375 85.88823699951172 0 32.73029327392578 83.1625747680664 71.14524841308594 102.94328308105469 2 46.12393569946289 68.0285873413086 67.80274200439453 84.01504516601562
7 48.64997482299805 48.95702362060547 89.23785400390625 68.2000503540039 1 45.92913818359375 35.706703186035156 88.3834457397461 55.265071868896484 1 29.824005126953125 58.43745803833008 88.91339874267578 80.5676040649414 1 51.40687942504883 47.78367614746094 88.60269165039062 66.28479766845703
4 10.283230781555176 10.844329833984375 28.219310760498047 20.373167037963867
3 107.78810119628906 36.27524948120117 161.5615234375 63.11033630371094 9 43.25857162475586 28.75002670288086 112.67568969726562 71.79737854003906 8 101.80035400390625 35.15614318847656 143.20159912109375 69.0209732055664 4 20.90570068359375 24.110898971557617 92.15306854248047 70.62406158447266 8 53.98646545410156 24.51396942138672 137.75254821777344 77.54064178466797 3 80.4711685180664 25.63726043701172 154.18130493164062 55.98604202270508
1 20.24443817138672 18.58960723876953 52.43930435180664 32.71677017211914 9 19.292911529541016 31.46979522705078 53.1370964050293 49.83994674682617 8 15.344797134399414 32.271968841552734 53.5074462890625 49.41956329345703 6 18.01012420654297 12.258403778076172 53.379722595214844 31.93893051147461 1 21.365581512451172 0.0 58.96732711791992 17.047874450683594

4 24.737895965576172 10.149333000183105 65.39096069335938 28.771404266357422 3 21.74445152282715 41.15994644165039 64.26852416992188 62.09998321533203 1 22.871889114379883 27.264385223388672 59.97792434692383 45.121639251708984 4 21.864992141723633 28.40663719177246 56.191741943359375 46.78777313232422
9 8.303165435791016 3.5093894004821777 32.48420333862305 20.074390411376953 6 15.265372276306152 0.0 41.7999382019043 12.323028564453125
1 23.0247802734375 57.92146301269531 79.49398803710938 83.49930572509766 4 9.847887992858887 62.246498107910156 53.887603759765625 86.20968627929688 1 34.49760437011719 41.511940002441406 99.43860626220703 67.761962890625
3 8.423727989196777 4.001991271972656 36.49778366088867 18.395977020263672 3 8.24960994720459 17.581165313720703 39.814537048339844 32.82924270629883 4 11.326094627380371 15.36246395111084 34.83635711669922 31.32852554321289

5 7.708638668060303 14.061437606811523 27.115341186523438 24.26515007019043 5 9.896173477172852 6.712525844573975 26.472768783569336 16.3527889251709
6 31.225210189819336 45.64076614379883 68.07791137695312 68.39371490478516 5 25.837718963623047 13.484661102294922 73.6904067993164 39.080379486083984 5 27.23679542541504 48.13581848144531 67.52243041992188 71.13681030273438
5 37.307769775390625 64.20573425292969 91.47698211669922 94.83116149902344
2 9.391914367675781 27.6547794342041 27.848501205444336 38.31367492675781 1 10.51285171508789 18.735898971557617 27.67586898803711 28.256614685058594
7 60.276912689208984 33.511375427246094 102.26951599121094 55.444786071777344 7 61.154727935791016 16.713438034057617 97.98787689208984 38.342159271240234
5 40.562782287597656 20.987943649291992 77.46434020996094 38.083133697509766 1 0.0 38.58842468261719 39.21473693847656 58.93771743774414


9 8.555609703063965 15.817928314208984 30.54460906982422 29.41370964050293 4 8.628000259399414 0.6475053429603577 30.767616271972656 11.501336097717285
5 18.078357696533203 36.17190170288086 45.2723388671875 49.28366470336914 5 16.991439819335938 23.887544631958008 43.59356689453125 37.00725555419922
3 21.193689346313477 23.962133407592773 48.93815231323242 41.01508331298828
2 63.21117401123047 138.10731506347656 101.36212158203125 161.0 1 67.4378662109375 121.24710083007812 104.92526245117188 150.2999267578125 4 39.079044342041016 73.9338607788086 101.9757080078125 117.49923706054688 6 22.936315536499023 141.81646728515625 65.46189880371094 158.71371459960938 9 96.47854614257812 83.65620422363281 150.9724578857422 111.3593521118164 4 104.6446533203125 121.02018737792969 144.8313751220703 140.95501708984375
6 6.956815719604492 16.369644165039062 30.522216796875 28.266023635864258 9 7.036240100860596 27.995040893554688 28.465373992919922 40.10203170776367
1 8.075632095336914 32.08457946777344 43.95600128173828 46.337310791015625

5 12.959123611450195 41.17188262939453 50.717315673828125 59.844547271728516 2 16.21390724182129 25.042856216430664 55.78975296020508 43.771690368652344 5 6.757201194763184 22.76592445373535 48.17091369628906 41.794097900390625 1 8.453651428222656 11.590384483337402 56.554752349853516 29.438899993896484 4 17.4293212890625 30.51268768310547 53.362850189208984 56.68257141113281
2 11.52116870880127 7.560383319854736 46.917789459228516 26.979278564453125
4 17.48360252380371 44.08194351196289 63.074310302734375 75.8763656616211
2 55.7320442199707 69.3469009399414 82.09370422363281 87.98609161376953 2 55.50465774536133 59.11719512939453 85.0258560180664 74.10428619384766
2 45.63764572143555 31.79345703125 84.6614761352539 52.521392822265625 7 47.10234069824219 47.31229019165039 90.06782531738281 66.48247528076172 2 26.26513671875 17.32511329650879 77.10874938964844 47.736854553222656 2 30.126176834106445 19.121341705322266 64.66915130615234 33.821834564208984 4 80.07770538330078 5.7653656005859375 129.7223663330078 42.30794143676758 0 50.11750030517578 45.070560455322266 93.80340576171875 67.69105529785156


3 24.567420959472656 40.359615325927734 64.06145477294922 59.530086517333984 2 25.160686492919922 24.409099578857422 60.59598922729492 44.421329498291016
2 15.36423110961914 5.520400047302246 37.72846603393555 20.615707397460938 4 14.343961715698242 18.036542892456055 39.51591873168945 33.24808120727539
0 25.56249237060547 22.05888557434082 75.70144653320312 44.8128662109375 6 53.89906311035156 5.241176128387451 92.07826232910156 29.05622100830078 9 23.408647537231445 39.18204116821289 77.2455062866211 66.96807861328125 5 33.964752197265625 65.12155151367188 84.10020446777344 92.33297729492188 2 33.517704010009766 61.515438079833984 78.21943664550781 91.24933624267578 9 57.4666633605957 3.7424075603485107 90.52225494384766 26.099340438842773
1 45.16193389892578 68.01898193359375 70.90045166015625 84.08002471923828

1 15.827139854431152 10.331459999084473 56.70144271850586 29.25522232055664 2 11.471451759338379 27.066143035888672 47.7568359375 44.77690124511719 4 13.037385940551758 29.06265640258789 50.17806625366211 50.29624938964844
2 39.93916320800781 37.76557540893555 69.10610961914062 57.44045639038086
5 72.27745819091797 55.60942459106445 107.88875579833984 77.14076232910156 4 69.82220458984375 27.68339729309082 109.12277221679688 48.7540397644043 4 69.49105834960938 40.645755767822266 106.96479034423828 64.09302520751953

1 22.856843948364258 11.469161987304688 47.58551788330078 23.79453468322754 5 25.173677444458008 30.577116012573242 47.82449722290039 45.36833572387695 9 23.453824996948242 18.75180435180664 49.21090316772461 34.33233642578125
2 11.730690956115723 24.54262351989746 29.197948455810547 35.49615478515625 1 6.349827766418457 14.714455604553223 29.937475204467773 25.118330001831055

3 5.142279148101807 16.996679306030273 23.51603126525879 27.58125877380371
2 51.09524917602539 37.97553634643555 86.38099670410156 60.27336883544922 2 66.22872924804688 42.47636032104492 92.2359848022461 57.61787033081055 8 57.631019592285156 56.071468353271484 86.54422760009766 71.6462173461914 6 57.024993896484375 54.76956558227539 93.9437255859375 74.11729431152344 1 13.847455978393555 79.35248565673828 82.55760192871094 105.01810455322266

6 11.670498847961426 35.615760803222656 44.107444763183594 54.525550842285156
5 10.73934555053711 10.133330345153809 28.00487518310547 20.800891876220703 1 7.029725074768066 22.327857971191406 25.06574249267578 32.787410736083984

2 32.46991729736328 13.907054901123047 73.59410858154297 40.825687408447266 7 28.117111206054688 36.56806564331055 68.447265625 58.67229461669922 6 23.91436004638672 14.315131187438965 66.77848815917969 42.79442596435547 2 22.972715377807617 43.16048812866211 77.1585922241211 63.40127944946289 0 30.008005142211914 41.745548248291016 79.46333312988281 68.99288940429688 7 35.96821594238281 24.21394920349121 69.51519775390625 47.03489685058594
8 31.867643356323242 52.48384475708008 64.34393310546875 72.10173034667969 9 30.956403732299805 56.659908294677734 63.93843460083008 74.29341888427734 1 27.564653396606445 66.34223937988281 64.88082122802734 86.86405181884766
6 10.966925621032715 19.59881019592285 30.43671226501465 31.451488494873047 5 10.765366554260254 8.423380851745605 32.08049392700195 19.907733917236328 5 13.293473243713379 20.94813346862793 31.979995727539062 31.959278106689453 3 10.673114776611328 7.818966865539551 32.30637741088867 19.826208114624023
3 17.470611572265625 1.0236189365386963 51.36894989013672 21.50467872619629 5 20.845212936401367 20.031150817871094 53.680702209472656 37.91169357299805
3 7.206295967102051 6.764759540557861 24.616710662841797 14.887609481811523 5 8.028279304504395 13.097478866577148 25.02252769470215 22.95266342163086
6 13.764845848083496 12.89559268951416 31.58488655090332 23.260181427001953 3 2.2127110958099365 1.2700719833374023 24.760299682617188 12.870057106018066 8 12.939657211303711 12.261008262634277 31.142318725585938 23.451095581054688
3 21.04886817932129 79.64342498779297 99.1367416381836 132.43849182128906 5 25.989364624023438 84.29960632324219 103.82066345214844 134.6680908203125 5 56.75360107421875 35.26341247558594 138.9656982421875 81.1814956665039


2 20.111621856689453 14.073797225952148 44.77236557006836 30.038331985473633 7 14.243276596069336 15.105938911437988 48.16613006591797 32.40916442871094 5 14.595263481140137 30.719738006591797 42.92353057861328 48.1513786315918
2 102.9246826171875 82.62430572509766 153.9691619873047 111.46920013427734 1 104.8794937133789 109.46053314208984 153.78086853027344 128.56814575195312 9 103.84759521484375 127.22345733642578 146.74685668945312 154.71173095703125 7 18.140785217285156 171.44825744628906 111.97264862060547 217.0 1 113.2369155883789 94.65645599365234 153.1048583984375 116.80419921875
3 20.006330490112305 44.32906723022461 41.31591033935547 58.8079833984375 5 19.08950424194336 29.395448684692383 43.530479431152344 43.62975311279297 1 16.38333511352539 19.77241325378418 49.027488708496094 33.77534484863281 2 18.71117401123047 45.18409729003906 46.54669189453125 59.737178802490234 1 10.572528839111328 1.9441810846328735 51.17627716064453 16.260902404785156 1 39.63003158569336 0.0 65.0 14.174418449401855
2 13.98715591430664 23.912858963012695 36.39982604980469 38.2684326171875 2 13.209473609924316 12.288399696350098 34.03646469116211 26.601238250732422 4 9.926745414733887 29.460378646850586 35.94147872924805 43.36844253540039
2 8.32101821899414 2.9466404914855957 28.38732147216797 13.46839427947998 5 7.097359657287598 16.169544219970703 30.555177688598633 28.64491844177246
5 9.512153625488281 18.493974685668945 32.37329864501953 35.91054153442383

6 47.67958068847656 94.65577697753906 105.26144409179688 128.50820922851562 5 43.7701416015625 55.6005744934082 102.27647399902344 98.28959655761719
5 4.775113582611084 17.630020141601562 29.901790618896484 31.11630630493164

2 16.289039611816406 81.5036392211914 69.46232604980469 108.53359985351562 7 38.112937927246094 52.09685134887695 92.87139892578125 81.47846984863281 4 57.744232177734375 29.615711212158203 108.25013732910156 58.44667434692383 2 60.4224739074707 31.584810256958008 97.82070922851562 54.47560119628906 2 32.82699966430664 52.517601013183594 88.33871459960938 82.80166625976562 1 0.0 96.01853942871094 54.38958740234375 123.99999237060547
1 46.85948181152344 109.2085952758789 127.4238052368164 139.70948791503906
3 22.408559799194336 17.11106300354004 46.556461334228516 29.55348777770996 6 23.54276466369629 26.08674430847168 47.62824630737305 40.31318664550781 8 23.278667449951172 28.037185668945312 47.379425048828125 40.16426086425781
0 28.032508850097656 36.554443359375 69.5713882446289 54.823299407958984 0 25.700895309448242 16.53228187561035 67.38788604736328 37.108638763427734 3 22.847402572631836 0.0 64.45094299316406 19.402856826782227 1 22.961965560913086 25.23600959777832 62.54368591308594 42.42317581176758
3 5.902905464172363 1.4519054889678955 29.520282745361328 14.590962409973145 7 8.322338104248047 17.78435516357422 28.161975860595703 29.227506637573242


8 20.524919509887695 49.91250228881836 50.77322769165039 67.84419250488281 7 22.865694046020508 37.7161865234375 57.14647674560547 54.72420120239258 6 23.514162063598633 50.21030044555664 56.9021110534668 67.53230285644531
5 11.589506149291992 15.980924606323242 33.99110412597656 26.295734405517578 4 8.742414474487305 30.628480911254883 34.40498733520508 41.84663009643555
3 20.668060302734375 27.609249114990234 54.26268005371094 49.53514099121094 9 21.11191749572754 10.099224090576172 56.90484619140625 31.6790771484375 2 21.819910049438477 29.814964294433594 53.04802322387695 48.57996368408203
2 24.310514450073242 32.428218841552734 52.44176483154297 51.54696273803711 9 17.724807739257812 13.446809768676758 46.44812774658203 29.535789489746094 3 11.164670944213867 10.679733276367188 47.37615966796875 29.217031478881836 5 16.715396881103516 12.529446601867676 44.79142379760742 31.142484664916992
5 11.352452278137207 10.784095764160156 31.643503189086914 23.002220153808594 0 8.692556381225586 24.983871459960938 31.732440948486328 38.6798095703125
9 9.810999870300293 19.853410720825195 30.643537521362305 33.57827377319336 9 12.470895767211914 5.551156044006348 34.443485260009766 20.285743713378906
4 46.537200927734375 70.51160430908203 82.11158752441406 90.74943542480469 1 49.70549392700195 54.7300910949707 89.46533966064453 73.04532623291016 1 44.119388580322266 84.38349151611328 85.40247344970703 103.51387786865234 4 50.830020904541016 59.43214797973633 86.56492614746094 77.1806869506836 4 41.67964172363281 78.58724212646484 87.93482971191406 99.78585052490234

7 13.609943389892578 18.491823196411133 39.86808776855469 34.29073715209961 2 15.328706741333008 15.3309907913208 37.80127716064453 30.263635635375977
9 25.23336410522461 57.51249313354492 61.72142028808594 79.01844787597656 3 20.066797256469727 33.5687141418457 62.5333366394043 50.126426696777344 1 17.58277130126953 23.806129455566406 70.1633529663086 39.77634048461914 1 43.57792282104492 17.92624282836914 87.0 35.313751220703125
6 10.118134498596191 10.294625282287598 29.2366886138916 21.6151065826416
6 9.158125877380371 17.819581985473633 38.881492614746094 29.8204288482666
2 15.703730583190918 54.99083709716797 42.30825424194336 70.00135040283203 2 15.140836715698242 40.239234924316406 40.98755645751953 54.446067810058594
2 24.18209457397461 25.151811599731445 80.68632507324219 45.23416519165039 1 5.361058235168457 51.313446044921875 59.936981201171875 73.6737289428711 1 36.07992935180664 44.97239685058594 90.670166015625 65.98831176757812 4 15.412026405334473 43.229122161865234 60.529815673828125 63.77717208862305 0 22.5235595703125 24.121623992919922 61.22008514404297 42.776214599609375 4 36.04240417480469 22.98193359375 87.98529052734375 45.93241882324219
4 23.752853393554688 53.16093444824219 84.28451538085938 79.771728515625 0 43.42417907714844 18.387584686279297 93.02403259277344 41.53048324584961 6 16.936185836791992 17.174724578857422 72.42375946044922 46.88339614868164
3 13.985727310180664 1.4211795330047607 38.41922378540039 14.068349838256836

7 55.49949264526367 42.18535232543945 93.39517974853516 60.573341369628906 6 57.13983917236328 58.1544189453125 85.30187225341797 76.34990692138672 1 54.99298858642578 41.763004302978516 93.98978424072266 59.193058013916016 1 10.092361450195312 96.8309555053711 56.303138732910156 116.99999237060547
1 12.120609283447266 0.0 56.84685134887695 16.992530822753906 9 15.909614562988281 10.291045188903809 51.5569953918457 30.09575080871582
2 17.634647369384766 28.12105941772461 51.8471794128418 46.625823974609375 6 17.367469787597656 47.863712310791016 49.47428894042969 64.98291778564453 1 10.747756958007812 18.86111068725586 48.965232849121094 35.4725227355957
1 14.598564147949219 6.2687530517578125 49.16079330444336 19.40726661682129 8 15.733726501464844 17.456254959106445 45.07725143432617 32.57774353027344 9 8.995393753051758 17.2443790435791 44.45171356201172 30.909238815307617
2 9.641334533691406 0.9775853157043457 31.569568634033203 11.181770324707031 8 4.938172340393066 9.781267166137695 26.03786849975586 21.86457633972168

6 9.143471717834473 11.20307445526123 29.978607177734375 22.15428924560547 4 8.930400848388672 0.5671263933181763 32.41095733642578 11.144754409790039
8 7.24564790725708 63.909210205078125 52.46689224243164 88.47431182861328 6 8.332023620605469 62.43680191040039 49.686302185058594 86.25860595703125 4 23.20271873474121 78.74382781982422 71.55679321289062 109.37347412109375

1 33.91432571411133 67.89623260498047 138.09771728515625 112.92333221435547 1 120.41541290283203 161.4361114501953 165.23382568359375 180.05426025390625 1 63.08713150024414 51.733455657958984 196.70423889160156 99.07713317871094 0 113.5281753540039 178.81057739257812 156.23550415039062 206.6866455078125 3 123.1195297241211 162.26119995117188 165.66014099121094 185.74557495117188

6 51.510414123535156 156.5825958251953 84.58138275146484 173.54515075683594 2 64.05845642089844 146.58291625976562 94.13442993164062 165.0016326904297 6 58.60783767700195 162.38388061523438 95.66532135009766 179.0
1 6.368032455444336 19.392982482910156 38.48601531982422 34.08271408081055 0 7.759495735168457 36.746116638183594 41.08439636230469 53.20634460449219
2 11.592138290405273 30.974899291992188 35.7718391418457 45.633174896240234 9 10.598259925842285 32.00788116455078 30.682523727416992 43.79642868041992
2 40.844085693359375 28.467632293701172 78.91421508789062 49.80537796020508 7 14.522375106811523 52.204627990722656 53.62379455566406 74.12653350830078
4 18.907299041748047 24.590356826782227 90.52075958251953 53.395416259765625 1 0.0 102.21202850341797 59.82229232788086 126.05103302001953 1 52.116207122802734 99.07501983642578 130.0 125.02391815185547


2 24.722232818603516 8.953753471374512 62.8132438659668 27.725322723388672 2 19.335010528564453 42.35295104980469 59.05506134033203 63.46544647216797 4 20.961505889892578 26.142520904541016 60.59809112548828 44.155479431152344 1 34.720542907714844 0.26932525634765625 67.6209487915039 15.356901168823242 1 18.335285186767578 0.0 50.59303283691406 18.04244041442871 3 27.90798568725586 49.48060607910156 65.866455078125 69.13384246826172
1 9.82386589050293 4.06628942489624 31.66561508178711 14.255597114562988
3 17.988414764404297 31.10076904296875 43.490081787109375 47.48757553100586 2 19.749746322631836 34.61738586425781 41.72549057006836 47.28288269042969
0 10.078742980957031 24.427366256713867 32.0079460144043 35.254737854003906 5 9.822369575500488 12.752822875976562 30.190237045288086 23.609153747558594 3 8.684388160705566 11.841567993164062 26.981914520263672 24.69038963317871
3 57.690757751464844 77.43285369873047 85.61617279052734 90.724365234375 1 20.49952507019043 28.83787727355957 93.3250503540039 51.500614166259766 2 60.90536117553711 88.22041320800781 98.70652770996094 107.1961898803711 9 59.35073471069336 91.26765441894531 88.51632690429688 108.53595733642578 1 53.01820373535156 33.74306869506836 109.0 58.85889434814453
9 81.25578308105469 86.37811279296875 182.40667724609375 150.69683837890625 8 17.524900436401367 96.81050109863281 73.96515655517578 141.1282501220703 6 92.19290161132812 87.10578918457031 189.71107482910156 148.49594116210938 9 112.02538299560547 109.68203735351562 169.48590087890625 139.93011474609375 2 25.446535110473633 84.56177520751953 84.51307678222656 129.36514282226562
9 23.579608917236328 10.171781539916992 48.038848876953125 25.511131286621094 8 20.33293342590332 21.770362854003906 43.12423324584961 36.948097229003906 6 21.39838409423828 21.524883270263672 50.25569152832031 38.14173126220703 3 22.62835121154785 21.679706573486328 47.56517028808594 38.75395965576172
8 7.433236598968506 6.773242473602295 31.432079315185547 17.6538028717041

2 23.407052993774414 35.68378829956055 62.21942901611328 61.15636444091797 1 53.29995346069336 37.46953201293945 102.7536849975586 57.892974853515625
0 12.290510177612305 11.376827239990234 35.82491683959961 22.89018440246582 6 12.859176635742188 1.7662476301193237 40.699337005615234 14.96018123626709 2 11.875165939331055 0.13249725103378296 33.43299865722656 12.380958557128906 5 12.789217948913574 1.8510658740997314 36.31775665283203 13.997481346130371

7 19.826152801513672 16.44620132446289 39.97043991088867 30.159069061279297 4 16.48047637939453 30.876741409301758 41.76263427734375 45.7855224609375 1 20.559173583984375 4.243798732757568 47.90186309814453 18.372528076171875

9 10.907830238342285 2.1826274394989014 33.1313362121582 14.860973358154297
3 10.636164665222168 9.401369094848633 36.22411346435547 21.88506317138672 7 11.431252479553223 23.556640625 37.456199645996094 35.24191665649414
5 4.126720905303955 23.136688232421875 25.818614959716797 36.45626449584961 4 0.0 25.40899658203125 18.285871505737305 38.037628173828125 3 7.175725936889648 5.513458728790283 29.398792266845703 19.640981674194336
6 14.172005653381348 44.49532699584961 49.26565170288086 63.46995162963867 6 16.81838035583496 7.751308917999268 51.815826416015625 26.818435668945312 4 17.365772247314453 23.04783821105957 55.80690383911133 43.47101593017578 5 15.81279182434082 46.68407440185547 50.39064407348633 66.1519775390625 1 14.360679626464844 32.21556091308594 52.07344055175781 49.045841217041016
2 23.630630493164062 41.692073822021484 52.43204879760742 57.9981575012207 4 12.721553802490234 37.932830810546875 40.71100997924805 54.21921920776367
3 10.528563499450684 3.161430835723877 28.887392044067383 17.57822608947754
5 8.216602325439453 3.0032124519348145 28.931896209716797 15.262786865234375 6 9.28930950164795 15.429685592651367 29.20636558532715 26.217529296875 5 8.174665451049805 17.990154266357422 29.40997886657715 29.108678817749023 4 6.919378280639648 0.18166160583496094 29.872997283935547 12.834258079528809 7 9.737869262695312 7.035449504852295 29.8920955657959 16.490047454833984 2 6.823710918426514 1.7726879119873047 29.221471786499023 11.846197128295898
6 30.12747573852539 69.27362823486328 74.76795959472656 86.19464874267578 6 162.44229125976562 52.19737243652344 221.2333526611328 92.24725341796875 6 15.628532409667969 72.36236572265625 98.0836181640625 107.56868743896484 0 168.31243896484375 126.8959732055664 208.06629943847656 166.4999237060547 6 114.07270812988281 109.13829040527344 169.90943908691406 129.99423217773438 6 103.27958679199219 111.84178161621094 150.78915405273438 142.7760009765625

0 29.312549591064453 79.22361755371094 87.68087005615234 116.18040466308594 1 36.537628173828125 9.401155471801758 90.850341796875 39.488704681396484 5 28.357391357421875 32.145076751708984 95.5576400756836 74.88245391845703
5 10.871565818786621 8.418585777282715 36.566551208496094 24.043481826782227 0 9.580544471740723 33.406639099121094 36.47355651855469 46.22796630859375 0 14.954178810119629 21.25322723388672 38.82938003540039 33.62620544433594
1 9.384247779846191 6.547715187072754 35.16814422607422 18.117443084716797 4 10.491098403930664 29.684734344482422 34.109130859375 45.052242279052734 8 9.322154998779297 17.34485626220703 32.943634033203125 31.69162940979004 9 9.101083755493164 18.44116973876953 30.78357696533203 31.70482063293457
5 8.121121406555176 15.08539867401123 28.309690475463867 27.8966064453125 4 8.57126235961914 26.346805572509766 30.813005447387695 42.0
2 17.949626922607422 11.527783393859863 59.12290573120117 28.88241958618164 2 13.284069061279297 30.40134048461914 58.112342834472656 50.56126022338867 7 22.15712547302246 29.622028350830078 60.921871185302734 48.55768966674805 9 15.046093940734863 32.31224060058594 58.30852127075195 50.061744689941406
4 18.688722610473633 14.933915138244629 46.96721267700195 28.021060943603516 0 17.719594955444336 23.907974243164062 53.03573989868164 39.945316314697266
5 9.044975280761719 22.506881713867188 32.06507110595703 35.85161209106445 2 13.600646018981934 19.830276489257812 36.632179260253906 32.54660415649414
8 17.100671768188477 35.40115737915039 43.03438949584961 51.3830451965332 2 15.21651840209961 6.738921642303467 40.876155853271484 21.460853576660156 3 16.950977325439453 21.55902099609375 43.837581634521484 35.75114440917969
4 19.732208251953125 36.33626174926758 51.89645004272461 54.62792205810547
5 47.15321731567383 2.9205119609832764 78.24098205566406 22.56917953491211 3 48.520503997802734 5.122220993041992 77.23149871826172 22.966388702392578
2 19.837661743164062 19.375368118286133 43.341896057128906 35.39238739013672 3 13.745835304260254 6.091509819030762 39.26420593261719 21.44717788696289

3 86.13785552978516 66.83662414550781 123.10469818115234 92.0245132446289

9 12.455366134643555 21.70624542236328 36.04334259033203 35.810829162597656 7 15.2327880859375 9.248604774475098 37.337955474853516 22.5773983001709 4 10.87367057800293 17.943653106689453 34.6695671081543 32.954471588134766 2 15.176849365234375 6.837229251861572 38.58293151855469 20.151439666748047
2 26.032779693603516 37.261451721191406 57.07902526855469 54.631996154785156 7 22.266132354736328 17.78912925720215 55.52674102783203 34.66254425048828
4 25.30657386779785 30.74854850769043 56.4217643737793 50.24095153808594 0 28.562631607055664 52.456451416015625 63.31333923339844 72.91939544677734
2 14.18393325805664 6.827754497528076 36.38975524902344 20.110563278198242 4 15.983864784240723 0.0 42.315853118896484 18.023643493652344 1 0.0 70.32418060302734 49.74873733520508 89.8102798461914 7 0.0 63.62651443481445 56.64460372924805 87.53839874267578
3 61.87018585205078 30.513460159301758 115.38507080078125 61.09572982788086 3 21.4300537109375 49.607242584228516 89.82939147949219 88.22016906738281 2 0.0 77.27568817138672 52.15415954589844 107.7483901977539 7 21.52337074279785 52.09172058105469 74.02509307861328 82.57901763916016 7 56.159393310546875 34.64406967163086 105.04855346679688 60.629947662353516 2 0.0 81.103759765625 18.91421890258789 106.58023071289062

8 81.8490982055664 111.88941192626953 119.04556274414062 134.520751953125
4 13.288089752197266 28.008018493652344 34.30657958984375 41.056419372558594 7 14.789793014526367 16.928449630737305 38.462982177734375 28.017072677612305
2 12.21413803100586 12.219452857971191 32.74159240722656 22.83953857421875 2 9.596630096435547 25.744102478027344 33.427581787109375 37.24366760253906

4 8.729402542114258 15.853791236877441 24.633262634277344 24.601747512817383 9 6.884149074554443 14.694966316223145 21.951335906982422 24.258970260620117

1 43.53313064575195 19.913331985473633 83.24658203125 38.60578918457031 1 45.636192321777344 29.85586166381836 80.54682922363281 47.296146392822266 4 47.47050094604492 18.05101776123047 77.16236114501953 35.854209899902344
2 16.235584259033203 10.483163833618164 43.078468322753906 27.634157180786133
2 27.667951583862305 51.68356704711914 77.3398208618164 80.10884857177734 2 28.3580265045166 28.54590606689453 76.56581115722656 60.90442657470703 1 26.823802947998047 62.84251403808594 79.25418090820312 86.16496276855469 1 20.267074584960938 13.347521781921387 80.68204498291016 42.51307678222656
6 63.609066009521484 93.19413757324219 93.04949951171875 113.45582580566406 2 66.18830871582031 71.61152648925781 98.24317169189453 91.96817016601562
4 20.718324661254883 20.725135803222656 55.33320236206055 39.36336898803711 2 12.268117904663086 37.00991439819336 50.71326446533203 59.95848083496094
1 20.4444580078125 35.8325309753418 72.72782135009766 54.25688552856445 1 10.566216468811035 28.250967025756836 54.76200485229492 45.00776672363281

6 16.260242462158203 46.339359283447266 63.46050262451172 64.29692840576172 6 31.05997085571289 2.6435770988464355 79.30606842041016 20.006200790405273 9 12.189681053161621 27.684663772583008 61.72871398925781 50.25459671020508 2 11.319332122802734 27.959312438964844 65.43364715576172 49.272945404052734 3 16.19567108154297 28.262805938720703 58.25302505493164 49.1512451171875 5 37.821815490722656 2.9738526344299316 82.42451477050781 21.127431869506836
7 5.465339660644531 2.9425034523010254 19.54762077331543 12.015274047851562
1 0.0 2.400400161743164 45.121543884277344 18.886497497558594 1 27.73489761352539 2.2840378284454346 67.0 19.075916290283203 2 17.273406982421875 29.26628875732422 47.242523193359375 43.31175994873047 0 20.263952255249023 38.51325988769531 51.171966552734375 53.3006706237793 6 16.94902801513672 26.61733627319336 47.92178726196289 40.63955307006836 2 17.45686149597168 38.399131774902344 51.45011520385742 53.2188835144043

6 20.752891540527344 44.829524993896484 46.48394775390625 59.13691329956055 2 18.41335678100586 5.444196701049805 45.5335807800293 24.825162887573242 7 14.831804275512695 31.370119094848633 43.7869758605957 48.37127685546875 0 17.592531204223633 19.229856491088867 48.108829498291016 33.71160125732422
2 15.003501892089844 43.6897087097168 48.221622467041016 62.543914794921875 3 19.819246292114258 7.077988147735596 52.852088928222656 27.012012481689453 0 15.415427207946777 25.987207412719727 54.02622604370117 44.17272186279297 7 21.1015682220459 8.541138648986816 52.19985580444336 28.479677200317383
1 7.99619722366333 12.132272720336914 39.780677795410156 23.279983520507812

5 7.204901218414307 20.732215881347656 36.22870635986328 32.65389633178711 5 12.469058990478516 6.152273178100586 36.83577346801758 19.346599578857422
1 35.55561828613281 3.0444118976593018 118.50391387939453 26.477752685546875 7 30.26856803894043 33.605003356933594 89.68148803710938 61.208683013916016 5 26.367801666259766 33.326576232910156 118.86088562011719 65.7779769897461
7 15.01844310760498 25.92188262939453 46.708763122558594 44.95975112915039 4 14.180542945861816 5.075930595397949 48.64722442626953 24.750812530517578 7 10.164468765258789 35.72502517700195 37.79158020019531 51.3787727355957
8 30.120052337646484 35.93085861206055 71.91356658935547 55.98157501220703 1 35.89360046386719 22.069183349609375 73.42504119873047 40.09746170043945 1 27.677766799926758 52.52573776245117 67.81704711914062 69.34239959716797 3 29.615652084350586 9.79210376739502 72.49842071533203 32.94743347167969 4 29.499053955078125 22.92654037475586 64.33868408203125 41.61813735961914
1 8.86190414428711 24.141437530517578 36.71363830566406 37.404808044433594
2 18.54492950439453 25.71095085144043 35.12620162963867 37.928226470947266 2 11.437750816345215 14.291516304016113 33.38003158569336 27.62238883972168
2 9.43323802947998 20.843143463134766 53.27229309082031 42.684513092041016 5 9.615592956542969 43.73372268676758 48.476646423339844 65.46161651611328
8 62.23006820678711 125.90633392333984 115.07670593261719 154.97900390625 6 22.934101104736328 94.50243377685547 77.56446075439453 129.49588012695312
9 26.35676383972168 51.57136154174805 57.80837631225586 70.6501235961914 2 19.46540641784668 6.13427209854126 58.44878005981445 27.089250564575195 7 20.17852783203125 33.80315017700195 61.470855712890625 51.85551452636719 0 20.140796661376953 53.490055084228516 58.70906448364258 74.38202667236328 4 27.002901077270508 6.218441963195801 64.11778259277344 30.82134437561035 2 28.277496337890625 30.04158592224121 67.04878234863281 51.669700622558594
2 47.402584075927734 67.85276794433594 107.90764617919922 113.06700897216797 4 29.94792366027832 28.78506851196289 91.32755279541016 68.04546356201172
9 6.026248931884766 14.863031387329102 39.283382415771484 28.503908157348633 7 4.885540962219238 4.590658664703369 31.874065399169922 17.521282196044922 1 3.8722925186157227 21.190359115600586 34.04374694824219 34.6323127746582 4 29.187000274658203 19.004907608032227 56.0 33.770469665527344
4 11.165367126464844 8.379859924316406 31.507123947143555 21.232501983642578 2 8.311887741088867 1.7763330936431885 32.35523223876953 13.789170265197754
5 29.90770721435547 66.84627532958984 75.50849914550781 98.31826782226562 8 15.696710586547852 94.20075988769531 66.94523620605469 127.13485717773438 1 60.53081130981445 18.37466812133789 115.51814270019531 42.73338317871094 4 44.90514373779297 42.023250579833984 104.22917175292969 70.26264190673828
2 18.676692962646484 11.276761054992676 50.96099853515625 27.845945358276367 2 19.726966857910156 0.8650109767913818 45.8816032409668 16.651811599731445 9 16.810646057128906 11.731961250305176 48.69625473022461 27.60432243347168 4 18.156965255737305 22.194149017333984 54.25316619873047 38.489952087402344 4 20.570117950439453 2.4831619262695312 45.537445068359375 17.98807144165039 7 21.623437881469727 3.3965911865234375 46.03890609741211 15.836148262023926


4 18.155298233032227 10.505589485168457 81.45626068115234 42.808414459228516 6 41.83880615234375 55.79036331176758 105.08805084228516 95.54303741455078 2 25.373558044433594 1.8206771612167358 84.96468353271484 35.36381530761719
1 83.3059310913086 1.8127188682556152 137.15625 25.850379943847656 0 85.02091217041016 26.44841194152832 138.61822509765625 54.77729034423828 0 103.09127044677734 22.507490158081055 171.59423828125 50.759395599365234 1 85.10980224609375 14.344231605529785 137.55064392089844 40.861534118652344 5 83.48301696777344 69.39842224121094 145.24813842773438 112.6793441772461
7 14.85763168334961 0.0 45.157039642333984 12.170562744140625 7 10.129714012145996 12.198089599609375 51.113555908203125 30.65159034729004
1 34.126094818115234 29.528263092041016 56.32571029663086 41.106571197509766 5 20.888513565063477 0.0 39.3224983215332 9.680837631225586 4 13.58641529083252 5.25552225112915 39.48631286621094 20.341821670532227 2 21.721683502197266 0.0 38.38634490966797 8.663139343261719 6 29.43187713623047 36.26194763183594 52.9310188293457 48.52144241333008 8 28.362651824951172 36.62384796142578 51.68405532836914 50.30475616455078
5 10.198729515075684 26.9705810546875 37.24979782104492 42.91897201538086 3 8.00155258178711 15.270890235900879 35.92026138305664 31.665719985961914
3 23.275876998901367 0.0 70.06425476074219 24.336305618286133 7 32.084808349609375 54.92013931274414 72.8348388671875 73.70558166503906 8 25.8637638092041 28.076053619384766 69.9181137084961 53.51884841918945 7 19.41794776916504 61.592041015625 61.86116409301758 84.38179779052734
2 97.94847106933594 47.56800079345703 132.66798400878906 64.84908294677734 2 94.8065185546875 76.40355682373047 132.92462158203125 98.70246124267578
3 20.436662673950195 6.046722888946533 46.93404769897461 22.856088638305664 7 21.52423667907715 27.499608993530273 49.974609375 45.32770919799805
3 15.667096138000488 5.96493673324585 53.280372619628906 27.239803314208984 5 16.901016235351562 30.144119262695312 51.451236724853516 53.5920524597168
1 11.680006980895996 21.08957862854004 36.33045196533203 32.4909782409668
9 21.50136947631836 44.81743621826172 42.38091278076172 56.94377899169922
4 19.671585083007812 27.417394638061523 48.10141372680664 43.57495880126953 2 11.588783264160156 5.7366862297058105 40.93362808227539 27.269336700439453
9 10.6092529296875 40.42435073852539 51.25371551513672 57.08713912963867 3 13.500723838806152 9.388360977172852 51.45802307128906 27.018096923828125 2 14.189244270324707 9.971563339233398 44.226131439208984 26.63800048828125 1 9.3777437210083 0.0 44.952518463134766 15.24815845489502 1 13.328099250793457 16.532194137573242 52.74102783203125 31.511579513549805 1 6.620609283447266 29.37448501586914 48.33464813232422 44.42540740966797
4 14.237225532531738 24.320049285888672 32.60030746459961 38.06687545776367 7 9.358500480651855 9.722258567810059 33.585384368896484 24.018142700195312
2 24.40843391418457 23.366865158081055 56.71649169921875 43.59715270996094 8 27.461511611938477 37.835758209228516 58.80229949951172 54.90953063964844 5 24.14297103881836 48.644901275634766 60.48189926147461 68.28157806396484 6 25.183847427368164 47.218631744384766 55.168975830078125 64.98651885986328
2 7.751678466796875 7.85209846496582 34.02325439453125 21.18463134765625 2 14.364596366882324 21.96646499633789 38.70816421508789 36.434051513671875 3 14.502321243286133 20.424516677856445 40.49248123168945 34.718475341796875 9 6.294405937194824 5.323388576507568 29.160221099853516 18.965946197509766 4 17.389665603637695 27.674942016601562 41.98371505737305 40.22572708129883
5 7.920762062072754 4.281635761260986 26.602481842041016 14.815423965454102 4 7.1249189376831055 16.894378662109375 24.087604522705078 27.236255645751953 2 7.947933673858643 2.624960422515869 30.758888244628906 13.34347915649414
7 16.918542861938477 18.285320281982422 44.42930221557617 29.257671356201172 3 17.610315322875977 4.176173210144043 39.68141174316406 18.771793365478516 5 17.037097930908203 4.497077465057373 38.7935791015625 17.532451629638672
5 24.504558563232422 1.149228572845459 65.720947265625 26.20077896118164 2 29.28689956665039 19.59714126586914 63.43804168701172 42.05809020996094
8 41.15469741821289 8.294794082641602 73.80763244628906 28.637351989746094
5 12.196393966674805 27.61039924621582 38.104209899902344 44.829872131347656 3 12.12622356414795 1.6345038414001465 40.76525115966797 15.03553581237793 4 9.754819869995117 17.478530883789062 36.57794189453125 30.398483276367188
1 9.166497230529785 21.742034912109375 56.212825775146484 38.453941345214844
2 36.57337188720703 40.385162353515625 63.09624099731445 54.6591796875 3 13.501527786254883 40.568119049072266 37.52857208251953 55.147865295410156 9 24.418285369873047 36.588809967041016 54.140262603759766 55.227882385253906
4 31.526424407958984 56.63890075683594 66.85061645507812 82.40910339355469 1 29.337772369384766 32.23567199707031 79.24453735351562 55.68886184692383 4 37.07802200317383 65.10350799560547 81.81156158447266 92.08592224121094
5 32.281524658203125 9.03207015991211 102.5804214477539 40.58062744140625 4 27.370948791503906 44.914573669433594 99.11177062988281 79.58857727050781 7 65.51179504394531 8.103511810302734 134.84226989746094 41.42803955078125 1 38.99483871459961 56.536834716796875 88.39769744873047 76.67123413085938 9 30.965656280517578 39.33979034423828 99.3587417602539 71.82330322265625
3 11.578729629516602 12.833572387695312 30.635168075561523 26.087879180908203 3 11.403915405273438 24.59238624572754 34.46339416503906 39.669559478759766 5 12.456765174865723 13.488557815551758 32.55949783325195 25.73091697692871
8 17.114948272705078 20.092119216918945 45.5326042175293 34.136287689208984 6 18.78052520751953 19.598474502563477 46.19690704345703 33.78026580810547
5 12.029677391052246 71.54547119140625 37.34357452392578 87.60819244384766 3 12.769218444824219 79.73834991455078 33.87871551513672 92.38191223144531 3 21.345718383789062 82.87939453125 38.73085021972656 94.59835815429688 8 12.719499588012695 82.87259674072266 36.260799407958984 93.621826171875 2 46.3600959777832 46.952877044677734 94.82703399658203 72.4892578125
4 37.10980224609375 45.025390625 86.19790649414062 68.69195556640625 2 39.066001892089844 14.849873542785645 92.06425476074219 44.18543243408203 7 34.926979064941406 47.10683059692383 83.15391540527344 73.76917266845703

7 16.028316497802734 38.377830505371094 36.64958953857422 51.65626907348633 1 14.46556282043457 13.662752151489258 39.99653244018555 27.275728225708008 8 16.295564651489258 26.86065673828125 35.77470016479492 39.35406494140625 3 15.786276817321777 26.731168746948242 37.16000747680664 39.05623245239258
2 9.538320541381836 8.963677406311035 35.010684967041016 22.29254150390625 7 10.995491981506348 20.435077667236328 34.872283935546875 32.38363265991211
5 24.68048858642578 65.3082504272461 75.13014221191406 86.93252563476562 0 28.00562858581543 84.98904418945312 77.94879150390625 106.83432006835938 4 32.21187973022461 48.80305099487305 74.9509048461914 70.84649658203125 5 34.6656608581543 53.853755950927734 81.00990295410156 79.06512451171875 1 32.60919189453125 50.482112884521484 72.40831756591797 72.86376190185547
3 32.34327697753906 40.69792556762695 60.70446014404297 58.84406661987305 3 11.329330444335938 39.468563079833984 40.221858978271484 59.03129196166992 1 26.071453094482422 53.63283920288086 64.6524887084961 71.19010162353516
8 67.72804260253906 69.26351165771484 108.20220947265625 95.29132843017578 8 70.23723602294922 80.38629913330078 100.0887451171875 102.95536041259766 0 70.22261810302734 84.68174743652344 104.59577178955078 105.39693450927734 1 33.99746322631836 132.1732635498047 118.4645004272461 165.0

1 15.473933219909668 11.602795600891113 55.380252838134766 28.31892967224121 5 15.175432205200195 32.88838577270508 58.89898681640625 53.95204544067383
7 50.084808349609375 0.0 178.33473205566406 52.1574821472168 7 20.496322631835938 211.9480743408203 86.13142395019531 245.0443115234375

9 18.84599494934082 8.538439750671387 47.09843063354492 25.839733123779297 2 30.73941993713379 8.53657054901123 55.09416198730469 24.822900772094727
6 13.720083236694336 28.632694244384766 37.28435516357422 43.934234619140625 8 10.501723289489746 27.8523006439209 39.6834716796875 42.88783264160156 9 9.536426544189453 13.36818790435791 40.27048110961914 30.985553741455078
3 10.903616905212402 10.18310546875 50.32943344116211 28.895198822021484 5 19.15414810180664 34.855255126953125 57.64437484741211 56.277748107910156 2 11.042943000793457 14.260425567626953 46.17504119873047 34.986454010009766 6 18.422653198242188 32.33951187133789 58.4179801940918 51.882041931152344
2 11.545162200927734 6.7583184242248535 33.637577056884766 20.26578712463379 0 13.272034645080566 29.578948974609375 38.59206771850586 42.22414016723633 3 12.305109024047852 18.28331184387207 38.2287712097168 32.09192657470703

2 15.02149486541748 27.45496368408203 41.4249382019043 41.899078369140625 3 9.02276611328125 12.963184356689453 33.69363021850586 27.257915496826172 2 11.040849685668945 15.19909954071045 35.375755310058594 28.26974105834961
3 11.280899047851562 2.9654417037963867 34.20071792602539 16.736595153808594
2 81.47368621826172 108.3379135131836 134.58084106445312 145.08914184570312
7 9.870918273925781 3.7289578914642334 34.526458740234375 17.824708938598633
2 14.047764778137207 20.561687469482422 41.152183532714844 34.86427688598633
4 8.887706756591797 24.345678329467773 29.06043243408203 35.065242767333984
1 10.393278121948242 12.504664421081543 43.04220199584961 25.901081085205078 1 13.962972640991211 22.629959106445312 41.80523681640625 36.72038269042969
2 11.683493614196777 13.443697929382324 35.2276496887207 26.092445373535156
1 6.9218058586120605 15.337163925170898 37.66416549682617 32.83579635620117 7 39.22346496582031 42.60497283935547 72.0100326538086 62.368282318115234 8 23.448843002319336 30.72292137145996 54.86609649658203 49.52290344238281 9 21.164226531982422 31.974233627319336 57.12063217163086 50.61408233642578
5 11.080940246582031 58.91173553466797 58.38557815551758 88.89202117919922 2 38.269737243652344 23.529521942138672 84.09317779541016 46.13294219970703 1 19.665122985839844 43.02006149291992 71.81583404541016 64.73863983154297 1 77.38353729248047 75.50304412841797 110.130126953125 92.03723907470703 4 16.739957809448242 43.58777618408203 65.79125213623047 69.34810638427734 0 74.29383850097656 79.30231475830078 114.99165344238281 101.02539825439453
4 9.204733848571777 12.491080284118652 29.50936508178711 27.099336624145508 7 6.0760579109191895 26.98077392578125 27.23640251159668 37.93242645263672 1 8.513137817382812 4.8078460693359375 30.546375274658203 14.672700881958008

2 24.674556732177734 30.28630256652832 79.68811798095703 57.8275146484375 6 31.698144912719727 58.16168212890625 84.21591186523438 88.43268585205078
3 17.327068328857422 0.5814861059188843 41.473594665527344 13.976040840148926 7 12.748514175415039 14.95870304107666 39.492733001708984 29.76650619506836 4 13.875627517700195 24.314647674560547 42.04798126220703 37.1141357421875 1 10.326271057128906 25.280485153198242 39.01555633544922 38.765438079833984
8 50.954593658447266 64.27423095703125 96.89490509033203 89.20335388183594 9 67.72004699707031 46.24415969848633 119.2169418334961 70.33284759521484 3 35.53095626831055 85.81981658935547 79.14510345458984 107.23468780517578

2 81.58179473876953 45.2386474609375 106.822509765625 61.699562072753906 3 83.26763153076172 59.496402740478516 109.06006622314453 78.4916000366211 1 30.160127639770508 4.124816417694092 116.915283203125 31.436729431152344 7 47.50110626220703 4.134665012359619 111.09053039550781 33.120914459228516
5 17.5250244140625 2.155822515487671 47.657806396484375 20.88654136657715 5 8.695743560791016 28.08184814453125 41.79615020751953 45.327510833740234
4 37.057891845703125 73.07592010498047 72.46896362304688 98.30525207519531 1 88.07821655273438 18.084814071655273 161.0 50.631568908691406 4 30.04467010498047 88.9834213256836 63.90190505981445 107.70964050292969
7 5.152493953704834 20.803890228271484 40.080108642578125 37.55552291870117 1 11.218598365783691 6.917179584503174 41.37879180908203 21.340545654296875
5 36.91543960571289 47.55793762207031 92.82939147949219 79.47061920166016 5 28.183347702026367 16.86454200744629 79.75101470947266 51.67528533935547
6 49.677978515625 40.71784210205078 97.1583251953125 65.66529083251953 2 38.56441116333008 13.503837585449219 100.04716491699219 44.86110305786133 5 46.77983093261719 60.68379592895508 96.3466796875 87.92896270751953 3 41.04076385498047 59.87367248535156 90.35672760009766 86.63260650634766
2 81.07676696777344 52.12255859375 133.1995391845703 85.98789978027344 6 86.3388900756836 85.89405822753906 139.55197143554688 111.46167755126953

8 8.779631614685059 6.704846382141113 31.305782318115234 20.240680694580078 6 6.0987091064453125 6.289824962615967 30.481464385986328 19.35683250427246 2 19.913658142089844 15.469635963439941 46.85858917236328 32.735355377197266
8 18.358375549316406 7.4399213790893555 43.4593505859375 21.74371337890625 5 22.673206329345703 19.527694702148438 45.70081329345703 33.99468994140625 5 13.58749008178711 24.574371337890625 41.33685302734375 40.319313049316406
6 42.576820373535156 50.76542663574219 82.58446502685547 72.95911407470703 9 45.18815231323242 51.76494598388672 86.08025360107422 74.30158233642578 2 43.91395950317383 35.02823257446289 84.25990295410156 54.60528564453125
1 33.04808044433594 35.664581298828125 71.98577117919922 57.92755126953125 8 27.859033584594727 53.77202224731445 66.2105484008789 75.14747619628906 3 24.615615844726562 21.169330596923828 72.8582763671875 44.80315017700195 2 28.82070541381836 22.885034561157227 74.36505126953125 47.61722183227539 9 28.020124435424805 66.78156280517578 67.63492584228516 90.18672943115234
7 12.024853706359863 11.085532188415527 42.903114318847656 28.480300903320312
4 13.837350845336914 4.345622539520264 41.843658447265625 18.406665802001953 1 15.904801368713379 4.111111640930176 43.912940979003906 17.652524948120117
8 17.960403442382812 49.99945068359375 52.72569274902344 66.66995239257812 1 16.493637084960938 38.84425735473633 53.916419982910156 53.875938415527344 1 13.666180610656738 10.647126197814941 59.75997543334961 30.701723098754883 4 14.179841041564941 7.647231101989746 64.73796844482422 26.645166397094727
2 13.812250137329102 46.90164566040039 56.884830474853516 70.27592468261719 7 15.859902381896973 65.3934555053711 52.27254104614258 84.9370346069336
4 76.85086059570312 39.98957824707031 129.62542724609375 72.02772521972656 9 66.40838623046875 70.5245590209961 137.98941040039062 111.41048431396484 0 73.7616195678711 74.50906372070312 129.1901397705078 111.1959228515625 8 72.66207885742188 69.54638671875 131.44393920898438 102.7804946899414
4 13.542634963989258 67.7557373046875 37.908355712890625 78.94754028320312
6 10.437166213989258 8.708282470703125 37.205379486083984 22.603288650512695
4 25.530332565307617 5.9308319091796875 53.48630905151367 23.80380630493164
9 7.369498252868652 31.70502471923828 32.134605407714844 45.5657958984375
4 5.128596782684326 14.983689308166504 25.867347717285156 27.867374420166016
3 9.479764938354492 16.152271270751953 27.843311309814453 29.369579315185547 6 9.707664489746094 8.325533866882324 29.1038761138916 19.04364776611328
4 8.80424690246582 16.913320541381836 34.5010871887207 31.117918014526367
2 19.830106735229492 10.132773399353027 53.3928337097168 27.731346130371094 1 19.31767463684082 30.61809539794922 52.56962203979492 47.10201644897461
2 9.409411430358887 5.575709342956543 33.325191497802734 20.24213218688965 9 5.8985114097595215 30.441974639892578 32.66166305541992 46.203407287597656 9 6.284243583679199 19.35621452331543 34.76129913330078 34.12746810913086 5 2.772996425628662 31.529823303222656 29.768064498901367 46.15768814086914
1 76.44181060791016 21.020978927612305 176.4732666015625 59.867000579833984 1 25.99393653869629 133.16465759277344 80.22643280029297 157.0829620361328 1 119.01435089111328 33.9477653503418 180.0 76.74720001220703 1 30.262502670288086 35.628936767578125 119.30658721923828 68.44384765625 1 66.02446746826172 83.1141128540039 148.51832580566406 113.31682586669922
3 31.423568725585938 43.0902099609375 62.10118865966797 59.0340690612793 8 33.59030532836914 29.9403076171875 64.1873550415039 48.60211181640625 3 32.45602035522461 18.344406127929688 57.321533203125 34.079219818115234
6 19.624618530273438 46.1695671081543 51.94868469238281 61.23208236694336 7 24.062484741210938 33.720726013183594 55.499141693115234 48.99383544921875 5 24.859973907470703 20.796045303344727 58.39727783203125 39.5849494934082 9 18.032480239868164 56.628135681152344 56.73379135131836 77.45872497558594 1 26.79452896118164 27.479700088500977 56.1994514465332 45.22489929199219
2 12.406367301940918 23.508018493652344 42.645938873291016 40.27716064453125 2 17.252534866333008 2.114668607711792 50.6108283996582 19.820667266845703 4 21.190143585205078 6.2270331382751465 48.450496673583984 21.583879470825195 2 10.148530960083008 16.948772430419922 41.37812042236328 31.668834686279297
2 31.250627517700195 1.3694052696228027 62.159908294677734 15.911751747131348 7 30.74566078186035 14.461563110351562 60.439388275146484 30.216257095336914

4 14.159693717956543 31.091812133789062 37.31552505493164 42.81543731689453 3 12.508305549621582 18.599164962768555 39.140052795410156 31.78511619567871 1 14.222079277038574 37.641719818115234 42.49012756347656 50.211647033691406 4 8.851404190063477 36.67313003540039 38.77263259887695 49.50236511230469
9 18.7729549407959 1.8758766651153564 40.06130599975586 16.90572738647461 5 18.764488220214844 18.19753646850586 45.35740280151367 31.150959014892578 2 20.57139015197754 2.9993984699249268 43.047264099121094 15.99349308013916
5 29.022884368896484 18.244247436523438 73.87042999267578 44.66862869262695 3 32.19499969482422 20.082881927490234 64.56888580322266 43.97188186645508 6 28.955974578857422 22.575109481811523 71.9219741821289 44.538272857666016
8 11.08615779876709 13.295022964477539 31.381624221801758 25.18995475769043
9 73.47864532470703 71.65776824951172 122.26398468017578 92.00383758544922 5 68.84922790527344 50.57712173461914 106.91200256347656 72.94249725341797 0 80.65379333496094 70.03548431396484 118.64384460449219 90.60940551757812 1 59.08497619628906 95.42589569091797 129.66256713867188 128.29391479492188 3 74.4027328491211 49.7916259765625 112.38086700439453 72.36054229736328
1 30.983388900756836 44.6033935546875 122.98664855957031 79.34220886230469 7 60.418678283691406 125.27396392822266 146.80825805664062 160.46412658691406 1 16.28842544555664 88.82195281982422 121.77801513671875 126.66575622558594 1 29.349533081054688 109.26814270019531 112.24784088134766 142.96279907226562 2 0.0 43.252010345458984 45.778656005859375 82.6155776977539
4 38.934688568115234 56.529178619384766 69.16183471679688 73.7105484008789 1 26.656078338623047 15.595255851745605 69.98876953125 33.73628234863281 4 41.789794921875 60.47333908081055 61.497779846191406 69.41481018066406
5 9.037444114685059 41.277244567871094 40.1998291015625 60.6929931640625 1 13.062636375427246 30.907814025878906 46.34292984008789 45.177249908447266
8 11.435481071472168 4.9012532234191895 42.532676696777344 19.811946868896484 9 12.829559326171875 2.022594451904297 37.98975372314453 21.045425415039062
1 89.68426513671875 22.593944549560547 134.10206604003906 53.021873474121094 8 61.288299560546875 212.57484436035156 144.444580078125 267.9440612792969


1 50.481624603271484 5.854226589202881 78.59394073486328 21.495193481445312 6 50.13819122314453 16.010211944580078 80.66553497314453 34.60942840576172 1 52.42835998535156 0.0 85.5042724609375 14.236721992492676 5 84.68034362792969 27.597970962524414 113.08728790283203 44.48593521118164 6 22.680526733398438 1.5122628211975098 46.65476608276367 14.050494194030762 6 29.77051544189453 43.708595275878906 50.067665100097656 66.73217010498047
2 24.209680557250977 36.75651168823242 55.238094329833984 54.0937614440918 2 21.854703903198242 51.33420181274414 50.81344223022461 69.25916290283203

2 17.541765213012695 28.353137969970703 50.70056915283203 45.15456008911133 1 15.376078605651855 3.3256678581237793 50.81867218017578 16.190935134887695 4 18.270536422729492 36.658138275146484 50.82930374145508 54.24802780151367 2 27.086835861206055 38.85447311401367 54.52516555786133 54.15201187133789
1 39.89081573486328 22.891942977905273 70.43074035644531 36.393070220947266 1 36.406803131103516 13.905214309692383 83.07365417480469 32.93471145629883 2 39.468116760253906 30.3394718170166 69.20183563232422 45.09226989746094
2 9.847512245178223 5.894202709197998 30.10107421875 18.015695571899414

1 22.257726669311523 14.708989143371582 74.83261108398438 38.09571075439453 7 36.348365783691406 49.378326416015625 73.02272033691406 70.63306427001953 1 23.90442657470703 33.75290298461914 78.3768081665039 53.13761901855469 1 9.243366241455078 4.683341026306152 75.23249053955078 27.101665496826172
4 53.505863189697266 26.15276336669922 92.1871337890625 50.375877380371094
3 12.772234916687012 24.473031997680664 42.16537857055664 40.099639892578125
2 61.406124114990234 10.554841995239258 84.59660339355469 26.422021865844727 2 55.0380973815918 17.447290420532227 86.13135528564453 33.32692337036133 9 34.92848205566406 25.94656753540039 81.8641128540039 46.406524658203125 4 34.04966735839844 4.70498514175415 72.44627380371094 24.432300567626953 8 39.635257720947266 10.891789436340332 79.53866577148438 33.467952728271484 6 34.521385192871094 10.256728172302246 73.72449493408203 32.955894470214844
8 46.10445785522461 72.4520034790039 72.29435729980469 88.40078735351562 5 46.145137786865234 55.259063720703125 76.5912094116211 74.2982406616211

6 8.360664367675781 10.255255699157715 35.26872253417969 27.011850357055664 5 14.362041473388672 27.33432960510254 44.08955764770508 42.576351165771484 9 18.278011322021484 14.055736541748047 51.646060943603516 29.498414993286133
1 14.601019859313965 3.1422014236450195 43.21959686279297 16.81005859375 1 10.70006275177002 24.24889373779297 38.19758224487305 36.6972541809082 0 18.657197952270508 15.521392822265625 38.01696014404297 29.444379806518555 9 17.117881774902344 13.27912425994873 40.747005462646484 27.010160446166992 0 11.602718353271484 24.321754455566406 39.189659118652344 37.88920974731445

3 15.39013957977295 0.48619189858436584 47.43016815185547 21.055809020996094 5 20.79595947265625 46.612571716308594 52.654640197753906 64.0 0 17.672657012939453 28.64553451538086 51.543235778808594 46.13399887084961 5 13.504545211791992 2.059515953063965 49.229740142822266 21.806955337524414
4 10.273807525634766 3.7207460403442383 32.07978057861328 14.292353630065918
4 24.926694869995117 14.53214168548584 52.8077278137207 30.415903091430664 0 12.08919906616211 28.444974899291992 35.375762939453125 49.593292236328125
2 39.776451110839844 24.54908561706543 93.17609405517578 53.96170425415039 2 45.119354248046875 52.6694221496582 91.93065643310547 78.22521209716797 7 41.46116638183594 74.59898376464844 90.19087982177734 97.02722930908203
2 20.604482650756836 40.73683547973633 50.71473693847656 56.97364044189453 4 17.33133888244629 42.82468032836914 54.13679122924805 59.24039840698242
4 14.910244941711426 22.559917449951172 40.80269241333008 39.079856872558594 2 13.751665115356445 6.491109371185303 43.604454040527344 22.55720329284668

