16011 10 208 20 202 24 199 26 197 29 194 30 193 32 191 33 191 34 189 35 189 36 187 37 187 37 186 39 185 39 184 41 183 42 182 43 180 45 179 46 177 49 175 50 173 52 171 54 169 55 168 57 167 57 167 58 165 59 165 59 164 61 163 62 162 62 161 64 160 64 160 65 159 65 159 66 158 66 158 66 158 67 157 67 157 68 156 68 156 69 155 70 154 70 153 72 152 72 152 73 151 74 150 74 150 75 149 76 147 78 146 79 146 79 145 80 144 81 143 81 143 82 142 83 141 84 140 85 139 86 139 86 138 86 138 88 137 88 137 88 137 88 137 88 138 87 138 87 138 86 138 87 138 87 138 87 137 88 136 89 136 88 136 89 135 90 134 91 134 90 134 91 133 92 133 92 132 93 131 94 130 95 129 96 128 97 127 98 126 99 125 101 123 103 121 105 119 106 118 107 117 108 116 109 116 108 116 109 115 110 114 112 112 113 111 114 110 115 109 116 108 116 108 117 107 117 107 117 107 117 107 117 107 117 107 118 106 118 107 116 108 116 109 115 110 114 112 112 115 109 116 107 119 105 120 104 121 103 125 98 128 96 129 95 129 95 130 94 130 94 131 93 131 94 130 94 131 93 131 93 132 93 132 92 133 91 135 88 143 66 1 12 168 4 17 12 1606
11790 7 171 8 33 18 164 14 26 23 160 18 20 28 157 22 14 33 155 71 153 72 151 74 150 74 150 75 150 74 150 74 151 73 152 73 152 72 153 71 155 69 156 68 157 67 158 66 158 66 158 66 158 66 158 67 157 67 157 67 157 67 157 67 157 68 155 69 155 69 155 69 155 69 155 69 155 70 154 70 154 70 154 70 154 70 154 70 154 70 154 71 153 71 153 71 153 71 153 71 153 71 154 70 154 70 154 70 154 70 155 70 154 69 155 69 155 69 155 69 155 69 156 68 156 68 156 68 156 68 157 67 157 67 158 66 158 66 159 65 159 65 159 65 159 66 159 65 159 65 159 65 159 64 160 64 161 63 161 63 162 62 162 62 162 61 163 61 164 60 164 59 165 59 166 58 166 58 167 57 167 57 168 56 168 56 168 56 169 55 169 55 170 54 170 54 170 54 170 54 171 53 171 53 172 52 172 52 173 51 174 50 174 50 176 48 178 46 183 41 187 12 4 21 190 6 8 20 204 20 204 20 205 19 205 19 205 18 206 18 206 18 206 18 206 18 206 18 206 17 207 17 207 17 207 17 207 17 207 17 207 16 208 16 208 16 208 16 208 16 208 16 208 15 209 15 209 15 209 15 209 15 209 15 208 16 208 16 208 16 208 15 208 16 208 16 208 16 208 16 208 16 207 17 207 17 207 17 207 18 206 18 206 18 206 18 206 18 206 18 206 18 206 19 204 20 204 20 204 20 204 20 204 19 205 19 205 19 205 19 205 18 207 17 207 17 208 15 209 15 210 13 211 13 212 11 62
7028 3 220 6 217 8 215 10 214 11 212 13 211 13 211 14 28 4 178 14 26 7 176 16 24 9 175 16 23 10 175 17 21 12 174 17 20 13 174 18 19 13 174 19 17 14 174 19 16 15 173 21 15 16 172 22 13 17 172 23 11 18 172 24 9 19 172 25 6 21 172 26 4 22 172 52 172 52 171 53 171 53 171 53 170 55 169 55 169 55 168 56 168 56 167 57 167 57 166 58 166 59 164 60 164 60 164 60 164 60 164 61 163 61 163 61 164 60 164 60 164 60 165 59 165 59 164 60 164 59 165 59 164 60 163 61 162 62 161 63 160 64 160 64 159 66 158 66 157 67 157 67 156 68 156 68 156 68 155 69 155 69 155 69 154 70 154 71 153 71 152 72 152 72 152 73 151 73 151 74 149 78 146 84 140 91 133 95 129 98 127 100 124 104 120 109 116 111 113 114 111 115 109 118 107 119 106 120 105 120 105 120 104 122 102 123 101 124 100 125 99 125 99 126 98 127 96 128 96 129 95 129 95 130 93 131 93 132 92 132 91 134 90 134 89 135 89 136 88 136 87 138 85 139 85 139 84 141 83 141 82 143 81 143 81 143 80 145 79 145 79 145 78 147 77 147 77 148 76 148 76 148 76 149 75 150 74 150 74 151 73 151 73 152 73 151 73 152 72 152 72 153 71 153 71 153 72 153 71 153 72 152 72 152 72 153 72 152 72 152 72 153 72 152 72 153 72 152 72 152 73 152 72 152 73 152 72 153 71 153 71 154 70 154 70 154 71 153 71 153 71 153 72 153 71 153 72 153 72 152 73 34 1 116 73 32 4 116 73 31 5 115 74 29 6 115 75 28 7 113 77 26 8 113 78 24 10 110 81 22 12 108 83 19 14 106 86 16 16 104 89 13 18 59 7 35 94 8 22 54 14 28 101 1 26 48 24 20 132 43 40 3 139 37 188 28 198 17 210 6 2339
6150 21 197 31 191 36 186 42 181 46 177 50 173 52 171 54 169 56 167 58 165 60 163 61 162 63 160 65 159 65 158 67 156 69 155 70 153 72 151 74 150 75 148 77 146 78 146 79 144 81 143 81 142 83 140 84 139 86 138 86 137 88 135 90 133 92 132 93 130 94 129 96 128 97 126 98 126 98 125 100 124 100 123 101 123 101 122 102 122 102 121 104 120 104 119 105 119 106 117 107 117 107 116 109 115 110 113 111 113 112 111 113 111 114 110 114 109 116 108 116 108 117 106 118 106 119 105 119 104 121 102 122 102 123 101 123 100 125 99 125 98 127 97 127 97 127 97 128 95 129 95 129 95 129 94 131 93 131 93 131 92 133 91 133 91 133 90 134 90 135 89 135 88 136 88 136 88 136 88 136 88 137 86 138 87 137 87 136 88 136 88 136 88 136 88 136 88 136 89 135 89 135 89 134 90 134 89 135 89 134 90 134 90 133 90 133 91 133 90 133 91 133 91 132 91 133 91 132 91 132 92 132 92 131 92 131 93 130 94 130 93 130 94 129 95 128 96 128 95 128 96 128 96 128 96 128 95 129 95 130 94 130 94 131 93 132 91 134 90 135 89 136 88 136 87 138 86 139 85 140 83 142 82 143 80 145 79 146 78 147 76 148 76 149 74 150 74 151 73 151 73 152 71 153 71 154 70 154 69 156 68 156 67 157 67 157 67 156 67 157 67 157 66 158 66 158 65 159 65 159 64 160 64 160 63 161 63 161 62 162 62 162 61 163 61 163 61 163 60 164 60 164 59 165 59 165 58 165 59 165 58 166 58 166 57 167 56 168 56 167 56 168 56 168 55 169 55 169 54 169 55 169 54 170 54 170 54 170 54 170 54 170 54 169 43
5221 14 207 20 201 26 189 38 182 43 175 52 170 56 167 61 162 64 159 69 154 77 146 83 140 87 136 91 132 94 129 97 126 100 123 102 121 105 118 107 114 112 97 7 3 119 93 133 89 137 86 140 83 143 80 146 77 149 75 151 72 153 70 156 68 157 67 159 65 162 62 165 59 167 57 169 56 169 55 171 54 172 52 174 50 176 48 178 45 181 44 182 42 184 40 185 39 187 37 188 36 189 35 191 33 192 32 193 31 194 30 196 28 197 27 198 26 199 25 199 25 200 24 201 22 203 22 202 22 203 21 204 21 203 21 204 20 204 21 203 21 204 21 203 21 204 20 204 21 203 21 204 20 204 21 203 21 204 20 204 21 203 22 203 22 202 24 200 27 198 28 196 29 195 30 194 31 91 3 100 30 90 5 99 31 89 5 99 32 87 6 99 33 86 6 100 32 86 6 100 34 84 5 101 35 83 5 101 37 81 5 101 39 78 6 102 41 75 6 102 44 72 6 102 48 68 6 102 52 63 7 103 54 60 7 103 58 55 8 103 69 10 7 12 2 12 10 102 88 8 8 6 12 103 88 6 28 102 89 4 29 102 91 1 30 102 122 103 122 102 122 102 122 102 123 101 123 101 124 100 124 101 123 101 124 101 123 102 122 102 122 102 123 102 122 102 123 101 123 101 123 101 124 100 124 100 124 100 124 100 125 99 125 98 126 98 126 97 127 97 127 96 128 95 130 94 130 93 131 92 132 91 133 91 132 91 133 91 133 90 134 90 133 90 134 90 134 89 134 89 135 88 135 88 136 88 135 88 136 88 136 87 138 86 109 2 31 82 107 11 34 72 106 14 36 68 106 15 40 62 106 17 43 58 106 17 48 53 105 20 48 51 105 21 47 50 105 22 48 49 105 23 47 49 104 24 47 49 104 24 47 49 104 24 47 49 104 24 47 49 104 24 47 49 104 24 47 49 104 23 48 49 105 22 48 49 105 22 48 49 105 22 48 48 106 22 49 47 106 22 49 47 106 22 49 47 106 22 49 47 106 22 50 46 106 23 49 46 106 23 49 45 107 23 49 45 108 22 49 45 109 22 48 45 109 22 48 45 111 20 48 45 112 19 49 44 113 19 48 44 114 18 49 42 115 18 49 42 116 17 50 41 116 17 50 41 117 17 49 41 117 17 50 40 117 17 51 39 117 17 51 39 118 16 52 37 119 15 54 36 22
13342 5 217 9 214 11 212 12 211 13 210 14 209 16 171 8 29 16 169 12 26 17 168 14 24 18 167 16 23 18 167 17 21 19 166 19 20 19 166 20 18 20 166 20 17 21 165 22 16 21 165 23 14 22 165 24 13 22 165 25 11 23 165 27 8 23 166 58 166 58 166 58 166 57 167 57 167 57 167 57 167 57 167 57 167 57 167 58 166 59 166 58 166 59 165 59 166 59 165 59 165 60 164 60 164 60 164 61 163 61 163 61 163 61 163 61 163 61 163 61 162 62 162 62 161 63 161 63 160 64 159 66 158 66 157 67 157 67 156 68 156 68 155 69 155 69 154 71 152 72 152 72 151 74 149 75 148 77 146 78 145 80 143 81 143 81 142 83 140 84 139 85 139 85 138 87 137 87 136 88 136 88 136 89 135 89 135 90 134 90 134 90 134 90 134 90 134 90 134 90 134 90 134 90 135 89 135 89 135 89 135 89 136 88 136 88 136 88 137 87 138 86 139 85 140 83 142 82 143 81 144 80 144 80 145 79 146 77 147 77 148 76 148 75 150 74 150 73 151 73 152 72 152 73 151 74 151 73 151 74 151 73 151 74 151 73 151 73 152 73 151 73 151 73 151 73 151 73 151 74 150 43 4 27 150 42 9 22 151 41 12 19 151 41 15 15 153 41 18 8 157 41 182 42 182 42 181 43 181 43 180 43 181 43 181 43 181 42 182 42 183 40 184 39 187 36 192 9 9 12 4371
5252 8 214 13 209 18 205 24 5 8 186 41 181 45 178 48 174 51 172 53 170 54 169 56 167 58 164 60 163 62 161 64 160 64 159 66 157 67 156 69 154 70 153 71 152 73 150 74 149 75 148 77 147 77 146 78 145 80 143 81 143 82 141 83 140 85 139 85 138 86 137 88 136 88 135 89 134 91 132 92 109 4 17 94 106 11 9 98 104 121 102 122 100 124 99 125 98 127 96 127 96 128 95 129 93 131 92 132 90 134 88 135 88 136 86 138 84 29 6 105 83 27 11 103 81 28 13 101 81 27 16 100 80 27 19 97 81 26 21 96 80 26 24 94 80 25 28 91 80 25 29 89 81 24 32 87 81 23 33 88 80 23 34 87 80 22 35 88 80 20 36 88 81 18 37 89 81 15 39 90 84 8 42 92 132 93 131 94 130 94 130 95 7 3 120 97 1 8 118 107 117 108 116 109 115 110 114 110 114 111 113 111 112 113 111 113 110 114 109 115 108 116 107 118 105 119 104 120 103 121 102 122 101 123 101 123 100 124 100 124 100 125 98 126 98 126 98 126 99 126 98 126 104 121 106 118 108 117 108 87 7 23 108 85 9 23 108 83 11 23 108 81 12 24 107 81 13 24 107 79 14 26 105 79 14 28 103 78 16 28 102 77 17 30 101 76 18 31 99 75 19 32 98 74 21 32 97 73 23 32 96 71 26 32 95 70 28 32 95 67 31 31 95 66 33 30 95 65 35 29 95 64 36 29 95 63 38 28 96 62 39 27 96 61 41 25 97 61 42 24 97 60 44 22 98 60 45 20 100 59 47 18 100 59 48 16 101 58 51 13 103 57 54 8 105 57 168 55 169 55 170 54 171 53 171 53 172 52 172 52 173 51 173 51 174 50 174 50 174 50 175 49 176 47 177 47 178 45 179 44 181 43 182 41 184 39 185 38 188 34 191 14 6 11 195 10 13 2 203 2 8861
96 20 202 24 199 26 196 28 195 30 192 33 189 35 189 36 187 38 185 41 182 43 179 46 177 47 176 49 175 50 173 51 173 52 171 54 170 55 169 57 166 60 8 2 154 76 147 82 142 86 137 90 133 92 131 95 128 96 127 98 126 98 125 99 124 101 122 102 121 103 121 103 120 104 119 105 118 106 118 106 117 107 116 108 115 109 114 110 114 110 113 111 112 112 111 113 111 113 110 114 109 115 108 116 108 116 107 117 106 118 105 119 105 120 103 121 103 121 102 122 102 123 100 124 100 124 100 124 99 126 98 126 98 126 97 127 97 128 96 128 95 129 95 129 95 129 94 130 94 130 94 130 94 130 93 131 93 132 92 132 92 132 91 133 91 133 91 134 90 134 91 133 91 133 91 133 91 134 90 134 90 134 91 133 91 133 91 134 90 134 90 134 90 135 90 134 90 134 90 135 89 135 89 136 88 136 88 136 88 137 87 137 87 138 86 138 85 139 85 140 84 140 84 141 83 141 83 141 83 141 83 142 82 142 83 141 83 141 83 141 83 141 83 141 83 141 83 141 84 140 84 140 84 140 84 140 84 140 85 139 85 140 84 140 85 139 85 138 87 137 87 137 88 136 88 136 88 136 89 135 89 135 90 134 90 133 92 132 93 131 94 130 94 130 95 129 96 128 96 128 97 127 97 126 99 125 99 125 100 124 101 123 102 121 103 121 104 120 105 118 107 117 107 117 108 115 109 115 110 113 111 113 111 112 113 110 114 108 116 107 117 106 118 104 120 103 121 102 122 101 123 101 123 100 124 99 125 98 126 98 126 97 127 96 127 96 128 53 5 37 129 50 9 36 128 49 12 34 129 34 28 32 130 30 32 31 130 29 34 31 130 28 36 29 131 27 37 29 131 26 38 28 132 25 39 28 132 24 40 27 133 23 41 27 133 22 42 26 134 21 43 26 134 20 44 25 136 18 46 24 136 18 46 23 138 16 47 23 138 15 49 21 140 13 50 21 141 11 52 19 144 7 55 17 208 15 211 11 216 6 3888
4839 7 170 4 40 11 167 14 31 13 165 19 25 15 164 25 19 17 162 33 9 20 162 62 162 63 161 63 161 62 162 62 162 62 162 62 162 62 162 62 163 61 163 60 164 60 165 59 165 59 166 58 166 58 166 58 166 59 164 60 164 60 164 61 162 62 162 62 161 63 161 63 160 65 159 65 159 65 159 65 159 65 158 66 158 66 158 66 158 66 158 66 158 66 158 67 157 67 158 66 158 66 158 66 158 66 157 68 156 68 156 68 156 68 156 68 155 70 154 70 154 70 153 71 153 71 152 72 151 73 151 74 149 75 148 76 146 78 145 79 143 81 142 82 141 83 140 84 138 86 137 87 136 88 136 87 136 88 135 89 134 90 133 91 132 92 131 93 131 92 131 93 130 94 129 95 129 95 128 96 127 97 126 97 127 97 126 98 125 99 125 99 124 100 123 101 122 102 121 103 120 103 120 104 119 105 118 106 117 107 117 107 116 108 115 109 115 109 114 110 114 110 113 111 113 110 113 111 113 111 112 112 111 113 111 112 112 112 111 114 110 114 110 114 109 115 109 114 110 114 109 116 108 116 108 116 108 116 108 115 108 116 108 116 108 116 108 116 108 116 108 116 108 116 108 115 109 114 110 114 110 114 110 113 111 113 111 113 111 113 112 112 112 111 113 111 114 110 114 110 114 109 116 108 116 108 116 107 118 106 118 106 118 106 119 104 120 104 121 103 121 102 123 101 123 100 125 99 125 99 126 97 127 97 128 95 130 94 131 92 135 89 140 83 145 79 150 74 152 72 155 69 157 67 160 64 163 61 165 59 167 58 171 54 181 43 182 43 182 42 182 43 182 42 182 43 182 42 182 42 183 41 184 39 186 38 187 36 190 34 192 14 5 12 197 3 18 4 2556
1479 11 209 17 204 21 201 24 198 26 196 28 173 7 11 33 170 54 168 56 166 58 164 60 131 5 25 63 129 7 23 65 128 7 24 65 128 7 23 65 130 5 24 64 160 64 160 63 161 63 161 62 162 62 162 62 162 62 162 62 162 62 163 61 163 61 164 60 165 59 166 58 166 58 167 57 167 57 168 57 167 57 167 57 166 58 166 58 166 58 66 6 94 59 61 13 90 60 57 18 89 61 53 22 88 62 49 25 87 63 47 27 86 65 45 28 86 65 43 29 86 66 42 30 85 67 40 32 84 67 40 31 86 67 39 30 87 67 40 29 87 68 39 27 90 67 40 25 91 68 40 22 94 68 40 21 94 69 41 18 96 68 42 16 98 68 44 13 98 68 46 10 100 67 48 6 103 66 158 62 161 62 162 62 162 61 162 61 163 61 163 60 164 59 164 59 165 59 165 58 166 58 165 59 165 58 166 58 166 58 165 59 165 59 164 60 164 60 164 60 164 60 163 60 164 60 164 60 164 60 163 61 163 62 162 62 161 63 161 63 161 64 160 64 159 65 159 65 159 66 158 66 158 66 157 67 157 67 157 67 157 68 155 70 154 70 153 72 152 72 149 76 146 78 145 80 143 82 142 82 141 84 140 84 140 85 139 86 138 86 138 86 139 86 138 86 138 87 137 87 138 86 138 86 138 86 139 85 139 85 140 83 141 82 142 80 145 78 147 75 150 72 156 67 159 63 162 61 164 58 167 56 168 55 169 55 169 54 170 53 171 52 172 51 174 48 177 45 180 42 182 41 184 38 186 37 187 36 189 34 190 33 191 32 192 31 194 29 195 28 197 26 199 23 202 21 204 19 206 16 211 12 214 9 217 2 12003
4532 3 218 11 212 14 209 17 207 19 205 20 203 23 201 24 200 25 55 3 141 27 51 6 140 28 49 8 140 28 47 9 140 30 43 12 139 32 40 13 139 50 20 15 140 54 13 18 139 58 5 22 139 85 140 84 140 84 140 84 141 82 142 82 143 81 143 81 144 80 144 79 146 78 146 78 147 76 148 76 149 74 151 73 152 71 154 70 155 68 157 67 158 65 161 62 163 60 164 59 166 58 166 57 167 56 169 54 170 54 170 54 170 53 171 53 171 52 172 52 172 52 172 51 174 50 174 49 175 49 175 48 176 48 177 47 177 47 177 46 178 46 178 46 178 46 178 45 179 45 179 45 179 45 179 45 179 45 178 46 178 46 178 46 178 46 177 47 177 47 177 47 176 48 176 49 174 50 174 50 174 50 173 51 173 52 171 53 171 53 170 54 170 54 170 55 168 56 168 56 167 57 167 57 166 59 165 59 165 59 164 60 164 60 164 60 163 62 162 62 162 62 162 62 162 62 161 63 161 63 161 63 161 63 161 63 161 63 161 63 161 63 161 63 161 63 161 63 160 64 160 64 160 64 160 65 159 65 158 66 158 66 158 66 158 67 157 67 157 67 157 67 157 67 156 69 155 69 155 69 155 69 155 69 155 69 154 70 154 71 153 71 152 72 152 71 152 72 152 72 152 72 152 72 152 72 152 71 153 71 153 70 154 70 154 70 154 69 155 69 154 70 154 70 154 38 7 25 153 37 11 23 153 32 16 23 152 32 18 22 151 33 18 22 150 34 18 22 150 34 18 23 149 33 19 23 148 34 20 22 148 33 21 22 149 30 23 22 149 29 24 22 150 26 27 21 151 25 27 21 151 24 28 21 151 24 28 21 151 24 29 20 151 23 30 21 150 23 30 21 150 23 30 21 150 23 30 22 149 23 30 22 149 22 32 22 148 22 32 22 149 20 33 23 150 17 34 23 153 11 37 24 201 23 201 23 202 21 204 19 206 16 211 10 4139
47 78 144 81 142 83 139 86 137 88 134 91 132 94 128 97 126 99 124 101 122 103 120 105 118 106 117 108 116 108 115 109 115 109 114 110 114 110 113 112 112 112 112 112 112 112 112 113 111 114 110 116 109 117 107 120 104 122 103 124 101 125 99 127 98 128 96 130 95 131 93 133 92 134 90 135 89 137 88 138 86 139 85 140 84 141 83 142 82 143 81 143 80 144 80 144 79 145 78 146 78 146 77 147 76 147 77 147 76 148 76 148 75 148 75 149 75 149 74 149 74 150 74 150 73 150 73 151 72 151 72 152 72 152 71 153 70 153 70 154 69 155 68 155 68 156 67 156 67 156 66 158 63 159 63 160 60 161 62 159 65 151 73 147 77 143 81 113 5 18 88 112 10 7 95 111 113 111 113 110 114 110 114 109 115 109 115 108 116 108 116 107 117 107 117 106 118 106 118 106 118 105 119 105 119 105 119 105 119 105 119 104 120 104 120 104 120 104 120 103 121 103 121 103 121 103 121 102 122 102 122 102 122 102 122 102 122 102 122 101 123 101 123 101 123 101 123 100 124 100 124 100 124 99 125 99 125 99 125 98 126 98 126 97 127 97 127 97 127 96 128 96 128 96 128 96 128 96 128 96 128 96 128 96 128 96 128 96 128 96 128 96 128 96 128 96 128 96 128 96 128 96 128 96 128 96 128 95 129 95 129 95 129 95 129 95 129 95 129 95 129 95 129 95 129 95 129 95 129 95 129 94 130 94 130 94 130 94 130 94 130 94 130 94 130 94 130 95 129 95 129 95 129 95 129 95 129 95 129 95 129 95 129 95 129 95 129 95 129 95 129 95 129 95 129 94 130 94 130 94 130 94 130 94 130 94 130 93 131 93 131 93 131 93 131 92 132 92 132 92 132 92 132 91 133 91 133 91 133 90 134 90 134 90 134 90 134 89 135 89 135 89 135 88 136 88 136 88 136 87 137 87 137 87 137 86 138 86 138 86 138 86 138 85 139 85 139 85 139 85 139 84 140
45 61 161 65 159 65 158 67 157 67 157 68 155 69 156 68 156 68 156 68 156 68 157 67 157 67 158 66 158 66 159 64 160 64 161 63 161 63 161 63 161 63 161 63 161 63 161 63 161 64 160 64 160 64 160 64 160 64 160 64 160 64 160 64 160 64 160 64 160 64 160 64 160 64 160 65 159 65 159 65 160 64 160 64 160 64 160 64 161 63 161 64 161 63 162 62 162 62 163 62 163 61 164 61 163 61 164 61 163 61 163 61 164 61 163 61 164 60 164 61 164 61 164 61 163 62 163 63 162 63 162 63 162 64 161 64 161 64 163 61 165 60 165 60 164 60 164 61 163 61 163 62 162 63 161 63 161 64 160 64 160 65 158 66 158 67 157 67 157 67 157 67 157 68 155 69 155 70 154 70 154 70 154 71 153 71 152 72 152 72 152 73 151 73 151 73 151 74 150 74 150 75 149 75 149 76 148 76 149 76 148 76 148 76 148 77 148 76 148 77 147 77 147 77 147 77 147 78 146 78 146 78 146 78 146 79 145 79 145 79 145 79 145 79 145 79 145 80 145 79 145 79 145 79 146 79 145 79 145 79 146 78 146 78 147 77 147 78 147 77 147 77 147 78 146 78 147 77 147 77 147 28 7 42 147 28 9 40 147 28 11 38 148 27 11 39 147 28 10 39 147 35 3 38 148 76 148 76 148 76 149 58 4 13 149 57 6 12 149 57 6 12 149 56 8 11 150 20 2 33 8 10 151 19 5 30 9 10 151 19 6 29 10 9 151 19 7 28 10 9 152 18 7 28 10 9 152 18 8 26 11 9 152 18 8 26 11 9 152 18 8 26 11 9 152 18 9 25 11 9 153 17 9 25 11 9 153 17 9 25 11 9 154 16 9 25 11 10 153 17 8 25 11 10 153 17 8 25 11 10 154 16 8 25 11 10 155 15 8 25 11 10 155 16 7 25 11 11 155 15 7 26 10 11 155 16 7 25 11 10 156 16 6 25 11 10 156 17 11 19 11 11 155 21 8 18 11 11 156 20 9 17 11 12 155 20 10 16 11 12 155 20 10 16 11 13 154 19 12 15 11 13 155 18 12 15 11 14 154 18 12 15 11 14 154 17 13 15 11 14 154 16 14 15 11 14 154 16 14 15 11 15 153 15 15 15 11 14 154 15 15 15 12 13 154 15 15 15 12 13 154 15 15 15 13 11 154 16 15 15 13 10 155 15 16 15 15 6 157 15 16 15 178 15 16 15 177 16 16 15 177 16 16 15 176 17 16 15 176 17 15 16 176 16 16 15 176 17 16 15 176 16 17 15 175 17 17 16 174 16 18 16 173 17 17 17 173 16 18 17 173 16 18 17 173 15 19 17 173 15 19 17 173 15 19 17 173 14 21 16 173 14 21 17 172 13 22 17 172 13 22 17 173 11 23 17 173 10 24 17 174 7 26 17 207 17 207 17 207 17 207 17 208 16 208 16 209 15 209 15 209 14 211 12 93
1406 13 195 33 81 12 95 39 71 23 89 43 66 30 84 47 59 37 80 50 55 40 78 54 49 45 75 57 45 48 72 61 41 52 69 63 38 57 65 66 34 61 62 68 31 64 60 71 28 66 58 73 26 68 57 74 25 68 56 75 24 70 54 77 22 71 54 78 21 72 52 79 20 74 50 81 19 74 50 81 18 76 48 83 16 79 45 86 11 83 44 90 3 89 41 184 39 186 38 186 37 187 37 187 36 188 36 188 35 189 35 189 34 190 34 191 33 191 32 192 32 193 30 195 29 195 28 197 27 197 27 198 25 200 24 201 23 201 23 202 22 203 21 203 21 204 20 204 19 206 18 206 18 206 18 207 16 208 16 209 14 211 13 212 12 212 12 212 11 213 11 213 11 214 10 214 10 214 10 214 11 213 11 213 11 213 11 213 11 213 11 213 11 213 11 213 11 213 11 213 11 213 11 213 11 213 10 214 10 214 10 214 9 215 9 215 9 215 9 215 9 215 9 215 9 215 8 216 8 216 8 216 8 216 8 216 8 216 8 216 8 216 9 215 9 215 9 215 9 215 9 215 9 215 9 215 9 215 9 215 9 215 9 215 9 215 9 215 9 215 9 215 9 215 9 215 9 215 9 215 8 216 8 216 8 216 8 216 9 215 9 215 9 215 9 215 9 215 9 215 9 215 10 214 10 214 10 214 10 214 11 213 11 213 12 212 12 212 12 212 13 211 13 211 13 210 15 209 15 209 15 206 1 2 16 204 20 204 20 203 22 202 22 202 22 201 24 200 24 200 24 200 25 199 25 199 26 198 26 198 27 196 28 196 29 195 30 194 30 193 32 192 32 191 34 190 34 190 34 189 36 188 37 187 37 186 39 185 40 183 41 182 43 180 45 179 45 178 47 176 49 174 51 172 52 171 54 170 55 169 56 167 58 166 58 166 59 165 60 164 61 163 61 163 62 162 62 162 62 162 63 161 63 161 63 161 64 160 64 160 64 159 65 159 66 158 66 159 65 159 66 158 66 158 66 157 68 156 68 156 69 154 70 154 71 151 73 148 76 146 79 144 80 143 82 140 85 136 89 133 93 127 102 118 47
2182 5 216 10 212 14 209 16 207 18 206 18 205 20 203 21 203 22 201 23 201 24 199 25 199 25 198 27 197 27 197 27 196 29 194 30 194 30 194 30 194 31 192 32 192 32 192 33 190 34 190 34 190 34 190 35 188 36 188 36 188 36 187 38 186 38 186 38 186 38 185 39 185 40 184 40 183 41 183 41 183 41 183 42 181 43 97 6 78 43 94 13 74 43 92 18 71 44 90 22 67 45 89 25 65 45 88 28 63 45 87 31 60 47 86 33 58 47 86 35 55 48 85 38 53 49 84 40 49 51 84 42 45 53 84 44 39 57 84 45 35 60 84 47 30 63 84 48 26 66 84 50 22 68 84 51 19 70 84 53 16 71 84 54 13 73 84 56 9 75 85 58 3 78 85 139 85 139 85 140 84 140 85 139 85 140 84 140 84 140 85 140 84 140 85 139 85 140 84 140 85 139 85 139 85 139 86 138 86 138 87 137 88 136 88 137 87 137 88 136 89 135 89 135 90 135 89 135 90 134 90 134 91 133 92 132 94 131 95 129 96 128 97 127 98 126 99 126 99 125 99 125 100 124 101 124 102 122 103 121 103 121 104 120 105 120 104 120 104 120 104 120 104 121 103 121 103 121 103 122 102 123 101 124 100 124 100 125 99 125 99 125 99 126 97 127 97 127 97 127 96 128 96 128 95 129 94 131 92 132 92 132 91 130 93 128 96 126 97 126 97 125 99 124 99 125 99 124 99 125 98 126 98 126 97 127 97 127 96 128 96 128 95 129 95 129 94 130 94 130 93 131 93 131 93 131 92 132 92 132 92 132 92 132 92 20 2 110 91 15 13 105 92 11 18 104 91 8 22 103 93 2 27 69 6 27 123 64 14 23 124 60 19 21 125 58 21 21 125 55 25 19 126 53 26 19 127 50 29 19 128 47 31 18 131 42 33 18 136 35 36 18 144 18 45 17 154 1 52 17 208 17 208 16 208 16 209 15 210 14 211 13 212 12 214 9 217 6 6746
9339 3 221 3 220 5 218 6 218 6 218 7 217 7 218 6 218 6 218 6 217 7 217 7 218 5 220 3 5577 7 212 17 205 22 200 26 196 30 193 34 190 35 188 40 183 48 175 57 166 61 162 64 160 65 158 68 155 70 154 70 154 71 152 73 151 74 150 74 150 75 149 75 149 75 150 75 149 75 149 76 148 76 148 77 148 76 148 78 145 81 143 81 143 81 144 80 144 80 145 79 146 78 146 78 146 78 147 77 147 77 147 77 147 77 147 77 146 78 146 78 145 79 145 79 144 80 144 80 144 80 144 80 144 80 144 80 143 81 143 81 143 81 143 80 144 80 144 80 144 80 144 80 144 80 144 80 144 79 144 80 144 80 144 80 144 80 143 81 143 81 143 81 143 81 142 82 142 82 142 82 142 82 142 82 142 82 142 82 142 82 142 82 141 83 141 84 140 84 140 84 140 84 140 84 140 84 140 85 139 85 140 84 140 84 140 84 141 84 140 84 141 55 4 24 141 54 6 23 142 51 9 23 141 51 9 23 142 49 11 22 143 47 12 23 142 19 4 23 14 22 143 17 6 21 15 22 143 16 8 19 17 21 144 14 9 19 18 21 143 12 11 18 19 21 143 10 13 18 20 20 143 9 14 17 21 20 143 8 15 17 22 19 143 8 15 17 23 18 143 9 14 17 24 18 142 9 13 17 25 18 141 11 12 17 26 16 142 12 11 18 26 15 142 13 9 19 27 14 141 15 8 19 29 11 142 16 7 19 32 7 142 17 6 20 181 18 5 21 179 20 4 21 179 20 4 21 179 21 2 23 177 23 1 23 177 47 177 48 176 48 175 49 175 49 175 48 176 25 2 21 176 24 6 17 177 24 9 14 177 23 12 11 178 23 15 7 179 22 203 21 204 19 206 16 209 13 215 7 991
5908 12 210 19 203 24 200 26 197 29 194 31 193 33 190 35 189 36 187 39 184 41 182 44 178 47 176 50 173 52 171 54 169 56 167 58 165 60 163 62 160 65 158 67 157 68 155 69 154 71 152 72 151 74 149 75 149 75 148 77 146 79 144 82 141 125 98 130 94 133 90 137 86 140 84 143 81 146 77 151 73 153 71 154 70 155 69 156 68 157 67 158 66 159 65 160 65 160 64 161 63 162 62 163 62 163 61 163 62 163 61 164 61 164 61 163 62 163 62 163 62 162 63 162 63 162 62 163 62 163 61 164 61 163 61 163 62 162 62 162 63 161 63 161 64 160 64 160 63 161 63 161 63 161 63 161 63 161 63 161 62 162 62 162 62 162 61 163 61 163 61 163 60 164 59 165 59 165 58 166 57 167 57 167 56 167 57 167 56 167 57 166 57 166 58 166 57 166 57 167 57 166 57 167 56 167 56 168 55 169 53 171 52 172 51 174 49 175 48 177 46 179 44 181 42 183 40 185 38 186 38 187 36 188 35 189 35 189 34 190 33 191 32 192 31 50 4 139 30 49 11 134 29 49 13 133 28 48 16 132 27 48 17 132 25 49 18 132 24 50 18 132 23 50 19 132 22 50 20 132 21 50 21 132 20 50 22 132 19 51 21 133 18 51 22 133 17 50 23 134 17 49 24 134 16 49 24 135 15 48 26 135 14 48 26 136 13 48 27 135 13 48 27 136 12 49 27 136 11 49 27 135 12 50 27 63 22 49 11 51 27 61 27 45 12 51 28 59 31 41 12 53 27 59 33 36 14 54 27 59 35 32 16 54 28 56 39 30 16 54 28 53 45 26 18 53 28 52 48 22 21 52 28 52 52 15 25 51 28 52 93 50 28 51 95 48 29 51 96 47 29 51 97 46 29 50 99 44 30 48 102 43 30 47 104 42 30 45 107 40 32 42 110 39 32 41 112 38 33 40 113 37 33 40 114 35 35 40 114 34 36 39 115 31 39 38 116 30 40 38 117 28 41 37 119 25 43 36 122 22 44 36 126 15 47 35 190 33 191 32 192 31 194 28 196 25 200 23 202 19 207 15 212 9 3720
8543 8 214 12 211 14 210 15 208 17 207 18 62 7 136 20 58 12 134 21 56 13 134 21 54 16 133 22 52 17 133 23 50 18 133 24 48 19 133 25 46 20 133 25 45 21 133 26 43 22 133 27 41 23 133 28 39 24 133 29 37 25 133 31 34 26 133 32 32 27 133 35 29 27 133 38 24 29 133 41 20 30 133 47 12 32 133 90 134 90 135 89 135 89 135 89 135 89 135 88 136 88 136 88 137 86 138 86 138 86 138 85 139 85 139 85 140 83 141 83 141 83 141 83 142 81 143 81 143 80 144 80 144 80 144 79 145 79 145 79 145 78 145 79 145 79 145 79 146 78 146 78 146 78 146 77 148 76 148 76 148 76 149 75 150 74 150 74 150 74 151 73 151 73 151 73 152 73 151 74 150 76 149 76 148 77 147 79 146 80 144 82 142 84 140 86 138 88 136 89 135 91 133 93 131 94 129 97 127 99 125 100 123 103 120 105 118 108 116 109 114 111 113 112 111 114 110 115 108 117 107 117 107 118 106 118 105 120 104 120 104 121 102 122 102 123 101 123 101 124 100 124 99 126 98 126 98 126 98 127 97 127 97 128 96 128 96 129 95 129 95 129 95 130 94 130 94 131 93 131 35 8 50 131 33 12 48 131 31 14 48 132 29 15 48 132 28 16 48 132 27 17 49 132 25 18 49 132 25 18 49 132 24 18 50 132 22 20 50 132 21 20 51 133 19 21 52 132 19 20 53 132 18 21 53 132 17 21 54 132 16 21 56 131 16 20 57 132 14 20 59 131 13 21 60 130 13 20 62 129 12 20 63 130 10 21 64 129 10 20 67 127 9 20 69 126 8 21 71 125 7 20 73 124 6 20 75 123 5 21 76 123 3 21 78 146 79 144 80 144 81 143 81 143 81 142 82 142 83 140 84 140 84 139 85 138 87 137 87 137 87 137 88 135 89 135 89 133 91 132 92 130 94 129 95 128 96 128 96 127 97 126 98 126 99 124 100 124 100 123 101 122 102 122 102 121 103 120 104 120 104 119 105 118 107 117 107 116 58
78 101 121 105 119 105 118 107 116 108 115 110 114 111 112 113 110 114 109 117 106 119 104 121 102 123 101 124 99 126 98 127 97 128 96 128 95 130 94 130 94 131 92 132 90 134 88 136 86 139 83 141 71 153 69 156 67 157 65 160 64 160 63 161 62 163 61 163 61 164 59 165 59 165 59 166 58 166 58 166 57 167 57 168 56 168 56 168 56 168 56 168 56 169 55 169 54 170 54 169 55 169 55 169 55 169 55 169 55 169 55 169 55 168 56 168 56 168 56 168 56 168 56 168 56 167 57 167 57 167 57 167 57 166 58 166 58 165 59 165 59 165 59 164 59 165 59 164 60 164 60 163 61 162 62 162 62 161 63 160 64 160 63 160 64 160 64 159 65 158 66 158 65 159 65 158 66 158 66 157 67 157 67 157 67 157 67 156 68 156 68 156 68 156 69 155 69 155 69 155 69 154 70 154 70 154 70 153 71 152 72 151 74 150 74 149 75 149 75 149 75 149 75 149 75 149 75 148 76 148 76 147 77 147 77 146 78 146 77 147 77 147 77 146 78 146 78 146 78 146 78 146 78 146 78 145 79 145 79 145 79 144 80 143 81 142 82 141 83 140 84 139 85 139 85 138 86 138 86 137 87 137 87 137 87 136 88 135 89 134 90 133 91 133 91 132 92 131 93 130 94 130 94 129 95 129 95 128 96 128 96 128 96 127 98 126 98 126 99 124 101 123 102 121 104 119 106 117 108 115 109 115 110 114 111 112 113 111 115 109 117 107 119 104 121 103 122 102 123 100 125 99 125 98 126 97 127 96 128 93 131 92 132 90 133 91 133 90 134 90 133 90 134 90 134 90 134 90 133 91 133 91 133 91 133 91 133 91 133 91 132 92 132 92 132 93 131 93 131 93 132 92 133 90 135 89 135 88 137 87 138 85 140 84 141 83 142 82 144 79 146 78 148 75 150 73 152 72 153 70 154 28 6 35 156 25 10 32 158 23 13 29 159 22 16 25 162 20 19 22 164 18 22 18 167 17 23 15 170 15 25 13 173 12 28 10 102
7653 5 217 10 45 6 163 11 43 8 162 12 40 10 162 13 38 11 162 14 36 12 161 16 34 13 161 17 31 15 161 19 28 15 162 20 25 17 163 21 21 19 163 24 15 22 163 61 163 61 163 61 163 60 164 60 164 60 164 60 164 60 164 60 164 59 165 59 164 60 164 61 163 61 163 61 163 61 163 61 163 61 163 61 163 62 162 62 162 62 162 62 162 62 161 63 161 63 161 64 160 64 160 64 159 65 159 66 158 66 158 67 157 67 156 69 155 69 16 11 128 71 6 25 122 106 117 112 112 116 108 119 105 121 102 124 100 126 98 128 95 131 93 132 92 133 90 136 88 137 86 139 84 142 82 143 80 145 79 147 77 148 76 149 75 151 73 152 72 153 71 154 70 155 69 156 68 157 68 157 67 158 66 160 64 161 63 162 63 162 62 163 61 163 62 163 61 164 60 165 59 165 60 165 59 165 59 166 58 166 59 166 58 167 58 166 58 167 57 167 57 168 55 169 55 35 17 118 54 33 28 109 54 31 35 3 22 79 53 31 71 70 52 30 79 63 52 29 95 4 13 31 52 28 115 30 51 27 116 30 51 27 117 30 51 25 119 29 51 24 120 29 51 23 121 30 51 21 123 29 51 20 124 29 52 18 125 29 54 13 129 28 55 10 131 28 196 28 196 28 196 28 196 28 196 28 195 29 195 30 193 31 192 32 191 33 191 33 190 34 189 35 189 36 188 36 187 37 187 37 187 37 187 37 187 37 188 36 188 36 189 35 190 34 192 32 194 30 197 27 200 24 204 19 207 17 210 13 214 8 9431
112 10 213 12 42 8 161 14 39 11 160 15 37 12 159 18 34 14 158 23 22 22 157 68 155 69 155 70 154 70 154 71 153 71 152 73 151 73 151 74 149 75 149 75 149 76 147 77 147 78 146 78 146 79 144 80 144 81 143 81 143 82 142 82 142 82 141 84 140 84 140 85 139 86 137 87 137 88 135 90 133 91 133 92 131 94 129 95 129 96 126 99 124 102 121 104 119 106 117 108 115 110 113 112 111 113 109 116 107 117 106 119 104 120 104 121 102 122 101 123 101 124 99 125 99 125 98 127 97 127 97 128 96 128 95 129 95 130 94 130 94 130 94 130 94 131 92 132 92 132 92 132 92 132 92 132 91 133 91 134 89 135 89 135 88 137 87 137 86 138 86 138 85 140 84 140 84 141 82 142 82 142 82 143 81 143 80 144 80 144 80 145 79 145 78 146 78 146 78 146 78 146 77 147 77 148 76 148 75 149 75 149 75 149 74 151 73 151 72 152 71 153 71 153 69 155 59 6 2 157 55 169 54 170 52 171 52 172 51 173 47 177 43 181 41 182 41 183 40 184 39 184 40 184 39 185 38 185 39 185 39 185 38 185 39 185 39 184 40 184 40 184 40 183 41 183 41 183 40 184 39 185 37 187 35 189 32 191 31 193 30 194 29 195 28 196 27 197 27 197 26 198 26 197 27 197 27 197 26 197 27 197 27 197 27 197 27 197 27 196 27 197 27 197 26 198 26 197 26 198 26 198 25 198 25 199 25 199 24 200 24 199 25 199 25 198 26 198 26 197 27 196 29 194 30 193 31 192 33 190 34 189 36 188 37 186 39 184 41 183 43 181 45 179 46 177 48 176 49 175 49 174 51 173 51 172 52 172 52 171 53 170 54 170 54 169 55 168 56 167 57 166 58 164 60 163 60 162 62 161 63 161 63 160 64 160 64 159 66 158 66 157 67 157 68 155 69 155 70 154 72 151 75 149 77 146 79 145 81 142 83 140 84 29 9 101 86 21 18 63 6 29 87 16 24 60 10 26 89 13 27 59 12 22 91 12 31 55 14 19 93 11 37 49 15 18 94 11 39 47 16 16 96 9 41 46 16 14 103 3 43 44 19 11 65
3892 9 201 5 1 22 195 37 186 41 182 45 179 46 178 48 175 51 173 52 171 54 170 55 168 56 167 58 164 61 162 62 160 65 158 66 157 68 155 69 154 71 152 73 149 76 147 77 146 79 144 80 144 81 142 82 141 84 140 85 138 87 137 88 136 88 136 89 135 90 134 90 133 92 132 92 132 92 132 93 130 95 129 95 129 96 128 96 128 97 127 97 127 97 127 97 128 96 128 96 127 97 127 97 127 97 127 97 127 97 126 98 126 98 126 98 126 98 125 99 125 99 125 99 125 99 125 99 125 99 125 98 127 97 127 97 127 97 127 97 126 97 127 97 127 97 127 97 126 98 126 98 126 98 125 98 125 99 125 98 125 99 125 99 124 99 125 99 125 99 124 100 124 100 124 99 124 101 123 101 123 102 122 102 121 104 120 105 119 106 117 108 116 109 115 110 113 116 108 122 47 7 48 126 37 16 44 129 24 29 42 132 12 39 41 184 39 186 38 186 38 187 37 188 36 188 36 189 35 189 35 190 35 190 34 190 33 192 32 193 32 193 30 195 29 195 29 195 29 195 29 195 29 195 29 195 28 196 28 196 28 196 28 196 27 197 27 197 27 197 26 198 26 198 25 199 25 199 24 200 23 201 23 201 22 202 21 203 20 204 20 203 20 204 19 204 20 203 20 161 8 34 21 158 23 21 22 156 31 14 23 153 38 8 24 152 72 150 74 146 78 144 79 142 82 139 84 138 86 135 89 134 90 133 90 133 91 132 92 131 92 131 93 129 95 128 95 128 96 127 97 126 97 126 98 125 99 125 99 124 99 125 99 124 100 124 99 124 100 123 100 123 100 124 100 123 100 123 101 123 101 123 101 122 101 123 101 122 102 122 102 87 4 14 1 15 103 85 11 4 9 12 103 84 27 9 104 84 30 3 107 83 140 84 140 83 141 83 140 84 140 84 139 85 139 84 140 84 139 85 139 85 139 85 139 85 139 85 139 84 140 84 141 83 140
12904 7 214 12 210 15 207 17 205 20 203 21 202 22 200 24 199 25 198 26 197 27 104 8 84 28 102 13 80 29 101 17 75 31 100 20 71 33 100 22 63 38 101 24 55 44 101 25 50 48 101 27 46 50 101 29 39 55 101 31 32 60 101 37 5 81 101 123 102 122 102 122 102 122 102 122 103 121 103 121 103 121 104 119 105 119 105 119 106 117 107 117 107 116 109 115 109 115 109 114 111 113 111 113 111 113 112 112 112 112 112 112 113 112 112 112 112 113 111 113 111 114 110 114 110 115 109 116 108 116 108 117 107 118 105 120 104 120 104 121 103 122 101 124 100 125 98 127 96 129 95 130 93 132 92 133 90 135 88 137 87 137 86 139 85 139 84 141 83 141 82 143 81 144 79 145 78 147 77 148 75 149 74 151 72 153 71 153 70 155 68 156 68 157 66 158 66 159 64 161 63 161 62 163 61 164 59 165 59 166 57 168 56 169 54 171 53 172 51 174 49 176 47 179 45 180 43 182 41 184 40 186 37 188 36 189 34 190 34 191 33 192 32 193 31 194 30 194 30 195 29 196 28 197 27 198 26 199 25 199 24 201 23 202 22 203 21 204 20 206 18 208 16 211 13 215 9 218 6 219 5 220 4 220 4 221 3 222 2 222 2 222 2 223 1 223 1 223 1 3516 13 1 10 44 1 149 31 43 4 97 7 38 36 42 8 92 10 32 41 41 18 81 12 29 45 38 30 68 15 26 50 35 42 38 11 5 17 24 56 16 1 11 50 31 34 24 78 5 55 26 35 24 142 22 34 25 148 15 34 26 198 24 200 23 209 12 98
10007 8 209 18 202 24 199 27 195 30 193 32 191 34 189 36 186 39 183 41 180 45 175 50 171 54 167 59 162 64 157 68 152 72 149 75 144 81 140 84 134 90 131 93 129 95 127 96 127 97 125 100 122 102 121 103 119 105 117 107 115 109 114 111 112 112 111 113 111 114 109 115 108 117 107 117 107 118 105 119 105 119 105 120 104 120 104 120 104 120 104 120 104 121 103 121 103 121 103 121 103 121 102 123 101 123 101 123 101 123 101 123 100 125 99 125 98 126 97 127 96 128 96 129 94 130 93 131 92 132 90 134 86 138 75 149 44 180 37 187 35 189 35 189 35 189 35 189 35 189 35 189 35 190 34 191 33 192 32 193 31 194 30 194 30 195 29 196 28 196 28 197 27 197 27 198 26 198 26 199 25 199 25 199 25 200 24 200 24 200 24 200 24 200 24 201 23 201 23 201 23 200 24 200 24 200 24 200 24 200 24 199 25 199 25 199 25 199 25 198 26 198 26 198 26 197 27 197 27 196 28 196 28 196 28 195 29 195 29 195 29 195 29 195 29 194 30 194 30 194 30 194 30 194 30 194 30 194 30 193 31 193 31 193 31 192 32 103 10 79 32 102 19 70 33 101 24 66 33 101 27 18 1 43 34 100 30 11 11 37 35 98 36 4 16 34 36 90 65 31 38 87 69 29 39 86 71 26 41 85 72 22 45 85 72 15 52 84 72 12 56 84 70 13 57 84 69 13 58 84 68 14 58 84 67 15 58 84 66 16 58 84 66 16 58 84 65 17 58 84 65 17 58 85 65 16 58 85 66 14 59 86 66 12 60 86 67 7 64 86 138 86 138 86 138 87 137 87 137 88 136 88 136 89 135 90 134 91 133 91 133 92 132 92 132 93 131 93 131 93 131 93 131 93 131 93 131 93 131 92 132 92 132 91 133
959 7 216 10 213 12 211 15 208 17 207 18 205 20 203 22 201 24 199 26 197 28 101 9 86 29 97 13 84 31 93 17 83 32 90 19 83 33 87 22 81 35 84 24 81 36 81 26 81 37 79 27 81 37 77 29 81 38 75 30 81 39 72 31 82 40 70 32 82 41 68 33 82 41 67 33 83 42 65 34 83 42 64 35 83 43 62 35 84 43 61 36 85 43 59 37 85 43 58 38 85 43 57 38 86 44 55 39 86 44 54 40 86 44 53 41 85 46 52 41 85 46 51 42 85 46 50 43 85 47 48 44 85 47 47 46 83 49 46 46 83 49 45 47 83 49 44 48 83 50 43 48 83 50 42 49 83 51 41 49 82 52 40 50 82 53 38 51 82 55 36 51 82 57 33 52 82 65 25 52 82 69 20 53 82 71 17 54 82 74 13 55 82 76 10 56 82 79 6 56 83 141 83 141 83 141 83 141 83 140 84 140 84 140 84 140 84 140 83 140 84 140 84 140 84 140 84 140 83 141 83 141 83 141 82 141 82 142 82 142 81 143 80 143 81 143 80 143 80 144 80 143 80 143 81 142 81 143 81 142 81 142 82 141 82 141 83 140 83 140 84 139 84 138 86 137 87 135 88 135 89 134 90 133 90 133 91 133 91 132 92 132 91 133 91 132 92 132 91 133 91 133 90 133 91 133 90 134 90 134 89 135 89 135 88 136 88 136 87 137 87 137 87 138 85 139 85 140 84 140 84 140 83 142 82 142 82 143 81 143 81 144 80 144 80 145 79 145 79 146 78 146 78 146 78 147 77 147 78 146 78 146 78 147 77 147 78 146 78 146 79 146 78 146 79 145 79 145 79 145 80 145 79 145 80 144 80 144 81 143 82 142 82 142 84 139 86 138 88 136 89 135 90 134 90 134 91 132 92 132 92 131 93 131 93 131 93 130 94 130 94 129 95 129 95 129 96 127 97 127 97 126 98 126 98 125 100 124 100 123 101 123 102 121 103 120 104 119 105 118 107 117 107 116 108 115 110 113 111 112 112 111 114 109 116 70 6 32 117 67 10 29 119 65 12 28 122 61 14 27 124 58 16 25 129 53 18 24 132 49 20 23 134 46 22 22 135 45 23 20 137 43 24 20 138 40 27 18 140 39 28 15 142 38 30 13 143 37 32 10 146 36 33 8 147 35 36 3 150 34 190 19 4 10 192 17 207 16 209 14 211 12 213 9 216 7 2159
6373 20 199 28 193 36 185 41 181 45 178 47 176 50 172 53 170 55 168 58 165 60 163 62 160 65 158 67 156 68 155 70 153 72 151 73 150 75 148 77 146 78 146 78 145 80 144 80 143 81 143 81 143 82 141 83 141 84 140 85 138 86 138 87 136 89 135 90 134 91 132 92 132 93 131 94 130 95 129 96 127 98 126 98 126 99 125 99 125 100 124 100 123 101 123 101 122 102 122 102 121 103 120 103 121 103 120 104 120 103 120 103 121 102 122 102 121 101 123 100 124 99 124 99 125 99 125 98 125 99 125 99 124 100 124 99 124 100 123 101 123 100 124 100 123 101 123 100 124 100 124 99 125 98 126 97 127 97 127 96 128 95 129 93 131 92 133 90 134 89 135 88 136 86 138 85 139 83 141 82 142 80 144 78 146 77 147 76 148 75 149 74 150 74 150 73 151 72 152 72 152 71 153 71 153 70 154 70 154 69 155 69 155 69 155 68 156 68 155 68 156 31 3 34 156 29 8 31 156 28 11 29 155 28 13 28 155 28 13 28 155 28 14 27 155 28 14 27 155 27 16 26 155 27 16 25 156 27 16 25 156 27 16 25 156 27 16 25 156 27 16 24 158 26 16 24 158 26 16 24 158 26 16 23 160 25 16 23 160 25 16 22 161 25 16 22 162 24 16 21 163 24 16 21 163 24 16 20 164 24 16 19 165 24 16 19 165 24 16 18 166 24 16 18 166 24 16 18 166 24 16 18 166 23 17 17 167 23 17 17 167 23 17 17 167 23 17 17 167 23 17 16 168 23 17 16 168 23 17 16 168 23 17 16 168 23 16 17 168 23 16 17 168 23 16 17 168 23 16 18 167 23 15 19 167 24 14 19 167 24 14 20 166 24 13 21 166 24 13 21 166 24 12 23 165 25 11 23 165 25 10 25 164 26 8 26 164 27 6 27 164 29 3 28 164 60 164 60 32 6 126 60 30 9 125 60 29 11 124 59 29 12 124 59 28 14 124 57 28 15 124 56 29 16 123 45 39 17 123 44 40 17 124 42 41 18 123 41 42 18 124 39 43 19 124 37 45 18 124 37 46 18 125 34 48 19 124 33 48 20 126 29 50 21 132 20 51 21 134 17 53 21 136 9 59 20 205 19 206 18 207 16 209 13 2304
2406 8 213 12 208 17 204 21 199 25 196 28 133 18 40 33 130 26 32 36 126 34 24 40 123 39 19 43 121 45 9 49 119 105 117 107 115 109 114 109 114 110 112 112 111 113 110 114 57 21 32 113 53 34 23 114 50 41 17 116 49 46 12 116 50 49 8 117 50 173 51 173 51 172 52 172 52 171 53 169 55 168 56 166 58 164 60 163 62 160 64 160 65 158 67 157 68 155 70 154 71 153 72 153 72 153 72 153 72 155 70 159 66 163 63 163 62 165 61 165 61 165 61 165 62 164 64 162 66 159 68 157 69 156 70 155 71 154 72 152 76 149 78 147 78 147 78 146 79 146 79 146 79 145 79 146 79 146 78 147 78 146 79 146 78 147 78 146 78 147 78 147 77 147 78 147 77 147 78 146 78 146 79 146 78 146 78 146 79 145 79 145 79 146 78 146 78 146 78 146 79 145 79 145 79 144 80 144 80 144 81 143 81 143 81 143 81 143 82 142 82 142 83 141 84 140 84 140 85 139 86 138 87 137 88 136 89 135 91 133 92 132 94 130 96 128 97 127 99 125 100 124 102 122 103 95 3 24 104 88 10 22 105 85 13 21 106 83 15 20 107 81 17 19 107 80 19 18 108 78 20 17 110 76 21 17 111 74 22 17 111 74 23 16 112 72 24 16 113 71 24 16 114 70 24 16 115 68 25 16 116 67 25 16 116 67 25 16 117 66 26 15 117 66 26 15 118 65 26 15 118 65 26 15 119 64 26 15 119 64 26 15 119 64 27 15 118 64 27 15 118 64 27 15 119 62 28 15 119 62 28 16 118 62 29 15 119 60 30 16 118 60 30 16 118 60 30 17 118 58 31 17 118 58 32 17 117 57 33 18 117 56 33 19 116 55 34 19 116 54 35 20 116 52 36 20 116 51 38 20 115 51 38 20 116 49 39 20 116 48 41 19 116 48 41 18 117 48 42 17 118 46 45 14 119 46 48 9 121 45 179 45 179 45 179 44 181 43 181 43 181 42 182 42 182 42 182 42 182 41 184 40 184 40 184 40 184 39 185 39 184 40 184 40 184 39 184 40 184 40 183 40 183 41 182 42 182 42 182 42 181 42 182 42 182 42 182 42 182 41 183 41 184 40 184 39 186 38 187 37 187 36 189 35 190 33 193 31 194 29 198 25 201 22 204 19 206 17 209 13 215 4 987
6791 10 210 18 203 24 39 3 155 30 32 10 149 35 26 16 145 40 19 21 142 46 7 30 140 85 138 87 137 87 137 88 135 89 135 90 134 90 134 90 134 90 133 90 134 90 134 90 134 91 133 91 133 91 133 91 133 91 133 91 132 92 132 92 132 92 132 91 133 91 133 91 132 92 132 92 132 92 132 92 132 92 132 92 132 92 132 92 132 92 132 92 132 92 132 92 132 92 132 92 132 93 131 93 131 94 130 94 129 95 129 96 128 96 128 97 127 97 128 97 127 97 127 98 126 98 126 98 126 99 125 99 126 99 125 99 125 100 124 101 124 100 124 101 123 101 123 102 123 102 122 102 122 103 122 103 121 103 121 104 121 104 120 105 119 106 118 107 117 107 117 108 116 109 115 110 114 110 114 111 113 112 112 113 111 114 110 114 110 115 109 115 109 115 109 116 109 115 109 115 109 116 108 116 108 116 108 116 108 117 107 117 108 116 108 116 108 117 107 117 107 117 107 118 106 118 106 118 107 117 107 117 107 118 106 118 107 117 107 117 107 117 108 116 108 116 109 114 110 114 110 114 111 113 111 113 112 112 112 112 112 112 113 111 113 111 114 110 114 110 115 109 115 109 116 108 116 108 117 107 117 107 118 106 118 106 118 105 119 105 118 106 117 106 117 107 116 108 115 108 115 108 115 108 115 109 115 108 115 108 116 107 116 107 117 31 7 68 118 30 9 65 120 29 10 64 122 27 12 62 123 26 13 61 124 25 14 60 126 23 15 60 127 21 16 59 129 19 17 59 131 15 19 58 135 10 21 58 166 58 166 57 166 58 166 58 166 57 167 57 166 27 6 24 166 27 8 23 165 26 11 22 165 25 12 21 165 26 13 19 165 26 14 19 165 26 15 17 165 26 16 16 166 26 17 13 167 26 20 9 169 26 23 3 172 25 199 25 199 24 200 24 200 23 201 22 202 21 203 20 204 19 206 17 207 17 207 16 209 15 209 14 119
4199 4 217 10 210 15 207 19 202 23 199 26 196 29 193 31 192 33 189 36 187 37 186 39 184 40 183 41 182 42 181 43 180 45 179 45 178 46 177 47 177 47 176 48 175 49 174 50 174 49 174 50 173 51 173 51 172 52 171 53 170 53 170 54 168 56 139 85 133 91 130 94 126 97 124 100 121 103 118 105 116 108 112 112 110 113 109 115 108 116 107 117 105 118 104 120 103 121 102 122 101 123 100 123 100 124 99 125 98 126 97 127 96 128 96 128 95 129 95 129 94 130 94 130 93 131 93 131 93 131 92 132 92 133 91 133 90 134 90 134 90 135 89 135 88 137 87 137 87 137 87 138 86 138 86 139 84 140 84 141 83 141 83 142 82 142 82 143 81 143 81 144 79 145 79 145 79 146 78 146 78 147 76 148 76 148 76 148 76 149 75 149 75 149 75 149 75 149 75 149 75 150 74 150 74 150 74 150 74 150 74 150 74 150 74 150 74 150 74 149 75 149 75 149 75 103 3 43 75 102 5 41 76 101 7 39 77 100 9 36 79 100 10 28 86 99 12 18 96 98 14 10 102 97 127 97 128 95 129 95 129 95 130 94 131 93 133 11 5 75 153 71 156 68 158 66 160 64 162 61 167 56 176 47 180 43 184 38 188 35 192 30 196 26 201 8 14897
8999 15 205 23 199 27 195 31 192 34 105 22 62 36 101 28 59 37 97 35 54 40 94 38 51 42 91 42 49 43 89 45 46 45 87 48 44 46 85 50 42 49 82 52 40 51 81 53 38 53 79 54 36 56 77 56 33 59 76 56 31 62 74 58 28 65 73 58 26 68 71 60 24 70 70 60 23 72 68 61 23 72 68 62 22 73 66 63 22 73 66 63 22 73 66 64 21 74 64 65 21 74 64 66 20 74 64 66 20 74 64 67 19 75 63 67 19 75 63 67 20 75 62 67 20 76 61 68 20 76 59 69 20 78 57 69 21 79 55 69 21 81 52 70 21 83 49 71 22 84 46 72 22 88 40 74 23 90 33 78 23 95 7 99 23 201 24 200 24 199 25 199 25 198 27 197 28 195 30 194 30 193 31 193 32 191 33 191 34 190 34 189 36 188 37 187 38 186 40 184 41 183 42 182 43 181 43 182 42 182 43 181 43 182 42 182 42 182 42 183 41 183 41 183 42 183 41 183 41 184 40 184 40 184 41 184 40 184 41 183 41 183 41 184 41 183 41 183 41 183 42 182 43 181 43 181 44 179 46 178 47 177 48 176 49 175 50 174 51 173 51 173 52 172 54 170 55 169 57 167 58 166 60 164 61 163 61 163 62 162 63 90 5 65 65 86 9 64 66 83 12 63 66 80 16 61 68 77 18 61 69 73 21 61 70 69 25 59 72 66 27 59 73 62 30 59 74 58 34 57 75 55 37 57 76 49 42 57 76 43 49 55 78 38 53 55 78 36 55 55 78 35 57 54 79 33 59 53 79 32 60 52 80 32 62 50 81 31 63 49 81 31 64 48 81 31 66 46 81 30 68 45 81 30 69 44 81 30 70 43 81 30 71 43 81 29 72 42 81 29 73 41 81 29 73 42 80 29 74 41 80 30 73 42 79 30 74 41 79 30 74 41 79 30 74 41 79 30 74 42 78 30 75 41 78 30 75 41 78 30 75 42 77 30 75 42 78 29 75 42 78 29 74 43 78 29 74 44 77 29 74 20 3 21 77 29 73 21 3 21 77 29 73 20 5 20 77 28 74 20 5 20 77 28 73 21 6 19 77 28 72 22 6 19 77 27 73 21 7 19 77 26 74 21 7 19 77 25 75 20 8 19 77 25 75 20 8 19 77 24 77 18 8 20 77 24 78 16 9 20 77 23 83 11 10 20 78 22 104 20 79 21 104 19 81 20 104 19 81 20 103 20 82 18 104 20 82 18 104 20 83 16 105 20 83 15 107 18 85 13 108 18 86 10 111 16 91 4 115 14 212 10 217 5 2254
9410 10 59 4 149 14 55 8 147 15 53 10 146 15 52 12 145 16 50 13 145 17 48 14 145 17 47 16 144 18 45 17 144 19 44 17 144 20 42 18 144 20 41 19 144 21 39 20 144 22 37 21 144 23 35 22 144 23 34 23 144 24 32 24 144 25 29 25 145 26 24 29 145 29 2 48 145 79 145 79 145 79 145 79 145 79 146 78 30 16 100 78 26 24 96 78 22 33 91 78 20 39 87 78 18 43 85 78 17 46 84 78 14 50 82 78 13 53 81 77 12 55 80 78 9 59 78 79 6 62 78 148 76 149 75 151 73 152 72 154 70 155 69 156 68 157 67 159 65 160 64 161 63 162 62 163 61 163 61 164 60 165 59 165 59 166 58 166 58 167 58 166 58 167 57 167 57 168 57 168 56 168 56 169 55 169 56 169 55 170 54 170 54 171 53 171 53 172 52 172 52 172 52 173 51 173 51 173 50 175 49 175 49 175 49 175 50 174 50 175 50 174 51 173 52 172 54 7 5 158 68 156 70 154 73 151 75 149 77 147 78 146 79 145 80 144 81 143 82 142 83 141 84 140 84 141 84 140 85 139 86 138 87 137 88 136 89 135 89 135 90 134 91 133 92 132 94 130 95 129 96 128 97 127 97 127 98 126 98 126 98 126 98 126 98 126 97 127 97 126 97 127 97 126 98 126 98 125 100 123 101 122 103 119 106 114 110 105 119 101 124 98 127 23 6 66 129 17 13 62 133 8 22 59 165 55 170 52 173 28 3 17 177 25 9 9 181 24 201 21 205 15 9520
15106 7 216 10 213 12 212 13 210 15 209 15 209 16 208 17 33 9 165 17 31 12 164 17 29 15 163 18 27 16 163 18 26 17 163 19 23 19 163 19 23 19 163 19 22 20 163 20 20 21 163 20 19 22 163 20 18 23 163 21 16 24 162 23 14 25 162 24 12 26 162 26 7 29 162 61 163 61 163 61 163 60 163 61 162 62 144 79 142 82 140 84 138 85 138 86 136 87 136 88 135 88 135 89 134 89 134 90 133 90 134 89 134 89 135 87 136 87 137 86 137 87 137 86 138 85 138 86 138 86 138 86 137 86 138 86 138 85 139 85 138 85 139 85 139 84 140 83 141 83 141 82 142 81 143 81 143 81 144 80 144 80 144 80 144 80 145 79 145 79 145 79 145 79 146 77 147 77 147 77 148 76 148 77 147 77 148 76 148 76 149 75 149 75 149 75 150 74 150 73 151 73 152 72 152 72 153 71 153 70 154 69 156 67 157 66 158 65 159 64 160 63 161 62 162 61 163 61 163 60 164 60 164 59 164 60 164 59 165 58 166 56 168 54 170 47 177 43 181 38 185 36 188 33 191 29 195 25 199 22 202 20 203 18 206 15 208 14 210 11 213 9 215 7 218 5 221 1 7554
11753 20 200 29 192 37 184 43 177 50 171 55 167 58 163 62 161 65 157 68 155 70 154 71 152 74 149 76 108 2 37 78 96 14 35 80 92 18 33 82 90 20 30 84 90 21 28 86 88 23 25 89 87 24 21 93 86 27 15 96 86 33 5 101 85 140 85 140 84 140 84 141 83 141 83 142 82 143 82 142 82 143 81 143 81 144 80 145 80 145 79 146 78 146 78 147 77 148 77 147 77 148 76 149 75 149 75 149 76 149 75 149 75 149 75 149 75 150 74 150 74 150 74 150 74 150 74 150 74 151 73 151 74 150 74 150 74 151 73 151 73 151 73 151 73 151 73 150 74 149 74 148 76 147 77 146 78 145 79 145 79 144 80 144 80 143 81 143 81 143 81 144 80 145 79 148 76 150 74 152 72 155 69 157 67 160 64 163 61 165 59 167 58 168 56 169 56 169 55 170 55 170 55 169 55 170 55 169 57 168 57 167 58 167 57 167 58 166 59 104 8 54 58 102 12 52 58 100 15 52 57 99 18 50 57 97 22 48 57 94 26 47 57 92 31 44 57 90 40 37 56 89 44 35 56 87 48 33 56 86 51 30 56 85 55 28 56 84 58 25 57 83 62 20 58 83 66 16 59 82 76 3 63 82 141 82 142 82 142 82 141 84 140 84 140 85 138 87 137 88 136 89 135 90 134 91 134 90 134 91 133 91 133 92 132 92 132 93 131 30 5 58 132 26 11 56 131 22 18 53 132 15 27 50 132 11 34 48 132 8 38 46 134 4 41 45 180 45 180 44 180 44 181 44 180 44 181 43 181 44 181 43 181 43 182 42 182 42 183 41 183 41 184 40 184 40 185 39 186 38 187 37 188 36 190 33 192 32 193 31 194 30 195 29 196 27 200 24 202 22 203 21 205 18 207 17 208 15 98
3259 5 214 17 202 25 193 35 186 41 181 45 178 48 175 50 173 53 170 55 169 57 166 59 164 61 163 62 162 63 160 65 159 65 158 67 157 67 157 68 155 69 155 69 154 70 154 71 153 71 152 72 152 72 152 73 150 74 150 75 149 76 148 77 146 79 145 80 144 81 142 84 140 86 137 89 135 90 133 93 131 95 128 97 127 98 126 99 124 101 123 101 122 102 121 104 120 104 119 105 118 106 118 106 117 108 115 109 115 109 115 109 114 110 114 110 114 110 114 110 114 111 113 111 113 111 112 112 112 112 112 112 113 111 113 112 112 112 112 112 112 112 112 112 112 112 112 112 111 113 111 114 110 114 109 115 109 115 108 116 107 117 106 118 105 119 104 120 103 121 103 121 102 122 101 123 101 123 101 123 101 123 100 124 100 124 100 124 100 124 100 124 100 124 99 125 99 125 99 125 98 126 98 127 97 127 96 128 96 128 95 129 95 129 95 129 94 130 94 130 94 130 94 130 94 130 93 131 93 131 93 131 93 130 94 130 94 130 94 130 94 129 95 129 95 129 96 127 97 127 97 127 98 126 98 126 99 125 99 125 100 124 101 123 102 122 102 122 103 121 104 121 104 120 106 118 107 117 110 114 116 108 121 103 123 101 125 99 125 99 126 98 127 97 127 97 127 97 128 96 128 38 4 53 130 36 7 51 130 35 11 48 130 34 15 44 132 33 22 16 3 17 133 33 49 4 139 32 192 33 192 33 191 33 192 33 191 34 191 34 190 35 189 35 189 36 188 36 188 36 188 37 187 37 187 37 187 37 187 37 188 36 188 36 188 36 188 35 190 34 190 33 191 33 192 31 194 29 196 27 199 23 204 16 215 5 5479
3522 9 212 13 209 16 206 18 204 20 203 21 202 22 200 24 199 25 197 27 195 28 194 30 192 32 190 33 190 33 189 34 189 35 187 36 187 36 187 36 187 36 187 36 187 36 187 36 187 36 188 34 189 34 189 34 168 7 14 34 165 16 7 35 163 59 163 60 162 61 161 62 161 61 161 62 161 62 160 63 160 62 159 64 158 65 156 67 154 70 152 71 152 71 151 73 150 74 149 75 148 76 148 76 147 77 147 77 147 77 146 78 146 78 146 78 146 78 146 79 145 79 145 79 145 79 145 79 144 81 143 81 143 81 143 81 142 82 142 83 141 83 140 84 140 84 140 85 138 86 138 86 138 86 138 86 138 86 137 87 137 87 137 87 137 86 137 87 137 87 137 87 137 87 137 87 137 87 137 87 137 87 137 87 137 87 137 87 137 87 137 86 138 86 138 86 137 87 137 87 137 87 137 87 137 87 137 87 137 87 137 87 137 87 137 87 137 87 137 87 138 86 138 86 138 86 138 86 138 86 139 85 139 85 139 85 140 84 140 83 141 83 142 82 142 82 143 81 144 79 145 79 146 78 147 77 147 77 148 76 148 75 150 74 150 74 151 72 153 71 153 71 154 70 155 68 156 68 157 67 157 67 158 66 158 66 159 65 159 64 160 64 161 63 161 63 161 64 161 63 161 63 161 63 162 62 162 62 163 61 163 60 164 60 165 59 165 59 166 58 167 57 168 55 169 54 171 34 3 15 172 31 10 9 175 28 196 27 198 25 199 24 201 22 203 20 205 18 208 13 8637
3463 7 214 10 212 12 210 13 209 15 207 17 205 19 204 19 203 20 202 22 200 23 199 24 199 24 198 25 198 25 198 24 199 24 199 24 199 24 199 24 199 24 199 24 199 24 200 24 199 24 199 25 199 24 199 25 64 5 130 25 62 8 128 26 60 11 126 27 59 12 126 27 58 14 124 28 57 15 122 30 55 17 121 32 53 18 118 37 50 19 116 40 48 20 113 45 45 21 111 49 41 22 109 55 37 23 106 61 32 25 104 66 24 30 103 71 3 7 7 33 102 122 101 123 100 123 100 124 99 125 99 125 98 126 97 127 97 126 97 127 96 128 96 128 95 129 95 129 95 129 94 129 95 129 94 130 94 130 94 130 93 130 94 130 94 130 93 131 93 131 93 130 94 130 94 130 93 131 93 131 93 131 93 131 92 131 93 131 93 131 93 131 92 132 92 132 92 132 92 131 93 131 93 131 93 131 93 130 94 130 94 130 93 131 93 130 94 130 94 130 93 131 93 130 94 130 93 132 92 132 91 133 90 134 89 136 88 136 87 138 85 139 84 140 83 142 82 142 81 143 80 26 5 114 78 26 8 112 78 25 11 111 76 25 14 109 75 26 16 107 75 25 18 106 74 26 19 105 73 26 20 105 72 27 21 104 71 27 22 104 71 27 22 104 70 28 23 103 70 27 24 102 71 27 24 102 70 28 24 102 70 27 26 101 70 27 26 101 70 27 26 101 70 26 27 100 70 27 27 100 70 27 28 99 70 26 29 99 71 24 30 99 71 24 31 97 73 22 32 97 75 19 33 97 76 17 34 96 79 13 36 96 81 9 39 95 129 94 130 94 131 93 131 93 131 92 133 91 133 91 134 90 134 90 135 88 136 88 137 87 137 86 138 86 139 84 140 33 2 49 140 32 5 2 4 40 142 30 14 38 142 30 15 37 143 30 15 36 143 30 15 36 144 30 17 33 144 31 21 28 145 32 22 26 144 34 24 22 145 35 24 21 144 36 24 20 144 38 23 19 145 38 22 20 144 38 23 19 144 38 23 20 143 39 22 20 144 38 22 21 143 38 22 21 143 37 22 23 143 36 22 24 142 36 22 24 143 34 24 24 142 33 25 24 142 33 27 3 3 17 141 32 36 15 141 32 37 14 141 32 38 14 140 31 43 10 140 31 46 8 139 30 47 9 137 31 47 10 135 31 48 10 134 32 48 11 48 1 83 32 49 11 47 2 82 32 51 10 47 2 81 31 54 8 130 30 58 3 132 27 196 24 198 25 197 26 196 27 196 27 196 27 196 28 195 29 195 29 194 29 194 30 193 31 193 30 193 31 193 30 194 29 195 29 196 16 5 5 146
1439 2 218 10 213 13 209 18 206 20 203 22 201 25 199 27 196 29 194 32 191 34 189 36 187 38 186 39 184 41 182 43 180 45 178 47 176 49 46 6 122 51 42 11 119 53 38 15 117 54 37 17 116 55 34 20 114 56 33 22 113 57 31 23 112 58 30 25 111 59 28 26 111 59 27 27 111 60 25 29 109 61 25 29 109 61 24 30 109 62 22 31 109 62 21 32 109 63 20 33 108 63 19 34 107 64 19 34 107 65 17 35 107 65 16 36 107 66 14 37 106 68 12 38 106 69 9 41 105 70 7 42 104 120 104 120 104 120 103 121 103 121 103 121 102 122 102 122 102 122 101 123 101 122 102 122 101 122 102 122 101 122 102 122 101 123 100 123 100 123 100 124 99 125 99 124 99 125 98 126 98 126 97 126 97 127 97 127 96 128 96 128 95 129 95 129 95 129 94 130 94 131 92 132 92 132 92 133 90 134 90 134 89 135 89 135 89 136 87 137 87 137 87 138 86 138 86 139 85 139 84 141 83 141 83 142 82 143 81 143 80 145 79 146 78 146 77 147 77 148 76 148 75 149 75 149 75 149 74 150 74 150 74 150 73 151 73 150 74 150 73 150 74 150 73 150 74 150 74 149 74 149 75 149 74 149 75 148 76 147 76 148 76 147 76 147 77 147 76 147 77 146 78 146 78 146 78 145 79 145 79 145 79 145 79 145 79 145 79 146 77 147 77 148 76 148 76 149 75 150 73 152 72 153 70 155 68 157 67 158 65 160 63 161 62 163 61 164 59 165 59 166 57 168 56 168 56 168 56 169 54 170 54 170 54 171 53 171 52 173 51 173 51 173 51 173 51 174 50 174 50 174 50 174 50 175 48 176 48 176 48 176 47 178 45 179 44 180 42 182 40 185 37 188 34 190 30 195 27 198 23 202 22 202 21 204 20 205 19 205 19 206 18 207 17 208 16 208 16 209 15 210 14 210 14 211 13 212 12 213 11 214 10 215 9 216 8 217 7 218 6 220 4 223 1 3360
11965 4 217 9 213 12 158 1 51 15 155 11 41 17 154 18 34 19 152 22 30 22 149 26 25 30 142 35 17 39 132 40 11 42 130 42 9 45 128 44 5 49 5 4 116 111 112 113 111 114 110 115 108 117 107 118 105 120 104 121 103 122 102 124 99 127 97 131 93 133 91 134 90 135 89 136 88 137 86 139 85 140 84 141 83 142 82 143 81 143 81 30 6 108 80 29 10 106 80 27 12 105 80 26 13 106 79 26 13 106 79 25 14 106 79 25 14 107 78 24 14 108 78 23 15 109 77 22 16 110 76 22 16 111 75 21 16 113 74 21 17 113 72 22 17 114 71 22 17 115 70 22 17 116 69 22 17 116 69 22 17 117 67 23 17 118 66 23 17 118 66 23 17 118 65 24 17 119 64 24 17 119 64 24 17 120 62 25 17 120 62 26 16 120 62 26 16 121 60 27 16 121 60 27 15 122 60 27 15 122 60 28 12 124 59 37 1 127 59 165 59 165 58 166 58 166 58 166 57 167 56 167 56 168 56 167 56 21 1 145 56 20 4 143 56 19 6 142 56 19 7 142 56 18 7 142 56 18 8 142 55 18 9 142 55 18 8 142 56 17 9 142 56 17 8 142 57 16 9 141 58 16 9 140 59 15 9 139 61 14 9 138 63 13 10 136 66 11 10 30 3 103 67 10 11 29 5 101 69 7 12 30 6 98 90 29 7 97 91 29 8 94 92 29 9 93 93 29 10 91 93 29 11 90 94 29 12 89 93 29 13 87 94 30 14 85 95 30 14 84 95 30 15 83 95 31 15 82 94 32 16 81 94 32 17 80 94 33 16 80 93 34 17 79 93 35 16 80 92 36 16 79 92 36 17 79 91 37 16 79 90 39 16 79 89 40 16 79 88 41 15 79 88 42 15 79 87 43 14 80 84 48 11 80 84 52 3 85 84 139 85 139 85 139 85 139 85 138 86 138 86 138 86 137 87 137 87 136 88 136 88 135 89 135 89 134 90 133 91 131 93 130 94 129 95 127 98 125 100 122 104 119 106 116 110 59 10 44 113 55 19 36 115 52 27 28 119 49 34 21 122 46 48 3 129 43 189 33 192 31 194 28 197 23 203 18 208 13 214 8 3542
2794 5 217 9 213 13 210 15 208 16 207 17 206 19 205 19 204 20 203 21 203 21 202 21 203 21 202 22 201 23 201 23 200 24 200 24 199 25 198 26 198 26 197 27 197 27 44 8 144 28 42 11 143 28 41 13 141 29 40 15 139 30 38 17 138 31 37 18 136 33 36 19 134 35 35 20 131 38 34 21 128 42 32 22 125 45 31 23 122 49 29 23 121 52 27 24 119 56 24 25 118 59 21 26 117 62 17 28 116 66 13 28 116 69 10 29 115 109 115 109 114 110 114 110 114 110 113 111 112 112 112 111 112 112 111 113 111 113 110 113 111 113 110 113 111 113 110 114 110 113 110 114 110 113 111 113 110 114 110 113 111 113 111 113 110 113 111 113 110 114 110 113 110 114 110 114 110 114 109 114 109 115 106 118 103 120 102 122 100 123 101 122 101 122 101 122 102 121 103 121 103 120 103 120 104 120 105 118 106 118 107 116 109 115 113 111 116 108 118 105 120 104 121 103 121 103 122 102 122 101 123 101 124 100 124 100 124 100 124 100 125 99 125 99 125 99 126 98 126 98 126 98 127 97 127 97 127 97 127 97 128 96 128 96 128 97 127 97 127 97 127 97 128 97 127 97 126 98 126 98 127 97 127 97 127 97 127 97 127 97 128 96 129 94 130 94 131 93 131 93 132 92 132 92 132 92 133 90 134 90 134 90 134 89 135 89 135 88 136 88 137 87 137 86 138 86 139 85 139 84 140 84 140 83 141 83 142 82 142 81 143 81 143 80 144 79 145 79 145 78 145 79 145 79 145 79 145 79 145 79 145 79 145 79 145 79 145 79 145 80 144 40 2 38 144 38 6 36 144 37 8 36 144 36 9 35 144 35 10 36 143 35 11 35 143 35 12 34 144 33 13 34 144 33 14 33 144 33 15 32 144 32 16 32 145 31 17 31 146 29 19 30 146 29 20 29 147 27 22 27 149 25 24 26 151 21 28 23 153 18 33 19 157 11 39 15 5911
4611 6 212 16 201 32 181 47 170 58 163 63 158 71 151 77 146 80 143 83 140 85 137 88 135 91 132 93 130 94 129 96 127 98 126 100 123 102 121 104 120 105 118 108 115 110 114 112 111 115 108 117 107 118 105 120 103 122 101 124 99 126 97 127 96 129 93 132 91 134 89 136 87 137 87 138 85 139 85 140 83 141 83 142 81 143 81 144 79 145 79 145 78 146 77 148 76 148 75 150 73 151 72 153 71 153 70 155 68 156 68 156 67 158 66 158 66 159 64 160 64 160 64 161 63 161 63 161 62 163 61 163 61 163 61 164 60 164 60 164 60 164 59 165 59 165 58 166 57 167 56 168 55 169 53 170 52 172 49 174 46 178 42 181 30 194 24 200 16 208 13 211 12 213 11 213 11 214 10 214 10 215 9 215 9 216 8 217 7 217 7 218 6 218 6 219 5 219 5 220 4 221 3 222 2 223 1 1120 1 223 1 223 1 223 2 222 2 222 3 221 3 221 3 221 4 220 4 220 4 220 4 220 4 220 4 220 4 220 4 220 4 220 4 220 4 220 3 221 3 221 2 222 1 223 1 223 1 223 1 223 1 223 1 223 1 223 1 223 1 4255 1 223 1 223 3 221 3 221 4 220 5 219 5 219 5 219 5 219 5 219 5 219 5 219 5 219 5 219 5 219 5 219 5 219 5 219 5 219 5 219 5 219 5 218 7 217 7 217 7 217 8 215 9 214 10 214 10 213 12 212 12 212 12 212 12 212 13 211 13 211 13 211 13 212 13 211 13 211 13 211 13 211 13 211 13 210 14 210 14 210 14 210 15 208 5
12636 9 214 12 211 15 208 17 207 18 206 19 205 20 204 21 204 21 203 21 204 21 204 21 205 19 206 19 207 18 207 17 208 17 207 18 207 18 207 17 207 18 207 18 206 19 206 18 207 18 206 19 206 18 206 19 205 19 206 19 205 19 206 19 205 19 205 20 205 19 205 20 204 20 204 21 203 21 202 23 198 26 196 29 192 32 190 35 188 36 187 38 185 39 184 41 183 41 182 43 181 43 180 45 179 47 176 52 172 56 167 60 164 62 161 64 160 66 157 68 155 70 153 72 151 74 149 75 148 77 146 79 144 80 144 81 142 83 141 84 139 85 139 86 138 86 137 88 136 88 136 89 134 90 134 91 132 92 132 92 132 93 130 94 130 94 129 95 129 95 128 96 128 96 128 96 127 97 127 97 127 97 126 98 126 98 125 99 125 99 124 100 124 100 123 101 123 101 122 102 122 102 121 103 121 103 120 104 119 105 119 105 118 105 119 105 118 106 117 107 116 108 116 108 115 109 114 110 113 111 113 112 111 113 111 113 110 115 109 115 109 115 109 115 109 115 109 114 110 114 110 114 111 112 112 111 114 110 114 109 116 107 118 105 119 17 4 82 123 13 7 79 128 5 13 77 147 76 149 75 149 74 151 73 151 72 153 70 154 70 155 69 156 68 156 68 157 67 157 67 158 66 158 66 159 65 159 65 160 64 160 64 160 64 160 65 160 64 160 64 160 65 159 65 160 64 160 64 161 63 162 63 162 62 162 62 163 61 163 61 164 59 68
3678 12 210 17 206 20 203 23 200 26 197 28 196 30 193 33 190 36 188 40 15 6 162 65 158 67 157 68 156 69 154 71 153 71 152 73 151 73 151 74 149 75 149 75 149 76 147 77 147 77 147 77 147 78 145 79 145 79 144 80 144 80 143 81 143 81 142 83 141 83 140 85 139 86 15 6 116 88 12 10 114 92 5 14 112 113 110 114 110 115 108 116 107 117 107 117 106 119 104 120 103 121 103 121 102 122 101 123 100 124 99 125 98 126 97 127 96 128 95 129 93 131 92 132 91 133 90 114 1 19 89 114 3 19 87 114 5 18 86 114 6 18 85 115 6 18 84 117 5 19 82 118 5 19 81 120 5 18 80 122 4 18 79 123 5 18 76 125 5 18 75 126 6 17 74 127 6 17 73 128 6 17 72 129 7 16 71 129 8 16 70 130 8 16 69 131 8 16 68 132 8 16 67 133 8 16 66 133 9 16 65 133 10 16 64 127 17 16 63 127 18 16 62 127 19 16 62 127 19 16 61 127 20 16 60 128 20 16 60 127 21 16 59 128 21 16 58 128 23 14 59 128 23 14 58 128 24 14 58 128 24 13 59 128 25 11 59 128 26 10 60 128 26 9 60 129 26 7 62 128 27 6 63 128 27 5 64 128 28 4 63 129 28 3 63 129 29 2 64 129 94 129 95 129 94 129 94 129 94 130 93 130 94 129 94 130 94 129 94 130 94 130 93 130 94 130 93 130 94 130 94 129 94 130 94 129 94 130 94 129 95 129 94 129 95 129 95 128 95 129 95 128 95 128 96 128 96 127 97 126 97 127 97 126 98 126 98 125 98 126 98 126 98 126 98 126 97 127 97 127 96 127 97 127 96 128 96 128 96 128 96 128 95 128 96 128 96 128 96 128 96 127 97 127 97 127 97 126 98 126 98 126 98 125 99 125 99 124 100 123 101 122 102 121 103 120 105 116 110 111 114 107 119 103 122 101 124 97 129 93 133 88 140 42 8 32 146 35 17 24 151 29 23 19 156 22 29 14 165 7 43 4 6634
10827 32 187 40 105 5 69 49 88 21 63 56 75 30 60 66 62 37 56 88 40 40 55 105 19 45 53 171 52 172 52 172 51 173 50 174 49 175 47 177 46 178 44 180 41 183 39 185 37 187 36 188 34 190 33 191 31 193 29 195 26 198 23 201 16 208 9 215 5 219 3 221 1 2014 1 222 2 221 3 221 3 220 4 219 6 214 11 8 10 2 6 184 42 174 55 168 61 162 65 158 69 154 72 151 73 150 75 148 76 147 77 147 78 145 79 144 80 143 81 49 9 85 81 44 16 82 82 43 19 80 82 42 21 78 83 41 24 76 83 40 26 74 84 39 28 73 83 39 30 72 83 39 31 71 83 38 33 69 84 38 33 69 84 37 35 68 84 37 35 68 83 37 37 66 84 37 37 66 84 36 39 64 85 36 40 63 84 36 41 62 85 35 42 61 85 36 43 60 85 35 44 59 85 36 44 58 85 36 45 57 85 36 46 56 85 37 46 55 86 36 47 54 86 37 46 54 86 37 47 54 86 37 47 53 86 37 47 54 85 38 47 53 86 38 47 53 86 38 47 53 85 39 47 53 85 39 47 26 3 24 86 38 47 26 5 21 87 38 47 25 6 21 87 38 47 25 7 20 87 38 47 24 8 20 87 15 2 22 46 24 9 19 87 14 5 20 46 24 10 18 87 14 5 20 46 23 11 18 87 14 6 19 46 23 12 17 87 14 6 19 46 23 12 17 87 14 7 18 47 21 13 17 87 13 8 18 47 21 13 17 87 13 9 17 47 21 13 17 87 13 10 15 48 20 15 15 88 13 10 15 48 20 15 15 88 13 11 14 48 20 15 14 89 13 12 12 49 20 15 14 89 13 12 12 49 19 16 13 90 13 13 10 50 19 17 12 90 13 14 8 52 18 18 10 91 13 15 5 54 18 19 8 92 13 75 17 21 3 96 11 76 17 120 10 78 15 122 8 80 14 123 6 82 13 212 11 215 8 219 3 12182
52 168 55 172 51 173 51 174 50 174 50 174 50 174 50 174 50 174 50 174 50 174 50 174 50 174 50 174 50 174 50 174 50 174 50 174 50 174 50 174 49 175 49 175 49 175 49 175 48 176 48 176 47 177 47 177 46 178 46 178 45 179 45 179 44 180 44 180 44 180 43 181 43 181 43 181 43 181 43 181 43 181 43 181 43 181 43 181 43 181 43 181 43 181 43 181 42 182 42 182 42 182 42 182 42 182 42 182 42 182 42 182 42 182 42 182 42 182 42 182 41 183 41 183 41 183 40 184 40 184 40 184 39 185 39 185 38 186 38 186 38 186 37 187 37 187 37 187 37 187 36 188 36 188 36 188 36 188 36 188 36 188 37 187 37 187 37 187 37 187 38 186 38 186 38 186 39 185 39 185 39 185 40 184 40 184 41 183 41 183 41 183 41 183 41 183 41 183 41 183 41 183 41 183 41 183 41 183 42 182 42 182 43 181 43 31 4 146 44 26 9 145 45 23 11 145 47 19 13 126 1 18 49 16 15 122 7 15 52 12 16 121 9 14 54 10 16 119 12 13 56 7 17 118 14 12 58 4 17 118 17 9 61 2 17 118 19 7 80 117 107 115 108 115 109 115 109 114 90 2 17 114 91 3 16 114 90 5 15 113 91 5 14 114 91 5 14 113 92 4 14 112 94 4 14 110 96 4 13 108 99 4 12 107 101 3 13 105 104 2 12 104 120 102 122 101 123 100 124 99 125 98 126 98 125 35 8 55 126 34 11 53 126 34 11 52 126 34 13 51 126 34 13 50 127 33 14 50 127 32 14 51 127 32 14 50 127 32 15 50 128 30 16 49 129 29 17 49 129 29 17 49 129 28 18 48 131 26 19 48 133 24 19 47 135 23 19 47 134 23 20 46 135 23 20 46 134 23 21 45 134 24 21 45 134 23 22 44 134 24 22 44 134 23 23 43 134 24 23 43 134 24 23 43 133 24 23 44 133 24 23 43 134 23 24 43 133 24 24 43 133 23 25 42 134 23 25 42 133 23 25 42 134 23 25 41 135 22 25 41 135 23 25 40 136 23 25 40 136 23 25 39 137 22 25 40 137 22 25 39 137 23 25 39 137 22 26 38 137 23 25 39 137 23 25 39 137 22 25 39 138 22 25 39 139 20 25 40 140 19 24 41 140 19 23 42 140 18 23 43 140 18 22 43 141 17 23 43 141 17 22 43 142 17 22 42 143 17 22 40 144 18 21 39 146 18 21 37 148 18 20 36 149 19 20 35 149 20 19 35 150 20 19 34 150 21 18 34 150 22 18 33 151 22 17 33 151 23 17 32 152 23 16 33 151 23 17 32 152 23 16 32 152 23 17 32 152 23 16 32 154 21 16 33 154 21 15 34 155 19 16 33 156 19 15 34 157 18 14 35 158 17 14 34 159 17 13 35 161 14 14 35 163 12 14 35 165 8 16 34 167 5 18 34 190 34 190 34 190 33 191 33 192 32 100
16 88 130 97 125 99 123 101 122 103 120 104 119 105 117 107 117 107 117 107 116 109 115 109 115 108 116 108 77 7 32 108 36 9 30 13 28 108 33 15 25 20 23 107 33 63 21 107 32 65 20 106 32 67 19 105 32 68 19 104 32 70 18 103 32 73 16 101 33 77 13 99 34 80 11 98 34 82 10 95 36 85 8 93 36 88 7 91 37 90 6 87 39 93 6 78 45 95 6 72 50 97 5 70 52 97 5 69 52 98 5 67 54 98 5 66 54 99 5 65 55 99 5 65 55 99 4 65 55 100 4 64 56 100 4 64 56 100 4 63 57 100 4 62 58 100 4 62 58 100 4 62 59 99 4 61 60 99 4 61 60 99 4 61 60 98 5 60 61 98 5 60 61 98 5 60 60 98 6 60 60 98 7 59 60 98 7 59 60 97 8 59 60 97 8 59 59 97 9 60 58 97 9 60 58 97 9 60 58 96 10 61 57 96 9 62 58 94 10 63 57 94 10 63 57 93 11 64 57 92 11 65 57 90 12 66 57 89 12 67 57 87 13 67 58 85 14 68 56 86 14 69 54 86 15 69 53 86 16 70 49 89 16 71 44 92 17 72 30 105 17 72 26 108 18 73 21 112 18 73 18 115 18 74 15 118 18 74 12 120 18 75 9 122 20 75 5 125 20 204 21 203 21 204 20 204 21 204 20 204 20 205 19 205 20 205 19 206 18 207 17 208 17 207 17 208 17 207 18 207 18 206 19 205 20 205 20 204 22 203 22 202 23 201 25 200 25 199 26 198 27 198 27 197 29 195 31 194 31 193 32 193 32 192 33 191 34 191 35 189 46 178 48 176 50 174 52 172 56 168 57 167 58 166 59 165 59 165 59 165 59 165 59 165 58 166 58 166 58 166 58 166 58 166 58 166 57 167 57 167 57 167 56 168 56 168 56 168 56 168 56 168 56 168 56 168 56 168 56 168 56 78 5 85 56 78 7 83 56 77 9 82 56 77 10 81 56 77 11 80 56 77 11 80 56 77 12 79 56 77 13 78 57 76 13 78 57 75 14 78 57 75 15 77 57 75 15 77 57 75 15 77 57 75 16 76 58 74 16 76 58 73 17 76 58 73 17 76 59 72 17 76 59 71 18 76 59 71 18 76 59 71 18 76 59 70 19 76 60 69 19 76 60 69 19 76 60 69 18 77 60 68 19 77 60 68 19 77 60 67 20 77 61 66 20 77 61 65 21 77 61 65 21 77 62 63 23 76 62 63 23 76 62 62 24 76 63 60 25 36 8 32 63 60 25 33 22 21 63 59 26 32 24 20 64 58 26 30 27 19 64 57 27 30 27 19 64 57 27 29 29 18 64 56 28 28 30 18 64 55 29 28 30 18 64 54 30 27 32 17 65 52 31 27 32 17 65 52 31 27 32 17 65 51 31 27 33 17 65 50 32 27 33 17 65 49 33 27 34 16 65 48 34 26 35 16 65 47 35 26 35 16 65 46 36 25 36 16 65 46 36 25 36 16 65 45 37 25 37 15 65 44 38 24 38 15 65 44 38 24 38 15 65 43 39 24 38 15 65 43 39 24 39 14 65 43 39 24 39 14 65 42 40 24 39 14 65 42 40 24 39 14 65 42 40 23 41 13 64 43 40 23 41 13 64 42 41 23 41 13 64 42 41 23 41 13 64 43 40 23 41 13 64 43 40 23 41 13 64 43 40 23 41 13 64 43 40 23 41 13 64 44 39 23 41 13 64 44 40 21 42 13 63 46 39 21 43 12 63 46 39 21 43 12 62 47 39 21 43 12 62 47 39 21 43 12 62 47 39 21 43 12 62 47 39 21 44 11 62 47 39 21 44 11 62 46 41 19 46 10
10413 12 207 24 197 31 191 35 186 40 183 43 179 46 175 51 171 54 168 58 165 60 162 63 160 65 158 67 156 68 156 69 154 70 153 71 152 72 152 73 151 73 150 74 150 74 150 74 150 74 149 74 150 74 150 74 150 74 150 75 149 75 149 75 149 75 149 76 147 77 147 77 147 78 146 78 146 79 145 79 145 79 145 80 144 80 144 80 144 80 143 81 143 81 143 81 143 81 143 81 143 81 142 82 142 82 142 82 142 82 142 82 142 82 142 82 142 82 142 82 141 83 141 83 141 83 141 83 141 83 141 83 141 83 141 83 141 83 140 84 140 84 140 84 140 84 139 85 139 85 139 85 138 86 138 87 137 87 136 88 136 88 135 89 135 89 135 89 135 89 134 90 134 90 133 91 133 91 133 90 134 90 134 90 133 91 133 91 133 90 134 90 134 90 134 89 135 89 136 87 137 87 137 87 137 86 138 86 139 84 140 84 140 83 141 83 141 82 142 82 142 81 143 81 143 80 144 80 143 80 144 80 144 80 144 79 145 79 145 79 145 78 146 78 146 78 146 78 147 77 147 77 147 77 147 77 147 52 4 21 148 49 8 19 148 48 10 18 148 48 11 17 149 46 12 16 150 46 12 16 151 45 13 15 152 44 13 15 155 41 13 16 160 36 12 16 161 35 12 16 161 35 12 16 162 34 12 16 162 35 11 17 160 36 11 17 160 36 11 17 160 37 10 18 159 37 10 18 159 38 9 18 159 38 9 18 159 38 9 18 159 38 9 18 159 39 8 18 160 17 2 19 8 18 160 15 5 18 8 18 161 13 6 18 9 17 162 10 8 18 9 16 164 7 10 18 10 15 182 18 10 13 183 17 12 11 184 17 13 9 185 17 15 6 186 17 207 17 208 16 208 16 208 16 208 15 209 15 210 13 212 12 212 11 215 8 218 4 1456
8871 19 198 30 192 34 188 38 185 41 182 45 179 47 176 50 173 53 170 56 167 58 165 60 163 62 161 64 159 66 158 66 157 68 155 70 153 71 152 73 150 75 148 77 146 79 144 81 142 83 140 85 138 87 136 89 134 91 132 94 130 94 129 96 127 98 126 98 125 100 124 100 124 101 122 102 122 102 122 102 122 103 121 103 121 103 121 104 119 105 119 105 119 105 119 105 119 105 119 105 118 106 118 106 118 106 117 107 116 108 115 108 115 109 114 110 112 111 111 113 109 114 106 117 101 123 92 131 91 132 91 132 90 132 91 132 90 132 91 131 92 131 92 130 93 130 93 130 93 130 93 130 94 129 94 129 94 129 93 130 93 130 94 130 93 130 93 130 93 130 93 130 93 130 94 130 93 130 92 132 91 133 90 134 89 135 89 135 88 136 87 138 85 139 85 139 84 139 83 141 82 142 81 143 79 144 80 144 79 144 79 145 79 144 79 144 80 143 80 143 81 142 81 142 80 143 79 144 77 147 75 148 75 148 75 149 75 148 75 149 75 148 76 148 76 147 77 146 78 146 78 145 79 145 79 145 80 144 80 144 80 144 81 143 81 143 82 142 84 140 87 137 88 135 90 134 91 132 94 130 94 129 96 127 98 124 100 123 102 121 103 69 6 46 104 65 10 45 105 62 12 45 105 60 15 45 105 56 18 45 105 55 20 45 105 53 22 44 105 52 23 44 106 50 25 44 106 48 27 43 106 47 30 41 107 45 32 40 108 43 34 39 109 40 37 38 110 37 40 36 113 32 45 34 116 26 50 31 194 29 197 25 202 21 205 17 210 11 217 4 3900
6389 13 209 18 203 23 199 27 196 30 192 33 187 39 181 43 179 46 175 50 172 52 171 54 169 55 168 56 167 58 164 60 163 62 160 64 159 65 158 67 156 68 156 68 155 69 154 71 153 71 152 72 151 73 151 73 150 75 149 75 148 77 147 77 147 60 1 17 146 58 4 17 144 58 6 17 143 57 7 17 143 56 9 17 142 55 10 17 142 54 12 16 142 53 14 15 142 53 14 15 142 53 14 15 141 54 15 14 141 54 14 15 141 54 14 15 141 54 14 14 142 55 13 14 142 55 13 14 141 56 13 14 141 57 12 14 141 57 12 14 140 58 11 16 139 58 11 16 138 60 8 18 138 61 5 20 137 87 137 87 137 88 135 89 135 89 135 89 134 90 134 90 134 90 134 90 134 90 133 91 133 91 133 91 133 90 134 90 133 91 133 91 133 91 133 90 134 90 133 91 133 91 133 91 133 90 133 91 133 90 134 90 134 89 135 88 137 87 137 87 137 87 137 86 139 85 140 84 141 83 142 82 143 81 147 6 1 70 156 68 157 67 157 67 158 66 158 65 159 65 160 64 160 64 161 63 162 62 162 62 163 60 164 60 165 59 165 59 166 58 166 58 166 58 167 57 167 57 167 57 168 56 168 56 168 56 169 55 169 55 169 55 170 53 171 53 171 53 172 52 172 53 171 53 171 53 172 52 172 53 171 53 171 54 169 56 168 56 168 57 166 59 165 59 164 60 164 60 163 62 162 62 162 62 161 63 161 63 160 64 160 31 5 28 160 30 7 27 160 29 9 26 160 28 11 25 160 28 12 23 161 27 14 22 161 27 15 20 162 26 17 19 163 24 20 15 165 24 21 13 166 23 24 8 170 21 204 19 206 16 211 10 7958
1649 8 211 17 205 35 188 55 168 61 162 65 157 71 152 74 149 76 148 79 144 82 141 84 139 87 136 89 135 90 133 93 130 95 129 97 126 100 123 103 121 104 119 107 116 109 114 111 112 114 109 115 109 116 107 118 105 120 103 122 102 123 100 124 100 125 99 126 97 128 96 128 96 129 95 130 94 130 93 132 92 133 91 134 90 134 91 134 90 135 89 136 88 137 87 137 87 138 87 138 86 138 86 138 86 138 87 137 87 137 88 137 87 137 88 136 88 136 89 135 89 135 89 135 90 134 90 134 90 134 90 134 90 134 90 134 90 133 91 133 91 133 91 132 92 132 92 131 93 130 94 130 94 129 95 129 95 128 95 129 95 128 95 128 95 128 95 128 95 128 95 128 95 129 94 129 94 130 93 130 93 131 93 131 92 131 92 131 92 132 90 134 88 136 86 137 85 139 84 140 82 142 81 143 81 143 80 144 80 144 80 144 79 145 79 145 79 145 79 145 79 145 80 144 80 143 83 141 85 139 95 129 98 126 100 124 102 122 105 119 108 117 109 115 110 114 111 113 111 113 111 113 111 113 111 113 111 113 111 114 110 114 110 114 110 115 109 116 107 117 107 118 106 118 106 119 105 119 105 120 104 121 103 122 102 123 101 123 101 124 100 125 99 125 99 125 99 125 99 125 99 125 99 125 99 125 99 64 8 53 99 62 11 52 99 61 13 51 99 59 16 49 100 57 18 49 100 55 21 48 100 54 23 47 100 53 25 46 101 51 26 45 102 50 28 44 102 49 29 44 102 48 31 42 103 47 32 42 104 45 33 41 105 44 34 41 105 43 35 40 107 41 36 40 107 40 37 39 109 39 37 39 109 38 38 38 111 36 39 38 111 36 40 37 111 35 41 37 111 35 41 37 111 34 42 37 111 34 42 37 111 33 42 38 110 34 42 38 110 33 43 38 110 33 43 38 109 34 43 38 108 35 43 38 108 35 42 39 107 36 42 39 106 36 43 38 106 37 43 38 105 38 42 39 105 38 42 39 104 39 43 37 105 39 43 37 105 39 43 37 104 40 43 37 104 40 44 36 104 40 44 36 104 40 44 35 104 41 45 34 104 40 47 32 105 40 47 32 105 39 49 30 106 38 51 28 107 37 53 26 109 35 57 22 110 34 61 17 113 32 64 12 118 29 68 6 122 27 200 21 206 15 211 10 219 2 1047
84 37 186 42 181 45 178 47 176 50 173 52 171 55 168 57 166 59 164 61 162 64 159 66 157 68 155 70 154 71 152 72 152 73 150 75 149 76 147 78 146 78 146 79 144 81 143 81 142 83 141 83 141 84 139 85 139 86 138 87 136 88 136 89 135 89 135 90 134 90 133 92 132 92 132 93 131 93 131 93 130 95 129 95 129 96 128 96 127 97 127 98 125 99 125 100 123 101 122 102 121 103 121 104 119 105 118 106 117 107 117 107 116 108 115 109 114 110 113 112 112 112 111 113 111 113 111 113 111 113 111 113 111 113 112 112 112 112 113 112 112 112 112 112 113 111 114 110 115 109 117 107 118 106 119 105 120 104 120 104 121 103 121 103 121 103 121 103 121 103 121 103 121 103 121 103 121 103 121 103 121 103 121 103 121 103 120 104 120 104 120 104 120 104 120 105 119 105 119 105 119 105 118 106 118 107 117 107 117 107 117 107 117 107 117 107 117 107 117 107 117 107 118 106 118 106 118 107 117 107 117 107 117 107 118 106 118 106 118 106 118 106 118 106 119 105 119 105 119 105 120 104 120 104 120 104 121 103 121 103 122 102 122 103 121 103 122 102 122 102 122 102 122 102 122 103 121 103 121 103 121 104 119 105 119 106 118 106 117 108 115 109 115 110 114 110 113 111 113 111 113 111 113 112 112 112 112 112 112 112 113 111 113 112 113 111 113 111 114 110 114 111 114 110 114 110 115 109 116 109 116 108 117 107 119 105 123 102 130 94 134 91 135 89 137 88 138 86 141 83 147 78 149 75 150 74 151 73 153 71 154 70 155 69 157 67 161 26 3 34 163 21 7 33 165 16 11 33 166 5 21 32 193 31 193 32 192 33 192 33 191 34 190 35 190 35 189 36 189 37 188 37 188 36 189 36 189 36 189 35 189 36 189 35 190 34 190 35 190 34 190 35 190 34 191 33 192 32 193 31 193 31 194 31 194 30 194 30 195 29 196 28 197 27 198 26 199 25 200 24 201 23 202 21 204 20 28
13135 15 206 23 198 29 194 32 191 34 189 36 187 38 185 39 184 41 183 41 182 43 180 44 179 45 178 46 177 47 177 46 177 47 176 48 176 47 176 48 176 47 176 48 174 49 167 57 156 68 151 72 134 5 6 79 132 92 131 93 131 93 130 93 131 93 131 93 131 93 131 93 131 93 131 93 131 94 130 94 129 95 129 95 128 97 127 97 126 98 125 100 124 100 123 101 123 101 122 103 121 103 120 104 120 104 120 104 119 106 118 106 118 106 118 106 118 106 117 107 117 107 117 107 116 108 116 108 116 46 5 57 115 46 7 56 115 45 10 54 115 44 13 52 115 43 16 50 114 44 17 49 114 43 19 48 114 43 20 47 113 43 22 45 114 43 23 44 113 43 25 43 113 43 25 43 112 43 27 41 113 43 28 40 112 44 28 40 112 43 29 39 113 43 29 39 112 43 30 39 112 43 30 38 112 43 31 38 111 44 31 38 111 43 32 19 2 17 110 43 33 18 4 16 109 44 34 16 5 16 108 44 35 16 5 16 107 44 36 15 7 14 107 44 37 15 6 15 105 45 38 15 6 15 104 45 39 15 6 15 103 45 40 15 6 15 102 45 41 15 6 15 101 45 42 15 6 14 101 44 45 13 7 14 99 45 46 13 7 14 99 44 47 13 7 14 98 44 48 13 7 14 97 43 50 13 7 13 97 20 5 18 51 13 7 13 97 18 7 18 51 13 7 13 97 17 9 16 52 13 7 13 96 17 10 15 53 13 7 12 97 16 11 15 53 13 7 12 97 15 12 14 55 12 7 12 96 15 13 14 55 12 7 11 97 15 13 14 55 12 7 11 96 15 14 13 56 12 6 12 96 14 16 12 56 13 5 12 95 15 16 12 56 13 5 12 95 14 17 11 57 13 5 11 96 13 18 11 57 13 5 11 96 12 19 10 58 14 3 12 96 11 20 10 58 14 3 12 96 11 21 8 59 29 97 9 22 8 59 29 97 8 24 6 60 29 99 4 28 3 61 29 195 29 196 28 196 28 196 28 196 28 197 12 3 12 197 11 5 10 199 9 7 9 200 7 8 9 201 5 10 7 221 1 8130
7239 10 212 14 207 19 203 23 199 27 194 31 191 34 188 37 182 42 181 44 169 4 6 46 165 60 163 62 161 64 160 65 159 66 157 68 156 70 154 71 152 73 151 75 149 76 147 78 146 80 144 82 142 83 141 85 139 86 138 87 137 88 136 88 136 89 135 89 135 89 136 89 135 89 135 89 136 89 135 90 135 90 134 91 134 90 134 91 134 90 135 90 134 90 135 89 135 89 136 89 135 89 136 89 135 89 135 90 134 91 133 92 133 91 133 92 132 93 131 94 131 94 131 94 130 94 131 94 131 94 131 94 130 94 131 94 130 95 129 95 129 96 128 97 127 97 127 98 126 99 125 100 124 100 124 101 122 103 121 104 120 104 120 105 119 105 119 105 120 105 119 105 119 106 118 107 117 108 116 109 115 111 114 112 112 113 111 115 109 116 109 117 107 118 106 120 104 122 102 123 101 124 101 124 100 125 99 126 98 127 97 128 96 129 95 130 95 130 94 132 92 133 91 134 91 134 90 136 88 137 88 138 86 139 85 140 85 140 84 141 84 141 83 142 82 143 81 144 81 143 81 144 80 145 79 146 79 145 79 146 78 147 77 148 76 148 76 149 75 149 75 150 74 150 74 151 73 151 73 151 74 151 73 151 73 151 73 151 73 152 72 152 73 151 73 152 72 152 72 152 72 152 72 153 71 153 71 153 71 154 70 154 71 153 71 153 71 153 71 153 71 153 71 154 70 154 70 154 70 49 6 99 70 48 8 99 69 22 3 21 11 98 69 22 4 18 14 97 68 22 9 5 24 96 68 21 39 96 67 22 39 96 67 22 39 96 66 23 40 95 66 23 40 96 65 23 40 96 64 23 42 95 64 23 42 95 64 23 42 95 64 23 42 96 63 23 43 95 64 22 43 95 64 22 43 95 64 22 43 95 64 21 45 94 65 20 45 94 65 20 45 95 64 19 46 95 64 19 46 96 64 17 47 96 64 17 48 95 65 15 49 95 65 14 50 95 66 12 52 94 6
9011 23 195 34 187 39 183 44 178 48 19 16 136 55 13 26 126 61 9 33 117 67 5 38 11 14 85 117 4 21 80 148 74 154 70 157 66 160 64 162 61 165 59 167 57 168 56 169 55 171 53 172 52 173 51 174 49 176 48 177 47 178 46 179 45 179 45 180 44 180 44 180 44 181 44 180 44 180 44 180 44 180 44 180 44 180 44 180 44 180 44 180 45 179 45 180 44 180 44 180 45 179 45 179 45 179 46 178 46 178 47 178 47 177 48 176 48 176 49 175 49 174 51 173 51 173 52 172 52 172 53 171 53 171 54 170 54 169 56 168 56 168 57 167 58 166 58 165 59 165 60 164 60 163 61 163 62 161 63 160 64 159 65 159 65 158 67 156 68 156 68 155 69 154 70 154 71 152 72 152 72 151 73 151 74 149 75 149 75 148 77 147 77 147 78 146 78 146 78 146 78 145 78 146 78 144 80 143 81 141 83 140 84 139 85 138 86 137 87 135 89 134 91 132 92 131 93 131 94 129 95 129 96 128 96 128 97 126 99 125 99 125 100 124 101 122 103 121 104 119 106 118 108 116 109 115 110 114 110 113 112 112 113 111 113 111 114 111 113 111 113 112 113 113 111 116 108 120 105 123 101 127 97 130 94 134 91 136 88 139 85 142 82 145 80 147 77 151 73 155 69 160 64 163 61 166 58 167 57 168 56 168 56 168 56 168 56 168 56 168 55 169 55 169 55 169 56 168 56 168 56 168 56 168 57 167 57 167 58 166 58 166 58 166 58 166 58 166 59 165 59 165 59 165 60 164 61 163 61 163 62 162 63 161 64 78 5 77 65 75 7 77 66 73 8 77 67 71 10 76 69 69 10 17 7 18 13 21 70 67 12 15 10 14 17 19 71 66 12 14 13 10 20 18 73 63 15 10 17 2 29 14 1
8346 5 216 29 193 51 171 59 162 66 155 78 3 2 140 94 129 98 125 102 121 105 119 107 116 110 114 111 113 112 112 113 111 114 109 116 108 116 108 117 106 118 106 119 104 120 103 122 101 124 99 126 97 127 96 129 94 130 93 132 92 133 90 135 88 137 86 139 85 139 85 140 83 141 83 143 81 144 80 144 80 146 78 147 77 148 77 148 76 149 75 149 76 149 75 149 76 148 77 148 76 148 77 147 78 146 79 145 79 145 80 144 80 143 81 143 82 141 83 141 84 108 1 30 86 106 3 29 87 105 4 27 89 104 4 27 89 104 5 25 91 103 5 24 93 102 6 21 95 102 7 19 97 100 9 17 98 100 10 15 99 100 11 13 100 100 13 9 102 100 16 4 104 100 124 100 123 101 123 100 124 100 123 101 123 100 123 101 122 102 122 102 121 102 122 102 122 102 122 102 122 102 122 102 121 103 121 103 121 103 121 104 120 104 119 106 118 107 117 107 117 108 116 109 115 109 115 110 114 111 113 112 112 112 112 113 111 114 110 114 111 114 110 114 110 115 109 115 109 116 108 116 109 116 108 116 109 116 108 116 109 116 109 115 110 115 110 114 110 115 109 115 110 115 110 114 111 114 111 113 111 114 110 114 110 114 111 114 110 115 109 115 108 117 107 117 107 118 106 118 106 118 106 119 104 120 104 121 103 121 103 121 102 123 101 123 101 124 100 124 100 124 99 126 98 126 98 127 97 127 96 128 96 128 96 129 94 130 94 130 94 130 94 130 93 132 92 132 92 132 92 132 92 133 90 134 90 134 90 134 89 135 89 136 88 136 87 137 87 137 87 137 86 138 85 139 85 140 83 141 83 141 82 142 82 142 81 144 80 144 80 144 80 144 81 143 81 143 81 143 82 142 48
4649 14 205 25 195 32 189 38 182 44 176 50 168 57 161 65 155 70 152 74 148 77 146 80 143 83 140 86 137 88 135 90 134 91 132 93 131 93 130 95 129 96 127 97 126 99 125 99 124 101 122 103 121 104 119 106 118 106 117 108 116 108 116 108 116 108 116 108 116 108 116 108 116 108 116 108 116 108 116 108 117 107 117 107 117 107 117 107 117 107 117 107 116 108 116 108 116 107 116 108 116 108 115 109 114 109 113 111 111 113 108 116 105 119 103 121 101 123 99 124 97 127 96 128 95 129 95 129 94 130 94 130 94 130 94 130 94 130 93 131 93 131 93 131 92 132 92 132 92 132 91 133 90 134 90 134 89 135 88 136 87 136 86 138 84 140 82 142 80 144 78 145 78 146 77 147 76 148 75 148 76 148 75 148 75 149 74 149 75 149 74 149 74 150 74 149 74 149 74 150 74 149 74 150 74 149 74 150 73 150 74 149 74 150 74 149 74 150 74 149 74 150 73 150 73 151 72 151 73 151 72 151 72 152 71 152 71 153 71 152 71 152 71 152 72 151 72 151 72 151 73 150 73 151 73 150 73 150 74 149 74 150 74 149 75 148 75 149 75 148 76 148 76 148 75 148 76 148 76 148 76 148 75 149 75 149 74 150 74 150 73 151 73 151 72 152 71 153 70 155 69 155 68 158 66 159 64 163 60 166 58 167 56 169 55 170 54 171 53 171 54 170 55 169 57 167 58 166 60 164 62 162 63 161 65 159 66 157 69 155 70 154 71 152 72 152 73 151 74 149 76 148 77 109 3 34 79 105 9 30 81 102 14 26 83 98 20 22 85 83 37 16 89 38 2 35 50 7 93 17 9 8 9 26 157 12 14 4 4614
76 108 115 110 113 112 111 113 111 114 110 114 109 116 108 116 108 116 107 118 106 118 105 119 104 121 102 122 98 126 90 134 85 139 83 142 80 144 78 146 76 148 75 149 74 150 74 150 73 151 72 152 71 153 71 153 70 154 69 155 69 154 69 155 69 155 68 156 68 156 68 156 67 157 67 157 67 156 68 156 68 156 68 156 68 155 69 155 70 154 70 153 71 153 71 152 73 151 73 151 73 150 75 149 76 147 77 147 78 145 79 145 79 145 79 145 79 145 80 144 80 144 81 143 81 143 82 142 83 141 83 141 84 141 83 141 83 141 84 140 84 140 84 140 84 139 85 139 85 139 85 139 85 139 85 138 86 138 86 138 87 136 88 135 89 135 89 134 90 133 91 132 92 132 92 130 94 128 96 125 99 115 5 4 100 114 110 113 111 112 111 112 112 112 112 111 113 110 114 109 115 109 115 108 116 108 116 107 117 107 117 106 119 105 119 104 120 104 119 104 120 103 121 103 121 102 122 102 122 101 123 101 122 102 122 101 123 101 123 101 123 101 123 101 123 101 122 101 123 101 123 101 123 101 122 102 122 103 121 103 120 104 120 104 120 104 120 104 120 104 120 104 120 104 120 104 120 104 120 104 120 103 121 103 122 102 122 101 123 102 122 102 122 108 4 4 108 124 101 124 100 124 100 124 101 124 100 124 100 123 102 122 102 122 103 121 104 119 105 119 106 117 107 117 107 116 108 116 108 115 110 114 110 114 110 113 112 112 112 112 113 110 115 109 116 108 116 107 118 106 119 104 121 103 123 101 124 100 126 98 127 96 129 52 2 41 129 49 10 37 129 43 15 37 129 40 19 36 130 39 19 36 130 38 20 36 130 38 20 36 130 38 20 36 131 36 21 36 131 36 21 37 130 36 22 36 130 36 22 36 130 36 22 37 129 36 22 37 129 36 23 37 129 35 23 37 129 34 24 37 129 34 24 38 128 34 24 38 129 32 25 38 129 32 25 38 129 32 25 39 128 31 26 39 129 29 27 39 129 28 28 39 129 27 29 39 130 25 30 39 130 24 31 39 131 21 33 39 132 19 35 37 134 12 41 37 136 6 45 37 188 35 189 35 190 33 191 32 193 31 194 29 196 28 197 26 198 26 199 24 200 23 202 21 204 18 72
21885 8 213 15 208 20 203 26 197 31 193 34 190 35 188 38 186 39 185 39 185 40 183 41 183 42 182 43 181 44 180 46 178 47 177 48 176 48 176 49 175 49 175 50 174 51 173 51 173 51 173 51 173 52 171 53 171 53 170 54 170 54 169 55 168 56 168 56 167 57 166 58 166 58 165 59 165 58 165 59 165 58 165 58 165 58 166 56 167 55 168 52 171 51 172 51 172 51 172 51 172 52 171 24 5 24 170 15 17 21 171 10 23 20 171 5 29 19 206 18 206 17 207 17 207 17 207 16 208 15 208 16 206 17 205 17 205 16 206 16 207 15 207 16 207 16 207 16 207 17 206 17 206 17 206 18 205 18 206 17 207 16 208 15 209 14 211 10 215 6 10374
318 6 216 9 214 14 208 21 201 25 197 30 192 36 187 40 182 45 177 49 173 52 170 55 168 58 164 61 161 64 159 66 157 68 155 70 153 72 151 74 149 75 149 76 147 78 145 79 145 80 143 81 142 83 140 84 140 85 138 86 138 86 137 88 135 89 135 89 134 91 132 92 131 93 130 95 128 96 127 98 126 98 125 100 124 101 123 103 121 104 120 107 116 110 114 113 111 115 109 116 108 117 108 117 107 117 107 118 106 118 106 119 105 119 105 120 104 121 103 121 104 121 103 121 103 122 102 123 101 124 100 124 100 125 99 126 98 126 98 126 98 126 98 126 98 126 97 128 96 128 96 128 95 129 95 129 94 130 94 131 92 132 92 132 92 132 91 134 90 134 90 135 89 135 88 136 88 137 87 137 86 139 85 139 84 140 84 141 82 142 81 143 81 143 80 144 79 145 79 145 78 146 78 146 78 146 78 147 77 147 77 147 77 147 77 148 76 148 76 149 75 150 74 150 74 152 72 153 71 154 70 155 69 157 66 159 65 160 63 162 61 164 59 166 58 166 57 168 56 168 55 169 55 170 54 170 54 170 54 171 53 171 53 172 52 173 51 174 49 175 49 176 47 178 45 179 44 181 41 184 38 186 35 190 31 193 28 197 24 201 20 204 18 207 14 127 3 81 11 127 6 81 10 126 7 81 10 123 11 81 9 121 14 80 9 119 17 80 8 113 1 4 18 80 8 118 18 80 8 120 16 81 7 123 12 82 7 217 7 218 6 218 6 218 6 219 5 219 5 219 5 219 5 219 5 219 5 218 6 218 6 218 6 217 7 216 8 216 8 215 9 214 10 213 11 213 11 212 12 212 12 211 13 211 13 211 13 211 13 211 13 211 13 211 13 211 13 211 13 211 13 211 13 210 14 210 14 210 14 209 15 209 15 209 15 208 16 208 16 208 16 207 17 207 17 206 18 206 18 206 18 206 18 205 19 205 19 206 18 206 18 206 18 206 18 206 18 206 18 206 18 206 18 206 18 206 18 206 18 206 18 206 18 206 18 205 20 204 19
16077 3 219 7 215 10 213 12 211 13 211 14 209 16 118 3 86 17 115 9 82 18 114 12 79 20 112 14 77 21 111 16 74 23 111 18 33 7 4 16 9 26 110 20 27 67 110 21 23 70 110 23 18 74 109 24 15 76 109 25 12 78 109 26 10 79 109 27 8 80 109 28 5 82 108 116 108 116 107 117 107 117 106 118 105 119 105 119 104 120 104 119 105 119 105 119 105 119 104 120 104 120 104 120 104 120 103 122 102 122 102 122 102 123 101 123 100 124 100 125 99 125 99 126 97 128 96 128 96 129 95 129 95 130 94 130 94 130 94 131 93 131 93 131 93 132 92 132 92 132 91 133 91 133 91 133 91 133 91 133 90 134 90 134 90 134 90 134 90 134 89 135 89 135 89 135 89 135 89 135 88 136 88 135 89 135 89 135 89 135 89 135 88 135 89 135 89 135 89 134 90 134 89 135 89 135 89 134 90 134 89 135 89 135 89 135 88 136 88 135 88 136 88 136 87 136 87 136 87 136 88 135 88 134 89 131 92 121 103 115 108 114 109 113 111 112 111 112 112 111 112 111 113 110 113 110 114 109 115 108 115 108 116 107 117 105 119 104 120 103 121 102 122 102 122 101 123 101 123 101 123 101 123 100 125 99 125 99 126 98 127 97 129 15 6 74 155 69 157 67 160 64 163 61 165 59 166 57 167 57 167 57 167 57 167 57 167 57 166 57 167 56 167 56 167 56 167 56 168 55 168 55 169 54 171 52 173 50 175 49 96
126 27 194 34 187 39 182 44 176 51 170 55 165 61 159 67 154 72 149 77 143 84 137 89 131 96 125 100 121 104 118 107 116 109 113 111 112 113 110 114 109 116 107 117 106 119 104 120 103 121 102 123 101 123 100 124 99 126 98 126 97 128 95 129 95 129 94 130 94 131 92 132 92 132 91 133 91 134 89 135 88 136 88 137 86 138 85 140 84 140 83 142 81 144 79 145 78 147 76 149 75 149 74 151 72 152 72 152 71 154 70 154 69 156 68 156 67 158 66 158 65 159 65 160 64 160 63 161 63 161 62 162 62 162 62 162 61 163 61 163 61 163 60 164 60 163 61 163 61 163 60 164 60 164 60 164 59 165 59 165 59 165 58 166 58 166 58 166 58 166 58 166 57 167 57 167 57 167 57 168 56 168 56 168 55 169 55 169 55 169 55 169 54 169 55 169 54 170 53 170 54 169 54 170 53 170 54 169 55 167 56 166 58 162 61 160 64 159 65 157 66 157 67 157 67 156 68 155 68 156 68 155 69 154 69 154 70 153 70 153 71 151 73 150 73 149 75 146 78 141 82 139 85 137 87 135 88 135 89 135 89 134 89 134 90 134 90 134 90 133 91 133 90 134 90 134 90 134 90 134 89 135 89 135 90 134 90 134 90 134 91 133 91 133 91 133 91 133 91 133 92 132 92 132 92 132 92 132 92 132 92 132 92 132 93 131 93 130 94 130 94 130 94 129 96 127 97 127 98 125 99 124 100 123 101 123 102 122 102 122 103 121 104 120 104 120 105 118 106 118 107 116 109 115 110 113 112 111 114 110 115 108 116 108 117 106 119 105 119 105 120 104 121 103 122 101 124 100 124 100 125 98 127 97 128 95 130 94 130 94 131 92 132 91 133 91 134 88 136 83 141 81 144 67 157 66 158 64 161 62 162 60 164 58 166 56 168 40 8 7 168 41 183 40 184 39 186 38 186 37 187 36 188 35 190 33 192 31 193 30 195 29 195 28 196 27 197 27 198 25 147
4757 17 199 30 189 39 180 47 175 51 172 53 169 55 169 56 167 57 166 58 166 58 165 59 164 60 163 61 162 62 161 62 44 9 108 63 41 16 103 63 40 22 98 63 39 26 95 63 39 41 79 64 39 45 75 63 40 48 71 62 42 51 68 60 45 53 64 57 49 55 62 56 50 58 58 56 52 59 56 56 52 61 54 56 53 62 52 56 54 64 49 56 54 66 48 56 54 67 46 56 55 68 43 58 54 69 43 58 54 70 41 59 53 71 41 58 54 71 41 58 52 73 41 58 49 77 40 58 45 81 40 58 42 84 40 58 40 86 40 58 39 86 41 58 39 86 41 58 38 87 41 59 37 86 42 59 37 86 42 59 37 85 43 59 37 85 43 60 36 84 44 60 36 83 45 61 36 81 46 62 35 80 47 63 34 80 47 63 35 78 48 64 35 77 48 65 34 77 49 65 34 76 49 66 35 74 49 67 37 71 50 68 37 69 51 67 38 69 51 67 35 71 51 68 24 82 51 68 20 85 52 67 16 90 52 67 13 93 53 65 10 96 54 65 6 100 54 170 55 170 55 169 56 168 57 168 57 167 59 166 60 164 61 164 60 165 60 164 60 165 59 166 58 166 59 166 59 165 60 165 60 164 63 161 65 159 67 158 68 156 71 153 73 151 76 148 79 145 82 143 87 137 91 133 92 132 93 131 93 131 93 132 92 132 92 132 91 133 91 133 91 133 91 133 91 133 90 134 90 134 90 134 90 135 88 136 88 136 88 136 88 136 88 136 88 136 88 136 88 136 88 136 88 136 88 136 88 64 2 70 88 62 5 69 88 62 6 68 88 62 7 67 88 61 9 67 87 61 9 67 87 61 9 67 87 61 10 66 88 60 10 67 87 60 10 67 87 60 10 67 88 58 11 67 88 58 11 68 87 58 11 68 87 58 11 68 88 56 12 68 88 56 12 68 88 56 12 68 88 55 13 68 88 55 13 68 88 54 14 68 88 54 14 68 88 53 15 68 88 52 16 68 88 52 15 69 89 50 16 69 89 50 16 70 88 49 17 70 89 47 18 70 89 47 18 70 90 45 19 70 90 44 20 31 3 36 90 44 20 28 13 29 90 43 21 27 16 27 91 41 22 26 19 26 90 40 23 25 20 26 90 39 24 24 22 25 90 38 25 24 23 24 90 37 26 23 24 24 90 36 27 23 25 24 89 35 28 22 26 24 88 35 29 22 26 24 88 34 30 21 28 23 88 34 30 21 28 23 88 33 31 20 29 24 87 32 32 20 30 23 87 32 32 20 30 23 87 32 32 20 31 22 87 31 33 20 31 22 87 31 33 20 31 22 87 31 33 19 33 21 86 32 33 19 33 20 87 32 33 19 33 20 87 32 33 19 34 19 86 33 34 18 34 19 86 33 34 18 34 19 85 16 2 16 34 18 34 20 84 15 4 15 34 18 35 19 84 15 5 14 34 18 35 19 83 15 6 14 35 17 35 19 83 15 6 15 34 17 35 19 83 14 8 14 34 17 36 18 83 14 8 14 34 16 37 19 82 14 9 13 34 16 37 19 82 13 10 14 34 15 38 18 82 13 10 14 34 15 38 18 81 14 11 14 33 15 38 18 81 14 11 15 32 15 38 18 81 13 12 15 32 15 39 17 81 13 13 16 30 15 39 17 82 12 13 17 29 15 39 17 82 12 13 17 29 15 40 16 82 12 13 18 29 14 40 16 82 12 13 18 29 14 40 16 82 12 13 19 28 13 42 15 83 10 14 18 29 13 42 16 82 10 15 17 29 13 43 15 82 9 16 17 29 13 43 15 83 7 17 16 31 11 45 13 22
7074 8 214 12 211 14 208 17 206 19 204 21 202 22 201 24 199 25 198 27 196 28 194 30 160 22 6 37 154 70 152 72 151 74 149 75 148 76 146 78 145 79 144 81 141 83 139 85 137 87 135 89 133 90 132 92 131 93 130 94 129 95 128 96 128 95 128 96 128 96 128 95 128 96 128 96 128 96 128 95 129 95 129 95 129 95 129 95 130 95 129 95 129 95 129 95 130 94 130 94 131 93 132 92 132 92 133 91 133 91 133 92 133 91 133 91 133 91 132 92 132 92 131 94 130 94 129 95 129 95 128 96 127 97 127 97 126 99 125 99 124 100 124 100 123 101 123 101 122 103 121 103 120 104 120 104 120 104 119 105 119 105 119 104 120 104 119 105 119 105 119 105 119 105 119 105 119 105 119 105 119 105 118 106 118 106 118 106 118 106 117 107 117 108 116 108 115 109 115 109 115 109 115 109 115 109 115 110 114 110 114 110 114 110 114 110 114 110 114 111 113 111 113 111 114 110 114 110 114 110 114 110 114 110 114 110 114 54 1 55 114 53 3 54 114 53 4 53 114 52 7 51 114 52 8 50 114 52 10 48 115 50 12 47 115 50 13 46 115 50 14 45 115 50 14 45 116 50 14 44 116 50 14 44 116 50 15 42 118 49 15 42 118 50 15 41 118 50 15 41 118 50 16 40 118 50 17 39 119 49 17 39 119 50 16 39 119 50 17 38 119 50 17 38 119 50 17 38 119 50 18 37 119 50 18 37 119 50 18 37 119 50 18 38 119 49 18 38 119 48 18 39 119 48 18 39 119 48 18 39 120 47 17 40 120 46 18 40 120 46 18 41 119 46 18 41 119 46 18 41 119 46 18 42 119 45 18 42 119 45 18 42 119 44 19 43 118 44 19 43 118 44 20 43 117 44 20 43 117 44 21 43 117 43 22 43 116 42 24 43 115 42 25 43 114 42 26 43 114 41 27 43 113 40 29 42 113 40 30 42 113 39 31 41 113 38 33 41 112 38 34 40 113 36 36 39 114 34 38 38 114 34 39 37 115 32 41 36 116 30 43 35 117 28 45 34 118 26 47 33 120 22 50 32 122 18 54 29 126 11 60 27 200 24 203 20 207 17 212 11 217 6 1632
7747 16 203 25 194 33 188 38 184 42 180 46 176 49 174 52 170 55 168 58 164 61 161 64 159 67 155 70 153 73 149 76 147 79 142 83 140 86 136 90 134 91 132 92 130 95 128 97 126 99 124 101 121 104 119 107 115 110 112 113 110 116 106 119 104 121 101 124 99 126 97 127 96 129 93 132 91 134 89 135 89 136 87 137 86 139 84 140 83 142 81 143 81 143 80 145 78 146 78 146 78 146 77 147 77 147 76 148 76 148 75 149 75 149 75 149 74 150 74 150 74 150 73 151 73 151 73 151 73 151 72 152 72 152 72 152 72 152 72 152 72 152 72 153 71 153 71 153 71 153 70 154 70 155 69 155 69 155 69 155 69 155 69 155 70 154 70 153 71 153 71 152 72 151 73 151 73 150 74 149 75 147 77 145 79 142 82 139 85 136 88 133 91 131 93 129 95 128 96 126 98 125 99 124 101 122 102 121 103 120 104 119 105 118 106 118 106 117 107 117 108 115 109 115 109 115 109 114 111 113 111 113 111 112 113 111 113 111 113 110 115 109 115 109 116 107 117 107 116 108 116 108 115 108 115 109 113 111 112 112 110 114 109 114 109 115 108 116 107 117 105 119 104 120 103 121 103 121 102 122 101 123 100 124 99 125 98 126 97 127 96 127 96 128 95 129 95 129 94 130 93 131 93 131 92 131 92 132 91 133 91 133 90 134 89 134 90 134 89 135 88 136 88 136 87 136 88 136 87 137 87 137 86 138 85 138 86 138 85 139 85 139 84 139 85 139 84 140 84 140 83 140 84 140 83 141 83 140 84 140 83 141 83 140 84 140 84 140 83 140 84 140 84 140 84 139 85 139 85 139 72
9539 2 220 6 216 9 214 11 213 12 212 13 210 15 209 16 208 17 165 1 40 19 163 3 39 22 160 3 39 24 158 3 39 26 157 2 39 28 195 30 194 31 193 32 191 34 190 35 188 37 186 38 186 39 184 41 182 43 181 43 180 44 179 46 178 46 178 46 177 46 178 45 178 45 179 44 179 43 180 43 181 41 181 42 181 42 180 43 178 45 177 46 176 47 174 49 173 50 172 51 170 54 167 56 166 57 164 59 162 61 159 63 158 65 151 72 148 76 143 80 137 86 124 100 119 105 115 109 112 112 108 116 106 117 105 119 102 122 101 123 98 125 98 126 97 127 95 128 94 129 94 130 94 130 94 129 95 129 95 128 96 128 96 128 96 128 96 127 97 127 97 127 97 127 97 126 98 126 98 125 99 125 99 125 99 125 99 125 99 125 99 125 99 125 99 125 99 125 99 125 99 91 6 28 99 87 12 27 98 85 15 26 98 81 20 26 97 79 23 25 97 77 26 24 97 74 30 24 96 72 33 23 96 70 35 23 96 67 39 23 95 65 42 22 95 63 44 23 94 61 47 22 94 60 48 22 94 57 52 21 94 54 55 22 93 53 56 22 93 52 58 21 93 50 60 22 92 50 60 22 92 49 62 22 91 48 63 22 91 48 64 22 90 47 65 22 90 47 65 22 90 46 67 22 89 46 68 21 89 45 69 21 89 45 70 21 88 44 73 18 89 44 74 17 89 43 78 14 89 42 82 10 90 41 86 6 91 41 183 40 184 39 185 38 186 38 186 37 187 37 187 36 188 35 189 35 189 34 190 34 190 33 191 33 191 33 191 34 190 34 190 34 191 34 194 31 205 21 205 21 204 22 203 22 203 22 203 22 203 21 204 21 203 21 204 20 205 19 206 18 207 16 210 13 212 10 4214
9249 8 208 22 196 32 58 17 115 37 50 35 100 41 45 43 93 45 41 48 89 47 38 52 85 51 34 56 82 53 32 58 80 56 28 62 76 60 23 66 74 63 19 69 72 68 12 73 70 74 2 79 68 157 66 159 65 159 64 161 62 162 62 163 60 165 59 166 57 168 56 169 55 171 52 173 51 175 49 176 47 178 46 179 45 180 43 182 42 182 42 183 41 183 41 184 40 184 39 186 38 186 38 186 38 187 37 187 37 187 37 187 37 187 36 187 37 187 37 186 38 185 39 184 40 183 40 184 40 184 40 184 40 184 40 184 40 184 40 184 40 184 40 184 40 184 40 184 40 183 41 183 41 182 43 181 43 180 44 179 45 178 46 177 47 176 48 175 49 174 50 173 51 172 53 170 54 170 54 169 56 167 57 167 57 166 58 165 60 164 60 163 61 163 62 161 63 160 64 160 65 158 66 158 67 156 68 156 69 155 69 155 70 154 70 154 71 153 71 153 72 152 72 152 73 151 73 151 74 150 74 150 75 149 75 149 75 149 75 149 75 148 76 148 76 148 76 147 77 147 77 43 2 101 78 42 4 99 79 41 5 98 80 40 6 97 81 40 7 94 83 39 8 93 84 39 9 91 85 38 10 90 86 38 11 89 87 36 13 87 88 35 14 86 89 35 15 85 89 34 18 82 90 33 21 80 90 31 24 78 91 29 26 77 92 28 28 74 94 27 29 72 97 25 30 68 101 24 32 64 104 23 33 61 107 23 33 59 109 22 35 56 111 22 35 54 113 21 36 53 115 20 37 52 115 20 37 51 116 21 37 49 118 20 37 48 119 21 37 46 120 22 36 46 121 21 37 44 122 23 36 43 123 23 35 43 124 24 34 42 124 25 34 41 125 26 32 42 124 27 32 42 124 27 32 42 123 28 31 43 123 27 32 43 123 27 32 43 122 27 32 44 122 27 32 44 121 27 32 44 122 26 33 43 123 25 34 42 124 24 34 42 125 22 36 41 127 20 37 40 129 16 40 38 135 8 44 37 188 36 189 36 190 34 193 32 194 30 196 28 197 28 197 27 197 28 197 27 197 28 196 28 197 27 197 28 196 28 197 27 197 27 197 26 68
1082 2 217 10 212 14 208 17 205 19 204 21 201 23 200 25 197 27 195 29 192 33 187 37 179 45 175 49 156 68 153 71 151 73 150 74 149 75 148 76 147 77 146 78 145 79 144 80 143 81 142 82 142 82 141 83 140 84 139 85 138 86 137 87 136 88 135 89 133 91 130 94 126 98 123 102 119 105 116 108 70 9 35 110 65 19 29 112 62 24 24 114 60 31 17 116 59 39 3 123 57 167 56 168 55 170 53 171 53 171 52 172 51 174 49 175 48 176 47 177 46 179 44 180 43 182 41 183 40 185 39 186 37 188 36 189 34 190 34 191 33 191 32 193 31 193 31 194 30 194 30 195 28 196 28 197 27 197 27 197 26 199 25 199 25 200 23 201 23 201 23 202 22 203 20 204 20 205 19 206 17 207 17 208 15 210 14 210 13 212 11 214 10 215 8 216 8 216 7 218 6 218 6 218 5 219 5 219 4 220 4 220 4 220 3 221 3 221 2 222 2 222 1 223 1 223 1 6271 1 223 1 223 1 223 1 223 2 222 3 221 4 220 4 220 4 220 5 219 5 219 6 218 6 218 7 217 8 216 9 215 10 214 12 212 13 211 15 209 17 207 19 205 23 201 26 198 30 194 31 193 33 191 34 190 35 189 37 187 39 185 42 182 44 180 48 176 50 174 52 172 54 169 56 168 58 166 60 162 64 159 68 155 72 152 75 149 79 144 83 141 85 138 88 135 89 135 90 133 92 131 93 130 95 129 95 128 97 126 99 125 99 123 102 121 104 118 106 116 109 115 109 114 111 112 112 111 114 109 115 107 118 105 119 105 120 103 122 102 124 99 126 98 128 95 130 46 10 38 132 39 18 35 135 32 24 32 145 21 27 30 149 15 31 26 154 9 36 23 159 2 41 21 203 20 205 17 207 16 209 12 45
778 3 219 8 214 11 212 13 210 15 208 16 208 17 206 18 206 19 205 19 204 21 203 21 203 21 202 22 202 23 201 23 201 23 200 24 200 25 199 25 198 26 198 27 196 28 195 29 193 32 187 37 183 42 180 45 177 49 173 54 169 58 164 63 160 66 156 70 153 72 151 75 148 77 146 81 142 85 8 32 98 127 96 129 95 130 93 131 92 132 92 132 91 132 91 131 92 131 92 130 93 130 93 129 93 130 93 130 92 131 92 131 91 132 91 132 91 132 91 132 90 133 90 133 90 133 90 134 89 134 89 135 88 135 88 136 87 136 87 136 87 136 87 136 87 136 87 136 87 136 87 136 87 137 86 138 85 139 85 139 84 140 83 141 83 141 83 141 83 141 83 141 83 142 83 141 84 21 11 108 85 16 17 106 86 11 22 105 88 4 28 104 121 103 121 103 121 103 122 34 3 65 122 34 4 64 123 32 6 62 125 31 7 61 126 30 8 60 128 28 9 59 130 25 10 59 131 24 11 58 132 23 11 59 132 21 13 58 133 20 14 57 135 17 15 58 135 14 18 57 139 7 21 57 168 56 169 56 168 56 169 55 169 56 169 55 170 54 170 55 169 55 170 54 170 55 170 54 170 54 170 56 1 8 159 67 157 68 156 69 155 69 155 70 154 70 154 70 154 71 153 71 154 70 154 70 155 69 155 69 155 69 156 68 158 66 160 64 161 63 162 62 162 62 162 62 163 61 163 60 164 60 165 59 165 59 165 59 165 58 166 58 166 58 167 56 168 55 169 50 175 45 180 39 186 36 188 35 190 33 191 33 191 32 192 31 193 31 193 30 194 30 194 29 194 30 194 30 194 30 194 30 194 29 194 30 194 30 194 30 194 30 194 30 194 30 195 29 195 29 195 29 195 30 194 30 194 30 194 30 194 30 194 30 194 30 194 30 194 30 194 30 194 30 194 30 195 29 195 29 195 29 196 28 196 28 197 27 197 27 198 25 199 25 200 23 201 23 201 21 204 19 205 18 207 16 209 14 212 10 2539
3229 22 198 33 185 42 180 46 175 50 173 53 169 56 167 59 164 61 162 63 160 65 157 68 155 70 153 71 152 73 150 74 149 76 147 77 146 79 144 81 142 82 142 83 140 85 139 86 137 87 137 88 135 90 134 91 132 92 132 93 131 93 130 95 129 95 128 97 127 98 125 100 123 103 120 105 119 107 116 109 115 111 112 113 111 114 110 115 109 116 108 117 106 118 106 119 105 120 104 122 102 122 102 123 101 124 99 126 98 127 97 127 97 128 96 128 97 127 97 127 97 128 96 128 95 129 95 129 95 129 95 129 95 129 94 130 94 130 94 130 93 131 93 131 93 131 92 132 92 132 92 132 91 132 92 132 92 132 92 132 91 133 91 133 91 132 92 132 92 132 92 132 92 132 92 131 93 132 92 132 92 132 92 132 92 132 91 134 90 134 90 134 90 134 90 133 90 134 90 134 90 134 90 133 91 133 91 133 91 132 92 132 92 132 91 133 91 133 91 134 90 134 89 135 89 135 89 135 89 135 89 136 88 136 88 136 88 136 88 137 87 137 87 137 87 137 87 137 87 137 87 137 87 137 87 137 87 137 87 137 87 137 87 137 88 136 88 135 90 134 90 134 90 134 91 132 92 132 92 131 94 129 95 127 97 125 99 123 101 122 102 121 103 120 103 120 104 120 104 119 104 120 104 120 104 120 104 120 103 122 102 122 102 122 102 123 100 124 100 124 100 124 100 125 98 126 98 126 97 127 97 128 96 128 96 129 95 129 94 131 93 131 93 132 92 132 92 132 91 133 91 133 91 134 89 135 89 135 89 135 88 136 88 136 88 136 87 138 86 138 86 138 85 139 85 140 84 140 84 141 83 142 82 142 82 143 81 143 81 144 80 145 79 146 78 147 77 148 76 149 75 149 76 149 75 149 75 149 75 149 75 148 76 148 76 148 77 147 77 146 46
2787 20 200 26 195 33 189 61 161 71 2 14 135 95 127 101 120 107 114 115 104 123 93 134 86 139 83 143 79 147 76 151 72 155 68 158 66 159 65 160 64 161 63 162 62 163 60 165 59 166 58 168 56 170 53 172 52 172 52 172 52 172 52 172 52 172 52 172 52 172 52 172 52 172 52 172 52 172 52 172 52 172 52 172 52 172 52 172 52 172 52 172 52 172 52 172 52 172 52 172 52 172 52 172 53 171 53 171 53 171 53 171 53 171 53 171 53 171 53 171 53 171 53 171 53 171 53 171 53 171 53 171 53 171 54 170 54 170 54 170 54 170 54 170 55 169 55 169 55 169 56 168 56 168 56 168 56 168 56 168 56 168 57 167 57 167 57 167 57 167 57 167 56 168 56 168 56 168 56 168 56 168 55 169 54 170 53 171 52 172 51 173 51 173 50 174 49 175 49 175 48 176 48 176 47 177 46 178 45 179 44 180 42 182 41 183 39 185 38 186 37 187 36 188 34 190 33 191 31 193 30 194 28 196 27 197 25 199 23 201 22 202 20 204 19 205 18 206 17 207 16 208 15 209 15 209 13 211 12 212 12 212 11 213 10 214 10 214 9 192 8 15 9 188 13 14 8 185 17 14 7 184 20 13 7 183 21 12 7 185 20 12 7 185 19 13 6 187 17 14 5 188 16 15 5 189 14 16 4 192 10 18 2 198 2 22 2 222 1 223 1 223 1 223 1 13739 10 7 9 194 35 48 10 59 1
2589 3 219 8 216 10 213 12 212 12 212 13 211 14 210 14 210 15 210 14 210 14 210 15 210 14 210 14 210 14 211 14 160 12 38 14 157 20 33 14 155 29 25 16 152 43 10 19 151 74 149 76 148 77 146 79 144 81 143 82 141 84 140 84 139 86 138 86 138 86 138 87 136 88 136 88 137 87 138 87 139 85 140 84 141 83 142 83 141 83 142 82 142 83 142 82 142 82 142 83 141 83 140 85 139 85 139 86 137 87 137 88 136 88 136 89 135 89 135 90 134 90 133 91 133 92 132 92 132 92 132 93 131 93 131 93 131 93 131 93 131 93 132 92 132 92 132 92 132 92 133 91 133 92 133 91 133 91 134 90 134 90 134 90 134 91 133 91 133 91 133 91 133 91 132 92 132 92 131 93 131 93 130 94 130 94 129 95 129 94 130 94 129 95 129 95 129 95 128 97 127 97 127 97 127 97 127 98 126 98 125 99 125 98 126 98 126 98 126 98 126 97 127 82 2 13 127 81 4 11 128 81 5 9 129 81 7 4 132 80 144 80 144 80 143 80 144 80 144 80 144 80 144 79 144 80 144 80 144 80 144 80 144 80 144 79 145 79 145 79 145 79 145 79 145 78 147 77 147 77 147 77 147 76 149 75 149 26 10 1 9 29 149 24 23 27 150 23 26 25 150 23 27 24 150 22 29 23 150 22 29 23 150 22 30 22 151 21 30 22 151 20 32 21 151 20 32 21 151 20 32 21 151 20 32 21 151 20 32 21 151 20 32 21 151 20 32 21 152 19 32 21 152 18 33 20 153 18 33 20 153 18 33 20 153 18 33 20 153 18 33 19 154 18 34 18 154 18 34 18 153 19 34 18 153 19 34 17 154 19 34 17 153 20 34 17 153 20 34 17 152 21 34 16 152 21 36 15 152 21 36 15 151 22 36 15 150 22 37 15 150 22 37 15 149 23 37 15 149 23 36 16 148 23 37 16 148 23 37 16 148 23 36 17 147 23 37 17 147 23 37 17 147 22 38 17 147 21 38 19 145 21 39 19 145 20 40 19 145 19 41 19 146 16 43 19 146 14 45 19 147 12 46 19 148 10 47 19 150 7 48 19 205 19 206 18 206 18 206 18 206 18 207 17 207 17 207 17 208 16 208 16 208 16 209 14 210 14 211 13 212 11 214 8 2557
69 67 154 74 148 77 146 79 144 81 141 84 140 86 137 88 135 90 133 92 132 93 130 94 130 95 129 96 129 96 128 97 128 97 127 98 126 98 127 98 126 98 126 98 127 97 127 97 128 96 128 96 128 96 128 96 128 96 128 95 129 95 130 93 131 92 132 91 133 90 134 89 135 89 135 88 136 88 136 88 136 87 137 87 137 87 137 87 137 87 137 87 137 87 137 87 137 87 137 88 136 88 136 88 136 88 136 88 136 89 135 89 135 90 133 91 133 92 131 93 131 94 129 96 128 96 128 97 126 99 125 100 124 101 123 102 121 104 120 106 118 108 116 110 113 113 111 114 110 115 109 117 106 120 104 121 103 122 101 125 99 126 98 128 95 132 92 133 91 135 89 137 86 139 85 140 84 141 83 142 82 142 82 143 81 144 79 146 78 147 77 148 76 149 75 150 74 152 72 153 71 154 70 155 68 157 67 159 65 160 64 161 63 162 62 163 61 163 60 165 59 166 58 167 57 168 56 169 55 170 54 171 53 171 53 172 51 174 50 175 49 176 48 176 48 176 48 176 48 176 47 177 47 177 46 178 46 178 46 178 45 179 45 179 44 180 44 180 43 181 42 182 42 182 41 183 41 183 40 184 40 184 39 185 39 185 38 32 4 150 38 30 8 148 38 29 11 146 38 27 14 145 37 27 16 144 37 26 17 144 36 25 20 143 36 24 21 143 36 23 23 142 36 21 26 141 36 20 29 139 36 18 32 138 36 16 36 136 36 15 38 135 36 14 41 133 35 15 42 59 6 27 5 35 35 14 45 55 10 20 11 34 35 13 47 53 12 5 26 33 35 12 50 51 43 33 35 11 54 47 44 33 36 9 58 43 45 33 36 8 64 37 46 33 37 6 67 34 47 33 111 33 48 32 111 32 49 32 112 31 49 32 112 31 49 32 112 30 50 32 112 30 50 32 113 29 50 32 113 29 51 30 114 28 52 30 114 28 52 30 114 28 53 29 114 28 53 28 115 28 54 27 115 28 56 24 116 27 58 22 117 27 59 21 117 27 60 19 118 27 61 18 118 26 63 16 118 27 64 14 119 27 65 13 119 26 68 10 120 26 70 7 121 26 198 25 199 25 199 24 200 24 199 24 200 24 200 24 199 24 200 24 200 23 201 23 200 23 201 23 201 22 201 23 201 22 202 22 202 21 203 20 204 19 205 19 205 18 206 17 207 17 207 16 208 16 209 14 210 14 211 12 213 10 216 6 219 3 555
3494 8 213 16 207 24 198 33 190 39 184 46 177 50 173 53 171 53 170 55 168 57 167 58 166 58 165 60 164 60 164 61 163 62 162 62 162 63 161 63 161 64 160 65 159 65 159 66 157 68 156 68 99 13 44 69 92 26 37 69 89 33 33 70 86 39 28 71 84 44 25 71 82 49 21 72 80 54 16 75 78 61 7 78 77 147 75 149 74 150 73 151 72 152 72 151 72 152 71 153 71 153 70 154 70 154 69 155 68 156 68 156 67 157 66 158 65 159 64 160 63 161 61 163 60 164 59 165 58 166 57 166 57 152 5 9 58 151 72 151 72 152 71 153 70 153 70 154 68 156 67 156 68 156 67 156 67 157 66 158 65 159 64 160 63 161 62 162 61 163 60 164 60 164 59 165 58 166 57 167 56 169 56 168 57 167 59 165 66 158 73 151 74 150 75 6 2 141 85 139 85 139 86 138 86 138 87 27 4 106 87 25 7 105 87 25 8 104 87 24 10 102 88 24 11 101 89 22 12 100 90 22 12 100 90 21 14 98 91 21 14 97 92 20 15 96 94 19 15 95 95 19 15 95 95 18 16 94 97 17 16 93 98 17 16 93 98 17 16 93 98 17 16 92 99 16 17 92 100 15 17 92 100 15 18 16 2 72 101 15 18 14 8 68 101 15 18 14 11 65 102 14 18 13 14 63 102 14 18 13 16 60 103 14 18 13 17 59 103 14 18 13 18 58 103 14 18 13 19 56 104 14 18 13 20 55 104 14 18 13 20 55 105 13 18 13 20 27 5 23 105 13 18 13 20 25 9 20 106 13 19 12 21 23 10 20 106 13 19 13 20 23 10 20 106 13 19 13 20 22 12 18 107 13 19 14 19 22 12 18 107 14 18 14 19 22 12 18 107 14 18 14 19 22 12 17 109 13 18 15 18 21 13 17 109 13 18 15 18 21 13 17 109 13 18 16 18 20 13 17 109 13 18 16 18 20 14 15 110 14 17 16 18 20 14 15 110 14 17 17 18 19 14 15 110 14 17 17 18 19 14 15 110 14 17 17 18 20 13 14 111 15 16 17 18 20 13 14 111 15 17 16 18 20 13 14 111 15 17 17 18 19 13 14 111 15 17 17 18 19 13 14 111 15 18 16 18 19 13 14 111 16 17 16 19 18 13 14 112 15 17 16 19 18 13 14 112 15 18 15 19 19 12 14 112 15 18 15 19 19 11 15 112 16 18 13 21 18 11 15 112 16 19 12 21 18 11 15 112 16 19 12 21 19 10 15 112 17 19 10 22 19 10 15 112 17 20 9 23 18 10 15 112 17 20 9 23 18 10 15 113 16 21 8 23 19 9 16 112 16 22 7 23 19 9 16 112 15 25 4 25 18 9 16 113 13 55 18 9 17 113 10 57 18 9 17 180 18 9 18 179 18 9 18 180 17 9 19 179 17 9 19 179 17 9 20 178 17 9 20 178 17 9 20 178 17 9 20 178 18 8 21 178 17 8 21 178 17 8 21 178 18 7 21 178 18 8 19 179 18 10 17 179 19 10 16 179 19 17 8 180 20 21 2 181 21 203 21 203 22 202 22 202 23 201 23 201 23 201 23 201 24 200 24 201 23 202 21 204 20 205 18 209 13 4347
16480 6 212 22 198 32 190 37 184 43 179 47 175 50 172 54 169 56 167 58 164 61 162 63 159 67 156 70 154 71 152 74 150 74 149 76 148 76 147 78 145 79 145 78 145 79 144 80 144 80 143 81 142 83 141 83 140 84 140 85 138 86 138 86 138 86 137 96 76 6 46 99 70 10 44 101 46 10 10 14 43 102 43 36 42 103 41 39 41 103 40 40 40 90 2 12 39 42 39 90 4 10 37 44 38 90 7 6 38 46 37 90 10 2 39 47 35 91 50 48 35 91 50 49 34 90 51 49 34 90 51 49 34 90 51 49 34 90 51 50 32 91 51 50 32 91 51 50 32 90 52 50 32 90 52 50 32 90 52 50 32 89 53 51 31 89 53 51 31 89 53 51 31 89 53 51 31 90 52 51 31 90 52 52 30 90 52 52 30 91 51 53 29 91 51 54 28 91 51 55 27 91 51 56 26 92 50 57 26 91 50 58 25 92 49 59 24 94 47 60 23 96 45 60 23 97 44 60 24 97 43 60 24 99 41 60 24 100 40 60 24 101 39 60 25 100 39 24 8 27 26 101 38 22 12 25 26 101 38 21 16 22 26 101 38 20 19 20 27 100 38 20 21 18 27 100 38 19 23 17 27 99 40 16 25 17 28 97 41 14 28 17 28 95 84 17 28 94 86 16 29 90 89 16 29 88 91 16 30 85 94 15 30 84 95 15 31 82 96 15 31 81 97 16 31 79 99 15 31 78 100 15 32 77 100 16 31 76 102 15 32 75 102 15 32 74 103 15 32 74 103 15 32 73 105 14 32 73 105 13 33 45 1 26 107 11 34 43 5 22 111 8 34 42 8 21 115 3 35 41 9 20 153 41 11 18 153 41 12 18 153 40 13 18 152 40 14 18 151 40 16 17 150 39 18 17 150 37 20 18 148 35 24 17 148 32 27 18 147 27 33 18 146 20 40 19 145 18 43 19 144 16 45 20 143 14 47 20 144 10 51 20 146 3 55 20 205 19 205 19 206 18 206 18 207 17 209 14 212 11 217 5 5211
8660 6 216 10 213 11 212 13 211 13 210 14 209 16 207 17 206 18 204 21 199 25 192 32 183 41 176 48 173 51 172 52 170 54 169 54 168 56 167 57 165 58 164 60 164 59 164 60 164 59 165 59 165 58 167 57 167 57 167 57 168 55 169 55 169 55 169 55 170 54 170 54 170 54 170 54 170 54 170 53 171 53 171 53 170 54 170 54 169 55 168 55 168 56 167 57 166 57 165 59 161 63 158 66 154 70 150 74 147 77 145 79 143 81 141 83 140 84 138 87 135 89 133 91 132 92 131 93 129 96 127 97 127 97 126 98 125 99 124 101 122 102 122 102 121 103 120 104 120 104 119 105 119 105 118 107 117 107 116 108 116 108 116 108 115 109 115 109 115 109 115 109 114 110 114 111 113 111 113 111 113 111 113 111 112 112 112 112 112 112 112 111 113 111 113 111 113 111 113 111 112 112 112 112 112 112 112 111 113 111 113 111 112 112 112 111 113 111 113 110 113 111 113 110 114 110 114 109 116 108 116 107 117 106 118 106 118 105 120 103 121 102 122 102 122 101 123 100 124 100 125 98 126 25 1 72 126 22 9 67 126 21 20 57 126 20 22 55 127 20 22 55 127 20 23 54 128 19 24 53 128 19 24 53 128 19 25 52 128 19 25 52 128 19 26 51 128 20 25 50 129 20 25 50 129 20 26 49 130 19 26 49 130 19 26 49 130 19 26 20 4 25 131 18 27 18 6 24 131 17 28 18 7 23 131 17 28 18 7 24 131 15 29 17 8 24 132 13 30 17 9 23 135 8 31 18 9 23 174 18 9 24 173 17 11 23 173 17 11 23 172 17 13 22 172 17 13 22 171 17 15 21 171 17 16 20 171 17 17 18 171 18 18 17 171 17 20 14 173 17 23 7 176 18 206 18 206 18 206 18 206 17 207 17 207 17 207 16 208 16 208 15 210 13 211 12 213 10 216 6 2816
3456 4 218 8 215 10 213 11 212 13 210 14 210 14 209 16 208 16 208 16 207 18 206 18 206 18 205 19 205 19 205 19 204 21 203 21 203 21 203 22 169 5 28 22 167 11 23 23 165 16 20 23 165 18 17 24 164 21 14 25 164 23 10 27 164 25 5 31 163 61 163 61 163 61 163 60 164 60 165 59 165 59 166 58 166 58 167 57 167 57 168 56 168 57 168 56 169 56 168 57 168 57 168 58 166 61 164 64 160 66 159 68 157 70 156 71 155 86 140 93 133 94 132 95 130 96 129 96 129 96 128 97 128 97 128 97 128 97 127 98 127 98 127 97 127 98 127 98 126 98 127 98 126 98 127 98 126 98 127 97 127 98 127 97 128 97 127 97 128 96 129 96 128 96 129 96 128 96 129 95 129 96 129 95 129 96 128 96 128 97 127 97 128 97 127 98 126 98 127 97 128 96 129 96 130 94 131 93 133 92 134 90 137 87 140 84 143 81 144 80 146 77 147 77 148 75 149 67 3 2 153 63 161 61 163 60 165 59 165 59 165 59 164 59 165 59 165 59 164 60 164 60 163 62 162 62 161 63 161 63 161 63 161 63 160 64 160 64 160 63 160 64 160 64 160 63 161 63 160 64 160 64 159 65 159 64 160 64 72 4 83 65 70 9 80 65 70 11 77 66 69 13 76 66 69 15 74 66 69 16 72 67 69 18 69 67 70 19 67 68 71 20 64 69 71 24 58 70 73 28 52 71 73 31 46 74 74 33 41 76 76 36 33 79 78 39 25 82 81 44 12 87 85 139 88 136 91 133 94 130 97 127 100 124 103 121 105 119 108 116 112 112 116 108 123 101 134 2 1 2 11 74 153 71 155 68 158 66 162 15 5 40 189 24 204 15 8587
6103 2 9 6 205 24 199 29 194 33 190 36 188 38 185 41 183 44 179 48 176 51 172 55 169 57 167 59 164 62 162 63 161 64 160 65 158 67 157 68 156 69 155 70 154 71 154 71 153 72 152 72 152 73 151 73 151 74 150 74 150 74 150 75 148 76 148 76 147 77 147 77 146 79 144 81 143 85 138 91 132 97 126 101 123 104 120 106 118 109 114 112 112 116 108 119 105 123 101 125 99 128 96 131 93 134 90 136 89 138 86 141 83 143 82 145 79 148 77 150 75 152 73 154 72 153 73 153 75 152 76 149 78 149 77 149 78 148 77 150 75 151 74 153 72 156 69 156 69 155 70 154 70 154 71 153 71 153 72 152 73 151 73 151 74 150 74 150 75 149 75 149 75 149 76 148 76 148 76 148 76 148 76 148 76 148 76 148 76 148 76 148 76 148 76 148 77 147 77 147 77 147 78 146 78 146 79 145 79 145 79 145 80 144 81 143 81 143 82 142 82 142 83 82 6 53 83 73 18 50 84 67 25 48 84 62 32 46 85 55 39 45 85 49 46 44 85 43 54 42 86 39 60 39 86 37 65 36 86 37 67 34 86 36 69 33 86 36 70 32 87 35 71 31 87 35 71 31 87 35 72 30 87 34 73 30 87 34 74 29 88 33 74 29 88 32 75 29 88 32 75 29 88 31 76 29 88 31 76 29 88 31 77 28 88 30 78 28 88 30 77 29 88 29 78 29 88 29 78 29 88 29 78 29 88 28 79 29 88 28 79 29 88 28 79 29 88 28 79 29 87 28 80 29 87 28 80 29 87 28 80 29 86 28 82 28 86 28 82 28 85 29 82 28 84 30 82 28 82 31 84 27 81 32 84 27 80 32 85 27 79 33 85 27 78 34 85 27 78 34 85 27 77 34 87 26 77 34 87 26 77 34 87 26 77 34 87 26 77 33 89 25 77 33 89 25 77 33 90 24 78 32 90 24 78 12 4 16 91 23 78 8 9 14 92 23 79 4 12 14 93 22 95 14 94 21 95 14 95 20 95 14 95 20 95 14 96 19 95 14 97 17 96 14 97 17 96 13 99 16 96 13 100 14 97 13 101 12 99 12 102 11 99 11 104 10 100 10 105 9 100 10 106 7 102 8 109 5 104 4 111 5 220 4 3364
3726 5 217 9 213 12 211 13 209 16 208 17 206 18 205 19 204 20 203 21 202 22 201 23 200 24 199 25 198 27 197 27 196 28 195 29 194 30 126 11 55 32 124 16 51 33 123 20 46 35 122 23 41 38 122 25 37 40 122 27 32 43 121 30 27 46 121 32 18 53 121 34 12 57 121 103 121 103 121 103 122 102 122 102 122 102 122 102 123 101 123 101 123 101 124 100 124 101 123 101 124 100 124 100 125 99 125 100 124 100 125 99 125 100 125 99 125 99 125 100 125 99 125 100 124 100 124 100 124 101 123 101 124 100 124 101 123 101 123 101 123 101 124 100 124 100 124 101 123 101 124 100 124 100 124 100 124 101 124 101 123 103 121 106 118 108 117 108 116 109 115 110 113 113 111 114 110 115 109 117 106 119 105 121 102 123 101 124 99 125 99 126 97 128 96 128 96 129 94 130 94 131 92 132 92 132 92 133 90 134 90 134 89 135 88 136 87 137 86 138 85 139 84 140 83 141 83 141 82 141 82 142 82 122 5 14 83 119 14 5 85 119 105 118 106 117 106 117 107 115 108 114 110 114 110 114 110 114 109 115 109 115 109 115 109 115 109 115 109 115 108 116 108 116 108 116 108 117 106 118 106 118 106 118 106 118 106 118 106 118 106 118 106 118 106 118 106 119 105 119 105 119 104 120 104 121 103 121 103 121 103 121 103 121 102 123 101 123 101 123 101 123 101 123 101 123 101 123 101 123 101 123 101 123 101 123 101 124 100 124 100 124 100 124 100 124 100 124 100 124 100 124 100 124 100 124 100 124 100 124 100 123 100 124 100 124 100 124 100 124 100 124 100 123 101 123 101 123 101 123 101 123 101 123 101 123 101 123 101 123 101 123 101 124 100 125 99 126 97 129 95 131 93 132 92 134 91 47 3 84 90 45 8 82 89 44 12 80 88 43 15 79 87 43 16 79 86 43 16 80 85 43 16 81 84 43 16 81 84 43 16 82 83 43 15 83 83 43 14 85 82 43 14 85 82 43 13 86 82 44 12 86 82 44 12 86 83 42 14 85 45
5505 14 207 20 202 24 197 29 193 33 190 35 187 39 184 41 181 44 178 47 175 50 171 53 163 62 160 64 159 66 158 66 158 66 157 68 156 68 156 68 156 69 154 70 154 71 153 71 152 73 151 73 151 73 150 75 149 75 149 75 148 76 147 77 147 77 146 79 145 79 145 79 144 80 144 80 144 81 142 82 142 83 141 84 139 87 137 87 137 88 135 89 135 89 135 90 133 91 133 91 133 91 133 91 133 91 133 90 134 90 133 91 134 90 134 90 134 90 134 89 135 89 136 88 136 87 137 87 137 87 137 86 138 86 138 86 138 86 138 86 138 86 138 86 138 86 138 87 137 87 137 87 137 87 137 87 137 87 138 86 138 86 138 86 137 87 137 87 137 87 137 87 137 87 138 86 138 86 138 85 139 85 139 85 139 85 139 85 140 84 140 83 141 83 141 83 142 81 143 81 143 80 145 79 145 79 146 77 147 77 147 77 148 75 149 75 150 74 150 73 152 72 152 72 153 70 154 70 155 69 156 68 157 66 158 67 158 66 158 66 159 65 159 65 160 64 160 65 159 65 160 64 160 65 159 65 159 65 159 65 159 65 160 64 160 64 160 63 161 63 161 62 162 61 164 58 166 57 167 56 168 55 170 53 171 53 171 52 173 51 173 50 174 50 174 49 176 48 176 47 177 47 177 47 178 45 179 45 179 44 181 43 181 43 182 42 182 42 182 42 182 42 182 42 182 42 182 41 183 41 183 41 183 41 183 40 184 40 184 40 184 40 184 40 184 40 184 40 183 41 183 41 182 42 182 42 182 42 182 42 182 42 182 41 183 41 183 40 185 19 3 15 188 15 9 10 194 4 3020
7424 7 215 12 212 14 209 17 207 18 206 19 204 21 203 22 202 22 202 23 201 24 200 25 199 26 198 27 197 28 196 29 195 30 194 32 192 33 191 36 6 7 175 52 172 54 170 57 167 60 164 62 162 64 160 65 159 66 158 67 156 68 156 69 155 70 154 70 154 71 153 71 152 72 152 73 151 73 151 73 151 74 150 74 150 75 150 74 150 75 149 75 149 76 149 76 43 13 92 76 32 32 84 77 23 44 80 77 14 57 76 78 9 64 74 78 5 70 71 156 68 160 64 163 61 166 59 167 57 170 54 172 52 175 49 177 47 179 45 180 44 182 43 183 41 185 39 187 37 189 36 189 35 191 33 192 32 192 33 191 33 191 33 191 33 191 34 190 34 190 34 190 35 189 35 189 35 189 36 188 36 188 37 187 38 186 38 186 39 185 39 185 40 184 40 184 41 183 41 183 42 182 42 182 43 181 43 181 44 180 45 179 46 178 46 178 47 177 47 177 47 177 47 177 48 176 48 176 48 176 48 176 48 176 47 177 47 177 47 177 46 178 46 178 46 178 46 178 46 178 45 179 45 179 45 179 45 179 45 179 45 179 45 179 45 179 45 179 46 178 48 176 50 174 52 5 6 161 65 159 67 157 67 157 67 157 67 157 67 2 4 151 67 1 9 147 79 145 81 143 82 142 87 137 88 136 89 135 91 133 94 130 96 128 98 126 100 124 103 121 106 118 109 115 114 110 124 100 133 91 138 86 143 81 151 73 164 60 170 54 179 45 189 35 200 24 214 9 6049
11100 8 213 28 192 37 182 47 174 54 168 61 160 69 153 74 148 78 145 81 142 83 139 86 138 87 135 90 133 92 131 94 129 96 127 98 125 100 124 101 122 103 121 104 120 106 117 108 116 110 113 113 111 114 109 117 106 120 103 123 100 127 95 130 92 134 88 137 85 140 82 142 81 144 79 145 78 147 76 148 76 148 76 148 75 149 75 149 74 150 74 150 74 149 74 150 74 150 74 150 73 151 73 150 74 150 73 151 73 150 73 151 73 151 73 151 72 151 73 151 73 151 73 150 73 151 73 150 74 149 75 148 76 147 76 147 77 145 79 144 80 143 81 142 82 141 83 140 84 138 86 137 87 135 89 134 91 131 93 130 94 128 96 127 97 126 99 124 100 123 101 122 103 121 104 120 105 118 106 118 107 117 108 116 108 116 109 115 110 114 111 113 111 112 113 111 116 17 2 89 122 6 8 88 137 87 138 86 138 86 138 85 139 85 139 85 139 85 139 85 139 85 139 86 138 86 138 86 138 86 138 87 136 88 136 88 136 89 135 89 134 90 134 90 133 92 131 93 130 94 130 94 129 95 128 96 127 97 126 98 126 98 125 99 124 100 124 101 122 102 121 103 120 104 120 105 118 106 118 106 117 108 115 109 115 110 113 112 112 113 110 114 110 115 108 117 107 117 106 119 105 119 104 121 103 121 102 123 101 124 100 124 100 125 98 126 98 127 97 128 95 129 95 130 93 132 92 132 91 134 90 135 89 135 88 137 87 138 85 139 85 140 84 140 83 141 83 141 83 142 82 142 83 140 18
8167 16 206 21 201 25 198 28 194 31 192 33 190 35 188 37 185 40 158 9 16 42 155 13 13 44 153 16 10 47 151 20 2 53 22 8 118 78 15 14 117 83 4 21 116 108 116 108 116 107 117 107 117 107 117 106 118 106 118 105 119 105 120 103 121 102 122 102 122 101 124 99 125 99 125 98 127 97 127 96 128 95 129 94 130 93 132 92 132 92 132 91 133 91 133 90 134 89 135 89 135 88 136 87 137 87 137 87 136 88 136 87 137 87 136 89 135 89 134 90 134 90 134 90 133 91 133 91 132 92 132 92 132 92 131 94 130 94 130 94 129 95 129 95 128 96 128 96 128 96 127 97 127 97 126 98 126 98 126 98 126 98 126 98 125 99 125 99 125 99 125 99 125 99 124 100 124 100 124 100 124 100 123 102 122 102 122 102 122 102 122 102 122 103 121 103 121 103 120 104 120 103 121 103 121 103 121 103 121 102 122 102 122 102 123 101 123 101 123 100 124 100 124 100 124 99 126 98 126 97 127 97 128 95 129 95 129 95 129 94 131 93 131 93 131 93 132 91 133 91 133 90 134 90 134 89 135 89 135 89 136 87 137 87 137 87 138 86 138 85 140 84 140 84 140 84 140 84 141 83 141 83 141 82 142 82 142 82 143 81 143 81 143 81 143 81 144 80 144 80 144 79 145 79 145 79 145 79 146 77 147 77 147 77 147 77 147 76 149 75 149 75 149 75 149 74 150 74 150 74 151 73 151 72 152 72 152 72 152 72 152 71 154 70 154 70 154 70 154 70 154 69 155 69 156 68 156 67 157 67 157 67 157 66 158 66 158 66 159 64 160 64 160 64 160 64 160 63 161 63 161 63 161 63 161 63 161 63 162 61 94
4133 4 2 11 202 29 192 48 174 55 167 60 162 65 157 69 154 72 151 74 148 77 146 80 143 82 140 85 137 88 135 90 132 93 129 96 126 99 124 102 121 104 118 107 116 110 113 112 111 114 109 116 108 117 106 119 105 120 103 122 101 123 101 124 99 125 99 125 98 127 96 128 96 128 95 130 93 131 92 132 92 132 91 133 90 134 89 135 88 137 86 138 85 139 84 140 81 143 79 145 77 147 67 157 61 163 57 167 56 169 53 171 52 172 51 173 51 173 50 174 50 174 50 174 50 175 49 175 49 175 49 175 48 176 48 176 48 176 48 177 46 178 46 178 46 178 46 178 46 177 47 177 47 177 47 177 47 176 48 176 48 175 49 175 50 174 50 173 51 173 51 173 51 173 52 172 52 172 53 172 52 172 53 171 53 171 53 171 54 170 54 170 55 169 56 168 56 168 57 166 59 165 60 164 61 163 61 163 62 161 63 161 63 161 62 162 62 161 63 161 62 162 62 161 62 162 62 161 62 162 62 161 62 161 63 159 64 158 66 153 71 151 72 152 72 152 72 153 70 154 70 155 69 156 68 157 67 159 64 114 7 40 63 111 12 39 62 108 16 39 61 96 5 5 19 40 59 55 21 1 49 40 57 51 78 40 55 40 3 3 84 40 53 39 92 41 52 38 94 41 50 38 96 40 49 39 98 39 47 40 102 35 45 41 105 34 43 42 106 33 41 44 107 33 39 45 107 33 38 46 108 32 38 45 109 33 37 45 109 33 37 45 110 33 36 45 111 33 35 45 111 34 34 45 112 34 33 46 112 34 32 45 114 34 31 45 116 33 30 45 116 34 29 44 117 36 27 44 117 38 25 44 117 39 24 44 117 42 21 44 117 45 18 44 117 48 15 44 118 49 13 44 118 50 12 44 118 52 10 44 119 52 9 44 119 53 8 44 120 52 9 10 2 31 121 52 10 3 9 29 123 50 22 29 124 50 22 28 124 50 23 27 125 49 23 27 126 48 24 26 128 45 25 25 131 42 27 24 137 5 12 18 30 22 208 15 218 2 6234
4002 7 215 10 212 13 208 16 115 6 86 17 113 11 81 19 112 15 76 20 112 18 72 22 112 20 68 24 112 22 64 26 111 24 61 27 112 25 55 32 112 26 48 38 112 27 21 64 112 29 13 69 113 111 113 111 113 110 114 110 114 109 115 109 115 108 116 108 116 107 117 107 117 107 116 107 117 107 117 107 117 107 117 106 118 106 118 106 118 105 119 105 118 105 119 105 119 104 119 105 119 105 118 105 119 105 119 105 118 106 118 106 117 107 117 108 116 108 115 109 115 110 114 111 113 111 112 113 111 114 110 116 108 118 106 120 104 122 101 124 100 125 99 126 98 127 97 128 96 129 95 130 94 131 93 131 93 132 92 132 92 133 91 133 91 133 91 133 91 134 90 134 90 135 89 135 89 135 89 136 88 136 88 136 88 137 87 137 87 137 86 138 86 138 86 138 85 139 85 140 83 141 83 141 82 142 81 143 81 143 80 144 80 144 80 144 79 146 78 146 78 146 77 147 77 147 77 147 76 148 76 148 76 147 76 148 76 148 76 148 75 148 76 148 76 148 75 149 75 149 75 149 74 150 74 150 73 151 73 150 73 151 73 150 74 149 74 148 76 145 79 142 82 140 84 139 84 140 84 140 84 140 84 140 83 142 82 142 82 143 81 143 80 145 79 146 78 146 77 148 76 148 75 150 74 150 74 150 73 151 73 151 73 151 72 152 72 152 72 153 70 154 70 154 70 154 70 155 68 156 68 156 68 156 68 156 67 157 67 157 67 157 67 157 66 157 67 157 67 157 66 158 65 159 65 158 65 159 63 160 63 160 63 160 63 160 63 160 63 160 64 158 66 156 69 153 73 149 77 4 11 130 98 124 103 119 107 115 111 111 115 107 119 103 123 98 127 95 131 92 134 88 137 86 140 83 142 81 144 79 146 77 148 75 151 71 154 69 157 64 163 29 6 23 168 24 14 14 175 19 211 9 1224
9072 7 216 9 192 5 17 11 190 7 15 13 188 9 13 14 187 11 12 14 187 12 10 16 185 14 8 17 185 15 5 19 184 40 183 41 182 42 181 44 177 47 175 49 174 50 173 51 172 52 172 52 171 53 171 53 171 53 171 53 171 53 171 53 170 54 170 54 170 53 171 53 171 53 170 53 171 53 170 54 170 54 169 54 168 56 167 57 166 58 165 59 164 59 164 60 164 60 164 60 164 60 164 61 163 61 163 61 163 61 163 62 163 61 163 61 164 61 163 61 164 60 164 61 163 61 164 60 164 60 164 61 163 61 163 61 163 62 162 62 163 61 162 63 161 63 161 64 160 64 160 64 160 65 159 66 158 66 159 66 158 67 157 68 156 69 156 70 154 70 155 70 155 70 156 68 160 65 161 63 165 60 166 58 70 2 97 56 67 6 97 54 66 8 97 54 65 8 98 53 64 9 99 53 62 10 100 52 62 11 100 52 61 11 101 52 59 12 101 52 59 12 102 52 58 11 104 51 57 12 105 51 56 12 105 51 56 11 107 51 54 12 107 51 53 13 108 50 53 12 110 50 50 14 110 51 48 14 112 50 47 15 113 50 43 17 114 50 41 19 115 50 37 21 116 50 34 23 117 50 31 24 120 50 26 26 122 50 22 28 124 51 17 31 125 53 14 30 127 54 12 30 128 55 13 26 130 55 16 22 131 54 19 17 133 55 20 12 137 54 23 7 139 55 167 56 166 58 162 62 159 64 158 66 157 67 155 68 156 68 155 68 156 68 156 67 157 67 157 66 159 65 160 64 161 63 169 54 197 27 198 26 198 26 198 26 198 25 199 25 198 26 196 27 196 28 194 30 192 31 192 31 193 31 192 31 193 30 193 30 194 29 195 27 197 26 198 25 199 23 201 21 204 18 206 16 210 11 215 6 4805
21412 8 213 14 209 17 205 21 201 24 198 27 196 29 193 32 192 33 190 35 187 37 186 38 184 41 181 43 179 46 176 48 173 52 171 53 168 56 164 60 161 63 155 69 150 74 145 79 140 84 136 87 134 90 133 90 133 90 134 72 9 8 135 69 154 69 155 68 156 68 156 67 157 67 157 66 158 66 158 66 158 66 158 65 159 65 158 66 158 66 158 65 159 65 159 65 159 65 159 65 159 65 160 64 160 63 161 63 161 63 162 62 162 62 162 62 162 61 163 61 163 61 163 60 164 60 164 59 165 59 165 59 166 58 166 57 167 11 3 43 167 10 5 42 167 8 7 42 167 7 9 41 167 6 10 41 167 5 12 39 168 4 14 38 168 4 15 12 10 15 167 4 16 11 13 13 167 4 17 9 15 12 167 4 19 6 17 10 167 5 20 4 18 10 167 6 21 2 19 9 167 6 43 7 168 7 42 7 168 7 42 7 168 8 41 7 167 9 41 7 167 9 40 8 167 9 38 10 167 9 36 13 166 9 21 2 9 17 166 9 21 4 3 21 167 8 21 28 167 8 21 29 166 7 22 29 167 6 23 28 167 5 25 27 197 27 198 26 198 26 198 26 199 25 199 24 200 23 202 21 203 18 206 16 208 15 209 14 211 12 212 11 214 10 214 9 217 5 3927
13050 6 216 10 214 11 212 13 211 14 34 2 174 15 30 8 170 17 28 10 169 18 25 13 168 21 21 14 168 57 26 7 134 57 21 15 131 57 18 19 130 58 15 22 129 58 14 24 128 58 12 27 127 58 10 30 126 58 9 32 125 58 8 33 125 58 6 36 125 58 4 38 124 100 124 101 123 101 123 102 122 102 122 103 121 103 122 102 122 102 122 102 122 103 121 103 121 103 121 103 121 104 120 104 120 104 120 104 120 104 120 105 119 105 119 105 119 105 119 106 118 106 119 105 119 105 119 106 119 105 119 106 118 106 119 106 118 106 118 107 118 106 118 106 118 107 117 107 117 108 116 108 116 108 116 108 116 108 116 108 116 109 115 109 115 109 115 109 115 108 116 108 116 109 115 109 115 109 115 109 115 109 115 109 115 109 115 109 115 109 115 109 115 109 115 109 115 110 114 110 113 111 113 111 113 111 113 111 113 111 113 111 113 111 113 77 2 33 112 75 5 32 112 73 8 31 112 72 10 30 112 71 11 30 113 70 12 29 113 70 12 29 113 70 12 29 113 70 13 28 113 70 14 26 114 70 14 26 114 70 15 25 115 69 16 24 115 69 16 24 115 69 17 23 115 69 18 23 114 69 19 22 113 25 4 41 20 21 113 24 7 40 20 20 113 23 9 39 21 19 113 22 10 22 4 13 23 18 112 21 12 21 4 14 23 17 112 21 12 20 6 13 23 17 112 20 13 20 6 13 24 16 112 20 13 20 7 12 25 15 112 19 15 18 8 13 24 15 112 19 15 18 8 13 25 15 111 19 15 18 8 13 25 15 111 19 15 18 8 13 26 14 111 19 15 18 8 13 26 14 111 18 17 17 8 14 25 14 111 18 17 17 8 14 26 13 111 18 17 17 8 14 26 13 111 18 17 17 8 14 26 14 110 18 17 17 8 14 26 14 110 17 18 16 9 14 26 14 110 17 18 16 9 14 27 13 110 17 18 16 8 15 27 13 110 17 18 16 8 15 27 13 110 17 18 16 8 14 28 13 110 16 18 16 9 14 28 13 109 17 18 16 9 14 28 13 109 17 18 16 9 14 27 14 109 17 18 16 9 14 27 14 109 16 19 16 8 15 27 14 109 16 19 15 9 15 27 14 108 17 19 15 9 15 27 14 108 16 20 15 8 15 27 15 108 16 20 15 7 16 27 15 108 16 20 15 7 16 26 16 108 15 20 16 6 17 26 16 107 16 20 16 6 16 26 17 107 15 21 16 6 16 26 16 108 15 21 16 6 16 26 16 107 16 21 15 8 14 26 17 107 15 22 15 9 13 26 17 107 15 22 15 10 11 28 16 107 15 21 15 14 7 29 15 108 15 21 15 51 14 107 16 21 15 52 12 108 16 21 14 57 5 111 15 22 14 172 16 22 14 172 16 22 14 171 17 21 15 171 17 21 15 171 17 21 15 171 17 21 15 171 16 21 16 170 17 21 16 170 17 20 17 170 17 20 16 171 17 20 16 171 17 20 16 172 15 21 15 120
11800 28 193 36 185 42 75 11 92 48 69 18 87 52 63 24 83 56 55 31 80 60 50 36 76 63 48 38 72 68 45 40 68 72 43 42 64 77 40 43 62 81 37 45 59 84 34 48 56 87 32 49 55 89 30 51 52 92 28 52 51 94 27 53 48 97 25 55 45 99 24 56 44 101 23 57 41 104 22 58 38 107 20 60 35 109 20 62 31 112 19 67 24 114 19 78 10 118 18 206 18 207 16 208 16 209 15 209 15 209 14 211 13 211 12 212 12 213 10 214 9 215 9 215 8 216 8 217 6 218 5 219 5 219 5 219 5 219 4 221 3 221 3 221 3 221 3 221 3 221 3 220 4 220 4 219 5 219 5 218 7 216 8 215 9 214 10 214 10 214 10 214 11 213 12 212 13 211 13 212 12 212 13 211 13 211 13 211 13 211 13 211 14 210 14 210 14 210 14 210 14 210 14 210 14 210 14 209 15 209 15 209 15 209 15 209 15 209 15 209 15 209 15 209 16 208 16 208 16 208 16 208 16 208 17 207 17 207 18 206 18 206 18 206 18 206 19 206 18 206 18 205 19 205 20 204 20 204 20 204 21 203 21 202 22 202 23 201 23 201 23 201 24 199 25 199 25 198 27 196 28 196 28 195 30 192 32 191 34 31 2 155 36 30 4 153 38 28 6 151 39 28 7 148 41 27 8 146 43 27 9 143 46 25 10 142 47 25 11 140 49 23 12 139 50 23 12 138 51 22 13 138 52 21 14 136 53 20 15 135 54 20 15 135 55 18 16 134 56 18 16 133 57 17 17 132 58 17 18 130 59 17 18 129 61 15 20 127 62 15 21 125 63 15 22 123 64 15 22 123 64 15 23 121 66 14 24 119 67 15 24 118 67 15 25 116 68 15 26 114 69 15 34 2 2 102 69 16 40 98 70 16 41 97 70 16 41 97 71 16 40 97 71 16 39 97 72 16 38 98 72 17 36 99 73 16 35 99 74 16 34 100 74 17 31 101 75 17 30 102 75 17 29 102 76 18 27 103 76 18 27 102 78 18 25 102 79 18 25 101 80 19 24 101 80 19 24 100 81 20 22 100 82 20 22 99 83 20 23 98 84 18 24 96 58
11956 8 201 25 197 28 195 30 193 32 192 33 190 35 189 36 188 36 187 38 186 39 185 39 184 41 183 42 182 43 181 44 179 46 178 47 177 48 176 49 174 51 173 52 172 53 171 54 170 55 169 56 168 57 167 58 167 58 166 63 161 68 156 76 148 79 145 83 142 86 138 89 135 91 133 94 130 95 129 96 128 97 127 98 127 98 126 98 126 99 125 100 125 99 125 100 125 99 126 99 125 99 126 98 127 98 126 98 127 97 128 96 128 96 128 96 129 95 129 95 129 95 130 94 130 94 131 93 131 93 132 91 134 90 134 90 135 89 136 87 138 86 139 85 140 84 140 83 142 82 143 33 6 41 144 31 10 39 144 30 13 36 146 28 14 36 146 27 16 35 147 26 16 34 148 26 17 33 148 25 18 32 150 24 19 31 150 24 19 31 150 24 20 29 151 23 22 28 151 23 22 28 151 23 23 27 150 23 25 25 151 23 25 25 151 22 27 24 150 23 27 23 151 22 28 23 150 22 30 22 150 22 30 21 151 21 31 21 152 19 32 21 152 18 32 22 153 16 33 22 155 13 34 22 157 10 36 20 204 20 205 19 205 19 206 18 208 15 213 10 217 6 13961
12844 5 206 5 1 15 199 27 194 31 192 34 81 3 105 37 77 10 99 40 72 18 93 43 66 25 89 46 60 31 86 49 56 34 84 51 52 40 80 54 40 52 77 56 35 58 74 59 30 62 72 64 23 67 69 71 10 75 67 158 65 160 64 160 63 162 62 163 60 164 60 165 59 165 58 167 57 167 57 168 56 168 56 169 55 169 55 169 55 169 55 170 54 170 54 170 54 170 54 170 54 169 55 169 55 169 55 168 56 168 56 167 57 167 57 166 58 166 58 165 59 165 59 164 60 164 60 163 61 163 61 162 62 161 63 160 64 160 64 159 65 158 66 158 66 158 66 158 67 156 68 156 68 156 68 155 69 155 69 154 70 154 70 153 71 153 71 153 71 152 72 152 72 152 72 151 74 150 75 149 77 146 80 144 81 142 83 140 86 137 89 133 94 127 99 124 104 118 111 112 124 26 2 18 13 40 129 14 43 37 187 36 189 33 191 32 192 31 194 28 196 26 199 24 200 22 203 17 211 7 15302
4678 3 220 6 217 9 215 10 214 11 213 13 211 14 210 15 209 16 208 17 208 16 208 17 208 17 207 18 207 18 207 17 208 17 208 17 207 17 208 17 208 17 208 16 208 18 207 17 208 17 208 16 209 15 210 14 210 14 211 13 211 13 212 12 212 12 213 11 213 11 213 11 213 11 213 11 213 11 213 11 213 11 212 12 212 12 211 13 210 14 209 15 208 16 206 17 205 18 205 17 205 19 202 21 154 69 150 73 145 78 142 82 133 90 70 15 22 1 13 103 61 163 55 168 53 171 51 173 49 175 48 176 47 177 47 178 45 179 44 181 43 181 42 182 42 183 40 184 40 184 39 185 39 185 39 186 38 186 38 186 38 186 37 187 37 188 36 188 35 189 34 191 32 192 31 194 29 196 26 199 24 201 22 202 21 203 20 204 18 206 17 207 16 208 15 209 13 211 12 212 11 213 10 176 7 31 9 175 10 30 8 175 13 28 6 176 16 26 5 175 21 23 4 175 23 22 2 176 26 20 1 32 3 140 29 50 7 133 35 48 9 118 50 46 11 113 54 45 14 12 7 89 57 45 16 7 12 69 6 6 64 15 1 27 37 63 81 15 1 26 39 57 87 11 4 26 40 49 94 10 5 25 42 46 97 8 6 24 45 43 99 6 7 24 47 40 115 21 51 36 119 18 56 31 121 15 61 27 124 10 66 24 202 21 204 20 205 19 205 18 207 17 208 15 210 13 212 11 16695
9693 2 211 19 195 31 191 35 188 37 186 40 183 42 181 43 180 45 178 47 176 49 174 51 170 55 166 59 163 63 160 66 157 68 156 70 153 73 150 76 147 78 145 79 144 81 141 83 139 86 137 87 135 89 135 90 133 91 133 91 132 93 131 93 130 94 130 94 130 94 131 94 130 94 130 94 131 93 131 94 131 93 132 92 133 91 134 90 136 88 137 87 138 86 140 83 142 82 144 80 145 79 146 78 147 77 148 77 147 77 148 76 149 75 150 74 151 73 154 70 156 68 157 67 159 66 159 65 160 64 160 65 160 64 160 64 161 64 161 63 162 63 161 63 162 63 161 64 161 63 161 64 160 65 159 66 157 68 156 68 156 69 154 71 153 71 152 73 150 74 150 75 148 77 147 77 146 79 145 79 145 80 143 82 142 84 139 86 138 87 137 89 134 91 133 93 130 96 128 97 126 101 123 103 120 106 118 107 117 109 114 111 113 112 112 113 111 114 110 116 108 117 107 118 106 119 105 120 104 122 102 123 101 124 101 124 100 125 99 126 99 126 98 127 97 128 97 128 96 128 97 129 96 129 95 129 96 129 95 130 95 130 94 131 94 131 93 131 94 131 93 132 92 132 93 132 92 133 92 132 92 133 92 133 91 133 92 133 92 132 92 133 92 132 92 133 92 132 92 132 93 131 94 131 93 131 94 130 94 130 94 131 94 130 95 129 96 128 97 128 97 127 98 126 98 126 98 126 99 125 99 125 100 125 99 125 99 125 99 125 99 125 99 125 99 125 98 127 97 127 97 127 97 127 97 127 98 126 98 125 103 1 2 118 41
12804 12 208 18 202 23 192 35 183 45 176 52 170 60 162 68 155 74 149 82 142 85 138 90 134 104 119 110 114 113 111 116 108 117 107 119 105 120 104 121 103 122 102 124 100 125 99 126 98 127 97 127 97 128 96 129 95 130 94 130 95 130 94 130 94 130 94 131 93 131 94 130 94 131 93 131 93 132 92 133 91 134 90 134 90 134 90 135 90 134 90 112 6 17 89 111 8 16 90 109 10 15 91 107 12 14 92 106 14 11 95 103 16 6 101 101 17 5 103 99 18 3 105 98 127 97 128 96 128 97 127 97 127 98 126 98 127 98 126 99 125 99 125 100 124 100 124 101 123 101 124 100 124 101 123 101 124 100 124 100 124 100 124 100 124 100 124 100 124 100 125 99 125 99 15 11 99 99 13 16 96 99 11 19 96 98 10 21 95 98 9 22 95 99 5 25 96 100 1 27 97 127 97 127 97 126 99 125 99 125 99 124 101 123 101 122 102 122 102 122 102 122 102 122 102 122 102 123 101 123 101 124 100 124 100 125 99 125 99 127 97 128 96 130 94 132 91 135 89 139 85 146 77 153 13 13 4 11 30 198 26 200 23 201 23 201 22 202 22 202 21 203 21 203 20 204 20 204 19 205 19 205 18 206 18 206 18 206 17 207 17 207 17 207 17 207 17 207 17 207 17 207 17 207 17 207 17 19 4 184 17 16 11 180 17 15 15 177 17 15 16 176 17 15 16 176 17 15 17 175 17 15 18 174 17 15 18 174 17 15 18 174 17 15 18 174 17 16 17 174 17 16 17 174 17 16 17 174 17 17 16 174 17 17 16 174 17 17 16 174 17 17 15 175 17 18 14 175 17 18 14 175 17 18 13 176 17 18 13 176 17 18 13 176 17 19 12 176 17 19 12 176 17 19 11 177 17 19 11 177 18 18 11 177 18 18 11 177 18 17 12 177 18 17 12 177 19 16 12 177
9248 7 215 11 212 14 209 16 207 19 204 22 202 24 199 27 28 11 158 28 23 17 156 30 19 20 154 34 13 23 154 40 4 27 153 72 152 72 152 72 152 72 152 73 150 74 150 74 150 74 150 74 149 75 149 74 150 74 149 75 149 75 149 75 149 75 148 76 148 76 148 76 148 76 148 76 147 77 147 78 146 78 146 78 146 79 144 80 144 80 143 82 142 82 142 83 140 84 140 84 139 85 139 86 138 86 137 87 137 88 135 89 135 89 135 90 133 91 133 91 132 93 130 94 130 95 128 96 127 97 126 99 125 99 124 101 122 102 122 103 120 104 120 104 119 105 119 106 118 106 117 108 116 108 116 109 115 109 114 111 113 111 112 113 111 113 110 115 109 115 108 117 106 119 105 120 103 122 102 122 101 124 100 125 98 127 97 127 97 128 96 129 95 129 94 131 93 131 93 132 92 132 92 133 91 134 90 134 90 135 89 135 89 135 89 135 89 135 89 136 88 136 88 136 88 136 88 136 88 136 89 135 89 136 89 135 90 134 91 134 91 134 92 132 94 131 94 131 27 10 57 131 21 18 55 130 17 24 53 131 14 27 53 131 11 30 52 133 8 32 51 134 5 35 51 174 50 175 49 175 50 174 50 175 49 175 50 174 51 173 51 173 52 172 52 171 54 170 55 169 56 167 58 166 59 165 59 164 61 163 62 161 64 160 64 160 65 158 66 157 67 157 67 156 68 155 69 154 70 153 71 152 72 150 73 149 75 148 75 41 4 100 79 38 8 96 81 26 6 3 13 93 83 24 25 90 84 23 27 88 86 22 28 87 87 21 30 85 87 21 31 84 88 21 31 84 88 20 32 84 89 19 32 83 90 18 32 84 91 17 32 83 92 16 33 83 94 12 35 82 96 10 35 83 100 3 38 82 142 82 141 82 142 82 141 82 142 82 142 81 143 81 143 80 145 78 50
84 26 197 28 195 30 194 30 193 32 191 33 191 33 191 34 189 35 189 35 188 37 187 37 186 38 186 39 184 40 183 41 183 42 181 43 181 44 180 44 179 45 179 46 177 47 177 48 176 48 175 49 175 49 175 50 174 50 174 50 173 52 172 52 172 52 172 53 171 53 171 53 171 54 169 55 169 56 90 5 73 56 87 11 70 57 83 15 69 57 81 17 68 59 79 18 68 60 76 20 68 61 73 22 68 62 71 23 68 62 70 24 67 64 67 26 67 65 65 27 67 66 62 29 67 67 60 30 66 69 57 32 66 70 55 33 66 71 53 34 66 72 50 36 65 75 47 37 65 76 45 38 65 77 42 40 65 79 39 41 64 82 35 42 65 84 32 43 65 86 28 45 65 90 22 46 66 93 17 48 66 100 2 55 66 158 66 157 67 157 67 157 67 156 68 156 67 156 68 156 68 156 67 156 68 156 67 156 67 157 67 156 67 157 66 158 66 157 66 158 65 159 65 159 64 159 64 160 64 160 63 160 63 161 63 160 63 161 63 160 63 161 63 161 62 162 62 161 62 162 62 162 61 163 61 162 62 162 61 163 61 163 61 163 60 164 60 164 60 164 60 164 59 165 59 165 59 164 60 164 59 165 59 165 59 165 59 166 58 166 58 166 58 166 58 166 58 166 57 168 56 168 56 169 54 170 54 170 53 171 53 171 53 171 53 171 53 171 53 171 53 171 53 171 53 171 53 170 53 171 53 171 53 171 53 171 53 171 52 172 52 172 51 173 51 172 51 173 51 173 51 173 51 173 52 172 52 171 53 171 53 170 54 170 54 170 54 169 55 169 55 168 56 168 56 167 56 168 56 167 56 168 55 168 55 169 55 169 54 169 46 3 6 169 45 5 4 169 44 8 3 169 43 8 3 170 42 8 3 171 41 8 3 173 40 8 2 174 40 185 42 183 41 185 39 186 38 187 36 190 34 191 33 191 33 192 31 193 31 194 31 193 31 194 31 193 31 193 31 193 31 193 31 194 29 195 29 195 29 196 30 194 30 194 31 193 30 195 29 195 29 195 30 194 31 193 31 161 2 30 31 159 5 30 30 158 7 29 30 157 8 29 30 156 10 28 30 156 10 29 30 154 11 29 30 154 12 29 29 154 12 29 29 153 14 29 28 153 14 29 28 153 16 27 28 152 19 25 28 152 21 23 27 153 22 22 27 153 24 20 27 152 26 18 28 152 27 17 28 152 27 17 29 151 29 11 10
17142 17 204 23 198 31 191 36 187 39 183 43 180 45 178 47 176 49 173 52 170 54 169 56 165 60 163 61 161 63 160 65 158 66 157 67 156 69 154 70 154 70 153 72 152 72 151 73 150 74 150 74 149 76 147 77 147 77 146 78 146 78 145 79 145 79 144 80 144 79 145 79 145 79 144 79 145 79 145 79 145 79 144 79 145 79 145 78 146 78 146 77 147 77 147 76 148 75 149 74 149 74 150 73 151 72 151 73 151 72 152 71 152 71 153 71 126 13 13 71 122 21 9 72 118 28 4 73 117 107 116 108 115 109 114 109 115 109 115 109 114 110 114 110 114 110 115 109 115 109 116 14 10 84 117 10 24 73 153 72 154 70 155 69 156 69 155 70 155 49 4 17 155 45 8 16 155 43 11 16 155 40 14 16 155 38 15 17 155 36 17 16 155 35 18 17 155 34 18 17 156 32 20 16 157 31 20 17 158 29 21 16 159 28 21 15 162 27 21 14 163 26 22 12 165 25 23 10 167 25 200 24 201 24 202 23 205 20 206 18 207 18 207 18 207 17 208 16 208 16 208 16 209 15 210 14 210 14 211 12 214 9 217 5 8170
6984 6 215 12 211 14 209 16 207 19 205 21 18 2 183 24 10 9 180 44 180 45 178 46 178 45 179 45 179 45 178 46 178 46 178 45 178 46 178 46 177 46 178 46 177 47 177 46 178 46 177 47 177 46 178 46 177 47 177 47 177 47 177 48 176 48 176 48 176 49 175 50 174 52 172 54 170 57 167 60 164 63 161 66 158 68 156 70 154 73 150 76 148 78 146 80 144 82 142 84 140 86 138 88 136 89 136 89 135 91 133 92 132 93 131 94 131 94 130 94 130 95 130 95 129 96 128 96 128 97 128 96 128 97 127 97 128 96 128 97 128 96 129 96 128 96 129 96 129 95 130 94 131 94 131 93 132 92 133 92 132 92 133 91 133 92 132 92 133 92 132 92 133 91 133 92 132 92 132 92 132 93 132 92 132 92 132 93 131 93 132 92 132 93 131 93 131 93 131 93 131 94 130 94 130 94 130 94 130 94 130 94 130 94 130 94 130 94 129 95 129 95 129 95 128 96 128 96 127 96 127 97 126 98 125 99 123 101 122 102 121 103 121 103 120 104 120 104 119 105 119 106 118 107 118 107 117 24 5 79 117 22 7 80 115 21 9 82 114 17 12 84 112 13 16 86 140 87 143 84 146 81 147 80 149 77 151 75 158 67 177 48 184 42 185 40 186 40 187 38 189 37 190 35 191 35 191 35 191 34 191 35 191 34 192 34 191 35 192 34 192 34 191 34 192 33 192 33 192 32 193 31 194 30 195 28 198 24 205 3 6765
14377 8 42 11 161 25 21 34 143 29 14 45 136 32 7 52 132 94 130 96 127 99 125 101 123 104 120 107 117 109 115 110 114 111 113 112 112 112 112 112 112 113 111 113 111 113 111 113 111 113 110 114 110 114 110 115 109 115 109 116 107 117 107 118 105 119 105 120 103 121 103 122 101 123 100 125 98 126 97 127 96 128 96 129 94 130 69 6 18 131 68 9 16 131 68 11 13 132 68 13 10 133 68 15 7 134 68 17 3 136 68 157 67 157 67 157 67 157 67 157 67 158 66 158 66 158 66 158 66 159 65 159 65 159 65 159 65 160 64 160 64 160 64 160 64 160 64 161 63 161 63 161 63 161 63 162 62 162 62 162 62 163 61 163 61 164 60 165 59 165 59 166 58 167 57 167 57 168 56 168 56 169 55 169 55 170 54 170 54 170 54 171 53 171 53 171 53 171 53 171 53 171 53 171 53 171 53 171 53 171 53 171 53 171 53 170 54 170 54 170 54 170 54 169 55 169 55 169 55 169 55 169 55 168 56 168 56 168 56 167 57 167 57 166 58 166 58 165 59 165 59 164 60 164 60 164 60 164 60 164 60 163 62 162 62 161 63 161 64 159 66 158 66 157 67 157 67 157 68 155 69 155 69 154 70 154 70 154 70 153 71 153 71 153 71 153 71 153 71 153 71 153 71 153 72 152 72 152 72 152 72 152 72 152 72 152 72 152 72 152 72 152 72 152 72 152 71 153 71 153 71 153 71 153 71 153 71 153 71 152 68
3446 4 219 7 217 9 215 10 214 11 213 12 212 13 211 14 211 14 210 15 209 16 208 17 208 17 207 18 207 18 206 19 24 5 176 19 21 10 174 20 19 13 173 20 17 15 172 20 16 17 171 21 14 18 171 22 12 20 170 23 10 21 170 24 8 23 169 25 5 25 169 55 169 55 169 56 168 56 168 56 168 56 168 57 167 57 167 57 167 57 167 57 167 57 167 57 167 57 166 58 166 58 165 59 164 60 164 60 163 61 162 62 162 61 162 62 162 62 162 62 162 61 162 62 162 61 163 61 163 61 163 61 163 61 162 61 163 61 163 62 162 62 162 62 163 61 163 61 163 61 163 61 163 61 163 61 163 61 163 61 163 62 162 62 163 61 163 61 163 61 164 61 163 61 163 61 164 60 165 59 165 59 166 59 165 59 166 58 167 57 167 57 168 56 168 56 168 56 168 56 168 57 167 57 167 57 166 58 166 58 166 59 164 60 164 60 164 61 163 61 162 62 162 63 161 63 160 64 160 65 159 65 158 66 157 68 155 69 154 70 153 71 152 73 150 74 149 75 148 76 147 77 146 78 146 78 146 78 145 80 144 80 144 80 143 81 143 81 143 81 143 82 142 82 142 82 142 82 141 84 140 84 140 84 140 84 140 84 140 84 140 84 141 83 141 83 141 83 142 82 142 82 142 82 143 81 143 81 143 81 144 79 145 79 145 78 147 77 147 77 147 76 149 74 150 74 150 73 152 28 2 41 153 28 3 40 153 27 5 38 154 27 6 36 155 27 7 34 156 27 7 33 157 26 9 31 158 27 8 30 159 27 8 29 160 27 8 28 161 27 7 28 162 27 7 27 163 26 8 26 164 26 8 25 165 26 8 24 166 26 7 24 167 26 7 24 167 27 6 23 168 27 5 24 167 28 5 24 167 29 3 25 167 30 2 24 168 56 169 55 169 55 169 54 171 53 171 52 173 51 175 49 177 46 179 45 181 43 181 43 182 41 183 41 183 41 184 40 184 39 185 39 186 38 186 37 188 35 189 35 190 33 192 31 193 19 207 16 210 8 1462
2529 10 211 18 205 22 201 25 198 28 195 32 191 35 188 38 185 41 182 43 181 44 179 45 178 47 176 48 176 49 174 51 172 52 171 54 170 55 168 57 166 59 164 61 162 64 159 66 156 69 154 72 150 75 148 77 145 81 142 83 140 85 137 88 135 90 133 92 131 94 129 96 128 97 126 99 124 100 123 102 121 104 120 104 119 106 118 106 117 108 116 108 115 110 114 110 114 110 113 112 112 112 112 113 110 114 110 115 109 115 109 115 109 116 108 116 108 116 109 115 109 116 108 116 107 117 107 118 106 118 106 118 106 118 105 119 105 120 103 121 103 121 102 122 101 123 101 124 99 125 99 125 99 125 98 126 98 126 98 126 98 126 98 126 98 126 98 126 98 126 98 126 98 126 98 126 99 125 99 125 99 125 99 126 99 125 99 125 99 125 99 125 99 126 98 126 98 127 96 128 96 129 94 131 93 131 92 133 91 134 89 135 88 137 87 138 85 140 84 141 82 142 82 143 81 144 79 145 79 146 78 147 77 147 77 148 76 148 76 149 75 149 75 149 75 148 76 148 76 148 76 148 76 147 77 147 77 147 78 146 78 146 78 146 78 145 79 145 79 145 79 145 79 145 79 145 79 145 79 145 79 145 79 145 78 146 78 146 78 146 78 147 77 147 77 147 77 147 77 147 77 147 77 147 77 147 77 147 77 147 77 147 77 147 77 147 77 146 78 146 78 146 78 145 79 145 79 144 80 144 80 143 81 142 82 141 83 141 83 140 84 139 85 137 87 136 88 135 90 132 92 131 94 128 96 116 109 114 111 112 112 111 114 107 118 103 122 100 125 96 129 92 133 89 138 84 146 76 155 68 169 55 176 47 179 44 182 41 184 39 188 31 200 8 3733
3739 3 81 4 131 12 74 11 124 16 72 15 120 18 70 18 116 20 69 20 113 23 68 22 110 24 68 23 108 25 67 25 106 26 67 26 104 27 67 28 100 29 67 29 98 30 67 30 96 31 67 31 94 32 67 32 92 33 67 33 90 34 67 35 87 35 67 36 85 36 68 36 83 37 68 37 81 38 68 38 79 39 69 38 77 39 70 39 75 40 70 40 73 41 70 41 71 42 70 43 68 43 71 43 66 43 72 44 64 44 72 45 62 45 73 45 60 45 74 47 25 18 12 48 74 49 18 83 74 51 10 89 75 149 75 148 76 148 76 147 78 146 78 146 78 145 80 144 80 144 81 142 82 142 82 142 83 140 85 139 85 139 86 137 87 137 88 136 88 136 89 135 89 134 91 133 91 133 91 133 91 132 93 131 93 131 64 5 25 129 63 8 24 129 61 10 24 129 59 12 25 127 59 13 25 126 58 15 26 125 57 16 26 124 57 17 27 123 55 19 28 122 53 21 28 121 53 22 29 120 51 24 29 120 50 25 30 118 49 27 30 118 48 28 30 118 46 30 31 117 45 31 31 117 44 32 31 117 42 34 31 117 41 35 32 116 39 37 32 116 38 38 32 116 36 40 32 116 33 43 32 117 30 45 33 116 27 48 33 116 25 50 33 117 21 53 34 116 19 55 34 117 16 57 35 117 13 59 35 117 12 60 36 117 9 62 36 118 6 64 36 188 36 188 36 188 36 188 37 187 37 187 36 188 36 188 36 188 35 189 33 191 30 194 25 199 22 202 20 204 19 205 17 207 16 208 14 210 13 211 12 212 11 213 10 214 9 215 9 215 9 215 8 216 8 216 8 216 8 216 8 216 8 216 9 215 9 215 10 214 12 212 14 210 16 208 18 206 19 205 21 203 22 202 23 25 5 171 24 20 12 168 25 16 16 167 27 10 21 166 58 166 59 165 59 165 60 164 60 164 61 163 61 163 62 162 62 162 62 162 62 162 62 162 62 162 62 162 62 162 62 162 62 162 62 162 62 162 62 162 62 162 62 162 62 162 62 162 62 162 62 162 62 162 62 162 62 162 62 162 61 163 61 163 61 163 61 163 61 163 61 163 61 163 61 163 61 163 60 164 60 164 60 164 60 164 60 164 60 164 60 164 60 164 60 164 60 164 60 164 60 164 60 164 60 164 60 164 60 164 60 164 61 163 61 163 61 163 62 162 62 162 62 162 63 161 63 161 63 161 64 160 64 160 64 160 65 159
7667 3 219 6 217 7 216 9 214 10 213 11 213 11 212 12 212 11 119 6 87 12 117 10 85 12 115 13 83 13 79 12 23 15 82 12 79 15 19 17 82 12 78 17 17 18 82 12 77 19 14 21 80 12 78 20 12 22 80 12 77 23 8 24 80 11 78 55 80 11 78 55 80 11 78 54 81 10 79 54 81 10 79 54 81 10 79 53 82 10 79 53 81 11 79 52 82 11 79 52 82 11 79 52 82 11 79 51 84 10 80 50 84 11 79 49 85 11 79 49 85 12 78 49 85 12 78 49 86 12 77 49 86 12 77 49 86 13 76 49 86 13 76 49 87 13 74 50 87 14 73 50 87 15 72 50 87 15 71 51 88 15 69 52 88 16 67 53 89 15 66 54 89 16 64 55 90 17 15 13 33 56 91 18 10 22 26 57 91 24 1 28 21 59 92 56 14 62 92 60 7 65 93 131 93 130 95 129 95 129 95 128 96 128 96 128 95 128 96 127 96 128 95 128 95 128 95 129 94 129 94 129 94 130 94 129 94 130 94 129 94 130 94 130 93 131 93 131 93 131 93 131 92 132 92 132 92 131 93 131 93 132 92 132 91 133 91 133 91 133 91 133 91 133 91 133 91 133 90 134 90 134 90 134 90 134 90 134 89 135 89 135 89 135 89 135 89 134 90 28 1 105 89 27 5 103 89 26 7 102 89 25 8 102 89 24 10 100 90 24 10 100 90 23 12 99 90 23 12 98 91 22 13 98 91 22 14 97 91 21 15 96 92 20 16 96 92 20 16 96 92 19 17 95 93 18 19 20 5 69 93 18 19 19 7 68 92 18 19 19 9 67 92 18 19 19 10 66 92 18 19 18 13 63 93 18 19 18 14 62 93 17 20 17 15 62 93 17 20 17 16 61 92 18 20 16 17 61 92 17 20 17 18 60 92 17 20 17 18 60 92 17 20 16 19 59 93 16 20 17 19 23 15 21 93 16 20 16 20 20 19 20 92 16 21 16 20 19 20 20 92 16 21 15 21 19 20 19 93 15 22 15 21 18 21 19 92 16 22 15 21 18 21 19 92 16 22 14 22 18 21 18 93 15 23 14 22 18 21 18 93 14 24 14 22 17 22 18 93 14 24 14 22 17 22 17 93 14 25 13 23 17 22 17 93 14 25 13 23 16 23 16 94 13 26 13 23 16 23 16 94 13 26 13 23 16 23 16 93 14 26 13 23 16 23 15 94 13 27 13 23 16 23 15 94 13 27 13 23 16 23 15 94 13 27 13 23 15 24 14 95 13 28 12 23 15 23 15 95 13 28 12 24 14 23 15 95 13 28 12 24 14 23 15 95 13 28 12 24 14 23 14 96 13 28 12 24 14 23 14 96 13 28 13 23 14 23 14 96 13 28 13 23 14 23 14 96 13 28 13 23 14 23 14 96 13 28 14 22 14 23 14 96 13 28 14 21 14 24 14 96 13 28 15 20 14 24 13 97 13 28 15 20 14 24 13 97 13 28 15 20 14 24 14 96 14 27 15 20 14 24 14 96 14 27 15 20 14 24 14 96 15 26 14 21 14 24 14 96 15 27 12 22 14 24 15 95 16 27 9 24 14 24 15 95 16 30 1 29 14 24 15 95 15 62 13 24 16 95 14 62 13 24 16 95 13 63 13 24 16 96 11 64 13 24 17 96 8 66 13 25 17 169 13 25 17 169 13 25 18 168 13 25 19 167 13 25 20 166 12 27 19 166 12 27 20 166 11 27 20 166 10 29 19 167 8 31 17 170 5 33 15 210 13 215 7 2753
5466 6 217 9 215 10 213 12 212 13 211 14 210 15 26 5 178 16 24 8 176 16 23 9 176 17 21 11 175 18 19 12 175 19 17 13 175 21 13 15 175 24 8 17 175 49 176 48 176 48 177 47 177 47 177 46 179 45 179 45 180 44 180 43 181 43 182 42 182 41 184 40 184 40 184 40 184 40 185 38 186 38 186 38 186 38 186 38 185 38 186 38 186 38 186 38 185 39 184 40 182 41 181 43 177 47 175 48 173 51 170 53 169 54 168 55 168 55 168 55 168 56 166 57 166 58 166 57 166 58 165 58 165 59 165 59 164 59 165 59 165 59 164 60 164 59 164 60 164 60 164 59 164 60 164 59 165 59 164 60 164 59 165 59 165 58 166 57 167 55 168 55 169 55 169 54 170 52 172 51 173 50 174 50 174 49 176 48 176 47 177 46 178 46 178 45 180 44 180 44 180 44 181 43 181 42 182 42 182 42 182 42 183 40 184 39 185 39 186 37 188 34 191 31 194 28 199 24 203 21 204 18 207 16 210 13 212 10 216 6 19852
8122 2 30 9 172 58 163 65 155 72 150 94 128 100 123 105 118 110 113 114 109 117 106 120 103 123 101 125 98 128 96 129 94 132 91 134 90 135 88 137 87 138 85 140 84 140 83 142 82 142 81 144 80 144 79 146 78 146 77 147 77 148 76 148 75 149 75 150 74 150 74 150 74 150 74 150 74 151 73 151 73 151 73 151 73 151 74 151 73 9 1 141 75 3 7 139 86 138 87 137 88 136 89 136 89 135 90 134 91 133 91 133 92 132 92 132 92 132 92 132 92 132 93 131 93 131 93 131 93 131 93 131 93 132 92 132 92 132 92 132 92 132 92 132 92 132 92 132 92 132 92 132 92 133 91 133 91 133 91 133 91 134 90 134 90 134 91 133 91 133 91 133 91 133 91 133 90 134 90 134 90 134 90 133 91 133 91 133 91 133 91 132 91 133 91 132 92 132 92 131 93 131 93 130 94 130 94 129 95 129 95 128 96 128 96 127 97 127 97 127 96 127 97 127 97 127 97 127 96 128 96 128 96 129 94 130 94 130 94 131 93 131 92 132 92 133 90 134 89 136 88 136 87 138 86 138 85 139 84 141 83 141 82 143 81 143 80 145 79 145 78 147 77 147 76 149 75 149 75 150 74 150 73 152 72 153 70 154 70 155 69 155 69 155 68 157 67 157 67 158 65 159 65 160 64 160 63 161 63 161 63 162 62 162 61 163 61 164 60 164 59 165 59 165 59 166 57 167 57 167 57 168 56 168 56 168 56 169 54 170 54 171 53 171 52 173 51 174 50 174 49 176 48 176 47 178 46 178 46 179 44 181 43 181 42 183 41 183 41 184 39 185 39 185 39 185 39 50 2 134 37 47 9 131 38 42 14 22 6 101 26
3836 13 210 17 205 21 202 25 198 34 189 39 184 43 181 45 178 48 175 52 171 56 166 62 160 66 157 68 155 70 153 72 151 74 149 75 148 77 147 78 66 6 74 78 62 12 72 79 58 17 69 81 56 21 66 81 54 25 64 82 52 28 62 82 51 31 59 83 50 33 58 84 47 37 56 84 46 40 54 84 45 42 53 85 42 45 52 86 40 47 51 86 39 49 49 88 35 53 48 89 33 55 47 91 28 59 46 92 25 62 45 93 22 65 44 95 18 68 43 97 14 71 42 182 42 183 41 184 40 184 40 185 38 186 38 187 37 187 37 188 37 187 37 188 36 188 36 189 34 191 33 191 33 192 32 192 32 194 30 195 29 197 27 199 25 201 23 202 22 204 20 206 17 209 15 210 13 212 12 212 11 214 10 215 9 215 9 216 7 217 7 217 7 217 7 218 6 218 6 218 6 218 6 217 7 217 7 217 7 217 7 217 7 217 7 217 7 217 7 217 7 217 7 217 7 217 7 217 7 217 7 217 7 218 6 218 6 218 7 218 6 218 6 218 6 219 6 218 7 217 8 217 8 216 9 216 8 217 8 216 9 215 9 215 10 214 10 214 10 214 11 213 11 212 12 211 13 211 13 210 15 209 15 209 15 209 15 209 16 208 16 208 17 207 17 206 18 206 19 205 20 204 20 203 22 202 23 201 23 201 24 200 24 199 26 198 26 198 27 197 27 196 29 195 30 95 2 97 31 90 15 88 31 87 21 84 33 85 28 78 34 83 33 74 35 81 37 71 35 81 42 66 36 79 44 65 36 78 46 64 37 77 47 63 37 76 48 63 39 74 49 62 40 72 50 62 42 70 51 61 43 69 51 61 44 68 51 61 45 67 51 61 46 66 52 60 47 64 53 60 48 63 53 60 48 63 53 60 48 64 53 58 50 63 53 26 3 29 50 63 53 25 6 27 50 63 53 24 8 26 50 63 53 23 10 25 51 62 53 23 11 24 51 62 53 22 12 23 52 61 53 23 13 22 52 61 53 22 14 22 52 61 52 23 15 21 52 60 53 23 15 21 52 60 52 23 17 21 50 61 50 25 17 21 50 60 50 26 18 20 50 60 49 26 19 20 50 59 49 27 19 20 49 59 49 27 21 19 48 59 49 28 21 19 48 58 50 27 22 19 47 57 52 27 22 19 46 56 54 26 23 19 45 56 55 26 23 19 43 56 57 25 24 19 42 56 58 24 25 19 41 56 60 22 25 20 40 56 63 18 27 20 40 55 67 11 31 20 39 55 110 20 39 54 110 21 39 52 112 21 40 50 112 21 41 50 112 21 42 48 113 21 44 45 114 20 59 31 115 19 61 28 116 18 64 25 118 16 65 25 119 13 73 17 124 8 78 12 1272
2162 3 217 10 212 13 135 10 65 15 133 13 61 17 133 15 57 19 132 18 53 22 131 19 51 23 131 21 48 24 131 22 46 25 131 23 44 26 131 25 40 28 131 26 38 29 131 27 34 32 131 29 30 34 131 33 23 37 131 93 131 93 131 92 132 92 132 92 133 91 133 91 133 91 133 90 134 90 135 89 135 89 135 89 135 89 135 89 135 89 136 87 137 87 137 87 137 87 138 86 138 86 138 85 139 85 139 85 139 85 139 85 140 83 141 83 141 83 141 83 142 81 143 81 143 80 144 80 145 79 146 77 147 77 147 76 149 75 149 74 150 74 151 73 151 72 153 71 86 4 63 71 84 8 61 71 81 13 60 70 81 14 59 69 81 16 58 69 81 17 58 68 81 18 57 68 81 19 56 69 80 20 55 69 80 21 55 68 80 21 55 68 80 22 54 68 80 23 53 69 79 24 52 69 79 24 53 69 78 25 52 69 78 26 50 70 78 27 49 71 77 27 49 71 77 28 48 71 77 28 48 71 77 28 48 71 77 29 47 72 76 29 47 72 76 29 47 72 76 29 47 72 76 29 47 72 76 29 47 72 76 28 48 73 75 28 48 73 75 28 48 73 75 27 49 73 75 26 51 73 74 25 52 73 74 24 53 73 74 23 54 73 74 21 56 74 73 20 57 74 73 19 58 75 72 18 59 75 72 18 59 75 72 17 60 76 71 17 60 76 71 17 60 77 70 17 60 77 70 17 60 77 70 17 60 78 69 17 60 78 69 18 59 78 69 18 59 79 68 18 59 79 68 18 59 79 68 17 59 80 68 17 59 80 68 17 59 80 68 17 59 81 67 17 59 81 67 17 59 81 67 17 59 81 67 17 59 81 67 16 60 81 67 16 60 81 67 16 60 81 67 16 60 81 67 16 60 81 67 16 60 81 67 16 60 81 67 16 60 81 67 17 59 81 67 17 58 82 67 17 58 82 67 17 58 82 67 18 57 82 67 18 57 82 67 18 56 84 66 19 55 84 66 19 55 84 66 19 54 85 66 20 53 85 66 20 53 85 66 20 52 86 66 20 52 86 66 21 51 86 66 21 51 86 66 21 51 86 66 21 51 86 66 22 50 86 66 22 50 86 67 21 50 86 67 21 50 86 67 21 50 87 66 21 50 87 67 20 50 87 67 19 51 87 68 18 51 87 68 18 51 87 68 18 51 87 69 16 52 87 69 16 52 88 69 14 53 88 70 12 54 88 71 9 56 88 74 3 59 88 136 89 135 89 135 90 134 90 134 90 134 90 134 91 132 92 132 92 132 92 132 92 132 93 131 93 131 93 131 94 129 95 129 96 128 96 128 97 127 97 127 98 126 98 126 99 125 99 125 100 124 100 125 99 125 99 125 100 125 99 125 99 126 98 126 98 127 97 127 97 128 95 130 94 131 92 133 91 136 86 143 4 6 68 192 16 2092
112 15 208 17 206 19 205 19 205 20 203 22 202 22 202 23 201 24 200 24 200 25 198 27 197 27 197 28 196 28 196 29 195 29 195 29 157 3 35 30 155 7 32 30 154 9 30 31 154 11 28 32 153 12 27 32 153 14 24 34 152 15 23 34 153 16 21 35 152 17 18 38 152 19 14 40 152 21 8 43 152 73 152 73 152 73 152 73 151 74 151 74 151 74 151 75 149 77 148 77 147 79 145 81 143 83 141 87 137 89 135 92 132 93 130 96 128 97 127 98 125 101 123 103 121 106 117 110 114 113 110 118 106 121 103 124 99 128 96 130 93 132 92 133 91 134 90 134 90 135 89 135 89 136 88 136 88 137 87 137 87 138 87 137 87 138 86 138 86 138 86 139 85 139 85 140 84 140 84 141 83 142 82 142 82 143 81 143 81 143 81 143 81 144 80 144 80 144 80 144 80 144 81 143 81 143 81 143 82 142 83 141 83 141 84 140 85 138 86 138 87 137 88 136 88 136 89 135 91 132 93 131 97 127 103 121 105 119 106 118 107 117 108 116 108 116 109 115 109 115 110 114 110 114 111 113 111 113 111 113 112 112 112 112 113 111 114 110 115 109 115 109 116 108 116 108 117 107 117 107 117 107 117 107 118 106 118 106 118 106 119 105 119 105 119 104 121 103 121 103 122 102 122 102 122 102 123 100 124 100 124 100 124 100 125 99 125 99 125 99 125 72 2 25 125 70 6 23 125 70 8 21 125 69 10 20 125 69 10 20 126 67 12 19 126 67 13 18 127 66 13 18 127 65 14 18 127 65 15 17 127 64 16 17 128 63 16 17 128 62 17 16 129 62 17 16 130 60 18 16 130 60 18 17 129 60 18 17 129 59 19 17 129 59 19 17 129 58 20 17 129 58 20 17 129 57 21 17 129 57 20 18 129 56 21 18 129 56 21 18 129 55 21 19 129 55 21 19 129 55 21 19 129 55 20 20 129 54 21 20 129 54 21 20 129 53 21 21 129 53 21 20 130 53 21 20 130 52 23 19 130 52 23 19 130 52 23 18 132 50 25 16 133 50 27 12 135 49 176 48 176 23 2 22 177 22 3 22 177 22 3 21 178 21 3 22 178 21 3 22 178 21 3 22 178 21 2 23 178 46 179 45 179 45 179 45 179 45 179 44 181 43 181 43 181 43 181 43 181 43 181 43 180 44 180 44 180 44 180 44 180 44 179 44 180 44 180 43 181 42 182 40 184 37 187 24 200 23 201 22 203 21 82
8647 5 216 10 213 12 210 15 207 17 206 19 204 20 203 21 128 2 72 23 124 8 69 23 123 12 65 24 122 16 61 25 122 19 57 27 121 20 55 28 122 21 52 29 122 23 49 30 122 26 44 33 121 28 41 34 121 33 29 41 121 103 120 105 119 105 118 106 116 108 114 110 112 112 111 113 109 115 107 117 101 124 93 131 90 134 88 136 86 138 85 139 83 141 82 143 80 145 78 146 77 148 75 150 72 152 71 153 70 155 69 155 69 155 69 155 69 155 69 156 68 156 68 157 67 158 66 159 65 160 64 161 63 162 62 163 61 164 60 165 59 166 58 166 58 167 57 168 56 168 56 169 55 169 55 170 54 171 53 172 52 172 52 173 51 174 50 175 49 176 48 177 47 177 47 178 46 179 45 179 45 180 44 181 43 181 43 181 43 182 42 182 42 183 41 183 41 183 41 183 41 183 41 183 41 183 41 183 41 183 41 183 41 184 40 184 40 184 40 184 40 184 40 184 40 184 40 184 40 185 39 185 39 185 39 186 38 186 38 186 38 187 37 187 37 187 37 187 37 187 37 187 37 188 36 188 36 188 36 187 37 187 37 187 37 187 37 187 37 186 38 186 38 186 38 185 39 185 39 184 40 184 40 183 41 183 41 182 42 181 43 180 44 179 45 179 45 178 46 178 46 177 47 177 47 177 47 176 48 176 49 175 49 175 49 175 49 175 49 175 49 1 2 172 53 170 56 168 58 165 62 162 63 160 66 157 68 154 71 151 75 146 80 6 12 115 113 109 118 104 130 91 144 77 153 60 171 6 4618
7339 17 202 24 198 29 192 34 188 38 184 42 179 47 174 53 169 58 164 61 161 64 158 67 156 69 153 73 150 75 147 78 145 79 143 82 141 84 138 86 137 88 134 90 133 91 131 93 130 93 129 95 128 96 127 97 125 99 125 98 124 98 125 97 68 2 56 95 68 8 50 96 68 11 48 94 70 13 47 91 73 14 45 91 73 15 44 91 73 17 42 91 74 17 41 91 74 18 40 92 74 19 38 92 74 20 38 92 74 20 37 93 73 22 34 94 73 24 32 94 72 26 30 96 71 28 26 98 70 31 23 99 68 36 19 101 40 12 13 45 9 104 39 17 8 160 38 185 39 185 39 184 40 183 41 182 42 182 42 182 42 181 43 181 43 180 45 178 46 177 48 176 48 175 50 173 51 172 53 170 54 169 56 168 56 166 59 163 62 161 63 160 65 158 66 158 67 156 69 155 69 154 70 154 70 153 71 153 72 152 72 151 73 151 73 150 75 147 77 145 79 143 82 141 83 139 85 137 88 134 90 132 92 130 95 127 97 125 99 123 102 121 103 119 106 116 108 115 110 112 115 108 119 104 124 69 10 20 129 62 16 16 132 58 22 12 133 56 26 8 136 52 30 6 137 50 35 1 139 48 177 47 84 3 92 44 84 5 92 42 85 5 93 41 84 7 94 39 84 7 96 36 84 8 99 33 84 8 100 32 84 8 102 29 85 7 103 29 86 5 105 28 88 2 106 28 195 29 195 28 195 29 194 29 193 30 192 31 191 30 191 31 192 30 192 31 191 32 190 32 191 32 191 32 190 32 191 32 191 32 192 31 192 31 192 31 193 30 194 29 194 30 194 28 196 27 197 27 197 25 200 23 201 22 202 20 204 18 206 16 209 14 211 9 7572
2729 8 215 12 211 15 208 18 205 20 204 22 202 23 200 25 199 26 198 28 196 29 195 30 194 32 192 34 190 35 189 37 187 37 187 38 186 39 186 40 184 41 183 43 15 9 158 45 8 18 50 10 93 76 41 16 91 93 17 24 90 98 6 30 90 135 89 135 89 135 89 135 89 135 89 135 89 135 89 134 90 134 90 133 91 133 91 132 91 133 91 133 91 133 91 133 91 133 91 132 92 132 92 132 92 133 91 133 91 133 91 133 91 132 92 131 92 132 92 131 93 130 94 129 95 129 95 128 95 128 96 127 97 127 97 127 97 127 96 128 96 128 96 128 95 130 94 130 94 131 93 131 93 132 92 133 91 133 92 133 91 133 91 134 91 134 90 134 90 135 90 134 90 135 89 135 90 134 90 134 90 135 90 134 90 134 91 134 90 134 90 135 90 134 90 135 90 134 90 134 90 135 90 134 90 134 90 135 90 134 90 135 89 135 90 135 89 135 90 135 89 135 89 135 89 136 88 136 88 137 87 138 87 138 86 139 85 140 84 141 83 142 82 143 81 144 79 146 78 147 77 147 76 149 75 150 74 151 73 152 72 153 70 155 69 156 68 157 68 157 67 158 65 160 64 161 63 162 62 164 59 166 58 167 57 168 56 168 55 170 54 171 53 173 50 175 49 176 48 177 47 177 47 178 46 178 46 179 45 179 45 180 44 180 44 180 44 181 43 182 42 182 43 182 42 182 42 183 41 183 41 183 41 183 41 183 42 182 42 182 42 182 42 182 42 182 42 182 42 182 43 181 43 181 43 181 43 181 43 181 44 180 44 180 44 180 44 180 44 180 44 180 44 180 44 180 44 180 44 180 44 180 44 180 44 180 45 179 45 179 45 179 45 179 46 178 46 178 46 178 46 178 46 178 46 178 47 177 47 177 47 177 47 177 47 177 48 176 48 176 48 176 48 176 48 176 49 175 49 175 49 175 50 174 50 174
2173 9 118 9 84 15 113 16 78 18 111 23 71 20 109 27 66 22 108 33 59 25 105 37 55 27 105 39 50 31 103 41 47 33 102 43 44 36 100 45 41 38 99 47 38 41 98 48 35 44 96 49 33 46 96 50 29 50 95 50 27 53 93 52 25 54 93 53 23 56 91 54 22 58 89 56 21 59 88 57 19 60 87 59 18 61 85 62 15 62 85 68 7 65 83 141 83 142 81 143 80 145 78 146 78 146 77 147 77 148 75 149 74 150 74 150 73 152 72 152 71 153 71 153 70 154 70 154 69 155 69 155 68 156 68 156 67 157 67 157 67 157 67 156 68 156 68 156 68 156 68 156 68 156 69 155 68 156 68 156 68 157 67 156 68 156 68 156 68 156 68 156 68 156 68 156 69 155 69 155 69 155 69 155 70 154 70 154 70 154 71 153 71 153 71 153 71 153 71 154 70 154 70 154 70 154 70 155 69 155 69 155 69 155 69 156 69 155 69 156 68 156 68 157 67 157 68 157 67 157 67 157 67 157 68 156 68 156 68 157 67 157 68 156 68 157 67 157 67 158 66 158 65 160 64 160 64 160 64 160 63 162 62 162 62 162 61 164 60 164 59 166 58 166 58 166 57 167 57 168 56 168 55 170 53 171 53 171 53 172 51 173 51 173 51 173 50 174 50 174 50 175 48 176 48 176 48 175 48 176 48 176 47 177 47 177 47 177 46 178 46 178 46 178 46 178 46 178 46 178 46 178 46 178 46 178 45 179 45 179 45 179 45 179 45 179 45 179 44 180 44 179 46 178 46 178 46 177 47 177 47 177 47 177 48 175 49 175 49 175 50 174 50 174 51 173 53 170 55 169 57 167 59 164 62 162 64 159 66 158 67 157 68 156 69 155 70 154 72 153 73 151 76 148 78 146 80 144 81 143 83 142 83 141 84 140 85 139 85 139 86 138 87 137 89 135 90 134 92 131 95 129 99 124 102 121 105 118 108 115 111 112 113 110 116 106 119 103 123 97 128 41 6 43 136 39 7 39 140 38 7 38 141 37 9 35 144 36 9 34 146 35 8 34 147 35 8 33 148 35 8 32 150 34 8 32 150 34 9 30 151 34 9 30 151 34 9 30 152 32 11 28 60
9719 5 214 16 206 20 202 25 198 28 194 33 190 36 186 40 182 43 179 46 177 48 174 51 172 53 171 53 170 55 168 56 167 57 166 58 165 60 163 61 162 62 161 63 160 64 160 64 159 64 160 63 161 63 160 63 161 62 162 61 163 61 163 60 165 58 166 58 166 58 166 57 168 56 169 54 170 53 172 51 173 50 175 49 175 48 176 48 175 48 176 48 175 49 174 50 172 52 170 21 3 29 168 22 7 27 167 21 11 25 165 20 15 23 164 20 18 21 164 20 20 18 165 20 21 16 166 20 23 13 167 20 25 11 168 19 27 8 169 18 31 5 170 17 34 1 172 15 209 14 211 12 213 9 217 4 42 2 219 6 9 5 202 25 196 29 192 33 190 34 187 37 185 38 112 2 70 40 107 7 68 42 103 11 66 43 97 19 62 45 92 25 60 45 88 31 57 46 87 34 55 46 86 37 53 41 89 41 50 41 88 45 48 42 85 49 46 42 83 53 43 43 74 64 41 44 67 72 38 44 66 76 36 43 66 79 34 43 67 80 31 43 69 81 29 42 71 82 27 41 74 82 26 39 76 83 24 38 79 83 22 39 79 84 20 39 81 84 17 41 82 84 13 43 83 85 10 44 85 85 6 47 86 85 2 49 88 133 91 130 94 121 103 118 106 117 107 115 109 114 109 114 110 113 82 16 13 112 81 20 11 110 82 23 9 86 1 22 83 24 8 86 4 16 86 25 6 87 6 7 93 26 5 87 106 26 4 88 107 25 4 88 108 23 5 88 110 20 7 87 113 15 9 87 137 87 138 86 138 86 138 27 2 57 138 25 6 55 138 24 9 53 138 24 10 52 138 23 12 51 138 23 13 49 139 22 16 47 139 22 17 45 140 22 18 43 141 21 20 41 142 21 21 40 141 22 22 38 142 22 22 38 141 23 23 36 141 24 23 36 140 25 24 35 138 27 25 34 136 29 26 22 3 7 103 3 17 3 1 39 28 8 19 2 96 71 151 73 150 74 149 74 150 74 150 74 150 74 150 73 152 72 152 71 154 69 156 67 158 63 163 32 193 25 201 21 206 15 215 7 4819
60 25 198 32 192 36 5 7 175 57 167 62 162 64 160 65 158 68 156 70 154 72 152 76 148 79 145 80 144 82 142 82 142 83 141 84 140 84 140 85 139 85 139 85 139 85 139 85 138 86 138 86 138 86 138 86 138 86 137 86 138 86 138 86 137 86 138 85 139 85 139 84 139 84 140 84 140 83 141 83 141 83 141 83 141 83 141 83 141 83 141 83 141 83 141 83 141 83 141 83 141 83 141 83 141 83 141 83 141 83 141 83 141 83 142 82 142 82 142 82 142 82 143 81 143 81 143 81 144 80 145 80 144 80 144 80 145 80 144 81 143 81 143 82 142 83 141 84 140 84 140 85 139 85 140 85 139 86 138 87 137 87 137 88 136 88 136 89 135 90 134 91 132 92 132 93 131 94 130 94 130 95 128 97 127 97 127 98 126 99 125 99 124 101 123 102 122 103 121 104 120 105 119 105 119 106 118 107 116 109 115 109 115 110 114 110 114 111 113 112 112 112 112 113 111 113 111 114 109 115 109 116 108 116 108 117 107 117 107 117 107 118 106 118 106 118 106 119 105 119 105 119 105 120 104 120 104 120 104 121 103 121 103 122 102 122 102 123 101 123 101 124 100 124 100 125 99 126 98 126 98 126 97 128 96 128 95 130 94 130 94 130 94 130 93 132 92 132 92 132 91 134 90 135 89 136 87 138 86 139 85 140 84 141 82 143 81 143 81 144 80 144 80 144 79 146 78 146 78 146 77 147 77 147 77 147 76 148 76 148 75 149 75 148 76 148 75 148 76 148 75 148 76 147 76 147 77 146 77 146 78 144 79 143 81 142 81 142 82 141 83 141 82 141 83 141 82 142 82 60 5 77 82 57 9 76 82 53 14 75 81 50 18 24 9 42 81 43 25 23 12 40 80 40 30 20 15 39 80 38 32 19 18 38 78 38 34 16 22 36 78 37 38 11 26 34 77 37 78 32 76 37 80 31 76 36 82 30 75 35 84 30 74 34 87 29 73 34 88 29 72 33 91 27 72 32 94 26 72 29 98 25 71 26 103 24 71 23 106 24 72 18 111 23 72 15 115 21 74 11 119 19 76 6 126 15 212 11 2514
12887 9 209 17 203 23 196 30 191 34 188 39 184 42 180 45 179 46 177 48 175 50 173 51 173 52 171 53 171 53 171 53 170 55 169 55 169 55 168 56 168 56 167 57 167 57 167 57 166 58 166 58 166 58 166 58 165 59 164 59 163 61 160 63 152 71 150 73 149 73 150 72 151 71 152 72 151 73 151 73 150 74 150 74 149 76 148 76 147 78 146 78 145 80 144 80 144 81 142 82 142 83 141 83 140 85 139 85 139 86 137 88 136 88 135 90 133 91 133 92 131 94 130 94 129 96 128 97 127 98 126 99 124 101 123 102 122 103 122 103 121 104 120 104 121 104 120 77 2 26 120 74 6 24 123 70 9 23 128 63 11 23 129 60 14 22 128 22 5 32 16 21 129 21 6 31 17 21 128 20 8 29 19 21 127 20 9 28 20 21 127 19 10 28 20 21 126 19 11 28 20 21 125 19 12 28 20 21 125 17 15 27 20 21 124 17 16 26 21 21 124 16 17 26 22 20 123 16 19 24 23 20 123 15 20 23 24 20 123 13 23 21 25 21 122 11 25 20 26 22 121 8 28 19 27 22 157 18 27 23 157 17 28 22 158 16 29 21 159 14 31 20 160 12 33 19 161 9 36 17 166 1 41 16 210 13 215 7 14610
24 27 196 30 194 30 193 31 193 31 193 32 192 32 192 32 192 31 193 31 193 31 193 31 193 31 193 31 193 32 191 33 191 34 190 35 189 37 186 40 184 42 182 44 180 45 179 47 48 7 121 49 45 12 118 51 42 15 116 52 41 17 113 54 39 19 112 55 37 21 111 56 36 22 109 58 34 24 108 59 33 25 106 61 32 26 105 62 30 27 105 63 29 28 103 65 28 28 103 67 26 29 101 70 23 30 101 72 21 30 78 8 14 75 18 32 74 12 12 77 17 32 72 14 11 80 14 34 70 15 11 82 12 34 68 17 10 84 10 36 66 18 10 86 7 37 65 19 9 89 4 38 64 20 9 132 62 21 8 133 61 22 8 134 58 24 8 134 57 25 7 135 55 27 7 136 53 28 7 136 51 30 7 137 48 32 7 138 45 34 6 139 43 36 6 140 40 38 6 141 36 41 6 143 31 43 7 147 19 51 7 217 7 217 7 215 9 214 10 213 11 212 12 211 13 210 14 210 13 210 14 210 14 209 15 209 15 209 15 208 16 208 16 208 16 208 16 207 17 207 18 206 18 206 18 206 18 206 18 206 18 206 18 206 18 206 18 206 19 205 19 205 19 205 19 205 19 205 20 203 21 203 21 203 21 203 22 202 22 202 22 202 23 201 23 201 23 201 24 200 24 200 24 200 25 199 25 200 24 200 25 199 25 199 26 198 26 198 27 197 27 197 28 196 29 195 30 194 30 194 31 193 32 192 33 191 34 190 35 188 37 187 38 185 40 184 40 183 42 181 44 180 44 180 44 179 46 177 47 177 47 176 49 175 49 174 51 173 51 172 53 171 53 170 55 169 55 168 56 167 58 165 59 164 59 164 60 163 61 161 62 161 63 160 63 160 64 159 65 159 64 160 64 160 64 160 64 159 65 159 65 159 64 160 64 160 64 159 65 159 65 159 65 158 66 158 67 156 68 155 69 154 70 73 6 74 71 72 9 70 74 14 3 53 11 66 77 12 6 51 13 61 82 9 9 50 13 57 87 6 12 49 14 53 92 2 15 48 14 52 111 47 15 50 112 48 14 48 115 47 15 46 117 47 15 42 120 47 15 31 131 48 16 26 135 47 17 23 137 47 19 20 138 47 21 16 140 47 23 13 141 46 26 7 145 46 178 46 178 46 178 46 178 46 178 45 179 45 180 44 180 44 180 44 181 42 182 42 182 42 182 42 183 41 183 41 183 41 184 41 183 41 183 41 183 41 184 40 184 41 183 41 183 41 184 40 184 40 184 40 184 40 185 39 185 39 186 37 187 37 187 37 188 36 123
2548 4 218 9 213 12 212 14 209 16 207 18 206 19 205 20 204 20 204 21 202 22 202 23 201 23 201 24 200 24 200 25 198 27 197 27 197 28 196 30 194 31 192 34 190 37 187 42 37 10 135 46 29 16 133 50 21 22 131 54 15 24 131 59 7 28 130 94 130 95 129 95 129 95 129 95 129 95 129 94 130 94 130 93 131 93 131 93 131 92 132 91 134 90 134 89 135 89 135 88 136 88 136 87 137 87 137 87 136 87 137 87 136 88 136 87 136 88 135 89 135 88 135 89 134 90 134 89 135 89 134 89 135 88 135 87 137 84 139 82 142 80 143 80 144 79 144 79 145 79 144 79 145 79 144 79 145 79 145 79 144 80 144 80 144 80 144 80 144 80 143 81 143 81 143 81 143 82 142 82 143 81 143 81 143 82 142 82 143 81 143 81 143 81 144 80 144 80 144 80 144 80 145 79 145 79 145 79 145 79 146 78 146 77 147 77 147 77 147 77 147 76 149 75 149 74 150 74 150 74 150 73 152 72 152 71 153 71 154 69 155 69 155 68 157 67 157 67 157 66 159 65 159 65 160 64 160 65 159 65 160 64 160 65 160 34 6 24 160 25 16 23 160 23 18 24 159 22 20 23 160 21 20 23 160 21 21 22 160 20 22 22 160 20 23 22 160 19 24 21 160 19 24 21 160 19 25 19 162 17 27 18 162 17 29 16 163 15 31 14 166 12 33 12 169 8 37 9 15768
13353 17 202 26 194 34 186 41 179 47 174 53 167 58 164 62 159 67 155 72 150 76 146 79 143 83 139 88 134 93 129 98 125 103 119 107 116 109 114 111 112 113 109 116 107 118 105 120 103 122 101 123 100 124 99 125 99 125 99 125 99 125 99 125 99 125 98 126 98 126 98 126 98 126 98 126 97 127 97 127 97 127 96 128 96 128 96 128 96 128 95 129 95 129 94 130 93 131 92 132 91 134 88 136 87 138 84 141 81 144 78 147 75 151 70 154 68 157 65 160 62 163 60 164 58 167 56 168 54 171 51 174 48 176 46 179 43 182 41 184 39 185 38 187 36 188 34 191 32 192 31 193 31 193 30 194 30 194 30 194 29 195 29 194 30 194 31 192 32 192 33 190 34 190 35 188 36 188 37 186 39 185 39 185 40 183 42 182 43 180 45 178 46 178 47 176 48 175 50 174 50 173 52 172 52 171 54 170 54 169 56 168 56 167 58 166 58 165 60 164 60 163 62 162 63 160 65 159 66 157 68 155 70 154 72 151 75 71 17 61 78 65 20 60 82 60 23 59 86 51 28 59 93 41 32 57 102 31 34 57 115 15 37 57 167 56 168 55 169 54 171 51 173 50 174 48 175 48 176 47 177 45 179 44 180 43 182 41 183 40 184 40 185 38 186 37 187 36 189 34 190 34 191 32 192 32 192 31 194 30 194 29 196 27 197 26 199 22 202 18 207 12 214 6 2304
8628 8 184 2 2 3 6 4 4 24 170 57 165 61 160 65 156 71 149 77 145 82 140 87 135 92 131 97 125 102 120 106 116 109 112 113 109 115 108 117 105 120 103 122 101 124 99 126 97 128 95 130 93 131 92 133 91 134 89 135 88 137 86 139 84 140 84 141 82 143 80 145 79 147 76 149 74 152 22 6 44 154 18 10 41 158 13 13 39 163 4 18 38 187 36 188 36 188 35 189 35 189 34 190 33 191 33 191 32 192 32 192 31 193 31 193 31 193 31 193 31 194 30 194 30 194 30 195 29 195 29 195 29 195 29 195 29 195 29 195 29 195 29 195 29 194 29 196 28 196 28 196 28 197 27 198 27 198 26 198 26 199 25 199 25 199 25 199 26 199 25 199 25 199 25 199 25 199 25 198 26 198 26 198 26 198 26 198 26 198 26 198 25 199 25 51 6 142 25 49 10 140 25 47 13 139 25 46 15 138 25 46 16 137 25 45 18 135 25 46 19 134 25 46 20 133 25 45 24 130 25 45 27 126 25 45 31 123 25 45 34 120 25 44 38 116 26 43 42 113 26 43 45 110 25 43 49 107 25 43 51 104 26 42 55 101 25 43 62 93 25 43 67 88 25 43 70 86 24 42 74 82 25 42 76 80 26 41 79 77 26 41 81 75 26 41 83 73 27 39 87 70 27 39 90 67 28 39 92 63 30 38 95 58 32 38 100 53 32 38 105 48 33 36 110 45 32 36 113 42 33 34 117 40 32 34 119 39 32 33 122 37 32 32 124 36 32 31 127 34 32 30 130 32 33 28 133 29 34 27 136 27 34 25 140 24 35 23 143 23 36 21 145 21 38 18 147 21 40 14 151 18 43 9 155 15 46 4 162 11 217 4 10343
11312 7 211 21 180 10 9 30 14 9 150 54 7 16 146 81 142 83 140 85 139 86 137 87 137 88 135 89 135 89 135 89 135 89 135 89 135 88 136 88 137 86 138 84 141 82 143 80 146 77 148 75 151 71 154 69 156 68 156 67 157 67 157 66 158 66 158 65 159 64 160 64 160 64 160 64 160 64 160 64 160 64 160 64 160 64 161 63 161 64 160 64 160 65 159 65 158 66 158 67 157 67 156 69 154 70 153 72 151 74 149 75 149 76 147 77 147 78 145 79 145 80 144 80 143 82 142 82 142 82 141 84 140 84 140 84 139 86 138 86 138 86 138 86 138 87 137 87 136 88 136 88 136 88 136 88 136 88 135 89 135 89 135 89 134 90 134 90 134 90 134 90 133 91 133 91 133 91 133 90 134 90 133 91 133 91 133 90 133 91 133 90 134 90 134 89 135 89 135 88 137 87 137 86 138 86 138 86 138 85 139 85 139 85 139 85 138 85 139 85 138 35 12 39 137 36 19 32 136 36 26 25 136 37 27 24 135 37 29 23 135 37 30 22 134 38 30 22 134 38 30 21 134 39 31 20 134 39 31 20 134 39 31 20 134 39 31 19 135 39 31 19 135 39 31 19 136 38 31 19 138 36 32 18 142 3 10 19 32 18 156 18 32 17 157 18 32 17 158 17 32 17 158 17 32 17 158 17 32 17 158 17 32 17 158 17 32 17 157 18 32 17 157 18 32 17 156 19 32 17 155 19 33 17 154 20 33 18 153 20 33 18 152 21 33 18 152 20 34 18 151 21 34 18 151 21 34 19 150 21 34 19 149 21 35 19 149 21 35 20 149 20 35 20 149 19 36 20 149 19 36 21 148 18 37 21 149 17 37 21 149 16 39 20 150 14 40 20 151 12 41 20 155 3 47 19 205 19 206 18 207 17 208 15 210 14 212 11 215 8 3208
1 12 211 15 209 16 208 18 206 19 205 21 203 22 202 23 201 25 199 26 198 27 197 28 188 4 4 30 181 43 178 47 175 50 172 54 168 57 165 60 163 62 160 65 157 68 155 70 152 73 150 75 148 77 146 79 144 80 142 83 140 85 138 87 136 89 134 90 133 92 131 95 128 97 126 99 123 102 121 49 1 55 118 50 1 56 115 52 2 56 113 53 3 57 109 55 3 58 27 18 62 56 3 60 20 44 39 57 5 62 12 56 31 58 5 134 26 58 6 137 22 58 7 143 14 59 9 147 6 62 9 214 10 213 11 213 11 212 12 212 13 210 14 210 15 208 17 207 17 207 17 206 18 206 19 133 12 60 19 131 18 55 20 129 22 53 20 70 4 55 23 51 22 68 7 52 25 50 22 68 7 52 25 49 23 69 7 51 24 50 23 69 7 51 24 49 24 69 7 51 24 49 24 69 8 22 8 20 23 50 24 69 8 16 18 16 23 49 25 69 9 13 22 13 24 49 25 68 10 12 25 11 24 49 25 68 10 11 30 2 30 48 25 68 10 9 65 47 25 68 11 7 68 45 25 68 11 6 72 42 25 68 11 5 75 39 27 67 11 4 77 38 27 67 13 2 78 37 27 68 93 36 28 68 6 2 3 1 81 34 30 69 1 9 81 34 32 78 80 34 34 76 80 34 36 74 80 34 37 72 81 33 40 70 81 33 42 67 82 33 43 65 82 34 45 60 85 33 48 49 94 33 49 46 96 32 53 41 99 31 55 36 102 30 56 35 104 29 57 33 106 27 59 32 107 26 59 32 107 25 60 32 108 24 60 32 108 23 60 34 106 24 60 34 106 23 61 34 105 24 60 34 105 25 60 34 105 25 60 34 104 25 62 32 104 26 62 32 104 26 63 31 103 27 63 30 104 26 65 29 12 3 88 27 66 9 5 13 12 5 87 27 66 8 7 12 12 5 87 27 67 6 9 11 12 6 86 27 67 5 10 11 11 7 85 28 68 4 11 10 11 6 85 29 68 4 12 9 10 6 86 29 68 4 13 8 10 6 86 29 69 3 14 8 8 5 88 29 69 3 14 8 7 5 89 29 70 1 17 7 6 4 90 29 70 2 19 4 99 30 194 30 170 4 20 30 170 4 19 31 170 5 17 32 170 5 16 33 171 4 14 35 172 2 5 4 2 39 178 46 177 47 170 4 2 47 170 54 169 55 169 55 168 55 168 56 167 56 167 57 166 58 36 1 129 57 36 2 128 58 35 4 127 58 35 4 127 57 35 5 127 57 33 8 4 6 115 58 33 19 114 57 34 20 113 57 34 23 110 57 34 25 108 56 34 27 106 57 34 28 106 56 34 30 104 56 34 30 64 3 38 54 35 31 62 5 4 9 25 53 35 31 62 25 7 7 5 52 35 32 60 43 4 50 35 33 59 44 3 49 36 22 2 10 57 97 36 36 3 6 46 97 36 46 45 81 3 12 37 46 44 80 6 11 37 47 42 79 9 9 38 48 40 80 9 9 38 49 38 80 10 8 39 50 36 81 10 8 39 51 7 5 22 82 10 7 40 51 5 10 16 85 11 6 40 52 3 15 2 96 10 5 41 168 10 5 41 167 11 5 41 167 11 4 42 165 13 4 42 158 20 4 42 157 22 3 42 157 22 2 43 157 23 1 43 157 23 1 43 157 67 158 66 158 66 159 65 160 64 161 63 162 62 162 62 163 61 164 60 165 59 166 58 167 15 1 41 167 15 2 40 167 14 4 39 167 14 4 39 167 14 4 39 167 13 6 38 166 14 6 39 165 14 6 39 164 15 7 38 19 8 137 15 7 41 7 20 134 14 8 70 131 15 8 72 129 15 8 73 37 7 85 14 8 74 11 5 17 14 81 13 10 75 5 12 10 20 82 10 10 124 86 2 12 125 99 127 97 132 26 3 63 136 17 9 62 142 8 14 60 166 58 167 56 169 55 170 54 171 53 172 52 173 51 173 51 174 50 175 48 38
128 17 206 18 205 20 204 20 203 22 202 22 201 24 200 24 200 24 199 26 198 26 198 26 198 27 59 5 133 27 56 9 132 27 54 12 130 29 52 13 130 29 50 15 130 30 48 17 129 31 45 19 129 32 43 20 129 33 40 21 129 37 34 24 129 49 19 27 129 56 8 31 129 95 129 94 130 94 129 95 129 94 130 94 130 94 130 93 130 94 130 94 130 93 130 94 130 93 131 93 130 93 131 93 130 93 131 93 131 92 131 93 131 93 85 21 25 93 81 30 19 94 79 36 15 93 78 41 11 94 76 46 7 95 73 151 71 153 69 155 67 156 66 158 63 161 60 164 58 166 55 169 53 172 50 174 47 177 45 179 44 180 42 182 40 184 39 185 38 186 36 188 35 189 34 190 33 191 32 192 30 194 29 194 29 195 28 196 28 195 28 196 28 195 28 196 28 195 28 196 28 196 28 195 29 194 30 194 29 194 30 194 30 193 31 193 30 194 30 193 31 193 30 193 31 193 31 192 31 193 31 192 32 192 31 192 32 192 31 192 32 192 32 192 32 192 32 192 32 192 32 192 32 192 32 192 32 191 33 191 32 191 33 191 34 190 34 189 35 189 35 189 36 187 38 186 39 184 41 183 42 181 44 180 45 179 46 177 48 176 49 175 50 173 51 173 52 171 54 169 55 168 57 166 58 165 60 163 61 162 62 161 64 159 65 157 67 156 68 155 69 154 70 154 71 153 71 152 72 152 72 152 72 152 72 151 73 151 73 151 74 149 75 149 75 148 76 148 76 147 77 147 77 146 79 145 79 144 80 144 81 142 82 141 83 140 85 137 87 136 89 133 91 132 93 129 95 128 97 125 99 123 102 45 4 72 103 44 6 69 105 43 8 67 106 42 10 65 108 41 10 65 108 41 11 63 109 41 11 63 109 41 12 61 111 40 13 60 111 41 13 58 112 41 14 57 112 41 15 55 113 41 15 55 114 41 15 54 114 41 17 52 115 41 17 50 116 42 15 51 116 42 15 51 116 43 14 51 117 44 12 51 117 46 9 51 119 46 8 51 119 47 6 52 119 49 4 52 120 49 2 53 120 104 120 104 120 104 121 49 1 53 121 48 4 51 121 48 5 51 120 48 6 50 120 47 8 49 120 47 9 49 119 47 9 49 119 47 10 49 118 47 10 49 118 47 11 48 118 47 11 49 118 46 11 49 118 46 12 49 117 46 12 49 118 45 12 50 117 45 12 50 117 44 13 50 118 39 18 49 119 17 7 8 24 49 120 14 41 49 121 12 42 49 122 10 44 48 81
8415 2 182 13 10 28 170 59 161 68 153 74 147 80 141 85 137 89 133 93 130 95 128 98 124 101 122 104 93 4 22 107 89 10 17 109 87 13 13 114 84 15 9 119 81 17 4 125 78 147 76 149 75 150 74 152 72 153 71 155 69 157 68 158 66 159 65 160 64 161 63 161 63 162 63 161 63 162 62 162 62 162 62 162 62 162 62 163 61 163 61 163 62 162 62 162 62 162 62 162 62 162 63 161 63 160 64 160 65 159 65 159 65 158 67 157 67 157 67 157 68 155 69 155 69 154 71 153 71 152 72 152 73 150 74 150 75 148 76 148 77 146 80 143 82 142 83 140 85 138 88 134 91 132 93 129 97 126 99 124 100 124 101 122 102 122 102 121 104 120 104 119 106 116 109 107 119 104 121 102 123 101 123 101 124 100 124 100 124 100 123 101 123 101 123 101 123 101 123 101 122 102 122 102 122 103 121 103 120 104 120 104 120 104 120 104 120 104 120 104 120 104 119 105 119 105 119 105 119 105 118 106 118 106 118 106 117 108 116 108 116 108 115 110 114 110 114 111 112 112 112 113 111 113 110 114 110 114 110 115 109 115 109 115 109 115 109 116 108 116 107 117 107 117 107 117 106 118 106 119 105 119 105 119 104 120 104 120 104 120 104 120 103 121 103 121 103 121 103 121 103 121 103 121 102 123 101 123 101 122 102 122 101 123 101 123 101 123 101 123 100 124 100 124 100 124 99 125 99 125 98 126 98 126 98 126 97 128 96 128 96 128 96 128 96 128 96 128 96 128 96 128 95 129 95 129 95 129 95 129 95 129 94 130 94 130 94 130 94 129 94 130 94 130 94 130 94 129 95 129 95 129 95 129 95 128 55
81 8 215 10 213 12 212 13 49 3 158 15 45 9 155 16 42 12 153 18 40 14 152 19 38 15 152 19 37 17 151 20 35 18 151 21 32 20 151 22 30 21 151 23 27 23 150 25 23 26 150 27 16 31 150 28 8 38 151 72 152 72 152 72 152 72 152 71 153 70 154 70 154 69 155 69 155 68 156 68 156 68 156 68 156 67 157 67 157 67 157 67 157 67 156 68 156 68 156 68 156 68 156 68 155 70 154 70 153 71 153 71 153 71 153 71 153 71 153 72 152 72 152 72 152 72 152 72 152 72 152 72 152 72 152 72 152 72 152 72 152 71 153 71 153 71 153 71 152 72 152 72 152 71 153 71 152 71 153 71 153 71 152 71 153 71 153 71 153 71 152 71 153 71 153 71 153 70 153 71 153 71 153 71 152 72 152 72 152 72 151 73 151 73 150 75 149 75 148 76 147 78 145 79 144 80 142 83 140 84 138 86 137 87 136 89 134 90 133 91 132 92 131 93 131 93 130 94 130 94 129 95 129 95 128 96 128 96 127 98 126 98 125 99 125 99 124 100 124 99 125 99 125 99 124 100 124 100 124 100 124 100 123 101 123 101 123 101 123 101 123 101 123 101 123 101 123 101 123 101 123 101 123 102 122 102 123 101 123 101 123 101 123 101 123 101 123 101 124 100 124 100 124 100 125 99 125 99 126 98 127 97 128 96 129 95 130 94 130 95 130 94 131 93 132 92 133 91 134 90 135 89 136 88 137 86 139 85 141 83 142 81 145 79 147 76 151 73 153 71 155 68 158 65 162 62 164 58 167 56 169 47 178 44 181 42 183 40 184 39 186 38 187 36 189 34 191 33 192 31 194 28 197 18 2 5 200 9 216 6 9755
7011 28 187 40 181 44 178 48 174 51 171 54 168 58 164 61 162 63 160 66 156 69 154 72 151 74 149 76 146 78 145 80 143 81 142 83 140 85 139 85 138 87 137 88 136 90 134 92 132 94 130 96 129 97 127 99 125 101 123 103 122 103 121 105 119 106 118 108 116 109 116 109 115 111 113 112 113 112 112 113 111 114 111 114 110 115 110 114 110 115 111 114 111 114 111 114 112 113 112 112 113 112 112 113 112 112 112 113 111 114 110 114 110 115 109 115 110 115 109 115 109 116 108 117 108 118 106 121 103 125 100 127 97 130 95 132 92 134 91 135 89 137 88 138 86 140 85 141 83 142 83 142 82 143 82 143 81 144 80 145 79 145 79 146 78 110 7 29 78 108 11 27 77 109 13 26 76 108 15 25 76 108 16 24 75 109 17 23 75 108 19 22 74 109 20 21 74 108 22 21 73 108 23 19 75 23 16 68 24 18 75 16 25 65 27 16 76 12 30 63 28 15 79 6 34 62 30 13 120 28 9 24 32 10 122 26 11 22 35 7 124 24 12 22 37 3 126 23 14 21 166 22 15 21 166 22 16 20 166 22 16 20 166 21 17 20 165 22 18 19 164 23 18 19 163 23 20 18 162 24 20 18 160 26 20 18 159 27 21 17 158 28 21 17 158 28 21 17 159 27 22 16 160 26 22 16 167 18 23 16 168 17 24 16 168 16 24 16 168 16 25 16 167 16 25 16 167 16 26 15 167 16 26 15 167 16 26 16 166 16 27 15 166 16 27 15 166 16 27 15 166 15 28 15 167 14 28 15 167 14 28 15 168 12 29 15 169 11 29 15 170 8 31 14 172 5 33 14 210 14 210 14 209 14 210 14 210 13 210 14 210 14 209 15 209 15 208 15 209 15 209 15 208 15 209 15 209 15 209 15 209 14 210 14 210 13 211 13 212 11 213 10 215 7 221 1 8364
3951 9 212 14 209 16 113 4 90 18 110 8 87 20 108 11 84 21 108 12 82 23 107 13 80 24 107 14 79 25 106 15 77 26 106 16 75 27 106 17 74 28 105 18 72 29 105 19 70 30 105 20 68 31 106 21 66 31 106 22 64 33 105 23 62 34 105 25 59 35 106 26 56 36 106 27 53 38 107 28 50 39 107 30 31 2 14 40 107 33 19 65 108 35 11 70 108 116 109 115 109 115 109 115 110 114 110 114 111 113 111 113 111 113 111 113 112 112 112 112 112 112 113 110 114 110 114 110 114 110 114 110 114 110 114 109 115 109 115 109 116 108 116 108 116 107 117 107 117 107 117 107 118 106 118 106 118 106 118 107 117 108 116 109 115 110 114 111 113 112 111 115 109 116 108 117 106 119 105 121 103 122 101 125 99 126 97 129 95 134 89 145 79 152 71 157 67 159 64 161 63 162 61 164 60 165 58 167 57 168 55 170 54 171 52 172 52 173 50 174 50 174 49 175 49 176 47 177 47 177 46 179 45 179 44 181 43 181 42 182 42 183 40 184 40 184 40 184 39 186 38 186 37 187 37 187 37 187 36 188 36 188 36 188 36 188 36 188 36 188 36 188 36 188 35 189 35 189 35 189 35 189 35 189 34 190 34 190 34 191 33 191 32 192 32 192 32 192 32 192 31 193 31 193 31 193 31 193 30 194 30 194 30 193 31 193 30 194 30 194 30 194 30 194 29 195 29 195 29 195 29 195 28 196 28 196 28 196 28 196 28 195 29 195 28 196 28 196 28 196 28 196 28 196 28 196 27 197 27 197 27 197 26 198 26 198 26 198 26 198 25 199 25 199 25 198 25 199 25 199 25 199 25 199 24 199 25 199 25 199 25 198 26 198 26 197 27 197 27 196 28 195 29 193 32 189 35 184 40 179 45 176 49 172 52 18 10 140 57 14 18 129 65 10 22 123 104 115 112 85 13 9 162 36 3891
7335 18 200 27 194 32 65 3 24 6 92 35 61 8 21 8 90 37 59 10 19 10 88 39 58 11 17 11 87 41 56 13 16 12 85 42 56 14 14 13 84 44 54 15 14 14 82 45 54 16 12 15 81 47 53 16 11 16 81 47 52 18 9 17 80 48 52 19 7 18 80 48 52 20 4 20 79 49 52 44 79 49 51 45 78 51 50 45 78 51 50 45 78 51 49 46 78 51 49 46 77 52 49 46 77 53 48 46 77 53 48 46 77 53 48 47 76 53 47 48 76 53 47 48 76 53 47 48 76 53 47 49 75 54 46 49 74 55 45 50 74 55 45 51 72 56 45 51 71 57 45 52 67 60 44 53 63 64 44 54 57 69 43 55 52 74 43 56 47 78 43 57 43 81 42 59 38 85 42 61 32 88 43 64 25 92 43 181 43 181 43 181 43 181 44 180 44 180 44 181 43 181 43 182 42 182 43 182 42 182 42 183 42 182 42 182 42 183 42 182 42 183 41 183 42 182 42 183 41 183 42 183 41 183 41 183 42 183 41 183 41 183 42 182 42 182 43 181 43 181 44 181 43 181 44 180 44 180 45 179 45 179 46 177 48 176 49 175 50 174 50 174 51 173 52 172 52 172 53 171 53 171 54 170 54 170 55 168 56 168 57 167 57 167 57 167 58 98 11 56 59 94 16 55 60 91 19 54 60 90 21 52 62 87 23 52 62 86 25 51 62 84 27 51 63 81 30 49 64 80 31 49 65 77 34 48 65 75 36 48 66 72 39 47 66 71 40 47 67 68 43 46 68 65 45 46 68 64 47 44 70 61 50 43 70 58 53 43 71 56 55 42 72 53 58 41 72 51 61 40 73 48 63 40 73 46 66 39 74 44 67 39 75 42 69 38 76 40 71 36 77 39 72 36 78 38 73 35 78 37 74 35 79 36 75 35 78 36 75 35 79 34 77 34 79 34 77 34 80 33 78 33 80 32 80 32 81 31 80 32 81 31 81 31 81 30 82 32 80 30 82 32 81 29 83 31 81 28 84 31 81 28 84 32 80 27 85 32 81 26 85 32 81 26 85 32 81 25 86 32 82 24 86 32 82 24 86 32 82 24 86 32 83 23 86 33 82 23 86 33 82 23 85 34 83 22 85 34 83 22 84 35 83 22 83 19 1 16 84 21 82 19 3 15 84 21 81 20 3 16 83 21 79 21 5 15 83 20 78 23 5 15 84 19 77 24 5 15 84 19 76 24 6 15 84 19 75 25 6 15 84 19 75 25 6 14 85 19 75 25 6 14 85 19 75 24 7 14 85 19 75 24 6 15 86 18 76 22 7 15 86 17 78 19 8 16 86 17 80 14 10 17 86 17 103 18 86 17 103 18 86 17 103 17 87 17 102 18 87 17 102 18 87 17 103 17 86 18 103 16 87 18 104 14 88 18 105 12 88 19 106 10 88 20 110 2 92 20 202 21 202 22 200 24 199 25 198 26 197 26 198 26 198 26 198 26 198 26 198 26 198 25 199 25 200 23 144
129 21 202 23 200 25 198 26 197 27 196 29 193 31 190 34 187 37 131 8 44 41 129 15 34 46 128 20 25 51 127 26 9 62 127 97 127 97 126 98 126 98 127 97 127 98 126 98 126 98 127 97 127 97 128 96 128 96 128 96 129 95 129 96 128 96 128 96 128 97 127 97 127 97 126 99 124 100 123 102 120 104 119 105 117 108 115 109 114 110 113 112 111 113 110 114 109 115 108 116 108 116 107 118 105 119 105 119 104 120 103 121 103 121 102 122 102 122 101 123 101 124 99 125 99 125 98 126 98 126 97 127 97 127 97 127 96 128 96 128 95 130 93 131 93 131 92 132 91 133 90 134 89 135 89 136 87 137 87 137 87 137 87 137 86 138 86 138 86 139 85 139 84 140 84 140 84 140 84 140 83 141 83 141 83 141 83 140 83 141 83 141 83 141 83 141 82 142 82 142 82 142 82 142 82 141 83 141 83 141 83 141 83 140 83 141 83 140 84 140 84 140 84 140 84 140 83 142 20 4 58 142 19 6 57 143 17 8 55 145 14 10 55 146 12 11 54 151 4 16 53 171 53 172 51 174 49 182 42 183 40 185 39 188 35 192 32 194 30 196 27 199 25 200 24 202 21 205 19 205 19 206 17 207 17 208 16 208 16 208 16 208 15 209 15 209 15 208 16 208 16 150 10 47 16 150 18 40 16 149 22 35 18 149 23 32 20 149 25 27 23 148 28 18 30 148 76 148 76 148 76 148 76 148 76 148 76 148 77 147 77 147 77 147 77 147 77 147 78 146 78 146 78 147 78 146 78 146 78 146 78 146 79 145 79 144 81 143 81 143 81 142 83 141 83 140 85 139 86 137 87 137 88 135 90 134 90 133 92 131 94 130 95 128 97 126 100 124 101 122 103 120 105 119 106 117 107 116 109 115 110 113 112 111 114 110 116 108 117 106 120 104 122 102 124 99 128 96 130 94 132 92 133 91 133 90 135 89 136 88 136 88 137 88 137 87 139 86 140 17 4 63 162 62 163 61 163 61 163 62 163 61 163 61 163 61 163 61 164 59 165 59 165 59 165 59 166 58 166 58 166 57 83
3866 10 207 22 199 28 194 33 189 37 185 41 181 44 179 47 176 49 174 51 172 53 58 3 109 55 54 8 106 57 51 10 105 59 48 13 103 62 45 14 102 64 42 16 101 66 40 16 102 68 35 19 101 71 7 44 101 123 101 122 101 123 100 123 101 123 100 124 100 123 100 124 100 124 99 125 99 126 97 128 26 18 52 131 15 31 46 180 43 183 40 185 38 188 36 189 34 191 32 192 30 195 28 197 26 199 23 202 21 204 19 205 18 207 16 209 14 211 13 211 12 213 11 213 10 215 9 215 8 217 7 217 6 219 6 218 6 219 6 219 5 220 4 221 3 221 4 220 4 220 4 220 5 219 5 219 5 219 6 218 6 217 7 217 8 193 8 12 12 189 35 187 38 185 40 182 42 182 43 180 45 178 47 177 49 174 52 172 54 169 59 165 61 162 63 161 64 159 67 157 68 155 70 153 72 152 73 150 75 149 76 147 78 146 79 145 80 143 82 142 82 141 84 140 84 140 85 138 87 136 88 136 88 135 90 133 91 131 94 129 95 128 97 126 99 124 100 123 101 123 102 121 104 119 105 119 106 117 108 116 109 114 111 113 112 111 114 110 115 109 115 108 117 107 117 106 118 105 120 104 120 103 121 101 123 68 7 25 125 64 12 22 126 31 9 21 16 18 129 28 15 12 24 13 132 26 54 7 137 23 60 1 140 21 203 19 205 16 209 13 211 10 214 7 2969 5 217 8 214 11 212 12 211 13 209 16 207 17 205 19 204 20 203 22 201 23 201 24 200 24 200 25 198 26 198 26 198 27 198 26 198 27 197 27 198 26 198 26 198 26 199 25 199 24 201 23 202 22 203 20 206 18 207 16 211 11 5021
126 12 16 28 165 18 10 32 163 20 7 35 161 63 161 63 160 64 150 2 7 65 150 2 6 66 150 3 5 66 150 3 4 67 151 1 3 69 152 72 151 73 151 73 150 74 149 75 149 75 149 75 148 76 148 76 147 77 146 78 146 78 145 79 144 81 142 82 141 83 140 84 140 85 138 86 138 86 137 87 137 88 136 88 135 89 135 89 134 90 134 90 134 91 132 92 132 92 132 92 132 92 132 92 132 92 131 93 131 94 130 94 130 94 129 95 129 95 128 97 127 97 127 97 126 98 125 100 124 100 123 101 122 103 121 103 120 104 120 105 118 106 118 106 117 108 116 108 115 109 115 110 113 111 113 111 113 111 113 111 112 113 111 113 111 113 110 114 110 114 110 114 110 114 110 114 109 115 109 115 108 116 108 116 107 116 108 116 107 117 106 118 106 118 105 119 104 120 103 121 103 120 102 122 101 123 80 10 9 125 78 145 77 147 76 147 76 147 76 148 75 148 75 148 75 149 75 148 76 148 76 148 77 146 78 146 79 145 79 145 79 146 79 145 79 145 80 144 81 143 83 141 88 136 92 131 94 130 95 129 95 129 95 128 96 128 96 127 96 128 96 127 97 126 98 125 98 125 99 124 99 125 99 124 99 124 99 124 99 124 100 123 100 124 99 124 99 124 99 123 100 123 100 123 100 123 99 124 98 126 96 127 95 129 93 130 91 133 87 136 84 140 82 142 81 143 79 145 78 145 79 145 79 145 79 145 79 144 80 144 80 144 80 144 80 144 80 144 81 143 81 143 82 142 82 142 83 141 83 141 83 141 84 140 84 139 85 139 85 140 85 139 85 139 86 138 87 137 90 91 8 35 92 88 13 31 109 70 17 29 110 67 20 27 112 65 21 26 113 64 23 25 113 62 26 23 114 61 28 22 114 60 30 20 115 58 33 19 115 57 34 18 116 56 35 17 118 11 8 35 35 18 141 30 36 17 149 22 37 16 151 20 38 15 152 19 38 15 153 18 39 14 154 17 41 11 155 17 43 8 156 17 208 16 208 17 207 17 207 17 207 18 206 18 206 18 206 19 205 19 205 19 205 20 205 19 205 19 205 19 205 18 206 18 206 18 206 18 207 17 207 17 208 15 209 15 210 13 109
130 22 201 24 199 25 199 25 198 27 196 28 196 28 196 28 195 29 195 29 194 30 194 30 193 31 193 31 193 31 192 32 192 32 192 32 192 32 191 33 191 33 191 32 191 33 190 34 124 8 57 35 121 16 43 44 120 21 35 48 119 26 29 49 120 29 23 52 119 32 18 55 119 34 13 58 119 35 11 59 119 37 7 61 119 38 4 63 119 104 120 104 120 104 121 102 122 102 122 101 124 100 125 98 126 98 127 96 128 95 130 92 133 90 135 88 137 86 139 85 140 84 141 83 142 82 143 81 144 79 147 77 148 76 149 75 150 74 151 73 152 72 154 70 155 69 157 67 159 10 4 51 174 50 175 49 175 49 175 49 175 49 175 48 176 48 176 48 175 49 175 49 176 48 176 48 176 48 176 48 176 49 175 49 175 49 175 50 174 51 174 51 173 52 171 53 171 54 170 54 169 55 169 55 169 56 167 57 167 57 167 57 167 56 168 56 168 56 167 57 167 57 167 57 167 57 167 57 166 58 166 58 166 58 166 58 167 57 167 57 167 57 166 58 166 58 166 58 166 59 165 59 164 60 164 60 164 60 164 60 164 60 164 60 163 61 163 61 163 61 163 61 163 61 163 61 162 62 162 62 162 62 162 62 162 62 162 62 161 63 161 63 161 63 161 63 161 63 160 63 161 63 161 63 161 63 161 63 161 63 161 63 161 63 161 63 162 62 162 62 162 61 163 61 164 60 164 60 164 60 165 58 166 58 166 58 166 58 167 57 167 57 167 57 167 57 167 26 2 29 166 25 7 26 166 24 9 25 167 23 10 24 167 22 12 23 166 23 12 24 165 22 14 23 165 22 15 22 165 21 17 22 164 21 17 22 163 22 18 21 163 21 19 21 163 21 19 22 162 21 19 22 162 20 20 22 161 21 21 22 160 21 21 22 160 21 21 22 160 20 22 22 160 20 22 22 160 20 22 21 161 20 22 21 161 19 23 21 161 19 24 20 161 19 24 20 161 18 25 20 162 16 26 19 164 14 27 19 165 12 28 19 166 9 31 17 207 17 208 15 210 12 214 8 6357
61 69 154 71 152 73 151 73 150 75 148 76 148 77 146 78 146 78 145 80 144 81 142 83 140 85 138 90 134 94 129 98 125 100 123 102 121 103 119 106 117 108 116 108 115 109 114 111 112 112 111 113 110 114 109 116 107 117 106 118 106 118 105 119 105 119 105 119 105 120 104 120 104 120 104 120 104 120 104 120 104 120 104 120 102 122 100 124 98 126 97 127 96 128 95 129 94 131 93 131 92 132 92 133 91 133 91 133 91 133 91 134 90 134 90 135 89 135 90 134 90 134 90 135 89 135 90 134 90 134 91 133 91 133 91 133 92 132 92 132 92 132 93 131 93 131 94 131 93 131 94 130 94 130 95 129 95 129 96 128 97 127 97 127 98 126 98 126 99 125 99 125 100 124 100 124 100 124 101 123 101 123 101 123 101 123 101 123 102 122 102 122 102 122 103 121 103 121 104 120 105 120 104 120 105 119 106 118 106 119 106 118 106 118 107 117 107 117 108 116 108 116 109 115 109 115 110 114 110 114 111 114 110 114 110 114 110 114 110 114 110 115 109 115 110 114 110 114 110 114 110 115 109 115 109 115 109 115 109 116 108 116 108 117 107 117 107 118 106 118 106 119 105 119 105 120 104 120 104 120 104 120 104 120 104 120 104 120 104 120 104 120 104 120 104 120 104 120 104 120 104 120 104 120 104 120 104 120 104 120 104 119 105 119 105 119 105 119 105 118 106 118 107 117 107 117 107 117 107 117 107 117 107 117 107 117 107 117 107 117 107 117 107 117 107 117 107 118 106 118 106 118 106 118 106 118 106 119 105 119 104 120 104 120 104 120 103 121 103 121 102 122 101 123 101 123 101 123 100 124 100 124 100 124 99 125 99 125 99 125 99 125 99 125 99 125 99 125 99 124 100 124 100 124 100 124 99 125 99 124 100 124 100 124 100 124 99 124 100 124 100 124 100 124 100 123 101 123 101 123 102 121 106 118 107 117 108 116 110 114 111 112 113 111 113 111 115 109 58
1 45 178 47 177 48 176 49 175 50 174 51 173 52 172 53 171 54 170 56 168 58 166 60 164 61 163 63 25 5 131 65 20 12 127 66 18 15 125 67 15 19 123 69 12 21 77 1 44 69 11 24 72 8 40 70 9 27 68 12 38 71 7 31 64 14 37 72 6 34 59 17 36 74 2 38 56 18 36 116 53 20 35 119 49 21 35 120 47 22 35 121 44 25 34 122 41 27 34 123 37 30 34 123 32 35 34 124 29 37 34 126 22 42 34 127 17 47 33 130 9 52 33 191 33 192 32 192 32 192 32 193 31 193 31 194 30 195 29 195 29 196 28 196 28 196 28 197 27 197 27 197 27 198 26 198 26 198 26 198 26 198 26 199 25 199 25 199 25 199 25 199 25 199 25 200 24 200 24 200 24 200 24 201 23 201 23 201 23 201 23 202 22 202 22 202 22 203 21 203 21 204 20 205 19 205 19 206 18 206 18 207 17 207 17 207 17 208 16 208 16 208 16 208 16 208 16 208 16 209 15 209 15 209 15 209 15 210 14 210 14 210 14 210 14 210 14 211 13 211 13 211 13 212 12 212 12 213 11 213 11 214 10 215 9 215 9 216 8 216 8 216 8 217 7 217 7 217 7 217 7 217 7 217 7 217 7 217 7 217 7 217 7 217 7 217 7 217 7 217 7 216 8 216 8 216 8 216 8 216 8 216 8 216 8 216 8 216 8 216 8 216 8 216 8 216 8 216 8 216 8 215 9 216 8 216 8 216 8 216 8 216 8 217 7 217 7 217 7 216 8 216 8 216 8 216 8 216 8 216 8 215 9 215 9 215 9 214 10 213 11 213 11 213 11 212 12 212 12 211 13 211 13 211 13 211 13 210 14 210 14 210 14 210 14 209 15 209 15 209 15 209 15 209 15 208 16 208 16 208 16 207 17 207 17 207 17 206 18 206 18 206 18 206 18 206 18 206 18 206 18 206 18 206 18 205 19 205 19 205 19 204 20 204 20 203 21 203 21 202 22 202 22 201 23 200 24 199 25 198 26 198 26 197 27 197 27 196 28 196 29 194 30 194 31 192 33 190 35 188 37 186 39 184 43 180 47 176 49 174 50 173 52 172 53 170 54 169 55 169 56 167 41
5444 3 219 7 215 11 211 16 3 1 200 29 2 14 174 65 153 74 13 7 126 101 113 114 107 120 102 123 99 127 95 130 93 133 89 136 87 138 85 140 83 142 80 145 78 148 74 151 73 154 69 159 64 162 62 163 60 165 58 168 56 169 54 171 52 173 50 175 48 176 48 177 47 177 47 178 46 179 45 180 43 182 42 183 40 185 39 185 38 187 36 189 35 190 33 192 32 193 31 194 30 194 30 195 29 196 28 196 28 197 27 198 26 198 26 199 25 200 24 200 24 201 23 202 22 202 22 203 21 203 21 204 20 205 19 205 19 206 18 207 17 207 17 208 16 208 16 209 15 209 15 209 15 209 15 209 15 210 14 210 14 210 14 210 14 210 14 209 15 209 15 209 15 208 16 207 17 206 18 205 19 205 19 204 20 203 21 202 22 201 23 200 24 199 25 199 25 199 25 198 26 198 26 197 27 197 27 197 27 196 28 195 29 195 29 194 30 193 31 192 32 191 33 190 34 188 36 187 37 186 38 185 39 185 39 184 40 184 40 185 39 185 39 185 39 185 39 186 38 186 38 186 38 186 38 186 38 186 38 186 38 186 38 186 38 186 38 185 39 185 39 185 39 185 39 185 39 185 39 185 39 185 39 185 39 186 38 186 38 186 38 186 38 186 38 185 39 185 39 184 40 184 40 183 41 182 42 181 43 180 44 179 45 178 46 176 48 174 51 171 57 162 64 156 69 153 72 151 75 149 76 147 79 145 81 143 84 140 85 139 86 138 86 138 86 138 86 138 87 137 87 137 87 137 87 137 87 138 86 138 86 138 86 138 86 137 87 137 88 136 88 64 5 67 89 60 10 65 90 57 14 63 92 51 19 62 94 16 53 60 100 5 61 57 168 55 170 53 172 50 175 47 179 42 185 36 191 2 3 25 204 15 214 8 761
2216 7 214 12 210 16 206 19 204 20 203 22 201 24 199 25 199 26 197 27 197 28 196 28 195 29 195 29 194 31 192 32 192 32 191 33 189 36 186 38 99 8 76 41 55 4 34 15 70 46 28 9 12 13 29 18 66 49 26 37 25 22 62 53 24 39 23 23 60 55 23 41 21 25 58 56 23 42 18 28 55 58 22 44 13 33 53 60 21 46 7 38 50 62 20 92 49 63 20 93 47 64 19 96 43 66 19 97 41 68 17 100 38 69 17 102 35 70 17 105 31 72 16 107 27 75 14 112 20 78 14 118 6 86 14 210 13 211 13 211 13 211 13 211 13 211 12 212 12 212 12 211 14 209 15 208 16 208 16 207 17 207 17 206 19 205 19 205 19 204 20 204 20 204 20 203 22 202 23 201 23 200 25 199 26 198 26 197 28 196 29 195 31 193 33 191 35 188 37 187 38 186 39 184 41 183 42 182 42 181 44 180 44 180 44 179 46 178 46 178 46 178 46 177 48 176 48 176 48 176 48 175 50 174 50 174 51 172 52 172 53 171 53 171 53 170 55 169 55 169 55 169 55 168 56 168 56 168 56 167 58 166 58 166 58 166 58 166 58 166 59 165 59 165 59 165 59 164 60 164 60 154 70 153 72 151 73 150 74 149 75 149 75 148 76 148 76 147 78 146 78 145 79 144 80 143 81 142 82 141 84 139 85 138 87 135 89 134 90 132 92 131 93 130 94 128 95 127 97 124 99 122 101 121 102 120 102 112 3 5 103 108 115 105 118 103 120 102 122 100 124 99 125 97 127 95 129 94 130 93 130 94 130 94 130 93 131 92 131 93 131 92 131 93 130 94 130 94 129 94 130 94 129 95 128 96 128 96 128 97 126 98 126 98 125 99 125 99 124 100 123 101 123 101 122 101 122 102 121 103 120 104 119 105 118 106 117 107 115 108 115 109 113 110 113 111 113 110 113 109 114 107 117 106 117 105 119 104 119 104 120 103 121 103 120 103 121 39 6 58 121 32 14 57 121 27 19 56 122 22 24 55 124 18 27 54 125 15 30 53 127 12 31 52 129 10 33 51 131 7 34 51 133 4 36 50 174 49 175 49 175 48 177 46 179 43 182 42 183 40 185 39 186 37 188 36 190 33 134
15549 9 213 12 210 15 208 17 206 18 204 20 203 22 201 23 200 24 198 26 195 29 153 7 28 37 151 10 22 41 150 13 16 45 150 15 12 47 149 75 149 75 149 75 149 75 149 75 150 74 150 74 150 74 151 73 151 73 151 73 151 73 151 73 151 73 151 73 151 73 151 73 150 75 149 75 149 76 148 76 147 77 147 78 145 79 145 79 145 80 143 81 143 82 141 84 140 84 140 85 138 87 137 88 136 89 135 90 134 91 133 92 132 93 131 94 130 95 129 96 128 97 127 101 123 107 36 29 52 119 10 62 33 195 29 196 27 197 27 197 27 197 27 197 27 197 27 197 27 197 27 197 27 197 27 197 27 197 27 197 28 196 28 196 28 196 28 196 28 196 28 196 28 196 29 195 29 195 29 195 29 195 29 195 29 195 29 195 29 195 30 194 30 194 29 195 29 195 29 195 29 195 28 196 28 196 28 196 28 196 27 197 27 197 27 197 26 198 26 198 26 198 26 198 26 198 26 198 26 198 26 198 26 198 26 198 26 198 26 198 26 198 26 198 26 198 25 199 25 199 24 200 23 201 22 202 21 203 18 206 16 208 12 212 9 215 7 217 5 219 3 221 1 4479 1 223 3 221 5 219 16 208 18 206
12294 8 213 13 209 17 205 20 202 23 199 26 196 29 194 31 144 7 39 34 138 16 33 38 133 22 29 40 128 29 26 42 105 52 23 45 101 57 20 46 99 60 17 49 96 64 13 52 94 130 94 131 92 133 91 134 89 135 89 135 89 136 87 137 87 137 87 137 86 138 86 138 85 139 83 141 82 142 80 144 80 144 79 145 78 146 78 146 77 147 76 148 75 149 74 150 72 152 71 153 69 155 67 157 65 159 63 161 61 163 59 165 57 167 54 170 52 172 51 173 50 174 49 175 48 176 47 177 47 177 46 178 45 179 43 180 42 182 41 183 39 184 39 183 40 183 40 184 39 184 40 183 40 183 41 182 41 182 42 181 43 180 44 179 44 179 45 178 46 177 46 177 47 176 48 175 49 174 49 174 50 172 52 171 52 171 53 171 52 171 53 170 54 169 54 169 55 168 56 168 56 167 57 166 58 165 59 164 60 163 61 162 62 161 63 159 66 157 67 156 70 153 73 149 78 145 82 141 86 137 89 134 94 129 98 125 101 122 103 120 105 118 106 116 108 115 109 114 110 113 111 112 111 112 112 112 112 111 112 112 112 112 111 113 111 113 110 113 111 113 110 114 110 113 110 114 109 115 109 114 109 115 109 114 109 115 109 114 109 115 109 114 110 114 110 114 109 114 110 113 110 113 110 114 109 114 108 116 106 117 105 119 103 120 101 122 99 125 97 127 95 128 94 130 92 132 90 134 87 137 85 140 82 142 80 144 78 147 75 149 73 151 73 151 73 151 73 151 73 151 73 150 74 150 75 149 74
3404 9 213 15 207 21 203 24 199 28 196 30 194 32 192 34 191 34 190 36 188 38 187 38 186 40 184 42 183 43 20 17 54 7 83 45 12 27 43 16 82 48 2 37 35 21 81 89 30 24 82 90 25 28 81 92 20 31 82 92 17 33 82 94 12 36 83 95 7 38 84 140 85 139 85 138 86 138 86 137 88 135 89 135 89 134 90 133 92 131 93 130 94 129 95 128 96 127 97 125 99 124 101 121 103 119 105 117 107 115 109 112 112 110 114 109 115 108 117 106 118 106 118 105 119 105 120 104 120 104 121 103 122 102 124 101 125 99 126 98 127 98 126 98 127 97 127 97 126 98 126 98 126 98 126 98 126 97 126 98 126 97 127 97 126 98 126 97 127 97 126 98 126 98 125 98 126 98 125 99 125 99 124 100 123 101 123 101 122 102 121 103 120 104 118 106 117 107 116 108 114 110 112 112 110 114 108 116 106 118 104 120 103 121 102 122 100 124 99 125 98 127 95 129 94 130 92 132 91 134 89 135 88 136 86 138 85 139 84 140 83 141 82 142 81 143 80 144 79 145 78 146 77 147 76 148 76 148 75 149 74 150 73 151 72 152 72 152 71 153 69 155 69 156 67 157 67 158 66 158 66 159 65 159 65 160 64 160 64 160 64 161 63 161 63 161 63 162 62 162 63 162 66 16 3 139 90 135 92 132 95 130 95 129 97 127 99 126 99 125 101 124 101 124 101 124 101 124 101 124 101 124 101 124 101 124 101 124 100 125 100 125 100 125 99 126 99 126 99 126 98 127 98 127 97 88 4 37 96 53 2 29 11 34 95 50 9 23 15 33 95 48 13 18 19 32 94 47 16 15 22 31 94 46 18 10 27 30 94 44 57 30 93 44 59 28 94 43 60 28 94 41 62 27 94 41 62 28 94 41 62 28 93 41 63 27 94 40 65 26 93 40 66 25 94 40 66 25 93 40 67 25 93 40 66 25 93 41 66 25 93 40 67 25 93 40 67 25 92 41 67 24 93 41 66 25 93 41 66 25 93 41 66 25 92 42 65 25 93 43 64 25 93 43 63 26 93 43 63 26 93 44 61 26 94 44 61 26 94 44 61 26 95 44 60 26 95 44 60 25 96 44 60 24 98 44 59 24 98 44 59 23 99 44 60 21 100 44 59 21 101 44 59 20 103 43 59 19 103 44 59 18 104 43 59 18 105 42 59 18 106 41 60 17 14
3961 11 211 18 204 23 200 27 196 30 193 33 190 36 187 39 184 42 180 47 176 50 173 52 171 55 167 58 165 60 163 62 161 64 160 65 158 67 156 69 155 70 154 71 152 72 152 73 151 74 150 75 149 75 149 76 53 8 87 76 52 11 85 77 49 14 84 77 48 16 84 77 46 18 15 7 61 77 46 19 7 17 58 77 45 46 56 77 45 48 54 77 44 50 54 76 44 52 52 76 43 54 51 75 44 56 50 74 43 57 50 73 44 58 50 70 45 60 49 69 45 62 47 64 51 63 45 63 52 65 42 64 52 67 12 10 14 69 51 69 7 96 51 173 51 173 50 173 51 173 50 174 50 174 50 174 50 173 51 173 51 173 51 173 51 173 51 173 51 172 52 172 53 171 53 171 53 171 53 171 54 170 54 170 54 170 55 168 56 168 56 168 57 167 57 167 58 166 59 165 60 164 60 164 61 163 61 163 62 162 62 162 63 162 63 161 73 151 75 149 75 149 76 148 76 149 75 149 76 148 76 149 75 149 75 149 75 149 76 148 76 149 75 149 76 148 76 94 1 53 76 91 7 50 77 89 8 50 77 88 10 49 78 86 11 49 78 85 13 48 79 83 14 48 79 82 15 48 79 80 17 48 79 79 18 47 80 76 22 46 80 71 27 46 80 70 28 46 80 69 29 45 81 68 30 45 81 68 30 45 81 67 31 45 81 67 32 43 82 27 5 35 32 43 82 26 7 34 32 42 83 25 8 34 32 42 83 24 10 33 32 41 84 24 11 32 32 40 85 23 12 32 33 37 87 23 12 32 33 36 88 23 12 31 34 35 89 22 13 31 34 34 90 22 13 31 34 33 91 22 13 31 34 33 90 22 15 29 35 32 91 22 15 28 36 32 91 22 14 28 36 33 91 22 14 27 37 34 90 22 14 26 38 34 90 22 14 25 38 36 89 22 13 24 40 36 89 22 13 21 42 38 88 22 13 20 43 38 88 22 13 19 43 40 87 22 13 18 42 42 87 22 12 18 42 44 86 21 13 16 42 46 85 22 13 15 42 23 3 21 85 22 14 12 40 25 7 19 85 21 15 10 39 26 9 19 85 21 16 7 39 27 11 17 86 20 62 27 12 17 85 21 61 27 14 16 85 20 62 25 16 16 84 20 62 25 17 16 83 20 63 24 19 15 82 20 65 22 20 15 81 21 65 21 21 14 81 21 67 18 24 13 80 21 68 17 25 13 80 21 69 14 27 13 80 20 72 11 28 13 79 20 74 8 30 13 79 20 76 5 31 13 80 18 113 13 80 17 114 13 81 14 116 13 81 12 117 14 84 5 121 14 210 14 210 14 211 13 211 13 212 13 211 13 212 11 214 10 215 9 216 8 217 7 217 8 215 9 215 11 213 11 213 12 212 12 212 12 212 13 211 13 211 13 212 12 213 11 213 10 215 8 217 6 221 1 3625
3472 6 22 10 182 12 15 18 175 20 6 25 168 58 162 63 144 82 140 85 137 89 133 93 128 98 124 101 120 107 115 111 110 116 104 122 98 129 92 134 88 138 85 140 83 142 81 144 79 146 77 147 76 148 75 150 74 150 73 151 72 152 72 151 73 151 72 152 72 152 72 151 73 151 72 152 72 151 73 151 74 150 74 149 75 149 75 149 74 150 74 150 74 150 74 150 74 151 73 151 73 150 74 150 75 149 75 149 75 149 75 149 75 149 75 149 75 148 76 148 76 148 77 146 78 146 78 146 79 144 80 144 80 143 81 143 81 143 82 141 83 141 83 141 83 140 83 141 83 141 83 141 83 141 83 141 83 140 84 140 85 139 85 139 85 138 86 138 86 138 87 137 87 137 87 137 87 137 87 137 87 138 86 138 86 138 86 138 86 137 87 137 87 137 88 136 88 136 88 136 87 137 88 136 87 137 87 136 88 136 88 136 88 136 88 135 89 135 89 135 89 135 90 133 91 133 91 133 91 132 92 132 92 132 92 131 93 131 93 130 95 129 95 128 96 128 96 127 97 127 97 126 98 125 99 122 102 117 107 114 110 113 111 112 112 111 114 109 115 108 117 106 118 105 120 103 122 101 124 100 125 99 125 98 127 97 127 96 129 95 129 94 131 92 133 90 134 88 138 85 140 83 142 81 144 79 146 76 149 74 151 71 154 68 158 65 161 61 165 58 169 54 174 48 179 42 185 37 190 31 196 26 203 18 211 9 9975
27 20 69 12 121 30 26 3 29 16 120 33 20 8 26 18 118 38 13 14 21 20 118 69 14 24 116 108 116 109 115 109 114 110 114 110 114 111 113 111 112 112 112 112 112 113 111 113 111 113 110 114 110 115 109 115 109 115 109 115 108 116 108 116 108 117 107 117 107 117 106 118 106 118 106 118 106 118 105 120 104 120 104 120 104 121 102 124 49 12 39 125 44 20 35 128 39 25 32 130 35 30 29 132 32 32 28 134 29 34 26 137 26 35 26 138 24 37 25 140 21 38 24 143 18 40 23 145 14 42 22 148 10 44 22 203 20 204 20 204 20 205 18 206 18 206 17 207 17 207 17 207 17 207 16 208 16 208 16 207 17 207 17 207 16 208 16 207 17 207 17 207 16 207 17 206 18 206 17 206 18 206 18 205 18 206 18 206 17 207 17 207 16 208 15 209 14 210 14 210 13 211 13 211 13 212 12 212 12 213 11 213 11 213 11 214 10 214 10 215 9 215 9 216 8 216 8 217 7 218 6 218 6 219 5 220 4 221 3 222 2 223 1 223 1 3583 1 223 1 220 4 219 5 217 7 216 8 215 9 214 10 214 10 214 10 214 10 214 10 215 9 216 8 217 7 217 7 218 6 219 5 219 5 220 4 220 4 221 3 222 2 223 1 223 1 223 1 223 1 223 1 223 1 223 1 223 1 223 1 223 1 223 1 223 1 2688 1 223 1 223 2 222 3 221 3 221 4 220 4 220 5 219 5 219 6 218 6 218 6 218 7 217 7 217 8 216 8 216 9 215 9 215 10 214 11 213 11 213 12 212 13 211 13 211 14 210 15 209 15 209 16 208 16 208 17 206 19 205 19 205 20 203 22 201 24 122 8 69 25 118 16 65 26 115 21 62 27 113 23 60 29 111 26 58 30 109 28 57 31 107 30 56 33 104 32 54 34 104 33 53 35 103 33 53 36 101 34 53 37 100 35 52 39 97 36 52 40 95 38 51 42 92 39 51 43 90 41 50 44 88 43 49 44 87 45 48 45 86 46 47 46 84 49 45 46 83 51 45 45 83 54 42 46 81 57 40 46 80 61 37 47 79 62 36 47 78 65 8 6 19 6
91 15 206 20 203 23 199 26 195 31 190 36 182 53 162 66 149 80 142 87 134 94 128 102 6 9 106 121 101 125 98 128 96 130 93 132 92 134 89 136 88 137 87 138 85 140 84 141 83 143 81 145 79 148 76 152 72 156 68 158 66 160 64 162 62 163 61 165 59 166 58 166 58 167 57 167 57 168 56 168 56 169 55 169 56 168 56 168 56 169 55 169 55 169 55 169 56 168 56 168 56 168 56 168 56 168 56 168 56 168 56 168 56 168 55 169 54 169 53 171 48 176 42 182 39 185 36 188 34 189 33 191 30 194 26 197 24 200 21 203 18 205 17 207 17 207 17 206 18 206 18 206 18 205 19 205 19 204 20 204 20 204 20 203 21 203 21 202 22 202 22 202 22 202 22 201 23 201 23 201 23 201 23 201 23 200 24 200 24 200 24 199 25 198 26 191 33 189 35 187 37 186 38 185 39 185 39 184 40 184 40 183 41 183 41 183 41 182 42 182 42 182 42 181 43 181 43 181 43 181 43 181 43 181 43 181 43 181 43 181 43 181 43 181 43 181 43 181 43 181 43 181 43 181 43 180 44 180 44 180 44 180 44 180 44 179 45 179 45 179 45 178 46 177 47 176 48 176 48 176 48 148 2 26 48 145 7 24 48 143 9 24 48 142 11 23 48 141 12 23 48 140 13 24 47 140 13 24 47 140 12 25 47 140 12 26 46 141 10 27 46 142 9 28 45 145 5 29 45 180 44 180 44 181 43 182 42 183 41 183 41 184 40 185 39 185 39 186 38 186 38 187 37 188 36 165 2 22 35 162 7 20 35 161 8 21 34 159 11 21 33 157 14 21 32 118 1 36 16 21 32 118 1 34 19 21 31 132 40 21 31 131 42 21 30 130 43 22 29 130 44 21 29 130 44 22 28 130 45 22 27 130 45 23 26 131 45 23 25 131 45 23 25 131 46 23 24 132 45 24 23 134 43 25 22 134 44 24 22 135 43 25 21 135 7 3 33 27 2 5 12 133 10 2 33 34 12 131 47 35 11 129 49 35 11 127 50 35 12 126 51 35 12 126 49 30 19 125 31 6 11 31 20 125 31 46 22 125 30 46 23 125 30 46 23 124 30 46 24 124 29 48 23 123 28 50 23 123 27 51 23 122 27 52 23 122 26 54 22 121 26 55 22 120 27 55 22 118 29 56 21 117 29 57 21 116 30 57 21 115 31 56 22 114 32 56 23 112 33 55 24 111 35 52 26 109 37 51 27 108 39 48 31 105 43 42 35 102 51 26 47 98 56 10 62 94 132 88 139 27 9 32 1 1 2 7 147 22 30 6 167 20 205 18 207 17 208 15 190
368 8 211 14 205 21 197 29 191 34 188 38 184 41 181 44 178 47 175 50 171 54 168 57 165 60 162 64 158 67 154 71 150 75 147 78 144 81 142 83 139 87 136 89 133 93 129 97 126 99 123 101 121 104 118 106 117 108 114 110 113 111 111 113 110 114 108 117 106 118 104 120 103 121 101 123 99 125 98 126 97 127 95 130 93 131 92 132 90 134 89 136 87 137 86 138 84 140 83 142 81 143 80 144 79 145 78 147 76 148 75 149 75 149 74 151 72 152 72 152 71 153 71 153 70 155 69 155 68 156 68 156 68 156 68 156 67 157 67 157 67 157 67 156 67 157 67 157 67 157 67 157 67 157 67 157 66 158 66 157 67 157 67 157 67 157 66 158 66 158 66 158 65 159 65 159 64 160 64 159 64 160 62 146 3 13 61 146 6 10 61 147 7 9 60 147 11 5 60 148 75 149 75 149 75 149 75 149 74 150 74 150 74 150 74 150 75 149 75 150 74 150 74 150 75 150 74 150 75 150 75 149 75 149 76 149 75 149 75 149 75 149 75 150 74 150 74 150 74 150 74 150 73 151 73 151 73 151 72 152 72 151 73 151 73 151 73 151 72 151 73 151 72 54 3 95 72 51 35 65 72 50 38 64 72 50 39 21 3 39 71 50 41 20 4 37 71 51 42 19 5 36 71 25 2 23 43 19 6 35 70 23 6 22 43 19 8 32 71 22 8 21 44 18 10 30 71 20 10 21 44 18 11 28 72 19 12 20 45 18 12 24 73 19 13 19 46 18 15 20 74 18 14 19 46 19 17 15 76 17 15 19 47 19 19 8 80 16 17 18 47 21 105 15 18 18 47 22 104 15 18 17 49 23 102 15 18 17 49 26 99 15 18 17 50 26 98 15 18 17 50 27 96 16 18 17 51 28 94 16 18 17 51 28 94 16 18 17 52 28 93 16 18 17 52 29 91 17 18 17 53 28 91 17 18 17 53 28 91 17 18 17 54 27 91 17 18 17 54 28 89 18 18 17 55 26 90 19 17 17 56 25 90 19 17 17 57 24 90 19 17 17 58 22 91 19 17 17 59 20 92 19 17 17 61 17 94 18 17 17 64 12 96 17 18 17 71 2 100 16 17 18 173 15 18 18 175 12 19 18 177 9 19 19 180 5 20 19 205 19 204 20 204 20 203 21 203 21 202 21 203 21 202 22 202 21 203 21 202 21 203 21 203 20 204 20 204 19 205 19 205 18 206 17 208 16 208 15 209 14 211 12 213 9 217 3 5997
5937 7 215 10 213 13 211 14 210 15 208 16 46 2 160 17 41 9 157 18 38 12 156 19 35 15 155 20 33 17 154 20 32 18 154 21 30 19 154 21 29 20 154 22 26 22 154 23 24 23 154 23 23 24 154 24 21 25 154 25 19 26 154 26 17 27 154 28 13 29 154 70 153 71 153 71 153 70 154 70 153 71 153 71 153 71 153 71 152 71 153 71 153 71 152 72 152 72 151 72 151 73 149 74 148 76 145 78 142 82 136 88 132 91 130 94 129 95 128 96 127 97 126 97 127 97 126 98 125 99 124 100 123 100 123 101 122 102 121 103 120 104 120 103 120 104 120 104 119 105 119 105 118 106 117 106 117 107 117 107 116 107 116 108 116 108 115 109 114 110 114 110 113 112 110 114 109 116 107 117 107 118 106 118 105 120 104 119 105 119 105 119 104 119 105 118 105 118 105 118 106 118 105 118 106 118 105 119 105 118 105 119 105 119 105 118 105 119 105 119 105 118 105 119 105 118 106 118 105 119 105 118 106 118 105 119 105 118 105 119 105 118 106 118 106 118 106 117 107 117 107 117 107 116 108 116 108 115 109 115 110 113 111 113 111 112 113 111 113 110 114 110 114 109 115 109 115 108 117 107 117 106 118 106 119 104 121 103 122 101 123 101 124 99 126 98 127 96 129 95 130 94 131 93 131 93 132 91 134 90 135 90 134 90 135 89 136 89 136 89 136 89 135 90 135 90 134 90 134 91 133 91 133 91 133 92 132 92 132 92 133 91 134 90 135 89 136 88 137 87 137 88 136 88 136 87 137 35 9 43 137 34 13 40 137 33 17 37 137 32 20 35 137 31 23 33 137 31 25 31 137 30 27 30 138 29 29 28 139 28 31 26 140 26 34 24 141 25 36 22 142 23 39 20 143 22 41 17 145 20 43 16 146 17 47 14 149 12 50 13 213 11 215 9 217 7 219 5 3432
1270 2 221 4 218 7 217 7 216 8 215 9 214 10 214 11 212 12 212 12 212 12 211 13 211 13 211 13 211 13 210 15 209 15 209 15 209 15 208 16 208 16 208 16 207 17 207 17 206 18 206 18 205 19 205 19 205 19 204 20 203 20 204 20 203 21 203 21 114 18 71 21 110 28 64 22 93 5 9 34 61 22 93 52 57 22 92 57 52 23 93 59 49 23 94 61 45 23 95 64 42 23 96 65 39 24 97 68 34 24 98 71 30 24 99 73 26 26 100 74 21 28 101 76 16 30 102 78 11 32 103 81 4 36 103 120 104 119 105 119 105 118 106 118 106 118 106 117 106 118 106 118 106 118 106 118 106 118 106 118 106 118 106 118 106 118 107 117 107 117 107 117 107 117 107 117 108 116 108 116 108 116 108 116 108 116 109 115 108 116 108 116 108 116 108 116 108 116 108 115 109 115 110 114 110 114 110 114 111 113 112 112 113 111 114 110 115 110 114 111 114 28 2 81 114 24 8 79 114 22 12 77 114 21 15 75 114 19 20 72 114 17 23 71 114 16 25 70 114 14 28 69 115 11 30 69 116 8 33 68 158 67 159 40 8 18 160 36 11 17 162 32 14 17 162 29 17 17 162 27 19 16 162 26 20 17 162 24 22 17 161 23 24 16 162 21 26 16 161 21 26 17 160 20 28 16 160 20 29 16 160 18 31 16 159 18 33 15 158 17 35 15 157 17 36 15 157 16 37 15 156 15 39 16 154 15 41 15 153 16 41 15 152 16 42 16 151 15 43 16 150 15 44 16 149 16 44 17 148 15 45 18 146 16 45 18 146 15 46 18 145 16 45 19 145 16 45 19 145 15 47 18 144 16 47 17 145 16 47 17 144 16 48 16 145 16 48 16 145 16 48 15 146 15 48 15 147 15 48 14 147 16 49 11 149 16 49 9 151 15 52 4 154 15 209 16 209 16 209 15 209 16 209 16 209 15 210 15 209 16 209 15 209 16 209 16 209 15 209 16 208 16 209 16 208 16 208 16 209 16 208 16 208 16 209 15 209 15 209 15 210 14 211 12 212 12 213 11 215 8 218 4 10167
11 138 84 141 83 142 81 143 81 143 80 144 80 144 80 144 80 144 80 144 81 143 81 143 81 144 80 144 81 143 81 143 81 143 82 142 82 142 83 142 82 142 82 142 83 141 83 142 82 142 83 141 83 142 83 141 83 142 83 141 84 140 84 139 86 138 87 137 88 136 89 134 90 134 91 133 92 132 92 132 92 132 92 132 92 132 92 132 92 132 93 131 93 130 94 130 95 129 95 129 95 129 96 128 97 127 98 126 99 125 100 125 99 125 100 124 101 123 102 122 102 123 102 122 103 121 103 122 103 121 104 121 103 121 103 122 103 121 103 122 102 122 103 122 102 123 102 122 102 122 103 122 102 122 103 121 104 121 103 121 104 121 103 122 103 122 102 123 101 124 100 124 100 125 99 125 99 125 98 127 97 127 96 128 95 130 93 131 92 133 91 133 90 135 88 137 87 138 85 140 84 141 82 144 80 145 79 146 78 147 76 150 74 151 73 152 72 153 71 154 70 156 67 158 66 159 65 160 64 161 63 161 63 162 62 162 62 162 62 163 61 163 61 164 60 164 60 165 59 166 58 167 57 167 57 168 57 168 56 169 55 169 56 169 55 169 55 169 55 169 56 169 55 169 55 170 54 170 54 171 53 171 54 171 53 171 54 171 53 172 53 172 52 173 51 174 50 175 49 175 48 177 47 178 46 178 46 179 44 180 44 180 44 180 44 180 44 180 43 181 43 181 43 180 44 180 44 180 44 179 45 179 45 179 44 180 44 181 43 181 42 182 42 182 42 182 41 183 41 182 42 182 41 182 42 181 43 181 43 181 43 181 42 64 2 116 42 64 2 116 42 64 2 116 41 183 41 184 39 185 38 186 37 187 36 189 34 190 32 192 29 196 24 200 22 202 20 204 19 204 19 205 18 206 18 205 18 206 18 205 18 205 19 204 20 183 10 8 23 176 48 164 61 67 13 66 80 56 27 56 87 47 38 50 94 32 51 45 181 41 187 34 206 12 2330
14201 7 212 23 199 28 194 32 191 34 189 36 187 39 184 41 182 43 180 46 178 47 176 49 174 51 172 53 170 55 168 57 167 58 165 60 163 62 162 63 161 64 159 66 158 67 157 68 155 70 154 70 154 71 152 73 151 74 150 76 148 78 146 80 144 82 142 84 140 86 138 87 137 88 137 88 136 89 136 89 135 90 135 89 136 89 138 3 2 82 144 81 143 81 144 81 143 82 143 81 143 82 142 83 142 83 142 82 142 83 142 83 142 83 141 83 142 83 141 84 141 83 141 84 141 83 142 83 142 82 143 82 142 82 143 82 142 82 143 81 143 82 142 82 142 83 141 83 141 84 140 84 140 85 139 85 139 86 138 86 138 87 137 87 136 89 135 89 135 89 134 91 133 91 132 92 132 92 131 93 131 93 131 93 131 93 130 94 130 93 130 94 129 95 128 95 128 95 128 95 128 95 128 95 129 94 130 93 131 91 133 90 135 20 6 60 140 9 19 49 180 27 204 11 11738
3958 11 209 18 204 22 76 10 114 25 74 14 109 28 72 18 105 30 71 20 83 7 11 33 70 22 70 62 70 25 60 70 69 29 45 81 69 33 22 100 69 156 68 156 69 155 69 155 69 156 69 155 69 155 70 155 69 155 70 154 71 153 71 153 72 153 71 153 72 152 73 151 73 151 74 151 73 151 74 150 75 149 75 149 76 148 77 147 78 147 77 147 78 146 79 146 79 145 79 145 80 144 80 145 79 145 79 145 79 146 78 146 78 146 78 147 77 147 76 148 76 148 76 149 74 150 74 150 74 151 73 151 73 151 73 152 71 153 71 153 71 154 70 154 69 156 68 156 68 157 66 158 66 159 65 159 64 161 63 161 63 162 62 163 61 163 61 164 60 165 59 166 58 167 57 167 57 168 56 168 56 169 55 170 54 170 54 171 53 171 53 172 52 172 52 173 52 173 51 173 51 174 50 174 51 174 50 174 50 175 49 175 49 176 49 175 49 175 49 176 48 176 48 176 48 177 47 177 47 177 47 178 46 178 46 178 46 179 45 179 45 179 44 180 44 180 44 181 43 181 43 181 43 181 42 182 42 182 42 182 42 182 42 182 42 182 42 182 41 183 41 184 40 184 40 184 40 184 40 184 40 184 40 184 40 184 39 185 39 185 39 185 40 184 40 184 40 184 40 184 40 184 40 184 41 183 41 183 41 183 41 183 41 183 42 182 42 181 43 181 43 181 43 181 43 181 43 181 43 181 43 181 42 182 42 182 42 182 41 183 41 183 41 183 40 184 40 184 39 185 39 185 39 185 39 185 39 184 39 185 39 185 39 185 40 184 40 184 40 184 40 184 40 183 41 183 42 180 44 179 45 178 46 178 46 178 47 177 47 177 47 177 47 177 48 176 48 176 48 176 48 176 49 174 50 174 50 174 51 173 51 173 51 173 51 173 52 172 52 172 52 172 52 172 53 171 54 170 54 170 55 168 21
4324 6 216 10 214 12 211 14 210 16 208 17 206 20 204 21 202 23 201 24 200 25 199 27 197 28 196 29 195 32 193 35 189 39 185 42 182 45 179 52 172 60 164 72 152 74 150 76 149 76 148 77 147 77 148 77 147 77 147 78 146 78 146 79 146 78 146 79 145 79 145 79 145 79 145 79 145 80 144 80 144 80 144 80 144 80 144 80 144 80 144 80 144 81 143 81 144 80 144 80 144 79 145 79 145 79 145 79 145 79 145 78 147 77 147 77 147 76 148 76 149 74 150 74 150 73 151 73 151 73 151 72 152 72 153 71 153 70 154 70 154 70 155 68 156 68 156 67 157 67 157 67 157 66 159 65 159 65 159 64 160 63 161 63 162 61 163 60 164 59 165 57 167 55 168 53 171 49 175 46 178 44 180 44 180 43 181 42 182 41 183 41 183 40 184 39 185 19 7 12 185 18 12 8 186 17 207 16 207 17 207 16 208 15 208 16 208 16 208 15 209 15 209 15 209 14 210 14 211 12 212 11 215 7 20304
5207 5 217 10 214 12 44 3 164 14 39 10 161 16 35 14 159 19 31 16 159 23 24 19 158 35 9 22 158 67 158 67 157 67 157 67 158 67 157 67 157 67 158 67 157 67 157 68 157 67 157 67 157 68 156 68 156 69 156 68 156 68 156 69 155 69 155 69 155 69 155 69 155 69 155 69 155 69 155 69 155 69 155 69 155 69 155 68 156 68 156 68 156 68 156 68 156 68 156 68 156 68 156 68 156 68 156 68 156 68 156 68 156 68 156 68 156 68 156 68 155 69 155 69 155 69 154 70 154 70 154 70 153 71 153 71 153 71 153 72 152 72 152 72 152 73 151 73 151 74 150 74 149 76 148 77 147 78 146 79 145 81 143 83 141 85 139 86 138 88 136 89 135 90 134 91 133 92 131 93 131 94 130 95 129 95 129 96 128 96 128 97 127 97 127 98 126 98 126 98 126 99 125 99 126 98 126 98 126 99 125 99 125 99 125 100 124 100 124 100 124 100 124 101 123 101 123 101 123 101 123 101 123 101 123 101 123 101 123 101 123 101 123 101 123 101 124 99 125 98 126 98 126 97 127 97 128 95 129 95 129 94 130 94 130 93 132 91 133 91 133 90 135 88 136 87 137 86 139 84 140 82 143 80 144 79 145 78 147 75 149 74 151 72 152 71 154 69 155 67 158 65 159 64 160 63 161 62 162 61 164 57 167 55 169 53 171 52 173 50 174 49 175 49 175 48 177 47 177 46 178 46 178 46 179 44 180 44 181 43 181 43 181 43 182 42 182 41 183 41 183 41 184 40 184 40 185 39 186 38 186 38 187 37 188 36 189 35 190 34 191 33 193 31 194 30 194 30 195 29 195 29 196 28 197 27 198 26 199 25 201 23 202 21 205 19 206 18 208 15 211 12 214 9 216 5 1016
12870 5 2 5 210 22 199 27 195 31 191 35 188 37 187 38 185 40 184 41 182 43 181 44 179 45 179 45 178 47 177 47 176 49 174 50 173 51 173 52 171 53 171 54 169 55 169 56 168 57 166 58 166 58 166 59 164 60 164 61 162 62 162 63 160 64 160 65 158 66 158 67 156 68 156 69 154 70 154 71 153 71 153 71 152 73 151 73 151 73 151 74 150 74 149 76 148 76 148 76 147 77 147 78 146 78 145 79 145 79 144 81 143 81 143 81 142 82 142 83 141 83 140 84 140 84 140 85 139 85 139 86 138 87 137 87 137 88 136 88 137 87 137 88 136 88 136 88 136 88 137 87 137 87 138 86 139 84 140 84 141 83 142 81 145 79 146 77 148 76 148 76 148 76 149 75 149 75 150 74 151 72 152 72 152 72 153 70 155 69 155 69 155 69 155 69 155 70 153 72 152 72 151 74 149 75 148 76 147 77 146 78 145 79 144 80 143 80 144 79 144 80 144 79 145 79 144 80 144 80 143 80 144 80 144 80 144 80 144 80 145 78 149 75 152 72 155 68 158 65 161 63 163 60 166 57 168 55 170 52 173 50 175 48 177 46 178 45 180 44 181 42 182 42 183 41 183 40 184 40 185 39 185 38 186 38 186 37 187 36 188 33 192 31 193 30 194 29 195 28 196 27 198 25 199 24 200 23 202 21 203 20 205 19 205 18 207 16 209 15 211 12 215 8 1450
6969 13 209 21 201 26 197 32 191 38 21 4 160 44 10 14 155 71 152 74 149 78 145 81 142 83 140 85 138 87 136 89 135 90 133 92 131 93 130 95 128 96 128 97 126 98 125 99 125 100 124 100 123 101 123 101 123 102 122 102 122 102 122 102 122 102 122 102 123 101 123 102 123 101 124 100 127 97 129 95 131 93 134 90 136 88 137 87 138 86 138 85 139 85 139 84 139 85 139 85 139 85 139 83 141 82 142 82 142 82 142 83 141 86 6 5 126 101 123 108 116 113 111 116 108 125 99 128 97 145 79 147 77 148 76 150 74 153 71 156 69 158 66 160 64 161 63 162 62 163 61 163 61 164 60 164 60 165 59 165 59 166 58 166 58 167 56 169 55 170 54 171 52 175 49 178 46 181 42 185 39 188 36 193 30 195 29 197 27 199 24 204 20 205 19 208 15 209 15 210 14 210 14 210 14 210 14 210 14 210 13 211 13 211 13 211 13 211 13 211 13 211 13 211 13 211 13 210 14 210 14 209 15 207 17 206 18 205 19 203 21 162 12 27 24 158 26 4 36 155 69 153 71 151 72 150 74 147 77 144 79 142 82 140 83 140 84 138 85 139 84 139 85 138 85 139 85 117 2 19 86 114 7 16 86 113 10 15 86 111 14 12 87 108 18 9 89 106 23 4 91 104 120 104 120 103 121 103 121 103 122 102 122 101 123 101 124 100 125 99 126 98 127 97 129 95 131 93 135 47 3 39 141 40 5 38 160 19 7 38 166 11 9 38 187 37 187 37 186 38 186 38 185 39 184 40 183 41 182 42 181 43 180 43 180 44 179 45 177 46 177 46 177 46 177 46 176 47 176 47 176 47 175 48 174 49 174 49 173 49 174 49 174 49 174 48 175 48 175 47 176 46 177 46 177 45 179 43 180 43 181 42 182 41 183 40 146
9972 19 201 28 194 36 186 41 182 46 177 49 174 51 172 53 171 54 170 54 170 55 169 56 168 57 166 58 166 59 166 58 166 58 166 58 167 58 166 58 166 58 166 58 167 57 167 57 167 57 166 57 167 57 167 56 168 55 168 55 168 55 168 55 168 56 166 57 166 58 165 59 163 60 164 58 165 58 165 58 165 58 165 59 164 59 164 60 162 62 161 62 161 63 160 63 160 63 160 62 161 61 162 59 163 59 164 59 164 59 164 59 164 59 164 60 162 62 161 62 161 63 160 64 158 66 157 68 155 69 153 71 152 72 150 74 149 75 147 77 146 78 145 79 143 81 142 82 141 83 140 84 139 85 138 85 138 86 137 87 136 87 136 88 135 88 135 89 134 89 134 90 133 91 131 92 131 93 130 93 130 93 131 93 130 93 130 93 130 93 130 94 129 94 130 93 130 93 130 93 131 92 131 93 130 94 130 94 129 95 129 94 130 94 129 95 129 95 128 96 128 96 127 97 127 98 125 99 125 68 8 23 125 64 13 22 125 63 14 22 125 63 15 21 124 64 15 21 124 63 16 21 124 63 17 20 124 63 17 20 124 62 18 20 123 63 18 20 123 62 19 20 123 62 19 20 123 61 20 20 123 61 21 19 122 62 21 19 122 62 21 19 122 62 21 19 122 62 22 18 122 61 23 18 123 60 23 18 124 59 23 18 125 57 24 18 126 56 24 17 128 55 24 17 129 53 25 17 130 51 26 16 132 50 26 16 132 49 28 15 133 47 29 15 134 45 30 16 134 42 32 16 136 39 34 15 140 33 36 15 143 23 44 15 146 9 54 16 209 15 209 16 209 15 209 15 210 14 211 13 212 11 214 9 217 6 5035
41 3 219 7 217 8 215 10 214 11 213 13 211 14 209 16 208 18 206 19 205 20 204 22 203 22 202 23 201 25 199 26 198 28 196 30 194 32 17 21 155 34 9 33 148 83 141 85 140 86 138 88 16 7 113 90 11 12 112 91 6 16 111 113 112 112 112 113 111 113 112 112 112 112 113 111 113 111 113 111 114 109 115 109 115 109 116 108 116 108 116 108 116 108 117 107 117 107 117 107 117 107 117 107 116 109 115 109 114 111 113 111 113 112 111 114 110 114 109 116 108 116 108 117 106 118 105 119 105 120 103 121 102 123 101 123 100 124 100 125 98 126 97 127 97 128 95 129 95 130 93 131 93 132 92 132 92 133 91 133 91 134 91 133 91 134 90 134 91 134 90 134 90 135 89 135 90 135 89 136 88 137 87 137 87 138 86 139 85 140 84 141 83 143 81 144 80 146 78 148 76 150 74 152 72 153 71 155 69 156 68 157 67 158 66 159 65 160 65 160 64 161 63 162 62 163 61 164 60 165 59 166 58 166 58 167 57 167 57 168 56 168 55 170 54 171 53 171 53 172 51 173 51 174 50 174 49 175 48 177 45 179 43 182 39 185 37 187 35 190 32 192 32 193 30 194 29 195 29 196 29 195 29 195 30 195 29 195 29 195 29 195 29 195 29 196 28 196 27 197 27 197 26 198 26 199 24 200 24 200 24 200 23 201 23 201 23 202 22 202 22 202 22 202 22 202 22 202 22 202 23 202 22 202 22 202 23 201 23 201 24 200 24 200 24 200 24 200 24 20 4 177 23 18 7 176 23 17 8 176 23 17 9 175 24 15 10 176 23 14 11 176 23 14 12 176 23 12 14 175 23 12 14 175 24 10 16 174 24 10 16 174 25 8 18 173 26 7 18 173 27 5 19 173 28 3 21 172 52 173 52 172 52 172 53 171 53 171 53 171 53 171 53 171 54 170 54 170 54 170 54 170 54 170 54 169 54 170 54 170 54 170 54 170 54 169 55 169 55 168 56 168 56 168 56 167 58 166 58 166 58 166 59 164 61 163 62 162 62 162 63 161 63 161 63 161 64 160 64 160 64 160 64 159 65 159 66 158 6
5464 7 215 12 210 16 207 18 205 20 202 23 200 25 198 26 196 29 193 32 188 36 187 38 184 40 183 42 181 44 179 46 178 47 177 48 176 49 175 50 174 50 175 50 174 51 173 51 173 52 173 52 172 53 172 53 171 54 171 54 171 54 170 54 170 55 170 55 169 55 169 56 167 57 167 58 166 58 166 59 165 59 165 59 165 59 165 59 165 60 164 60 164 61 163 61 163 62 4 5 153 73 151 74 150 74 151 74 150 74 150 74 150 74 150 74 150 74 150 74 150 74 150 74 150 74 150 74 150 74 151 73 151 73 151 73 151 73 151 73 151 73 151 74 151 73 151 73 151 73 151 73 151 74 150 74 150 74 150 74 150 74 149 75 149 75 149 75 149 76 148 76 148 76 148 76 148 76 148 76 147 77 148 76 148 76 148 76 148 76 148 76 148 77 147 77 147 77 147 78 147 77 147 77 147 77 147 78 146 78 146 77 147 77 148 76 148 75 149 75 149 74 151 73 151 72 153 71 153 71 154 69 155 69 156 68 156 68 157 67 157 67 157 66 159 65 159 65 160 64 160 63 161 63 162 62 162 61 164 60 164 60 165 59 165 58 166 58 167 57 167 57 167 57 167 56 168 56 168 56 168 22 15 18 169 20 18 17 169 19 20 16 170 18 20 15 171 17 21 15 171 17 21 15 171 17 22 14 172 16 22 13 173 15 23 13 173 15 23 13 173 15 23 13 173 15 23 13 173 15 23 13 173 15 23 13 173 15 23 12 175 14 23 13 174 14 23 13 174 13 24 13 174 13 24 13 174 13 24 13 174 13 24 14 173 13 24 14 173 13 24 14 173 14 23 15 172 14 23 15 172 14 23 16 171 14 23 16 171 14 23 16 171 15 22 16 171 15 22 16 170 16 22 17 169 16 22 17 169 16 22 17 169 16 23 15 170 17 23 14 170 17 24 13 170 16 26 11 171 16 28 8 173 15 32 3 174 15 210 13 211 13 213 10 215 7 3934
5170 4 218 9 213 14 209 16 208 17 206 19 205 21 202 23 201 24 200 25 199 26 198 27 196 29 195 30 194 31 193 32 192 33 150 6 35 34 146 11 33 35 142 15 32 36 139 17 32 37 137 18 32 38 134 21 31 39 131 23 31 40 129 24 31 41 126 26 31 43 122 28 31 44 120 28 32 46 116 30 32 51 109 32 32 55 103 34 32 56 100 36 32 58 96 38 32 59 93 39 34 60 22 13 53 42 34 62 16 21 47 44 34 64 10 28 41 46 35 105 25 59 35 107 21 60 36 109 17 62 36 111 11 65 37 113 6 68 37 186 38 186 38 185 39 185 39 185 39 184 40 184 40 183 41 183 41 183 41 182 42 182 42 181 44 180 44 179 45 178 46 178 46 177 48 176 48 175 49 175 49 174 51 173 51 172 52 171 53 171 54 169 55 169 55 169 56 168 56 167 57 167 58 166 58 166 58 166 59 165 59 164 60 164 61 163 61 162 62 162 62 162 63 161 63 161 63 160 64 159 65 158 67 156 68 155 69 154 71 153 71 152 72 152 72 151 73 151 73 151 73 150 74 150 74 149 75 149 75 148 76 148 76 148 76 147 78 146 78 146 78 145 79 145 80 143 81 143 82 141 84 140 85 138 86 137 88 136 89 134 91 133 92 131 94 130 95 129 96 127 98 126 100 124 102 122 103 120 106 118 107 116 110 114 111 112 114 109 116 106 119 103 123 99 126 96 130 89 137 84 141 80 145 76 150 71 154 67 160 61 165 56 170 52 175 47 180 42 203 9 12215
1839 6 216 9 214 11 212 13 211 13 210 14 210 15 209 15 208 16 208 16 208 16 207 18 206 18 206 18 206 18 206 18 206 19 204 20 204 21 203 21 203 22 202 22 202 23 201 24 200 25 199 26 199 27 197 29 195 36 189 41 183 44 181 45 179 48 176 50 175 51 173 53 171 55 170 56 168 58 166 61 163 63 161 65 38 9 9 18 85 67 29 45 83 68 25 49 82 70 19 53 82 71 16 56 80 74 12 58 80 76 8 61 78 146 78 146 77 148 75 149 75 149 74 150 74 150 73 151 73 151 73 150 74 150 73 151 73 151 73 151 73 150 74 150 74 150 73 151 73 150 74 150 74 149 75 149 75 148 75 148 76 148 76 148 76 148 76 147 77 147 77 146 78 146 79 144 80 143 81 143 81 142 82 142 82 141 83 141 83 141 83 141 83 141 83 141 83 141 83 141 83 141 84 140 84 140 84 141 83 141 83 141 83 141 83 140 84 140 84 140 84 140 84 140 84 140 85 139 85 138 86 138 86 138 86 138 86 138 86 138 86 137 87 43 7 87 87 42 9 85 88 41 11 84 88 40 13 82 89 40 14 81 89 39 16 79 90 39 17 78 90 39 18 77 90 38 20 75 91 38 21 74 90 39 21 74 90 39 22 73 90 39 23 72 89 40 23 72 89 40 23 72 89 40 24 71 89 41 23 71 89 41 23 71 89 41 23 71 89 41 23 71 88 42 23 71 88 42 22 72 89 41 22 72 89 41 22 72 89 41 22 72 89 41 21 73 89 40 22 73 89 39 23 73 89 38 24 73 89 37 25 73 89 35 27 73 89 33 29 73 89 32 30 73 89 31 31 73 89 31 30 74 89 31 30 74 89 31 30 74 90 30 30 74 90 30 30 74 90 31 29 74 90 31 29 74 91 30 29 74 91 30 29 74 91 30 29 74 92 29 29 74 92 29 29 74 93 28 29 74 93 28 29 73 95 27 29 73 95 26 30 73 96 25 30 73 96 24 31 73 97 23 31 72 99 21 32 72 101 18 33 72 102 16 34 72 105 11 36 72 152 72 152 72 152 72 152 72 152 72 152 72 152 72 152 72 153 71 153 71 153 71 153 70 154 70 154 70 154 70 155 69 155 69 155 69 155 36 2 31 156 35 3 30 156 35 4 29 156 34 5 29 157 33 6 28 157 33 7 26 159 32 8 25 159 32 9 23 161 31 10 22 162 30 12 19 164 29 14 15 166 28 17 12 168 27 22 2 174 26 199 24 201 23 202 21 205 17 209 12 216 3 1895
1196 11 211 17 51 10 145 20 47 15 141 23 44 23 134 24 42 28 130 26 39 30 129 28 36 32 129 28 35 32 129 30 32 34 129 30 31 34 130 30 30 35 129 31 28 36 130 32 26 37 130 32 25 37 131 33 22 38 132 34 19 40 132 34 17 41 133 34 13 44 133 36 9 47 133 38 1 52 134 90 135 89 135 90 134 90 135 89 135 89 136 88 136 88 136 88 137 87 137 87 138 86 138 86 139 85 139 85 140 84 141 83 141 83 142 82 143 81 143 81 144 80 145 79 145 79 146 78 146 77 148 76 148 76 148 76 149 75 149 75 149 74 151 73 151 73 151 73 151 73 152 72 152 72 153 71 153 71 154 71 153 71 154 70 154 70 154 70 154 70 154 70 154 70 154 71 153 71 152 72 152 72 152 72 152 72 152 72 153 71 153 71 153 71 154 70 154 70 155 69 155 69 156 68 157 67 157 67 158 66 159 65 161 63 162 62 164 60 165 59 165 60 165 59 165 59 166 58 166 58 167 57 167 57 167 57 168 56 168 57 167 57 167 57 167 57 167 58 166 58 165 60 163 61 160 64 153 71 125 15 4 80 121 103 118 106 116 108 115 109 113 111 112 112 111 113 111 113 110 114 109 115 109 115 108 116 108 117 106 118 106 118 106 119 104 120 104 121 103 121 103 121 102 123 101 123 101 123 100 125 99 125 98 126 96 129 92 132 89 135 87 137 85 139 84 140 83 141 82 142 81 143 81 143 81 143 80 144 80 144 80 144 81 143 81 143 81 143 81 142 82 142 83 140 84 140 84 140 85 139 85 139 86 138 86 138 87 137 89 135 90 133 92 132 94 130 95 129 97 126 101 123 105 119 107 116 111 113 112 112 113 111 114 110 115 109 116 108 117 107 117 108 117 107 118 107 118 108 117 109 116 111 114 112 113 113 112 114 111 114 111 113 112 113 112 113 112 112 113 111 114 111 114 110 115 109 116 108 117 107 118 106 119 105 121 103 123 101 125 99 127 97 130 94 131 93 132 92 133 91 133 91 133 91 133 55 5 31 134 52 9 29 134 52 10 28 134 51 12 26 135 50 13 26 135 50 13 26 136 48 15 25 27
24 10 209 17 207 18 205 20 203 22 202 24 200 25 199 25 200 25 199 25 200 24 201 24 200 24 201 24 200 24 201 24 200 25 199 26 199 26 198 27 197 27 198 27 197 27 198 27 61 19 117 27 55 29 114 27 51 35 111 27 47 43 108 27 42 49 107 27 29 63 105 28 26 67 104 29 23 71 101 30 21 74 100 30 19 77 98 31 17 79 98 32 14 82 96 33 12 84 95 37 6 88 94 132 92 133 91 134 90 136 88 137 87 138 86 140 83 142 82 143 81 144 80 146 78 147 77 148 76 151 74 153 71 159 65 162 63 163 61 165 59 167 57 168 55 170 54 172 51 174 50 176 47 178 45 180 44 181 42 183 40 184 39 186 38 187 37 187 37 188 35 189 35 190 34 190 33 191 33 191 32 193 31 193 30 195 29 195 28 196 28 197 26 198 26 198 25 200 24 200 23 201 23 202 21 203 21 203 20 204 20 204 20 204 19 205 19 205 18 206 18 205 19 205 19 204 19 204 20 203 21 202 21 202 22 201 23 200 23 200 24 199 25 198 27 196 28 195 29 194 30 194 31 192 32 192 33 191 33 191 34 189 36 188 38 186 39 185 40 184 41 183 42 182 42 182 43 181 44 180 44 180 45 179 45 179 45 179 46 178 46 178 46 178 46 178 47 176 48 176 48 176 48 176 48 176 49 174 50 174 51 172 52 172 53 171 53 172 53 171 54 171 54 171 54 171 53 172 53 172 52 173 51 173 52 173 51 174 50 174 50 174 51 173 51 173 51 173 51 173 52 172 52 172 53 171 53 171 54 170 54 171 54 170 55 169 55 169 56 168 56 168 57 167 57 168 56 168 56 168 56 168 56 168 56 169 55 169 55 169 55 169 55 169 55 169 55 169 55 169 55 169 55 170 54 170 54 170 54 170 54 170 54 170 54 170 54 170 54 170 54 170 54 170 54 171 53 171 54 170 54 170 54 170 54 169 56 168 56 168 56 168 56 167 58 166 58 166 59 164 60 164 60 163 62 162 62 161 64 159 65 158 67 157 67 156 68 155 70 154 70 154 71 152 72 152 19
73 20 203 22 202 22 201 24 200 24 199 25 198 26 198 27 195 29 193 31 131 7 50 36 129 13 43 40 127 16 37 44 127 18 27 52 127 20 22 55 127 22 19 57 126 25 14 59 126 27 11 61 125 30 5 64 125 99 125 100 124 100 124 101 123 102 122 104 121 104 120 106 119 107 118 108 117 109 115 111 113 113 112 115 109 117 108 119 105 121 104 123 101 126 98 128 97 129 95 131 94 132 92 134 90 136 89 136 88 138 86 139 86 140 84 142 82 143 81 145 80 147 77 150 74 153 71 157 67 161 63 170 54 177 47 189 34 198 26 207 17 210 14 212 12 213 11 213 11 213 10 214 10 214 11 213 11 213 11 213 11 213 11 213 12 212 12 212 12 212 12 212 12 212 13 211 13 211 13 211 14 210 14 210 14 210 14 210 14 210 14 210 14 210 14 210 14 210 14 210 14 210 14 210 14 210 14 210 14 210 14 210 14 210 13 211 13 211 12 212 12 212 11 213 11 213 11 213 10 214 10 214 10 214 10 214 10 214 10 214 10 214 10 214 11 213 11 213 11 213 11 31 4 178 12 29 6 177 12 28 8 176 12 27 9 176 12 27 9 176 12 26 10 176 12 26 11 175 12 26 11 175 13 24 12 175 13 24 12 175 14 23 12 175 15 22 12 175 16 20 13 175 18 18 13 175 19 17 14 174 21 15 14 174 23 13 14 174 24 11 16 173 25 10 16 173 25 10 17 172 26 8 18 172 27 7 19 171 28 6 19 171 29 4 20 171 54 170 54 170 55 169 56 168 56 168 57 167 58 166 59 165 60 164 62 162 64 160 65 159 67 157 68 156 69 155 70 154 72 152 73 151 74 150 75 149 76 148 77 147 77 147 78 146 78 146 79 145 79 145 80 144 81 143 82 142 83 141 83 141 84 140 84 140 85 139 85 139 86 138 86 138 87 137 87 137 87 137 88 136 88 136 89 135 89 135 90 134 91 133 91 133 92 132 92 132 93 131 93 131 93 131 94 130 94 130 94 130 95 129 95 129 95 129 96 128 96 128 96 128 96 128 97 127 97 127 97 127 97 127 98 126 98 126 98 126 98 126 98 126 99 125 99 125 99 125 99 125 99 125 99 125 99 125 99 125 99 125 99 125 100 124 100 124
69 47 52 39 84 51 48 43 81 52 47 44 80 54 44 48 78 56 40 51 76 58 36 56 73 61 30 62 71 63 25 66 69 67 20 68 68 72 13 72 67 76 4 77 66 158 65 160 63 161 62 162 61 163 60 165 57 167 56 168 55 169 55 170 53 171 53 171 52 173 51 173 50 175 49 175 48 176 47 178 45 179 45 179 44 180 43 181 42 182 42 182 41 183 40 184 39 185 38 186 38 186 37 187 37 187 37 187 37 187 37 187 37 187 37 187 37 186 38 186 39 185 39 185 39 185 39 185 39 184 40 183 41 182 42 182 42 182 42 182 41 183 41 183 41 183 41 183 41 183 41 183 40 184 40 184 40 185 39 185 39 186 38 187 37 187 36 188 36 188 36 188 35 190 34 190 34 190 33 191 33 191 33 191 33 191 33 191 33 191 32 192 32 192 32 192 31 193 31 193 31 193 31 193 31 193 31 193 31 193 31 193 31 193 31 193 31 193 30 194 30 194 30 194 30 194 30 194 30 194 29 195 29 195 29 195 29 195 29 195 29 195 29 195 29 195 29 195 29 195 29 195 29 195 29 195 29 195 29 195 29 195 29 195 29 195 29 195 29 195 29 195 29 195 29 195 29 195 29 195 29 195 29 195 29 195 29 195 29 195 30 194 30 194 30 194 30 194 30 194 30 194 30 194 30 194 30 194 30 194 30 194 29 195 29 195 29 195 28 196 28 196 27 197 27 197 27 197 27 197 28 196 27 197 27 197 27 197 26 198 26 198 26 198 26 198 27 197 28 196 29 195 29 195 30 194 30 194 30 194 31 193 31 193 31 193 31 193 31 193 31 193 31 193 31 193 30 194 30 194 30 194 30 194 30 194 30 194 30 194 29 195 29 195 29 195 28 196 28 196 28 196 27 197 27 197 26 198 26 198 25 199 25 199 25 199 25 199 31 193 34 190 38 186 40 184 42 182 44 180 45 179 47 177 48 176 48 176 49 175 49 175 49 175 50 174 50 174 50 174 51 173 51 173 51 173 52 172 52 172 53 171 53 171 54 170 54 170 55 169
13968 2 206 5 8 7 202 22 202 23 200 24 200 24 199 25 199 25 199 26 198 26 198 26 198 26 197 27 197 27 197 27 196 28 196 28 196 27 197 27 196 28 196 28 196 28 196 28 195 29 195 29 195 29 195 29 195 29 195 29 195 29 195 29 195 29 194 31 193 31 193 31 193 31 193 31 192 32 192 32 192 32 192 33 191 33 191 33 191 33 191 33 191 33 191 33 191 33 191 33 192 31 193 31 193 31 193 31 193 31 193 31 194 29 195 29 195 29 195 29 195 29 196 28 196 28 196 28 196 28 196 28 197 26 198 26 199 25 199 25 200 24 201 23 202 21 203 21 204 20 204 20 205 19 205 19 205 19 206 18 206 18 206 18 206 18 206 17 208 16 208 16 208 16 209 15 209 14 211 13 214 9 16272
5773 7 216 9 214 11 213 12 212 12 211 14 210 14 208 15 206 18 197 27 185 38 182 42 181 42 181 43 180 44 180 44 180 44 180 44 180 45 179 45 179 45 179 45 179 45 179 46 178 46 178 46 178 46 178 46 178 46 179 45 179 45 179 46 178 46 178 46 178 46 178 46 178 46 178 46 178 46 178 47 177 47 177 48 176 48 176 49 175 49 175 50 174 50 173 52 172 53 171 54 169 56 168 56 167 58 165 59 165 60 163 61 162 63 161 63 161 63 160 65 159 65 159 65 158 67 157 67 157 67 157 67 157 68 156 68 156 68 156 69 155 69 155 69 155 69 155 69 155 70 154 70 154 70 153 71 153 71 153 71 153 72 152 72 152 72 151 74 150 74 150 74 150 74 151 73 151 73 151 73 151 74 150 74 150 74 150 74 150 74 151 73 151 73 151 73 151 73 151 73 151 73 151 73 152 73 151 73 151 73 151 72 152 72 153 71 153 71 153 71 153 71 153 70 154 70 154 70 154 70 154 69 155 69 156 68 156 67 157 67 157 66 158 66 158 65 159 65 160 63 161 63 161 62 162 62 162 61 163 60 165 59 165 21 1 36 166 20 3 34 167 20 3 34 167 20 3 33 169 19 3 32 170 19 3 32 170 19 3 31 171 19 3 30 172 19 3 30 173 18 3 29 174 18 3 29 174 19 2 28 176 18 2 28 176 18 2 27 177 17 3 27 177 17 4 25 179 16 4 25 179 16 4 24 180 17 3 24 181 16 3 23 182 42 182 41 183 41 184 39 185 39 185 38 186 38 186 37 187 37 187 36 188 36 189 34 190 34 190 33 191 32 192 30 194 29 195 27 197 26 198 26 198 25 199 25 199 25 199 25 199 25 199 25 200 24 200 24 201 23 201 23 202 22 202 22 203 21 204 20 205 20 204 20 205 19 205 19 205 19 205 19 206 18 206 17 207 17 207 17 207 17 208 16 208 16 208 15 58
10826 11 209 20 200 26 196 31 192 33 190 36 187 38 185 40 183 43 180 45 179 46 177 48 175 49 174 51 173 51 172 53 170 54 169 55 169 55 168 56 167 57 167 57 167 57 166 58 166 58 166 57 166 58 166 57 167 57 167 57 167 57 167 57 166 58 166 58 165 59 165 59 165 59 164 60 163 61 163 61 162 62 162 62 161 63 161 63 160 64 159 66 158 66 157 67 156 68 156 68 155 69 155 69 154 70 154 70 154 70 153 71 152 71 153 71 152 71 152 71 153 71 152 71 152 72 151 73 149 74 149 75 148 76 147 78 146 78 145 79 144 81 143 81 142 82 141 84 140 84 139 85 138 87 137 87 136 88 135 89 135 90 133 91 132 92 132 92 131 94 129 95 129 96 127 97 126 98 126 99 124 100 124 100 123 101 122 103 120 104 119 105 118 106 118 107 115 109 114 110 113 111 113 111 113 112 112 112 112 112 112 112 112 112 112 113 111 113 111 113 111 113 111 114 110 114 110 114 110 115 109 115 109 115 109 116 108 116 108 116 108 116 108 117 107 117 107 117 107 118 106 118 106 119 105 119 105 120 104 120 104 121 103 121 103 122 102 122 102 123 101 123 101 124 100 124 100 125 99 126 98 126 98 127 97 128 96 128 96 129 95 129 95 130 94 130 94 130 94 131 93 131 93 131 93 131 93 130 94 130 94 129 97 125 102 117 112 41 7 34 12 6 150 11 15 21 3725
12693 6 146 11 57 11 142 23 44 17 138 28 36 23 135 32 29 29 132 36 23 34 129 39 19 38 127 41 17 39 125 44 15 41 123 46 13 42 122 48 11 44 120 50 9 45 120 51 7 47 118 53 6 47 118 54 4 48 118 106 117 107 117 107 117 107 117 107 117 107 117 107 117 107 118 106 118 106 118 106 118 106 118 107 118 106 118 106 118 106 118 107 117 107 117 107 117 108 116 108 116 108 117 107 117 107 117 107 118 106 118 106 118 106 119 105 119 105 120 104 120 104 121 103 121 103 122 101 123 101 123 101 124 100 124 100 124 100 125 99 125 99 125 99 126 98 127 97 127 97 128 97 127 97 127 97 128 96 128 96 129 95 129 95 130 94 131 93 132 92 132 91 134 90 135 50 2 37 137 46 6 35 138 44 7 35 139 43 7 35 140 41 8 35 141 41 7 35 142 40 6 36 143 39 6 36 144 38 5 37 144 38 4 38 145 37 4 20 2 15 147 35 5 19 3 15 147 35 6 17 4 15 148 33 8 15 6 14 148 33 9 12 8 14 149 31 12 8 10 14 149 31 30 14 150 29 32 12 151 29 32 11 153 27 35 8 154 27 37 4 156 26 198 26 197 27 197 27 196 27 196 28 195 28 196 28 196 27 197 26 198 25 199 24 200 24 200 23 201 22 202 21 203 20 204 19 206 16 211 11 12216
4150 10 209 23 7 9 179 51 169 58 164 62 159 67 154 71 150 75 147 78 144 81 142 83 140 85 138 87 136 88 135 90 132 93 130 95 127 98 125 100 123 102 121 104 119 107 117 108 115 110 114 111 112 113 111 113 111 114 110 115 109 115 108 117 107 117 107 118 106 118 106 118 105 119 105 120 104 120 104 120 104 120 105 119 105 119 105 120 104 120 104 120 104 121 103 121 103 121 103 122 102 122 102 123 100 125 99 125 99 126 98 126 98 127 97 127 97 128 96 128 96 129 95 129 96 129 95 129 95 130 94 131 93 131 93 131 93 132 92 132 92 132 93 131 93 132 92 132 92 132 93 131 93 131 94 130 94 130 94 130 95 130 94 130 93 131 93 132 92 132 92 132 92 132 91 133 91 134 89 135 89 135 88 136 87 137 86 137 86 138 85 139 84 140 82 142 81 143 80 145 78 146 76 149 75 149 74 150 73 152 71 153 70 155 69 155 68 156 67 158 65 159 64 160 64 161 62 162 61 163 60 164 59 166 57 167 56 168 56 168 55 169 54 171 52 172 51 173 51 173 50 174 49 175 49 175 48 176 47 178 46 178 45 179 44 180 43 182 42 182 41 183 40 185 38 186 37 187 37 188 35 189 34 190 34 190 34 191 32 192 32 192 32 193 31 193 31 194 30 194 30 195 29 196 29 196 28 196 28 65 6 125 28 64 9 123 28 64 10 122 29 62 12 121 30 61 12 121 30 62 12 120 31 62 9 4 7 111 32 65 2 8 8 109 33 75 7 47 2 60 34 73 9 43 9 56 35 72 10 41 16 50 37 70 12 38 20 47 38 68 15 35 22 46 40 66 17 32 24 45 41 66 18 29 26 44 43 64 21 25 28 43 45 63 23 21 29 43 46 62 25 19 29 43 48 60 27 17 29 43 50 58 29 15 28 44 52 55 31 14 28 44 54 53 32 13 28 44 55 35 1 15 34 13 27 44 57 32 7 9 36 13 25 45 59 30 11 4 37 13 25 45 60 28 53 14 23 46 62 24 56 13 23 46 63 22 57 14 21 47 65 19 58 14 21 47 67 16 59 15 19 48 70 11 61 16 17 48 75 5 63 18 14 49 143 20 11 50 143 22 8 51 145 20 7 52 146 18 8 52 147 15 11 51 147 11 16 50 148 3 24 49 176 48 176 46 179 44 180 44 180 43 182 42 182 41 184 40 185 38 187 37 189 34 191 33 192 31 196 27 10
1497 13 208 22 199 29 191 35 184 41 181 44 178 46 177 48 175 50 173 52 171 54 169 56 167 57 166 58 166 58 165 59 164 61 163 61 162 62 161 63 161 63 161 63 160 65 159 65 159 65 160 64 160 65 159 66 158 67 157 67 158 67 157 68 156 69 156 68 156 69 156 68 156 68 156 68 157 67 157 67 157 67 157 67 157 66 158 66 158 66 158 65 159 65 159 65 158 65 158 66 156 68 118 11 25 69 116 22 7 79 107 116 106 117 105 118 105 119 105 118 105 119 104 119 105 119 104 119 105 118 106 111 113 110 113 110 114 110 114 109 115 109 115 109 115 109 114 111 113 111 113 111 113 112 111 113 111 113 111 113 110 114 110 114 110 114 109 115 109 115 109 115 109 115 109 115 110 114 110 114 113 111 113 111 112 112 113 112 112 112 112 112 112 112 112 112 112 112 112 112 112 112 112 112 112 112 113 111 114 3 9 98 128 96 129 95 129 95 130 93 132 92 132 92 133 91 134 90 134 90 135 88 136 88 137 87 137 87 137 87 137 87 138 23 3 3 4 53 138 21 13 51 139 21 14 50 139 20 15 50 139 19 16 49 140 19 16 49 140 19 16 49 140 18 16 50 140 18 16 50 140 17 16 50 141 16 17 50 141 16 16 50 141 16 16 51 141 16 16 29 3 18 142 15 16 25 11 15 141 16 16 22 15 14 141 15 16 22 16 14 140 15 17 21 18 13 140 15 17 20 19 13 139 15 17 20 20 13 138 16 17 19 21 13 138 15 18 18 22 13 137 16 18 18 22 13 137 16 18 18 22 13 137 15 19 17 23 13 136 16 19 17 23 13 136 16 19 17 23 13 136 15 21 15 24 13 136 15 21 15 23 14 136 14 22 15 23 14 136 14 23 14 24 13 136 14 23 14 24 13 136 14 23 14 24 13 136 13 24 14 24 13 136 13 24 14 24 13 137 12 24 14 24 13 137 12 24 14 24 13 138 11 24 14 24 13 138 11 24 14 24 13 138 11 24 14 24 13 139 10 24 14 24 13 139 10 24 14 24 13 139 10 24 14 25 12 140 9 24 15 24 12 140 9 24 15 24 12 140 10 23 15 24 12 140 10 23 15 24 12 141 10 23 14 24 12 141 11 22 14 24 12 141 11 22 14 24 12 142 11 21 15 23 12 142 12 21 14 23 12 142 13 20 14 23 12 142 13 20 14 24 11 142 14 19 14 24 11 143 13 20 13 24 11 143 13 20 14 23 11 143 13 20 14 23 11 144 12 21 13 23 11 144 12 21 13 23 11 145 10 22 14 22 11 146 9 22 14 22 11 147 7 23 14 22 11 149 3 26 13 22 11 178 13 22 11 178 13 22 11 178 13 22 11 179 13 21 11 179 13 21 11 179 13 21 11 179 13 21 11 179 13 21 11 179 14 20 11 179 14 19 12 179 14 19 12 179 14 19 12 179 14 19 13 178 14 20 12 178 14 20 11 179 14 20 11 179 14 20 11 179 14 20 11 180 14 19 11 180 14 19 11 181 13 19 11 182 12 19 11 183 11 20 9 184 11 21 8 185 10 22 6 187 9 216 8 217 7 218 5 219 5 219 4 220 3 984
6150 1 14 9 193 33 189 36 186 39 183 42 181 43 180 45 178 46 177 47 176 49 174 50 173 51 172 52 171 54 169 55 168 56 168 56 167 58 166 58 165 59 165 60 164 60 163 62 162 62 162 62 161 64 160 64 160 64 160 65 159 65 159 66 157 67 157 67 157 68 156 68 156 68 156 69 155 70 154 70 154 71 153 71 153 72 152 72 152 72 152 72 153 71 154 71 154 70 155 69 156 68 157 67 159 66 159 65 160 65 160 64 160 65 159 65 159 66 158 67 157 67 157 68 155 70 154 71 154 72 152 73 151 73 152 73 151 74 151 74 150 75 149 76 149 75 149 76 148 77 147 78 146 78 145 80 144 81 144 80 144 81 143 82 142 83 141 83 141 84 140 85 140 85 139 85 139 86 138 86 138 87 137 88 136 88 136 89 135 90 134 90 134 91 133 91 133 92 132 93 131 93 131 94 129 96 128 96 128 97 127 97 126 99 125 99 125 100 123 101 123 101 123 101 122 103 121 103 121 103 120 104 120 105 119 105 118 106 118 106 118 106 118 106 118 106 118 106 117 107 117 107 116 109 115 109 114 110 114 109 114 110 113 111 112 112 111 113 109 115 108 116 107 117 106 117 107 117 106 118 107 116 108 116 109 44 6 64 112 40 9 62 115 36 12 60 118 33 13 58 121 31 15 55 123 30 17 50 127 30 18 46 130 29 20 42 132 29 23 37 135 28 27 31 138 27 32 23 142 26 41 3 153 27 197 26 198 25 200 23 201 21 204 19 206 16 210 12 8195
159 28 193 36 187 38 185 40 183 42 181 44 178 47 176 50 172 53 90 12 68 55 86 18 63 57 84 22 59 60 81 25 56 63 78 28 54 64 76 33 50 66 74 39 44 67 73 41 42 69 71 42 41 70 70 43 40 72 68 45 38 73 66 47 37 75 64 48 35 77 63 49 33 79 61 51 15 3 12 83 58 54 12 6 8 86 24 10 22 56 10 9 5 88 18 21 12 62 8 11 3 90 15 25 7 177 15 209 15 209 15 210 14 210 14 210 14 210 14 210 14 210 14 211 13 211 13 211 13 211 13 211 13 211 13 211 13 211 13 211 13 211 13 212 12 212 12 212 12 212 12 212 12 212 12 212 12 213 11 213 11 213 11 213 11 214 10 214 10 214 10 215 9 215 9 216 8 216 8 217 7 217 7 218 6 218 6 219 5 219 5 219 5 218 6 218 6 218 6 218 6 218 6 218 6 218 6 218 6 218 6 218 6 218 6 218 6 218 6 218 6 218 6 218 6 218 6 218 6 218 6 217 7 217 7 217 8 216 8 215 9 215 10 213 12 212 12 212 12 211 13 211 14 209 15 209 15 208 17 207 18 205 19 205 20 203 22 202 22 202 22 201 23 201 24 200 25 199 25 198 27 197 27 197 28 196 28 196 28 196 29 196 28 196 28 196 29 195 29 195 30 194 32 192 33 191 35 188 38 186 39 185 40 184 41 182 43 181 43 181 44 180 45 178 47 130 6 41 48 128 9 38 51 124 12 36 55 119 15 35 57 115 19 32 59 113 20 31 61 110 23 29 63 108 25 27 65 106 27 25 66 105 29 24 67 102 31 23 68 101 33 22 69 98 35 22 70 94 39 20 71 91 42 20 72 88 44 20 72 87 45 20 73 84 48 19 73 83 49 18 75 81 50 18 75 80 50 19 76 79 50 19 76 78 51 19 76 77 52 19 76 77 52 19 76 76 53 19 77 75 53 19 77 74 53 20 77 74 53 20 77 73 54 20 77 73 54 20 77 72 54 21 77 72 54 21 77 72 53 22 77 71 54 22 78 70 54 22 79 69 53 23 80 68 53 23 82 65 54 23 83 64 54 23 85 62 54 23 88 58 55 22 93 54 55 22 99 48 56 20 105 42 57 20 108 38 58 19 110 37 58 18 111 36 60 16 113 35 61 13 115 34 63 10 117 33 191 33 191 32 192 31 193 31 192 31 193 31 192 32 191 32 192 32 191 32 191 33 191 32 191 33 190 33 191 32 191 33 191 32 192 31 193 31 192 31 193 30 194 30 194 29 195 28 196 27 197 26 199 24 200 23 201 22 203 19 205 17 208 14 211 11 213 10 215 8 218 4 142
2337 10 210 17 203 23 198 28 190 40 28 14 138 49 19 26 125 105 117 110 111 115 107 118 104 122 100 126 96 140 82 146 76 159 63 165 58 168 54 172 51 175 48 176 47 178 45 179 44 180 43 181 42 182 41 183 40 184 39 185 38 186 37 187 37 187 36 188 35 189 35 189 34 190 33 191 33 191 32 192 30 194 29 195 28 196 26 198 25 199 24 200 23 201 23 201 22 202 22 202 22 202 21 203 21 203 21 203 21 203 21 203 20 204 20 204 20 204 20 204 20 204 20 204 19 205 19 205 19 205 19 205 19 205 19 205 20 204 20 204 20 204 20 204 20 204 20 204 20 204 21 203 21 203 21 203 22 202 22 202 22 202 23 201 23 201 24 200 24 200 24 200 25 199 25 199 26 198 26 197 28 196 28 196 29 194 31 192 32 191 34 189 36 187 38 185 40 184 40 183 42 182 43 180 46 178 47 177 51 173 56 168 57 167 58 166 58 165 59 165 60 164 60 164 60 164 60 164 60 163 61 162 62 161 63 159 65 158 66 156 68 155 70 154 70 153 72 150 75 147 78 145 80 144 82 141 84 140 85 139 86 138 86 138 87 136 88 136 89 135 89 135 89 135 90 134 90 134 90 134 91 133 91 133 91 133 92 132 92 132 92 132 93 131 93 132 92 132 92 132 92 132 93 131 93 131 93 131 93 131 94 130 94 130 94 129 95 129 95 129 95 129 95 129 95 128 96 71 3 54 97 66 8 53 97 64 10 53 97 62 12 52 98 61 13 52 97 60 15 52 97 58 17 51 98 56 19 51 98 55 20 51 98 54 21 51 98 54 21 51 99 52 22 51 99 52 22 51 99 52 22 51 99 52 22 51 99 52 22 51 99 52 22 51 99 52 22 51 99 52 21 52 99 52 21 53 98 52 21 53 98 53 20 53 98 53 20 53 98 53 20 53 98 53 19 54 98 53 19 54 98 53 19 53 99 53 19 53 99 53 19 53 99 53 18 54 99 53 18 54 99 53 18 54 99 53 18 53 100 53 18 53 100 53 18 53 101 51 20 52 101 50 21 51 103 47 24 49 105 43 28 47 106 41 31 44 109 37 36 41 111 33 41 37 115 28 46 34 126 14 53 28 134 6 59 22 206 10 1622
3455 5 206 26 194 33 188 38 183 42 178 49 171 56 164 63 159 66 157 69 153 72 150 75 148 78 145 80 144 81 142 82 142 83 140 85 139 85 138 87 137 88 136 88 135 90 133 92 132 93 130 95 128 97 127 98 125 100 123 102 122 103 120 105 118 107 116 109 115 109 114 111 113 111 112 112 112 113 110 114 110 114 110 114 110 115 109 115 109 115 109 115 109 116 107 117 107 117 107 118 107 117 107 118 106 118 106 118 106 119 106 118 106 118 106 118 107 118 106 118 106 118 106 118 106 119 106 118 106 118 106 119 105 119 105 119 106 119 105 119 105 120 104 120 105 119 105 120 104 120 104 120 105 120 104 120 104 120 105 120 104 120 104 120 105 120 104 120 104 120 105 119 105 120 104 120 104 120 104 120 105 119 105 120 104 120 104 120 104 120 104 120 104 120 104 121 103 121 103 121 103 122 102 122 102 122 102 122 102 122 102 123 101 123 101 123 101 123 102 122 102 122 102 122 102 122 103 121 103 121 103 121 104 120 104 120 104 120 105 119 105 119 105 118 107 117 107 117 108 116 108 116 109 114 110 114 111 113 111 113 111 112 113 111 113 110 115 109 115 108 117 107 117 106 119 105 119 104 121 103 121 103 122 101 123 101 123 100 124 100 124 99 125 99 126 97 127 97 127 96 128 96 128 96 129 94 130 94 130 94 130 94 130 93 131 93 131 93 132 92 132 92 132 92 132 36 4 52 133 30 13 48 133 29 15 47 134 27 17 46 134 26 19 44 135 25 21 43 135 25 21 43 134 25 23 42 134 25 23 42 134 24 25 41 133 25 25 40 133 26 26 39 132 26 27 39 132 26 28 37 132 26 29 37 131 27 30 36 130 28 30 35 130 28 31 35 130 28 32 33 130 28 33 33 130 28 33 32 131 28 33 31 132 27 34 31 132 27 34 30 133 26 35 30 133 26 35 29 134 25 36 29 134 24 36 29 135 23 37 29 136 21 38 28 138 17 41 28 140 9 47 27 197 27 197 27 197 27 197 27 196 28 196 28 196 28 196 28 196 28 196 27 197 27 197 27 197 27 197 27 198 25 83
3294 5 217 10 213 13 211 14 210 15 209 16 159 22 27 16 154 31 24 15 151 38 22 11 151 45 176 49 173 53 168 57 165 60 161 65 156 69 153 73 149 75 147 78 145 79 143 82 141 84 139 85 137 88 135 90 134 91 132 93 130 95 129 96 127 98 125 99 124 101 122 102 120 104 119 106 116 108 112 112 109 116 106 118 104 121 102 122 101 124 99 125 98 126 97 127 95 130 93 131 92 132 92 132 91 133 90 134 90 135 88 136 87 137 86 138 84 141 82 142 81 143 80 145 79 145 79 145 79 145 78 147 77 147 77 148 76 148 76 148 76 149 75 149 75 149 75 150 73 151 73 151 73 151 72 152 72 153 71 153 71 153 71 153 70 154 70 154 70 154 69 155 69 155 69 155 69 155 69 155 68 156 68 156 68 156 67 157 67 157 67 157 67 157 67 157 67 158 66 158 66 158 66 158 66 158 66 158 66 157 67 157 66 158 67 157 67 156 68 156 68 155 69 155 70 154 70 153 71 153 72 152 72 152 72 152 73 151 73 151 73 151 74 150 74 150 74 150 75 149 75 149 75 149 76 149 75 149 76 149 75 149 76 149 76 148 76 148 77 148 77 147 78 147 77 147 78 146 78 147 77 147 77 148 77 147 77 148 76 148 77 148 76 148 77 148 77 148 76 148 76 149 76 149 75 150 74 151 73 151 73 152 72 152 72 152 72 152 72 152 71 153 71 153 71 152 72 152 72 152 72 151 73 151 73 150 75 148 76 147 77 145 79 143 82 140 84 138 86 137 88 134 90 132 93 129 95 127 98 125 100 123 101 122 103 120 105 119 105 118 107 117 108 116 109 115 110 113 112 112 113 111 114 109 117 107 118 105 121 79 6 18 124 73 11 15 128 17 12 39 15 12 160 34 21 8 163 29 200 19 3018
32 18 205 20 204 20 203 22 202 22 201 23 201 23 201 23 200 25 199 25 199 25 198 27 197 31 37 4 151 36 29 10 149 40 22 14 147 43 19 16 146 46 14 18 145 48 11 21 144 51 5 24 144 81 142 83 28 9 104 85 25 12 102 88 20 15 101 124 99 126 98 127 97 128 96 128 95 130 94 130 94 131 92 132 92 133 91 134 90 134 89 136 88 137 87 138 86 139 84 141 83 142 82 143 81 144 80 145 79 146 78 146 78 147 76 149 75 149 75 150 74 150 74 151 73 152 71 154 70 154 70 155 69 156 68 157 67 158 66 159 65 160 64 161 63 163 61 164 60 165 59 166 57 168 56 169 55 171 53 172 52 173 51 175 48 177 47 179 45 181 43 182 42 183 40 186 38 187 37 188 36 189 35 190 34 191 33 192 32 193 31 194 30 195 29 196 28 197 27 198 26 199 25 200 24 201 23 202 22 203 21 204 20 204 20 205 18 138 5 63 18 118 29 28 1 31 17 114 35 25 4 29 17 113 37 23 6 28 17 111 40 22 7 27 17 110 41 21 8 27 17 109 43 20 9 26 17 108 44 19 11 24 18 106 47 18 12 23 18 105 48 18 12 23 18 104 50 16 14 21 19 102 52 16 15 19 20 101 54 15 16 17 21 100 55 14 19 13 23 99 57 13 21 10 24 98 58 12 26 2 28 98 59 11 56 97 61 9 57 97 63 5 59 97 127 97 127 97 127 97 127 98 126 98 126 98 126 98 125 99 125 100 124 100 124 100 124 36 2 62 124 35 7 58 124 34 11 55 124 34 29 37 124 34 30 35 125 34 31 34 126 33 31 34 126 33 31 34 126 32 32 34 126 32 32 34 126 32 32 33 127 32 32 33 127 32 32 33 128 31 31 33 129 31 31 33 129 31 31 32 130 30 31 32 132 29 31 32 132 29 31 31 133 29 31 30 134 29 30 31 134 29 30 30 135 29 30 30 135 29 29 30 136 29 29 30 136 29 29 30 136 29 28 30 137 29 28 30 137 29 28 29 138 29 27 30 138 29 26 31 138 29 26 31 138 29 25 31 139 29 25 31 139 29 24 32 139 30 23 31 140 30 23 31 140 30 23 31 140 30 22 32 140 30 22 32 140 30 22 31 141 30 22 31 141 29 23 30 142 29 23 30 142 29 23 30 142 29 23 29 144 27 24 29 144 26 25 28 146 25 26 27 146 24 27 26 148 22 29 24 150 19 31 23 152 16 34 21 155 11 38 19 160 3 44 15 210 12 215 4 8656
3704 1 219 10 210 17 201 26 191 35 186 39 184 42 180 45 178 47 176 49 174 50 173 51 172 53 169 55 168 57 165 59 164 60 162 63 160 64 159 65 158 67 156 68 155 70 153 71 152 72 151 74 149 75 148 76 147 78 145 79 144 81 143 81 142 83 140 84 140 84 139 86 137 87 136 89 135 89 135 90 133 91 133 92 132 92 131 93 131 94 129 95 129 95 129 95 129 96 128 96 128 96 128 96 128 96 128 96 128 96 128 96 128 96 128 96 128 96 128 96 128 96 127 97 127 97 127 97 126 98 126 98 126 98 126 98 125 99 125 99 124 100 124 100 124 101 122 102 122 102 121 104 120 104 119 105 118 106 117 107 117 107 116 109 114 110 114 110 113 112 111 113 110 115 109 115 108 116 108 117 107 117 106 118 106 119 105 119 104 120 104 121 102 122 102 122 102 123 100 124 100 124 100 124 100 124 99 126 98 126 98 126 98 126 98 126 97 127 97 127 97 127 96 128 96 128 96 129 94 130 94 130 94 130 93 131 93 132 91 133 91 134 90 134 90 135 89 135 89 135 88 137 87 137 87 138 86 138 86 138 86 139 85 139 84 141 83 141 83 141 83 141 83 142 82 142 81 143 81 144 80 144 80 145 79 146 78 147 77 148 77 149 75 151 74 151 73 152 74 150 75 150 75 149 75 149 76 148 77 146 79 144 81 140 85 129 96 95 2 25 105 90 7 19 110 87 9 17 112 85 12 14 114 84 14 9 119 81 144 79 147 77 149 74 155 69 161 63 165 58 169 7 10 38 187 36 189 35 191 32 193 31 195 1 4 24 201 23 203 20 205 19 205 19 205 19 204 19 204 20 203 21 203 21 202 22 202 22 202 22 203 21 203 21 203 21 203 20 206 17 212 4 3244
11969 14 206 30 157 6 27 35 156 7 23 39 154 9 21 40 154 10 19 41 154 10 18 42 154 11 15 43 155 11 12 45 156 11 11 44 158 12 9 44 159 12 8 44 159 14 7 42 161 14 6 42 162 15 5 42 162 14 6 41 163 14 6 41 163 13 7 41 163 13 7 41 163 12 8 41 164 11 9 40 164 11 9 40 164 11 9 40 165 9 10 40 167 4 13 41 182 42 182 42 183 42 182 42 182 42 182 43 181 43 181 44 181 44 180 45 179 45 179 46 178 46 178 47 177 47 178 47 177 47 177 47 177 48 176 48 176 48 176 49 175 49 175 49 175 50 174 50 175 49 175 50 175 49 176 48 177 47 178 46 178 46 179 45 180 44 181 43 182 42 185 38 193 31 196 27 200 24 208 15 214 9 218 4 22950
1721 7 215 11 212 13 210 15 208 16 207 17 206 19 204 20 203 21 201 24 137 6 56 25 134 13 51 26 132 18 46 28 129 32 33 31 126 40 25 33 126 43 19 37 124 46 15 40 124 50 5 45 125 100 124 101 124 100 124 101 123 101 124 101 123 101 123 102 122 102 122 103 120 105 119 109 115 112 111 114 110 114 109 116 107 117 106 119 104 120 103 121 103 122 102 122 102 122 101 124 99 125 99 125 99 125 98 126 98 127 97 127 96 128 95 130 94 130 93 132 92 133 90 134 90 135 88 136 88 137 86 138 86 139 84 141 82 142 82 143 80 144 79 146 78 146 77 147 77 147 76 148 76 149 75 149 74 151 73 151 73 151 72 152 72 153 70 154 70 155 69 155 68 156 68 156 68 156 68 156 67 157 67 157 67 157 67 156 68 156 68 156 67 157 67 157 67 156 68 156 68 156 68 156 68 155 68 156 68 156 68 156 67 156 68 156 67 157 67 156 67 157 67 157 66 157 66 158 66 157 66 158 65 159 65 158 65 159 64 160 63 161 62 161 63 161 62 162 61 163 61 163 60 163 60 164 60 163 60 164 59 164 60 164 59 164 60 164 59 165 59 165 59 164 59 165 59 165 59 165 58 166 58 166 58 166 57 167 57 167 57 167 57 166 57 167 57 167 57 167 57 167 57 166 57 167 57 167 57 167 57 167 57 167 57 167 57 167 57 167 57 167 56 167 57 167 57 167 57 167 57 167 57 167 57 167 57 167 57 167 56 167 57 167 57 167 57 167 56 168 56 168 56 167 56 168 55 169 55 169 54 169 54 170 53 170 53 171 53 171 52 172 52 171 53 171 53 171 53 171 53 171 53 171 53 171 53 171 53 171 53 171 53 170 54 170 54 170 54 170 53 170 54 169 55 169 55 168 56 168 56 167 57 167 57 166 58 166 58 165 59 165 59 164 60 164 60 163 61 163 61 162 62 161 63 161 63 160 64 160 64 159 65 159 65 158 66 158 66 157 59
6544 10 213 13 210 15 208 17 206 19 205 20 204 21 203 22 202 23 201 24 200 25 199 25 199 26 198 26 198 27 197 28 197 27 197 28 196 28 197 28 196 29 195 29 195 30 194 31 193 32 192 32 192 33 191 34 190 34 190 34 190 35 189 35 188 37 186 38 185 40 142 8 33 41 141 11 29 44 140 13 25 47 139 15 20 51 138 17 15 55 137 19 9 60 136 88 136 89 135 90 134 91 133 91 133 92 132 92 132 93 131 93 131 94 130 94 130 95 129 95 129 96 128 96 128 97 127 97 127 98 126 98 126 98 126 99 125 99 125 99 125 100 125 99 126 98 128 96 129 95 130 94 132 93 132 92 133 91 134 90 134 90 135 89 136 88 137 87 137 87 138 87 137 87 137 87 137 87 138 86 138 86 138 86 138 86 138 86 138 86 138 86 138 86 138 86 138 86 138 86 138 87 136 88 136 88 136 88 135 89 134 91 131 93 129 95 128 96 127 96 127 97 126 98 126 98 125 99 124 100 123 101 122 102 122 102 121 103 121 103 121 103 121 103 121 103 121 103 122 102 122 102 122 102 122 101 123 101 123 101 123 101 123 101 123 101 123 101 124 99 126 98 126 98 127 97 127 97 127 96 129 95 129 95 129 95 130 94 130 93 131 93 132 92 132 92 132 92 132 92 132 91 134 90 134 89 135 89 135 88 136 86 137 86 135 88 134 89 134 90 134 90 134 91 133 91 133 91 133 91 133 92 131 93 131 93 131 93 131 93 131 93 131 93 131 93 131 93 131 92 132 91 134 90 134 89 135 88 136 87 137 87 137 86 138 85 140 84 140 83 143 81 143 81 144 79 145 79 146 78 147 76 149 75 149 75 149 75 149 74 150 74 150 74 150 73 151 73 152 72 152 72 143
2770 32 188 43 177 51 171 57 165 63 159 69 154 75 148 79 143 84 139 87 136 89 135 91 132 93 130 95 129 95 128 97 127 98 125 100 15 8 101 102 11 12 98 128 96 129 95 130 93 132 92 133 90 134 90 135 88 137 87 137 86 139 85 139 84 140 84 141 82 142 82 142 82 142 82 143 80 144 80 144 80 145 79 145 79 145 79 146 78 146 77 148 75 149 74 150 73 152 71 154 68 156 66 160 62 165 57 170 51 178 44 185 36 193 30 196 26 198 24 200 23 201 21 203 20 204 19 205 18 206 17 207 16 208 16 208 16 208 16 208 16 208 16 208 16 208 16 208 16 208 17 207 17 207 18 206 18 206 18 206 18 206 19 205 19 205 19 205 19 205 19 205 20 204 20 204 20 204 21 203 21 203 22 202 22 202 23 201 24 200 25 199 26 198 28 196 31 193 33 191 35 189 37 187 38 186 39 185 39 185 39 185 39 185 39 185 39 185 39 185 40 184 40 184 40 184 40 184 40 184 40 184 40 184 41 183 42 182 42 182 43 181 44 180 45 179 46 178 48 176 50 174 53 171 56 168 58 166 60 164 61 163 61 163 61 163 62 162 62 162 63 161 63 161 63 161 63 161 64 160 64 160 64 160 63 161 63 161 63 161 62 162 62 162 61 163 61 163 61 163 60 164 60 164 60 164 59 165 59 165 59 165 58 166 59 165 59 165 60 164 61 163 61 163 62 162 63 161 64 160 64 160 65 159 65 159 65 159 66 158 67 157 67 157 68 156 68 156 69 155 70 154 71 153 72 152 72 152 73 151 73 151 73 151 73 151 73 151 73 151 73 151 73 151 74 150 74 150 74 150 74 150 75 149 75 149 75 149 75 149 76 148 76 148 76 148 76 148 77 147 77 147 77 147 77 147 77 147 77 147 77 147 78 146 78 146 78 146 78 146 78 146 79 145 79 145 80 144
5055 8 211 14 194 32 189 36 185 41 16 7 159 45 9 13 155 70 153 71 152 72 151 73 150 74 149 74 149 75 148 76 147 77 146 77 146 78 145 79 144 79 144 80 143 81 142 81 142 80 143 79 144 74 149 73 150 73 150 74 149 75 148 76 146 77 146 78 144 80 143 81 142 82 140 84 139 85 139 85 138 86 137 87 135 89 134 90 132 92 130 94 128 96 126 98 123 100 122 102 120 104 119 104 118 106 117 107 116 107 116 108 115 109 114 110 113 110 113 111 112 111 112 112 112 112 111 113 111 113 110 113 111 113 110 114 110 114 109 115 109 115 108 116 108 116 108 116 107 117 107 116 108 116 107 116 108 116 108 115 109 114 109 102 3 8 111 100 8 3 113 99 125 99 125 98 125 99 125 99 125 98 125 99 125 99 124 99 125 99 124 100 124 100 124 99 125 99 124 100 124 99 125 99 124 100 124 100 124 99 125 99 124 100 124 100 124 99 125 99 125 98 126 98 126 97 126 98 126 98 126 98 126 97 127 97 128 96 128 96 128 96 128 95 129 95 130 94 130 94 130 94 131 93 132 92 132 92 133 91 134 90 134 90 134 90 134 90 134 90 133 91 133 91 134 90 134 90 135 89 136 88 136 88 136 88 136 87 137 87 137 87 136 88 136 88 136 88 135 89 135 89 134 90 134 90 133 91 132 93 130 94 129 95 129 95 128 97 126 99 124 103 121 115 108 118 106 119 104 121 103 121 103 122 101 123 101 123 101 123 101 123 101 123 102 122 105 5 8 106 119 104 122 102 123 100 125 99 128 95 131 92 138 85 143 80 149 74 156 66 166 55 176 44 184 17 216 1 4168
19638 13 208 19 204 22 200 25 198 28 195 30 193 31 192 33 191 34 189 35 188 37 187 38 185 39 185 39 184 41 183 41 182 43 181 43 180 45 178 46 177 47 177 48 175 49 175 49 175 49 175 49 175 49 175 49 175 49 175 48 177 47 178 45 181 42 183 41 185 38 187 37 188 36 189 34 191 33 191 34 190 34 189 35 189 35 188 36 188 36 188 36 188 37 186 38 186 38 185 39 185 40 184 40 183 41 183 42 182 42 182 42 182 43 181 44 179 45 179 46 178 46 178 47 177 47 177 48 175 49 175 50 174 50 174 50 174 51 173 51 173 51 173 51 173 52 172 52 172 52 172 53 171 53 171 53 171 54 170 54 170 54 171 54 170 54 170 54 170 55 169 55 169 55 169 56 168 56 168 57 167 57 167 58 166 58 166 59 165 59 166 59 165 59 165 60 164 60 164 60 165 59 165 60 164 60 164 61 163 61 164 61 163 61 163 61 163 61 164 60 164 61 163 60 164 60 164 60 164 60 164 60 163 60 164 60 164 60 164 60 163 61 163 60 163 61 163 62 162 62 161 62 162 62 162 62 162 62 162 63 161 63 161 63 161 63 161 63 161 63 162 61 163 61 26
9712 8 214 13 210 16 208 17 206 19 39 6 160 21 34 11 158 23 30 15 156 24 27 17 156 26 24 19 155 28 20 21 154 31 16 24 153 37 5 29 153 71 153 71 152 72 152 73 150 74 149 75 148 76 147 77 146 78 145 80 144 80 143 81 143 81 142 82 142 83 141 83 140 84 140 84 139 86 138 86 138 86 137 87 137 87 136 89 135 89 134 90 134 91 132 92 132 92 131 94 130 94 130 94 129 95 129 95 128 97 127 97 127 97 126 98 126 98 126 98 126 99 124 100 124 100 124 101 122 102 122 103 121 103 121 104 119 106 118 106 118 107 116 108 116 108 116 109 115 109 115 109 114 111 113 111 113 111 112 112 112 113 111 113 111 113 110 114 110 114 110 114 110 115 108 116 108 116 108 116 107 117 107 116 107 117 107 117 107 117 107 116 108 116 107 117 107 116 108 116 107 117 107 117 107 116 108 116 108 116 108 115 109 115 109 115 109 115 109 115 108 116 108 117 107 117 107 117 107 118 106 119 105 120 104 120 104 121 102 122 102 123 101 123 101 123 100 125 99 125 99 125 99 125 99 125 99 125 98 126 98 126 98 126 98 126 98 126 98 126 97 127 97 127 97 127 97 127 96 127 97 127 97 127 97 127 97 127 97 127 96 127 97 127 97 127 97 127 97 127 96 127 97 127 97 127 97 126 98 126 99 125 99 125 98 125 99 125 99 125 99 124 100 124 100 124 101 122 102 122 102 122 102 121 103 121 103 120 105 119 105 118 107 117 107 117 107 116 109 115 109 115 109 114 111 113 112 111 114 110 114 110 115 108 117 107 118 105 119 105 120 104 121 103 121 102 124 100 74
2047 5 217 10 213 13 210 15 208 17 207 18 206 19 204 21 203 22 202 23 201 24 200 26 29 11 158 29 24 14 156 38 12 19 155 70 154 70 154 70 154 70 154 70 154 70 154 70 154 70 154 70 153 70 154 70 154 70 154 69 155 69 155 69 155 69 155 68 156 68 155 68 156 68 156 67 157 67 157 67 157 66 158 66 158 66 158 65 159 65 159 64 160 64 160 64 160 64 160 64 160 64 160 64 160 64 161 63 161 63 161 63 161 63 162 63 161 64 160 65 159 67 157 68 157 69 155 72 152 75 150 78 146 83 141 87 137 90 134 93 132 94 130 96 128 98 126 99 125 100 124 101 123 103 121 104 120 104 120 106 118 107 117 108 116 109 115 110 114 111 113 112 112 113 111 114 110 115 109 116 108 117 107 117 107 118 106 119 105 120 104 121 103 122 102 122 102 123 102 122 102 123 101 124 100 124 100 124 100 125 99 125 100 125 99 125 99 126 99 125 99 126 98 126 98 127 97 127 97 128 96 128 96 129 95 130 95 129 95 130 94 130 94 130 94 131 93 131 94 131 93 131 93 132 92 132 92 132 92 133 91 133 90 134 90 134 90 135 89 135 89 135 88 136 88 136 88 137 87 137 87 137 87 137 86 138 86 138 86 139 84 140 84 140 84 140 84 140 84 140 84 140 84 141 82 142 82 142 82 143 81 143 81 143 80 48 4 93 79 47 6 92 79 46 7 93 78 45 9 92 78 45 9 93 76 45 10 93 76 45 11 93 74 45 12 94 73 45 12 96 70 45 12 98 68 46 12 100 65 47 11 103 61 48 11 107 55 51 10 111 48 54 9 116 43 56 8 146 12 57 8 150 8 58 7 152 6 58 8 152 5 59 8 152 5 58 8 153 5 57 9 153 5 57 9 153 5 56 10 153 5 55 12 152 6 54 12 152 6 53 14 151 7 51 16 150 9 48 19 148 14 4 11 27 44 124 32 22 52 47 11 60 35 17 73 24 20 55 38 11 84 10 31 50 181 42 210 13 5826
3032 19 202 25 197 29 193 33 188 38 185 40 182 43 180 45 178 47 177 48 175 50 174 51 173 51 172 53 171 53 171 53 171 54 169 55 169 55 169 55 169 56 168 56 168 56 168 56 167 57 167 57 167 57 167 57 167 57 166 58 166 58 166 58 166 58 166 58 165 59 165 59 165 59 165 59 165 59 165 59 165 58 166 58 167 57 167 56 168 56 168 56 168 55 169 55 169 54 170 54 170 52 152 4 14 51 153 70 152 71 152 72 151 72 152 72 151 73 151 73 150 74 149 75 149 75 148 76 147 77 147 77 146 78 146 78 146 79 144 80 144 81 142 82 142 82 142 83 140 84 140 84 139 86 138 86 138 86 137 88 136 88 136 88 136 89 134 90 134 90 134 91 133 91 133 91 133 91 133 91 133 91 133 91 133 91 133 91 133 20 4 67 133 19 6 66 133 18 8 65 133 18 8 65 133 17 10 64 133 17 10 64 133 16 12 63 133 16 12 62 134 15 13 62 134 15 13 62 134 15 13 62 134 14 14 62 133 15 14 61 134 15 14 61 134 14 15 60 135 14 15 60 135 13 16 60 135 13 16 60 134 14 16 59 135 13 17 59 135 13 17 59 135 12 18 59 135 12 18 59 135 11 19 59 135 11 19 59 135 11 18 59 136 10 19 32 10 17 136 10 19 20 23 17 135 10 19 18 26 16 135 9 20 17 27 16 135 9 20 17 28 15 135 9 20 16 29 15 134 10 20 16 29 15 134 10 20 16 30 14 134 10 20 16 30 14 133 10 21 16 30 15 132 10 21 16 30 15 132 10 22 15 31 14 132 10 22 15 31 14 132 10 22 15 31 14 132 10 22 15 31 14 132 10 22 15 32 13 132 10 22 15 32 14 131 10 22 14 33 14 131 9 23 14 34 13 131 9 23 13 35 13 131 9 23 13 35 13 132 8 23 13 36 13 131 7 24 13 36 13 132 5 25 13 37 12 133 3 26 12 38 12 162 12 38 13 161 12 38 13 161 12 39 12 161 12 39 13 160 12 39 13 160 12 40 12 160 13 39 12 160 13 39 13 159 13 40 12 159 13 40 12 159 13 40 13 158 13 41 12 158 13 41 12 158 14 40 13 157 14 41 12 157 14 41 13 156 14 42 12 156 14 43 12 155 14 44 12 154 14 44 12 154 14 45 12 153 14 45 13 152 15 45 12 152 14 46 13 151 14 47 13 150 14 47 13 151 13 47 14 150 14 47 13 150 13 49 12 150 13 50 11 150 14 51 8 151 14 53 4 153 14 210 14 210 14 210 15 209 15 209 15 210 14 210 14 211 13 212 11 214 10 216 7 220 2 5050
1897 12 210 17 206 21 202 25 198 27 197 28 195 30 194 31 192 33 191 33 190 35 189 35 189 36 187 37 187 38 185 40 184 40 183 42 182 42 181 44 179 45 178 47 176 48 175 50 173 51 172 53 170 54 169 55 169 56 167 57 166 59 164 60 164 61 162 62 161 64 160 65 158 66 158 67 156 68 156 69 155 70 153 71 153 72 151 73 151 74 149 75 149 76 147 78 146 79 144 81 143 82 142 83 140 85 139 86 138 87 137 87 136 89 135 89 134 91 133 91 132 92 132 92 131 93 130 94 130 94 129 96 127 97 127 97 126 99 125 100 123 102 121 104 120 104 119 106 117 108 115 110 113 112 112 113 110 115 108 116 107 118 106 119 104 120 103 121 102 123 100 124 99 125 98 126 96 128 95 129 94 130 93 130 93 131 92 132 91 133 91 132 91 133 91 132 92 31 3 97 93 30 5 95 94 29 6 94 95 29 6 93 96 28 8 92 96 27 9 91 97 27 9 91 98 25 10 91 98 24 11 91 99 22 12 90 100 21 13 90 102 17 15 90 104 12 18 90 134 90 134 90 134 90 134 89 135 89 135 89 135 88 136 88 136 88 136 87 138 86 138 86 138 86 138 85 139 85 140 84 140 84 140 84 140 84 140 83 142 82 142 82 142 82 143 80 144 80 144 80 145 79 145 79 145 78 147 77 147 77 147 77 147 76 149 75 149 75 149 75 149 49 1 25 149 25 5 15 7 23 149 24 9 9 11 22 150 22 30 22 150 22 30 22 150 22 30 22 150 22 30 22 150 22 30 22 150 22 30 22 150 22 30 22 150 22 30 22 150 22 30 23 149 22 30 23 149 22 30 23 149 22 30 23 149 22 30 24 147 23 30 24 147 23 30 25 146 23 30 25 146 23 30 26 144 24 30 26 144 24 31 26 143 24 31 27 141 25 31 28 140 25 30 30 138 26 30 30 138 26 31 30 137 26 31 31 135 27 31 31 135 27 31 31 134 28 31 32 133 28 31 32 133 28 32 30 134 28 32 30 134 28 33 29 134 28 33 29 134 27 35 28 134 27 36 27 134 27 37 25 135 27 38 24 136 25 40 22 137 25 42 18 140 23 46 14 142 21 52 7 145 18 208 14 213 8 5057
57 43 68 9 97 52 63 14 94 54 60 18 90 58 57 21 87 60 54 24 84 63 52 25 83 66 48 27 82 68 46 28 82 70 43 29 81 72 42 29 80 75 39 30 80 77 36 31 80 80 32 31 80 84 28 32 80 87 24 32 81 91 19 32 81 96 14 33 81 99 9 34 81 142 82 141 82 142 82 141 82 142 82 142 81 143 81 143 81 144 79 146 77 148 76 148 75 150 73 152 72 153 70 154 69 156 68 156 67 158 66 158 65 160 64 161 62 162 62 163 60 165 59 166 57 167 57 168 56 169 55 170 53 172 52 173 50 175 48 177 47 178 45 179 44 181 42 183 40 185 38 187 37 188 35 190 33 192 32 194 29 198 26 200 23 203 20 205 19 206 17 207 17 208 16 208 16 208 18 206 18 206 19 205 12 2 8 203 10 4 9 201 9 4 12 199 8 5 13 198 7 5 15 197 27 198 27 197 27 197 28 196 29 196 29 195 30 194 32 193 33 191 34 191 34 190 35 190 35 189 35 189 36 189 35 189 35 189 36 188 36 188 37 187 37 187 38 186 39 185 39 185 39 185 39 185 39 185 39 185 39 185 39 185 38 186 38 186 38 186 38 186 37 187 37 187 37 187 37 187 37 187 37 187 38 186 38 186 39 185 40 184 40 184 41 183 41 183 41 183 41 183 41 183 41 183 41 183 41 183 40 184 40 183 41 163 4 16 41 161 7 15 41 160 9 14 41 160 10 13 41 159 13 10 41 160 14 8 42 159 16 6 43 159 17 4 44 159 65 159 64 160 64 160 64 160 64 160 63 161 63 160 64 160 63 161 62 162 62 162 61 163 61 162 61 163 61 163 60 164 60 163 61 163 61 163 60 163 61 163 61 163 60 164 60 163 61 163 61 163 60 164 60 164 60 164 60 164 59 165 59 165 58 166 58 166 58 166 57 168 56 168 55 169 54 170 53 172 51 173 49 176 46 178 45 179 44 180 44 180 44 180 44 180 44 180 44 180 44 180 44 180 44 180 44 180 44 179 45 179 44 180 44 179 45 179 45 179 45 179 45 178 46 178 46 178 46 178 47 177 47 176 48 176 48 176 48 36 1 139 49 34 3 138 49 34 3 139 48 34 2 139 49 175 49 20 2 153 49 18 6 151 49 15 10 150 50 12 13 149 50 10 15 149 51 8 17 147 53 5 21 145 33
11976 7 215 12 211 15 208 18 206 19 204 21 203 23 201 24 199 25 199 26 198 27 197 27 197 28 196 28 195 30 194 30 194 30 194 31 192 32 192 32 192 33 190 34 145 7 38 34 144 12 33 35 143 17 28 37 142 25 17 40 143 30 8 43 143 81 144 80 145 79 147 77 148 76 150 74 152 72 153 71 155 68 157 67 158 66 159 65 159 65 159 65 160 64 160 64 161 63 161 63 161 62 163 61 163 61 164 61 164 60 165 59 165 59 166 59 165 59 165 59 165 60 164 60 164 60 164 61 163 62 162 63 161 65 160 67 157 70 154 72 152 74 151 75 149 76 149 77 147 79 146 80 145 83 141 87 138 90 134 93 131 95 130 96 128 98 126 100 124 101 123 102 123 102 122 103 122 103 121 104 121 104 121 104 121 104 123 102 125 100 126 99 126 99 125 100 124 101 123 102 122 103 121 104 120 104 120 105 119 106 118 107 117 107 117 108 115 110 114 111 110 115 90 135 84 140 82 143 80 145 78 146 78 147 76 149 75 149 75 150 74 150 74 151 72 152 73 151 73 152 73 151 75 149 78 146 81 144 81 143 82 5 9 128 101 124 104 21 10 89 107 15 15 87 114 3 23 84 142 83 143 81 145 79 146 78 147 77 149 75 149 75 150 74 151 73 151 73 152 72 152 72 153 71 153 71 153 71 154 70 154 70 155 68 156 68 157 67 157 67 157 67 157 66 158 66 158 66 158 65 159 65 159 65 159 65 159 65 159 65 159 65 158 66 158 65 159 65 159 39 5 21 159 38 8 19 158 38 10 18 158 38 10 18 159 36 12 16 160 36 13 14 16
7891 16 20 8 179 47 175 50 173 52 172 52 171 54 170 54 169 55 169 56 167 57 167 57 167 57 167 57 167 57 167 57 167 58 166 58 167 57 167 57 167 57 36 15 116 58 13 39 114 58 8 45 114 111 113 112 112 112 112 113 111 114 110 115 109 116 108 118 106 119 104 121 103 123 101 125 99 126 98 127 97 129 95 129 95 130 94 131 93 132 92 133 91 133 92 133 91 134 90 134 90 135 90 134 90 135 89 135 90 135 89 135 89 135 90 134 90 135 89 135 89 135 89 135 89 135 90 134 90 134 90 134 90 134 90 134 90 134 90 134 90 134 90 134 90 135 89 135 89 135 89 135 90 134 90 134 90 134 90 134 90 134 91 133 91 133 91 133 91 133 91 133 91 133 92 132 92 132 92 132 92 132 93 131 93 131 93 131 93 131 94 130 94 130 94 130 94 130 94 131 94 130 94 130 94 130 94 130 94 130 94 130 94 130 94 130 94 130 94 130 95 129 95 129 95 129 95 129 94 130 94 130 94 130 94 131 93 131 92 132 92 132 91 133 91 133 91 133 90 134 90 134 89 135 89 135 88 136 88 136 87 137 87 137 86 138 86 138 85 139 85 139 85 139 84 140 84 139 85 139 84 140 84 140 84 140 83 141 83 141 83 141 83 141 83 140 83 141 83 141 83 141 82 142 82 142 81 142 82 142 81 143 80 144 79 145 79 145 78 145 79 145 78 146 78 145 79 145 78 146 78 145 79 145 79 144 79 145 79 144 80 144 80 143 81 142 82 141 83 139 85 138 86 137 87 136 88 135 89 134 90 132 92 131 94 129 95 128 97 125 100 123 101 122 103 120 105 117 107 116 109 114 111 112 114 66 5 38 71
3433 4 219 7 216 9 215 10 214 11 213 12 212 13 211 14 210 15 128 9 72 16 123 14 71 17 119 17 72 18 68 5 42 19 72 19 65 9 39 20 72 21 61 12 34 24 72 22 19 14 25 15 29 28 72 26 5 30 17 18 25 31 72 64 12 21 21 34 72 69 4 24 19 36 72 99 13 40 72 101 8 43 72 152 72 152 72 152 72 152 72 152 72 152 72 152 72 152 72 152 72 152 72 152 71 153 71 153 71 153 70 154 70 154 70 154 69 155 68 156 68 156 67 157 66 158 65 159 65 159 64 160 63 161 63 161 62 162 62 162 61 163 61 163 61 163 60 164 60 164 60 164 60 164 59 165 59 165 59 165 59 165 59 165 58 166 58 166 58 166 58 166 58 166 58 166 58 166 58 166 58 166 58 166 58 166 58 166 58 166 58 166 59 165 59 165 59 165 59 165 60 164 60 164 60 164 61 163 61 163 61 163 61 163 61 163 61 163 60 164 60 164 60 164 59 165 59 165 42 9 7 166 39 185 38 186 37 187 36 188 35 189 34 190 33 191 32 192 31 193 30 194 29 195 28 196 26 198 24 200 23 201 21 203 20 204 19 205 18 206 18 206 19 205 20 204 21 203 22 202 22 202 24 200 26 198 39 185 44 17 5 158 68 156 69 155 70 154 70 154 71 153 71 153 71 153 71 153 72 152 72 152 72 152 72 152 72 152 71 153 71 153 71 153 71 153 71 153 71 153 70 154 70 154 71 153 71 153 71 153 72 152 73 151 74 36 9 79 6 20 75 29 19 72 11 18 77 18 33 64 16 16 79 13 50 46 22 14 84 3 125 12 215 8 12097
10423 10 211 16 205 21 197 29 192 33 189 37 185 41 179 46 174 52 167 59 161 64 157 68 152 72 149 76 145 79 143 81 140 85 136 88 133 91 130 94 127 97 126 99 123 101 122 102 121 103 120 105 119 105 118 107 115 109 114 111 113 112 111 114 108 117 107 118 105 119 104 121 103 122 101 123 101 124 99 126 98 126 98 126 98 126 97 128 96 128 96 128 96 128 96 128 96 128 96 127 97 127 97 127 97 127 98 126 98 127 97 127 97 127 98 126 98 126 99 125 99 125 99 126 98 126 98 126 99 125 99 126 98 126 99 125 99 126 98 126 98 126 98 127 98 126 98 126 98 126 99 125 99 126 98 126 98 126 98 126 98 126 98 126 98 126 98 126 98 126 98 126 98 126 97 127 97 127 96 128 96 128 96 128 96 128 95 129 95 128 96 128 96 128 96 128 96 127 97 127 97 127 97 127 97 126 98 126 98 126 98 126 98 126 98 126 98 125 99 125 99 125 100 124 100 124 100 124 100 124 100 124 101 123 101 123 101 123 102 122 102 122 102 121 104 120 104 120 104 120 104 120 105 119 106 118 106 118 107 116 108 116 109 115 109 115 110 114 110 113 111 113 112 112 112 112 113 110 114 110 114 109 115 109 116 108 116 107 117 107 118 105 120 104 120 103 122 102 123 100 124 99 126 98 126 97 128 96 128 95 129 95 129 95 129 94 131 93 131 93 132 91 133 91 133 91 134 90 134 91 134 57 7 26 135 55 9 26 134 54 11 25 135 53 11 26 135 51 13 25 136 50 14 25 136 48 15 25 136 48 15 25 137 46 17 25 137 45 17 25 138 43 18 25 138 43 19 24 139 41 20 24 69
5945 5 217 8 215 10 213 11 213 12 211 13 210 14 210 14 209 15 209 15 208 16 208 17 206 18 206 18 205 19 204 20 203 21 201 23 200 24 198 26 196 28 160 8 26 30 158 13 20 34 156 16 16 36 156 18 11 40 155 22 2 45 155 69 155 70 154 71 153 71 153 72 153 72 152 72 152 73 152 72 152 73 152 72 152 72 153 72 152 72 153 71 153 71 153 71 154 70 154 70 155 69 155 68 157 67 158 66 158 65 160 64 161 62 163 61 164 60 165 59 165 59 166 58 166 58 166 58 166 58 166 58 167 57 167 57 167 58 166 58 166 59 166 58 166 58 166 59 166 58 166 59 165 59 166 59 165 60 164 61 164 61 163 62 162 63 162 62 162 63 161 64 160 64 160 65 159 65 159 66 158 66 158 67 157 68 156 68 155 70 154 70 154 71 153 72 151 73 151 74 150 75 149 75 148 77 147 77 147 77 146 79 145 79 145 79 145 79 144 79 145 78 146 78 146 76 148 73 150 66 158 63 161 62 162 61 163 55 168 56 168 55 169 55 168 55 169 53 171 49 175 45 179 42 181 40 184 37 187 34 190 32 191 31 193 30 194 29 194 30 194 30 50 7 136 33 43 15 133 36 35 21 131 43 17 34 129 96 127 97 127 97 126 98 125 99 125 99 124 100 123 101 123 101 122 102 122 102 121 103 121 103 120 105 119 105 119 105 118 106 118 107 117 107 116 108 116 108 115 109 115 109 115 109 115 110 113 111 113 111 113 111 112 112 112 111 113 111 112 111 113 110 114 110 114 109 114 108 116 107 117 105 119 104 119 104 120 104 120 105 119 106 118 108 115 110 114 110 114 111 113 112 112 112 112 112 112 112 112 112 112 112 111 113 111 114 110 115 109 115 109 115 109 115 109 114 110 113 112 111 113 111 113 110 61
10321 5 217 10 213 13 210 16 13 7 188 37 186 39 185 40 184 40 183 41 183 41 183 41 183 41 182 42 182 42 182 41 183 41 182 42 182 42 182 42 182 41 182 42 182 42 182 42 182 42 182 42 182 42 181 43 181 43 181 44 180 45 179 82 142 85 139 87 137 89 135 89 135 90 134 91 133 91 134 90 134 91 133 91 133 92 132 92 132 93 131 93 131 93 131 93 131 93 131 93 131 93 131 93 130 93 68 6 57 93 64 15 52 93 61 22 48 93 59 31 41 93 57 40 33 94 56 48 26 94 56 53 6 3 11 95 56 64 8 96 57 64 6 97 57 65 4 98 58 65 2 99 58 65 2 100 58 64 2 100 59 63 5 97 60 62 13 88 63 60 17 84 66 56 20 81 72 50 23 78 77 44 26 74 88 33 30 68 97 23 36 58 65 5 40 15 42 45 76 7 42 8 46 41 78 9 96 39 79 10 96 37 81 9 98 35 81 10 98 34 82 10 98 33 83 9 99 32 84 8 101 30 85 8 101 29 87 6 102 29 87 5 103 28 88 4 104 28 196 27 197 27 196 27 197 27 197 26 197 27 197 26 198 25 198 26 198 25 199 25 198 25 199 24 199 25 199 24 200 23 200 24 200 23 201 22 201 22 202 21 202 22 202 21 202 21 203 20 203 20 204 20 203 20 204 19 204 20 204 19 204 20 203 20 204 19 204 20 203 20 204 19 204 20 204 19 204 20 204 19 205 18 206 17 207 16 208 16 208 15 210 13 211 12 214 8 9838
5937 5 218 9 214 13 210 15 209 17 207 19 205 20 71 7 126 21 67 12 124 23 63 16 122 24 60 18 122 26 56 21 121 28 52 23 121 31 48 24 122 34 42 27 121 41 33 29 121 46 26 31 121 103 121 103 121 103 121 103 121 102 122 102 122 102 123 101 123 101 123 100 124 100 124 100 123 100 124 100 123 100 124 100 124 100 123 100 124 100 124 100 123 101 123 101 122 102 121 103 121 103 120 104 120 104 119 105 119 105 118 106 118 106 117 107 117 107 117 107 116 108 116 108 115 109 115 109 115 109 115 110 114 110 113 111 113 111 113 111 113 111 112 112 112 112 111 113 111 113 110 114 109 115 107 117 106 118 104 120 102 122 101 123 100 124 98 126 96 128 93 131 90 134 87 137 84 140 81 143 78 146 75 149 72 152 69 155 66 158 64 160 61 163 59 165 55 169 51 173 49 175 47 177 45 179 43 182 21 203 17 207 14 210 13 211 13 211 13 211 13 211 13 211 13 211 13 211 13 212 12 212 12 212 12 212 12 212 12 213 11 213 11 213 11 213 11 213 11 214 10 214 10 214 10 214 10 214 10 214 10 214 10 213 11 213 11 213 11 213 11 212 12 212 12 205 19 204 20 203 21 202 22 202 22 202 22 201 23 201 23 201 23 201 23 200 24 200 24 199 25 199 25 199 25 198 26 198 26 197 27 196 28 195 29 194 30 192 32 191 33 190 34 189 35 137 4 47 36 135 8 44 37 134 9 43 38 82 16 36 10 41 40 19 80 34 9 41 141 32 10 41 142 31 10 40 144 30 10 39 146 28 11 39 147 27 11 38 149 26 11 38 150 24 12 37 152 22 13 36 155 20 13 35 157 18 14 34 159 15 16 34 161 11 18 33 191 31 193 30 194 29 195 27 197 26 199 24 200 22 203 20 205 17 208 13 4320
11 43 106 54 20 45 103 56 19 47 102 57 18 48 100 58 18 49 98 59 18 50 96 60 18 51 95 60 18 52 93 61 18 53 91 62 18 54 89 63 18 56 85 65 18 57 82 67 18 59 74 73 18 61 69 76 18 63 15 3 24 101 18 66 5 20 12 103 18 206 19 205 19 204 20 204 20 204 20 204 20 204 20 204 20 204 20 204 20 204 20 204 20 204 20 204 20 204 20 204 20 205 19 205 20 205 19 205 19 205 20 204 20 204 20 204 21 203 21 203 21 203 21 203 21 202 23 201 23 201 23 200 24 200 24 199 25 199 26 197 27 197 27 196 28 195 29 194 30 194 30 193 31 193 31 193 32 192 33 191 33 192 33 191 33 191 34 191 33 191 34 191 33 192 32 192 32 193 31 193 31 194 30 194 30 195 29 195 28 196 28 197 27 197 26 198 26 199 25 199 24 200 24 200 24 201 22 202 22 202 22 202 22 202 21 203 21 203 21 203 21 203 21 204 20 204 20 204 20 203 21 203 21 203 21 203 21 202 22 202 22 202 22 202 22 202 22 202 22 201 23 201 23 201 24 200 24 200 24 200 24 200 24 200 25 198 26 198 26 198 27 197 27 197 27 197 27 196 28 196 28 196 29 194 30 193 31 193 31 192 32 191 33 190 34 190 34 190 34 189 35 189 35 189 35 189 35 189 36 187 37 187 37 187 37 187 37 186 38 186 38 186 38 186 38 185 39 185 39 185 39 185 39 184 40 184 41 183 41 183 41 183 41 182 42 182 42 182 43 180 44 180 44 180 44 180 44 179 45 179 46 178 46 177 47 177 47 176 48 176 48 175 50 174 50 174 50 173 51 173 51 172 52 172 52 172 52 171 53 171 52 172 52 171 53 171 53 171 53 171 52 171 53 171 53 171 53 171 53 171 52 172 52 172 52 171 53 171 53 171 52 172 52 172 52 172 52 172 51 173 51 173 51 173 50 175 49 175 49 175 49 175 48 176 48 176 48 176 47 177 47 177 47 177 47 178 46 178 45 179 45 179 45 179 45 179 46 178 46 178 46 178 46 179 45 179 45 179 46 177 47 177 47 177 30
484 4 218 8 214 11 212 13 211 14 209 16 208 16 207 18 206 18 206 18 205 20 204 20 204 20 204 20 203 21 203 22 202 22 201 23 201 23 201 23 200 25 199 25 198 27 197 29 195 31 23 7 162 34 17 13 160 36 12 17 159 38 8 20 157 67 157 68 155 69 155 69 154 70 154 70 154 70 153 71 153 70 153 71 153 71 153 70 154 70 154 70 153 70 154 69 155 69 155 68 156 68 156 67 157 66 158 65 159 65 159 64 160 64 160 63 161 62 162 61 162 62 162 61 163 60 164 60 164 59 165 59 165 58 166 57 167 57 167 56 168 56 168 55 169 54 170 54 170 53 171 53 171 52 171 53 171 53 171 53 171 53 170 55 169 56 167 58 166 60 163 62 162 64 159 67 157 70 153 73 151 75 148 78 146 79 145 80 144 82 141 84 140 86 138 88 136 89 135 91 133 93 130 95 129 96 128 97 127 99 125 100 124 101 123 101 123 102 122 103 121 104 120 105 119 106 118 106 118 107 117 108 116 109 116 108 116 109 115 110 114 111 113 111 113 112 112 113 112 113 111 114 110 114 110 115 109 116 109 115 109 116 108 116 108 117 107 117 108 117 107 118 106 118 107 118 106 119 105 120 104 120 105 120 104 121 104 120 104 121 103 122 103 121 103 122 103 122 102 122 103 122 102 122 71 9 23 122 68 12 22 123 65 16 20 123 64 18 20 123 62 20 19 123 61 20 21 123 59 21 21 123 58 22 21 124 56 21 23 125 54 21 25 125 52 22 25 126 50 22 26 126 50 21 27 127 48 21 28 128 47 20 30 127 46 20 31 128 45 19 32 128 44 19 33 128 44 18 34 129 43 17 35 129 43 17 35 129 42 17 36 129 42 17 36 130 41 16 37 130 41 16 37 130 40 17 38 129 40 16 39 129 40 16 39 129 40 16 39 129 40 16 39 129 39 16 40 130 38 16 40 130 37 17 41 129 37 17 41 130 35 18 41 130 34 19 41 131 32 20 41 131 31 21 41 132 29 21 42 132 27 23 42 133 25 24 42 134 22 25 43 134 21 26 43 136 17 27 44 137 14 29 44 139 9 31 46 178 46 177 47 176 48 176 47 176 48 175 49 174 50 173 51 172 52 171 52 170 53 170 53 169 53 43 3 124 52 44 4 122 53 44 5 120 54 44 6 119 54 44 7 116 56 44 8 114 58 44 8 110 61 44 9 81 12 14 64 42 11 79 92 40 13 78 93 32 21 77 94 29 25 75 96 27 26 74 97 26 28 72 99 24 30 70 100 23 32 68 87
12955 7 80 10 123 17 72 16 117 22 66 22 112 27 60 28 107 33 52 36 100 40 46 41 94 47 37 48 86 55 32 53 76 66 27 57 70 71 24 61 66 73 23 64 61 76 21 68 57 78 20 71 53 80 18 76 47 83 17 82 7 11 20 87 16 208 15 209 14 210 13 211 12 212 11 213 11 213 10 214 9 215 9 215 8 216 7 217 7 217 6 218 6 218 5 219 5 219 5 219 4 220 4 220 4 220 4 220 5 219 5 219 6 218 6 218 6 218 7 217 7 217 7 217 7 217 8 216 8 216 8 216 9 215 9 215 9 215 10 214 10 214 11 213 11 213 11 213 12 212 12 212 13 211 13 211 14 210 14 210 15 209 15 209 16 208 16 208 17 207 17 207 18 206 18 206 18 206 19 205 19 205 20 204 20 204 20 204 21 203 21 203 22 202 23 201 24 200 25 199 27 197 29 195 31 193 33 191 34 190 36 188 37 187 37 187 38 186 39 185 39 185 40 184 40 184 41 183 41 115 8 60 42 111 13 58 43 108 16 57 44 105 19 56 45 98 26 55 46 90 34 54 47 83 40 54 48 80 43 53 50 74 48 52 51 72 50 51 53 69 51 51 54 67 53 50 55 66 54 49 56 64 56 48 57 63 57 47 58 62 58 46 59 61 59 45 60 59 62 43 61 58 62 43 62 57 63 42 63 56 64 41 65 54 65 40 66 53 65 40 68 51 66 39 69 50 66 39 71 48 66 39 72 47 67 38 73 46 67 38 75 44 67 38 76 42 69 37 78 40 69 37 80 38 69 37 81 37 69 37 82 36 70 36 83 35 70 36 83 35 70 36 84 34 70 36 84 34 70 36 84 34 70 35 86 33 69 36 86 33 69 36 86 33 68 37 87 32 67 37 88 32 66 38 88 32 65 38 89 32 64 38 90 32 63 39 90 32 62 39 91 32 61 40 91 32 60 40 92 31 60 41 92 31 60 40 93 31 59 41 93 31 59 40 93 32 59 40 92 33 59 32 3 5 91 34 59 30 7 2 91 34 61 28 101 34 62 25 103 34 64 22 104 33 67 18 106 33 71 12 108 33 191 32 192 32 192 32 192 32 192 31 194 30 111
6834 12 204 24 199 29 194 34 164 13 12 37 157 70 151 75 147 79 144 82 140 85 138 88 135 90 133 92 132 93 130 95 128 97 127 98 125 99 125 100 123 102 122 102 121 104 120 104 119 106 118 106 118 107 116 108 116 109 114 110 114 111 112 112 112 113 111 113 111 113 110 114 110 114 110 114 110 114 109 115 109 114 110 114 110 114 109 114 110 113 111 112 112 111 113 110 114 109 115 109 115 108 116 108 116 108 116 107 117 107 116 107 117 107 117 107 116 107 116 108 116 107 116 108 115 108 116 108 115 108 115 109 115 109 114 109 115 109 114 109 115 109 115 109 115 108 116 108 116 107 117 107 117 107 116 107 118 106 118 105 119 105 119 12 2 90 120 10 5 89 121 8 7 87 124 4 10 86 138 85 139 85 140 83 141 83 141 83 142 81 143 81 143 81 143 81 143 80 145 15 3 61 145 15 4 60 145 14 5 60 145 14 5 60 145 14 6 59 145 14 6 58 146 14 6 35 2 21 146 14 6 34 3 21 146 14 6 34 4 20 146 13 7 34 4 20 146 13 8 32 5 19 147 13 8 32 5 19 147 13 8 32 5 19 147 12 9 32 5 19 147 12 9 32 6 18 147 12 9 32 6 18 147 12 9 32 6 17 147 13 9 32 6 17 147 13 9 32 6 17 147 13 10 30 7 17 147 14 9 30 7 17 147 14 9 30 8 16 146 15 9 30 8 16 146 15 10 29 8 16 146 15 10 29 8 16 146 15 11 28 8 16 145 16 11 28 8 15 146 16 12 27 8 15 146 16 13 27 7 15 145 17 16 24 7 15 145 17 19 21 7 15 145 17 21 19 7 15 145 17 21 19 7 15 145 17 22 18 7 15 145 16 23 18 7 15 145 15 24 18 7 15 146 13 26 17 7 15 148 7 30 17 7 15 185 17 7 15 185 18 6 15 185 18 5 16 186 17 5 16 186 17 5 17 185 18 4 17 185 18 4 17 185 19 3 18 184 19 2 19 184 19 2 19 184 20 1 20 183 41 183 42 182 42 182 42 182 42 182 41 183 41 183 40 184 20 5 13 186 19 205 19 205 18 207 16 209 14 211 11 8176
6144 9 214 14 210 17 206 21 203 22 203 23 201 23 201 24 201 24 201 23 202 23 203 21 204 20 206 18 208 17 209 15 210 14 211 13 212 12 212 12 213 11 213 11 213 11 213 11 213 11 213 11 213 11 213 11 213 11 213 11 213 11 213 11 213 11 213 11 213 11 213 11 212 12 212 12 212 12 212 12 212 12 212 12 211 13 211 13 211 13 210 14 207 17 201 23 198 26 196 29 193 32 191 34 188 38 185 42 181 45 178 47 176 49 175 50 174 51 172 53 171 54 170 55 168 57 167 57 166 59 165 60 163 61 163 62 161 64 160 64 160 65 158 66 158 67 157 67 156 69 155 69 155 70 154 70 154 70 154 70 154 71 153 71 153 71 153 72 153 71 153 71 153 72 152 72 152 73 152 72 152 73 151 73 151 74 150 74 149 76 148 76 148 76 148 77 147 77 147 77 147 77 147 77 147 77 147 77 148 76 148 76 148 76 149 75 149 75 150 74 150 74 151 72 152 72 153 70 155 69 155 68 157 66 158 65 160 64 160 63 162 62 162 62 162 62 163 60 164 60 165 59 165 59 165 59 166 58 166 58 167 57 167 57 167 58 167 57 167 57 168 56 168 56 169 55 169 55 170 54 171 53 171 53 172 52 173 50 175 49 175 48 177 27 2 17 178 26 5 14 180 24 9 10 181 24 11 7 183 22 202 22 203 20 205 19 207 16 210 13 214 9 217 5 8841
10853 14 206 21 202 25 198 29 194 32 190 36 187 38 185 41 182 45 178 50 174 54 169 70 153 72 152 73 150 77 146 79 145 80 144 80 143 82 142 83 141 84 139 86 138 87 136 88 136 89 135 89 135 90 134 90 133 91 133 91 132 92 132 92 131 94 130 94 129 95 128 96 128 96 127 97 127 97 127 96 127 97 127 97 127 97 126 97 127 97 126 98 126 98 125 98 125 99 125 99 124 99 124 100 124 100 123 100 124 100 123 101 123 101 122 102 122 102 121 103 120 105 119 105 118 106 116 108 115 109 114 110 114 110 113 112 112 112 111 113 111 113 110 114 110 115 110 115 109 115 110 115 109 115 111 114 110 114 111 114 110 114 110 114 111 113 111 113 111 113 112 112 112 112 112 111 113 111 113 111 113 110 114 110 114 109 115 109 115 108 116 108 117 106 118 105 119 63 5 37 120 59 11 33 121 56 15 30 124 54 17 27 126 53 19 18 135 52 21 8 143 51 174 50 174 49 176 48 176 47 177 47 177 45 179 43 181 40 184 38 186 36 188 34 190 33 192 31 193 29 196 27 197 26 199 24 201 22 203 19 206 17 209 12 218 1 11117
5649 14 204 31 190 40 181 48 174 54 167 60 163 64 158 68 154 72 150 76 145 80 138 88 131 95 126 100 123 102 120 106 117 109 114 111 112 114 109 117 106 119 105 120 104 122 102 123 101 124 100 125 99 126 98 127 98 127 98 128 97 128 97 129 96 131 94 137 88 143 82 145 79 147 78 148 76 150 74 151 73 153 71 154 70 155 69 156 68 156 67 158 66 159 65 160 64 161 63 162 61 164 60 165 59 165 59 166 58 166 57 168 56 168 56 168 56 167 56 168 56 168 56 167 57 167 56 168 56 168 56 167 57 167 57 167 57 166 57 167 57 166 58 166 58 166 58 166 58 165 59 165 59 165 59 166 57 167 57 22 4 141 57 21 7 139 56 21 8 139 56 20 10 138 56 19 12 137 55 19 13 137 55 18 14 137 55 18 14 137 55 17 15 137 55 16 16 137 55 16 16 137 55 15 17 137 55 15 17 137 55 14 18 137 55 14 18 137 55 14 18 137 55 14 18 137 55 13 19 137 55 13 19 137 55 13 20 136 55 13 20 136 55 13 20 136 55 13 21 135 55 13 21 18 4 113 55 14 20 18 5 112 55 14 21 17 7 110 55 14 21 17 8 109 55 14 21 17 9 108 55 14 22 16 10 107 55 15 21 17 9 108 54 15 21 17 10 107 54 16 20 17 11 106 54 16 21 17 11 105 54 16 21 17 12 104 54 17 20 17 13 104 53 17 20 17 14 103 53 17 21 16 14 103 53 17 21 16 15 102 53 17 21 17 14 103 52 18 21 16 15 102 52 18 21 16 16 101 52 17 23 15 16 102 51 17 24 13 18 101 51 17 25 12 19 101 51 16 26 10 20 102 50 16 28 7 22 102 50 14 58 103 50 12 59 104 51 9 61 104 52 5 63 105 120 104 120 105 119 106 119 105 119 106 118 107 117 107 117 64 3 1 5 35 117 60 17 30 117 56 23 29 116 53 28 27 117 48 33 27 116 43 38 27 117 35 46 26 117 34 48 26 117 33 49 25 118 32 50 25 117 32 51 24 118 32 51 24 118 32 51 23 119 32 50 24 119 33 49 23 120 33 49 23 121 33 47 23 122 34 46 23 122 35 45 23 123 35 43 23 125 35 42 23 127 33 42 23 128 33 41 22 130 32 40 23 131 32 39 23 131 32 39 22 133 32 37 23 134 32 36 23 134 33 35 22 136 33 34 22 136 34 33 22 136 36 31 21 138 35 31 21 139 35 30 21 139 36 29 21 140 36 28 21 140 36 27 22 141 35 27 22 142 34 26 23 142 34 26 23 143 32 27 23 144 31 26 25 143 30 27 25 143 30 26 26 143 29 26 27 143 28 27 27 143 27 27 28 143 26 28 28 143 25 29 27 144 24 29 28 144 23 30 28 145 21 31 28 146 18 33 28 148 15 34 27 150 12 36 26 152 8 39 26 199 25 201 23 202 22 203 21 204 19 206 18 208 15 2
8851 12 209 22 201 26 197 28 194 31 192 34 188 36 183 43 178 47 173 68 154 73 149 79 143 84 138 90 132 94 129 96 126 99 123 102 121 104 119 106 116 108 115 110 112 113 110 114 109 116 107 117 107 118 105 120 104 120 103 122 102 123 100 124 100 125 98 126 98 127 96 128 96 128 95 129 94 130 93 130 93 130 93 131 91 131 90 133 87 136 83 140 80 143 65 158 64 159 63 161 62 161 62 162 61 162 62 162 61 164 60 164 59 166 57 168 55 170 53 171 51 174 49 175 48 177 47 178 46 178 46 179 45 180 44 181 44 181 48 176 49 176 49 176 48 177 48 177 47 177 48 177 47 178 46 179 46 179 45 180 44 181 44 181 43 182 43 182 42 183 41 184 41 184 40 185 39 186 39 186 38 187 38 186 38 187 38 186 39 185 39 186 39 185 40 184 41 183 42 183 42 182 44 180 46 179 47 177 51 174 55 169 59 166 62 163 68 157 71 154 73 152 76 150 90 135 92 133 96 128 100 124 103 121 106 118 107 117 107 117 108 116 108 116 109 115 109 115 109 115 110 114 110 114 110 114 110 114 110 114 109 115 109 115 108 116 108 116 107 117 107 117 106 118 106 118 106 118 105 119 105 119 105 119 104 120 104 120 103 121 103 121 102 122 102 122 101 123 101 123 100 124 100 124 99 125 99 125 98 126 98 126 98 126 97 127 97 127 97 127 97 127 96 128 96 128 96 128 96 128 96 128 96 128 96 128 96 128 96 128 97 127 97 127 97 127 97 127 98 126 98 126 98 126 98 126 99 125 99 125 99 125 100 124 100 124 100 124 100 124
15190 6 216 9 213 12 210 14 153 7 49 15 151 11 45 17 150 14 41 19 149 16 39 20 149 18 8 49 149 74 149 75 149 75 149 75 149 74 150 74 150 73 151 73 151 72 152 72 152 71 153 71 154 70 154 69 155 69 156 69 155 69 155 69 156 69 155 69 156 69 155 70 155 70 155 69 155 69 155 70 154 70 154 70 154 70 153 71 153 71 153 71 153 71 153 71 152 72 152 72 152 71 153 71 153 71 153 70 153 71 153 70 154 69 155 69 155 68 156 67 157 67 157 67 157 67 157 67 157 66 158 66 158 66 158 66 157 67 157 67 157 67 156 68 156 68 155 69 155 70 153 71 153 71 152 72 152 72 152 72 151 73 151 73 151 73 151 73 151 73 151 73 151 73 150 74 150 74 150 74 150 74 150 74 150 74 150 74 150 73 151 73 152 72 152 72 152 72 152 72 152 72 152 72 152 72 152 72 153 71 153 71 153 71 153 71 153 71 153 71 153 71 153 71 153 71 153 70 154 70 154 70 154 69 156 68 156 67 157 66 159 64 160 63 161 63 161 62 163 61 163 60 164 60 165 59 165 59 165 58 166 58 166 57 168 55 169 54 171 50 175 40 185 28 198 17 5461
11494 3 3 16 195 34 187 40 182 43 180 46 176 49 174 51 172 53 170 54 168 57 166 59 164 60 163 62 161 63 161 64 159 65 159 66 157 68 156 69 155 69 155 70 154 71 153 73 150 75 149 76 149 77 147 79 28 17 100 131 93 134 90 138 86 139 84 142 82 144 80 145 79 146 79 147 76 149 75 150 74 152 72 153 71 154 70 155 69 155 69 156 68 157 67 158 66 158 67 158 66 159 65 159 65 160 65 159 65 160 64 160 64 161 63 161 64 160 64 160 64 161 63 161 64 160 64 160 64 160 64 160 64 161 64 160 64 160 64 160 64 160 64 160 65 160 64 160 64 160 65 159 65 159 65 159 65 160 64 160 65 159 65 159 65 159 65 159 65 159 66 158 66 158 66 158 67 157 67 157 67 157 68 156 68 156 68 155 70 154 70 154 71 153 71 153 71 153 71 153 72 152 72 152 73 150 74 150 74 150 75 149 75 149 76 148 76 147 77 147 78 146 78 146 78 146 78 88 7 51 78 78 21 47 78 73 27 46 78 65 38 42 79 63 42 40 79 62 45 38 79 62 46 37 78 62 47 37 78 62 48 36 78 62 48 35 79 62 48 35 79 61 50 34 79 61 50 34 79 61 50 34 79 61 50 33 79 61 50 34 79 61 50 34 79 61 49 34 79 62 48 35 79 62 48 35 78 62 48 36 76 64 48 36 75 65 48 36 73 67 48 36 71 68 50 35 70 69 50 35 68 71 51 34 68 71 52 33 68 70 54 32 68 70 55 30 69 70 55 30 70 69 56 29 71 68 56 28 72 67 58 27 73 66 58 26 76 64 59 24 79 62 60 22 84 58 62 18 91 53 63 13 99 48 186 38 189 34 191 33 194 29 198 21 3924
25459 11 207 20 199 26 195 30 192 33 190 35 188 36 187 38 186 38 185 40 183 42 181 43 181 43 180 45 178 46 178 46 177 48 174 50 173 51 112 12 17 10 21 53 106 22 9 16 17 55 99 56 12 57 97 60 7 60 94 130 93 131 91 133 88 136 85 139 83 142 79 145 78 146 76 148 74 150 72 152 71 154 69 155 68 156 67 158 65 159 64 160 64 160 64 160 63 161 63 162 62 162 62 162 62 162 62 162 62 162 62 162 62 162 62 162 62 162 61 163 61 163 61 162 61 163 61 162 61 162 61 161 62 161 62 161 62 52 7 101 62 52 13 94 63 52 18 90 62 52 22 87 62 51 25 85 63 49 29 82 64 48 32 79 65 47 37 3 10 61 40 4 22 45 56 56 37 12 18 44 62 51 36 16 15 43 68 47 35 18 13 42 71 45 35 20 11 41 74 44 34 21 10 40 75 46 32 22 9 39 77 46 32 22 8 36 81 46 31 22 8 33 86 46 30 22 7 31 91 44 30 21 7 30 94 44 30 20 6 28 101 40 30 19 6 27 105 38 31 16 7 26 109 37 32 12 8 24 113 38 33 6 10 24 116 38 46 23 119 39 43 22 121 40 41 21 125 39 39 21 128 37 38 20 130 37 37 20 132 36 37 18 135 34 37 18 137 32 37 17 139 31 37 17 141 29 38 15 144 27 39 12 147 26 41 9 150 23 45 3 154 22 204 18 210 11 2058
36 56 166 60 163 62 15 4 142 65 11 8 138 96 126 108 115 112 111 114 109 117 106 118 105 120 103 121 103 121 102 122 101 123 101 123 100 124 100 124 99 125 98 126 98 126 97 127 97 126 97 127 97 127 96 128 95 129 94 130 93 131 92 132 90 134 89 135 87 137 86 137 84 140 83 141 83 141 83 140 84 140 84 139 85 139 85 139 85 138 86 138 86 138 86 137 87 137 87 137 87 136 88 136 88 136 88 136 88 135 89 135 89 135 89 135 89 136 88 136 88 136 88 136 88 136 88 136 88 136 88 136 88 136 88 136 88 136 88 136 88 135 89 134 90 133 91 132 92 131 93 130 94 130 94 128 96 127 97 123 101 116 108 112 112 109 115 108 116 106 118 105 119 105 119 105 119 105 119 105 119 106 118 106 118 107 117 108 116 109 115 110 114 111 113 112 112 113 111 114 110 115 109 116 108 116 108 117 107 118 106 119 105 120 104 120 104 121 103 122 102 122 102 122 102 123 101 123 101 123 101 123 101 122 102 122 102 122 102 121 103 121 103 120 104 119 105 118 106 117 107 115 109 114 110 112 112 109 115 105 119 100 124 99 125 98 126 97 127 96 128 95 129 94 130 93 131 91 133 90 134 67 5 16 136 66 9 10 139 66 158 65 159 65 159 64 160 64 160 63 161 62 162 60 164 59 165 58 166 57 167 56 168 55 169 54 170 53 171 52 172 51 173 51 173 50 174 49 175 48 176 48 176 47 177 47 177 47 177 46 178 46 178 46 178 45 179 45 179 45 179 44 180 44 180 44 180 43 181 43 181 42 182 41 183 41 183 40 184 39 185 38 186 37 187 36 188 36 188 35 189 34 190 34 190 34 190 33 191 33 191 32 192 32 192 31 193 31 193 30 194 29 195 29 195 28 196 27 197 27 197 26 198 26 198 25 199 25 199 24 200 24 200 24 200 24 200 23 201 23 201 24 200 24 200 25 199 26 198 27 197 28 196 28 196 29 195 30 194 31 193 31 193 32 192 31 193
11052 8 211 21 200 32 190 37 184 43 179 47 175 50 172 54 168 58 164 62 160 66 157 69 153 72 150 76 147 78 144 81 142 83 139 86 137 88 134 90 133 92 131 93 130 94 129 95 129 96 127 97 126 98 126 98 125 99 125 99 125 99 124 100 124 100 124 99 125 99 125 99 125 98 127 97 127 96 129 93 131 92 133 89 136 86 139 84 141 82 143 80 146 78 148 75 150 74 152 72 154 70 155 68 158 66 159 65 160 64 161 63 162 62 162 62 163 61 163 61 163 61 163 62 162 63 161 64 160 65 159 66 158 67 157 68 155 70 154 71 153 72 152 73 151 74 150 75 148 77 147 78 146 79 145 80 144 81 143 82 55 6 81 83 47 16 78 84 25 38 77 86 14 48 75 151 73 152 72 152 72 153 71 153 71 154 70 154 70 154 70 154 70 154 70 154 70 154 70 153 71 153 71 152 72 151 73 150 74 149 75 148 76 146 78 144 80 142 82 105 12 23 84 102 18 18 87 100 22 13 89 99 25 8 92 98 126 98 127 96 128 96 128 96 128 95 129 95 130 94 130 94 130 94 130 94 131 93 131 93 131 93 131 94 131 93 131 93 131 94 130 94 131 94 130 94 130 95 129 20 7 68 129 19 11 66 128 19 13 27 10 28 127 18 14 25 16 25 127 17 14 24 20 22 127 17 14 23 22 22 126 17 14 23 23 21 126 17 14 22 25 21 125 17 13 23 26 20 124 18 13 22 28 19 124 17 14 22 28 20 123 17 14 22 29 19 122 18 14 21 30 19 121 18 15 21 31 17 121 18 17 20 32 16 120 18 18 20 32 16 119 18 20 19 33 14 119 18 21 19 35 11 119 18 23 19 36 8 120 17 24 19 164 16 26 18 165 14 27 19 165 11 29 19 167 6 32 20 204 20 204 20 204 21 204 20 204 20 204 20 204 20 205 19 205 19 206 18 207 16 209 15 210 13 212 11 214 9 217 6 220 3 790
105 58 35 24 106 63 30 26 104 66 27 28 103 69 23 29 102 73 20 29 102 76 16 30 102 79 12 31 102 84 7 31 101 87 3 33 101 123 101 123 100 124 100 124 100 124 99 125 99 125 99 125 98 126 98 126 98 126 97 127 97 127 97 127 96 128 96 128 96 128 95 129 95 129 95 129 94 130 94 130 94 130 94 130 94 130 94 130 93 131 93 131 93 131 93 131 93 131 93 131 93 131 94 130 94 130 95 129 95 103 1 25 97 6 14 82 1 24 118 106 118 106 118 106 117 107 117 107 116 108 115 109 114 110 112 112 111 113 109 115 108 116 106 117 105 119 102 122 100 124 98 126 92 130 89 133 87 133 89 134 87 136 86 138 84 140 77 147 71 153 67 156 60 164 56 168 53 171 51 173 48 176 46 178 43 181 41 183 39 185 37 187 35 189 34 190 32 192 31 193 31 193 30 194 30 194 29 195 29 196 27 197 26 198 26 198 26 198 25 199 25 199 25 199 24 200 24 200 24 200 24 200 24 200 23 201 23 200 24 200 23 201 22 202 22 202 21 202 21 203 20 203 20 204 19 205 16 207 16 208 15 208 16 208 16 208 16 207 17 207 17 207 17 206 18 206 18 205 19 205 19 205 19 204 20 204 20 203 21 203 21 202 22 201 23 201 23 200 24 165 3 32 24 164 5 30 25 163 7 28 26 163 7 28 26 162 9 26 27 162 9 25 28 162 9 25 28 162 10 23 29 162 10 23 29 161 11 22 31 160 12 21 32 159 12 21 33 158 12 21 34 157 13 19 36 156 13 19 36 45 2 109 13 19 37 40 10 105 13 19 38 25 6 7 12 104 13 19 40 21 10 2 16 103 14 18 41 17 32 102 14 18 43 12 35 102 14 18 90 102 14 18 90 102 14 18 91 102 13 18 91 102 13 18 91 102 13 18 92 101 13 18 92 101 13 18 93 100 13 18 93 49 6 45 13 18 93 46 12 43 11 19 93 43 17 41 11 19 93 40 21 40 11 19 93 38 24 39 11 19 94 35 26 39 11 19 94 34 27 39 11 19 94 33 29 38 11 19 95 31 30 38 11 19 95 30 31 38 10 20 95 29 32 39 9 20 95 29 32 39 9 19 96 29 32 39 8 20 96 29 32 39 8 20 96 28 33 39 8 20 96 28 33 39 7 21 96 28 33 39 7 21 96 28 33 39 7 21 96 28 33 39 7 21 96 28 33 40 5 22 97 27 33 40 5 22 97 27 33 40 5 22 97 27 33 40 4 23 97 27 33 40 4 23 97 27 33 40 4 23 97 26 34 40 4 23 97 26 34 40 4 24 97 25 34 40 4 24 97 25 34 40 4 24 97 25 34 40 4 24 97 25 33 41 4 24 97 24 34 41 4 24 97 24 34 41 4 24 97 24 34 42 3 24 97 24 34 42 3 24 96 25 34 42 3 24 96 25 34 42 2 25 96 25 34 42 2 25 96 25 34 42 3 24 96 24 35 41 5 23 96 24 35 40 7 22 96 24 35 39 9 20 96 25 35 38 12 18 96 25 35 37 14 17 96 25 35 37 15 16 96 24 36 36 17 14 97 24 36 36 18 12 98 24 36 35 20 11 98 24 36 34 23 8 99 24 35 33 133 23 35 30 136 22 36 27 139 22 36 26 140 22 36 25 141 21 37 25 141 21 37 24 142 21 37 24 142 21 38 22 78
5267 5 216 11 212 14 209 16 207 18 205 20 204 20 203 22 202 23 200 24 200 25 199 25 199 26 197 27 197 28 196 29 194 31 192 33 190 36 187 38 185 40 182 43 179 46 176 48 174 51 170 55 167 57 163 62 159 66 138 87 135 90 134 91 132 93 131 94 130 95 129 96 128 97 127 97 127 97 128 97 127 97 127 97 127 98 127 97 127 97 128 96 128 97 127 97 127 97 127 98 126 98 127 97 127 98 126 98 126 98 126 98 126 98 126 98 126 99 125 99 125 99 125 99 126 99 125 99 125 99 125 99 126 99 125 99 125 99 125 99 125 99 126 98 126 99 125 99 125 99 125 99 125 99 125 99 124 100 124 100 124 100 124 100 124 100 124 100 124 100 124 100 124 99 125 99 125 99 125 99 125 99 125 99 125 98 126 98 126 98 126 97 127 97 127 96 128 96 128 95 129 95 129 95 129 95 129 95 129 95 129 95 129 94 131 93 131 93 131 93 131 93 132 92 132 92 132 92 133 91 133 91 133 91 133 90 134 90 135 89 135 89 135 90 135 89 135 89 135 89 136 88 136 88 137 87 137 88 137 87 137 87 138 86 139 85 139 84 141 83 142 81 143 80 144 80 145 78 146 78 146 78 146 78 147 78 146 79 145 81 143 82 142 83 141 83 141 83 141 82 142 82 141 82 142 82 143 81 143 80 144 80 144 80 144 80 145 80 144 79 145 79 146 30 3 44 148 25 9 41 151 19 14 39 186 36 188 33 193 29 196 26 199 22 205 16 211 7 6811
1643 13 18 9 181 46 176 50 173 53 170 56 167 58 165 60 163 63 159 66 158 66 157 68 155 70 153 71 153 72 151 74 149 76 148 76 147 78 146 78 145 80 144 80 143 81 143 81 142 82 141 83 139 85 138 86 137 87 135 89 134 90 133 90 134 90 133 91 133 91 132 92 130 94 129 95 126 98 122 102 120 104 118 106 116 109 113 111 111 114 108 117 105 120 101 124 97 128 93 132 87 138 83 143 80 144 79 146 78 147 77 148 76 148 76 148 76 149 75 149 75 149 75 149 75 149 75 149 75 149 75 148 76 148 76 148 76 148 76 147 77 147 77 146 78 146 78 145 79 145 79 60 4 80 80 59 5 79 81 58 7 29 6 41 83 58 7 27 10 35 87 58 7 26 12 30 91 58 7 24 17 23 95 58 8 21 25 13 99 58 8 20 138 58 7 19 140 58 7 18 141 58 7 16 143 59 6 13 146 60 4 13 147 76 148 75 149 74 150 73 151 72 152 71 153 71 153 71 153 71 153 71 153 71 153 70 154 70 154 70 154 70 154 69 155 69 155 69 155 68 156 68 156 68 156 67 157 67 157 67 157 67 157 66 158 66 158 66 158 66 158 65 159 65 159 65 159 65 159 64 160 64 160 64 160 64 160 63 161 63 161 63 161 63 161 62 162 62 162 62 162 62 162 61 163 61 163 61 163 61 163 60 164 60 164 60 164 59 165 59 165 58 166 58 166 58 166 58 166 57 167 57 168 56 168 56 168 56 168 56 168 56 168 56 168 56 168 55 169 20 1 34 169 18 5 32 169 17 7 31 170 15 9 30 171 13 11 29 171 12 13 28 172 10 15 27 172 10 15 27 173 8 17 26 173 7 18 26 174 6 19 25 174 5 20 25 174 4 21 25 175 1 24 24 200 24 200 24 200 24 201 23 201 23 201 23 201 23 201 23 202 22 202 22 202 22 202 22 202 22 202 22 203 22 202 22 202 22 202 22 203 21 203 21 203 22 202 22 203 21 203 21 203 21 203 21 204 19 205 19 206 18 206 18 207 17 207 17 208 15 210 14 211 13 212 11 215 8 2634
11119 9 212 17 205 22 201 26 196 31 192 35 188 38 185 41 182 45 178 48 175 53 170 57 167 58 165 61 162 63 160 65 159 66 157 68 110 6 39 70 105 16 32 72 102 20 29 74 99 26 24 77 94 32 20 79 90 41 13 80 87 48 6 84 83 142 81 143 78 147 76 148 75 150 73 151 71 154 69 155 67 158 63 161 61 164 57 167 55 170 51 173 49 176 47 177 46 178 44 181 42 182 41 183 41 184 39 185 38 186 38 187 36 188 36 188 35 189 34 191 33 191 32 192 32 192 31 193 29 196 25 199 20 204 17 207 15 209 13 211 12 213 11 213 11 213 11 213 11 213 11 214 10 214 10 214 10 214 10 214 10 213 11 213 11 213 11 213 11 212 12 212 12 211 13 211 13 211 13 210 14 210 14 210 14 209 15 209 15 209 15 209 15 209 15 208 16 209 15 209 15 208 16 208 16 207 17 206 18 205 19 204 21 201 24 199 27 196 29 195 32 15 7 170 35 9 12 167 59 164 62 160 67 155 93 128 99 10 4 108 104 3 11 103 122 99 129 92 136 86 142 80 146 75 151 70 155 50 8 3 164 47 177 46 179 45 180 43 182 41 184 36 189 16 211 8 11083
3587 8 215 13 210 17 207 20 49 14 141 40 14 38 133 43 5 45 132 93 131 94 131 94 131 94 130 94 131 94 131 93 131 94 131 93 131 94 131 93 67 8 56 93 64 12 56 93 62 14 56 93 59 17 55 93 58 19 55 93 56 21 55 93 53 23 55 95 50 25 54 100 43 27 54 103 39 28 54 105 36 29 54 107 33 30 55 108 30 31 55 110 26 33 55 112 19 38 55 114 7 47 56 168 56 168 56 168 56 168 56 168 56 168 56 168 56 168 56 168 57 167 57 167 57 167 57 168 56 169 55 169 55 170 54 170 54 171 53 171 53 56 6 110 52 54 12 107 51 53 15 106 50 52 15 107 50 52 15 108 49 50 18 108 48 47 22 107 49 45 25 106 48 44 27 105 49 42 29 104 49 42 30 103 50 41 30 103 50 41 29 104 50 41 27 106 51 40 13 6 2 112 51 41 8 124 52 172 52 172 53 172 52 171 53 171 54 170 55 169 56 168 58 165 67 157 69 155 72 152 74 149 76 148 77 147 78 146 79 146 78 146 79 145 80 145 80 145 80 145 80 145 80 145 80 144 82 143 82 142 83 141 84 141 84 140 85 139 86 138 87 138 87 137 88 136 89 135 90 134 91 134 91 133 93 131 94 130 95 129 96 129 96 128 97 127 98 126 100 124 101 123 103 121 106 118 107 117 109 115 110 113 113 111 115 109 116 107 119 105 120 104 121 102 124 100 126 98 128 95 131 93 133 91 136 87 140 84 143 80 146 78 148 76 150 73 154 70 157 66 162 62 166 57 182 6 13 23 203 20 206 18 207 16 209 14 211 11 216 3 13482
5935 21 199 27 194 33 188 37 185 41 181 44 178 49 173 52 171 55 169 56 167 58 165 60 163 62 162 63 160 65 158 66 158 67 156 69 154 71 153 71 152 73 150 75 149 75 149 76 147 78 146 78 146 78 145 80 144 80 144 80 144 81 143 81 143 81 143 81 143 81 143 81 144 80 144 80 145 79 145 78 147 77 147 77 147 76 148 76 149 75 149 74 150 74 151 73 151 72 152 72 153 71 153 71 154 70 154 69 155 69 155 69 155 68 156 68 157 67 156 67 157 66 158 66 158 65 158 65 159 65 158 66 158 66 158 65 158 66 158 67 157 67 156 68 156 68 156 68 156 68 156 69 155 69 155 70 154 70 154 71 153 71 153 71 153 72 152 72 152 72 152 73 150 74 149 75 148 76 147 77 147 77 146 78 145 79 144 80 143 81 142 82 141 83 141 83 140 84 139 85 139 85 138 86 137 87 137 87 135 89 134 90 134 90 133 91 132 92 131 93 131 93 130 94 129 95 129 95 129 95 128 96 128 96 127 97 127 97 126 97 126 98 126 98 125 99 125 99 123 101 122 102 121 103 120 104 119 105 118 106 117 107 116 108 115 109 114 109 114 110 114 110 113 111 113 111 112 112 112 91 1 20 111 91 3 19 111 90 5 18 110 90 6 18 110 89 7 18 110 89 7 18 110 88 8 18 110 88 8 18 109 88 9 18 109 88 10 17 109 87 11 17 109 87 11 17 109 87 11 17 108 89 10 17 108 89 10 17 108 89 10 17 108 89 10 17 107 90 10 17 107 91 9 17 106 92 9 17 106 92 9 17 105 94 8 17 103 96 8 17 101 99 7 17 99 101 7 17 98 103 6 17 96 106 4 19 95 129 94 130 93 131 93 132 91 133 91 134 90 134 90 135 89 135 89 136 88 136 88 137 88 136 89 136 88 136 89 135 91 19 9 105 92 14 20 98 93 11 26 8 1 21 6 57 96 6 44 11 24 43 184 39 188 6 16 12 2306
3437 18 191 37 180 47 172 55 165 62 159 66 156 70 152 73 149 76 145 80 141 85 137 88 133 92 129 96 124 100 121 104 117 108 115 109 114 111 112 112 111 114 109 116 108 116 107 117 107 118 105 119 105 120 103 121 103 122 102 122 101 124 100 125 99 125 98 127 97 128 96 128 95 130 94 131 93 131 92 133 91 134 90 134 90 135 89 136 87 138 86 138 86 139 85 139 85 140 84 140 84 141 83 141 83 141 83 142 82 142 82 143 81 143 81 143 81 144 80 144 80 144 80 145 80 144 80 144 80 144 80 144 80 144 80 144 80 145 78 146 78 146 78 146 78 146 78 147 77 26 1 120 77 24 5 118 77 23 7 118 76 23 7 118 76 22 8 118 76 22 9 118 75 22 9 118 75 22 9 119 74 21 11 118 74 21 11 118 74 21 12 118 73 21 12 118 73 22 11 118 73 22 11 119 72 22 11 119 72 22 10 121 71 22 10 121 71 23 8 123 70 23 8 124 69 23 7 125 69 23 6 127 68 24 3 130 67 158 66 160 64 161 63 162 62 163 61 164 60 165 59 166 59 166 61 164 71 154 71 154 71 154 70 155 69 157 67 158 65 160 64 161 63 162 62 163 60 164 60 165 59 165 59 166 58 166 58 166 58 167 57 167 57 167 57 168 57 167 57 168 56 168 56 169 56 170 54 171 53 172 52 172 53 173 51 174 50 175 50 176 48 180 44 183 42 184 40 186 38 188 36 190 34 191 34 192 32 193 31 194 31 194 30 195 29 133 5 58 28 131 10 56 28 126 16 54 28 125 18 53 28 124 20 53 28 123 21 52 28 122 22 52 28 122 23 51 29 120 24 51 29 120 25 50 30 118 26 50 30 118 27 49 30 117 29 48 31 116 30 46 32 116 31 45 33 114 33 44 33 114 35 41 34 114 37 39 35 112 40 37 35 112 42 34 37 111 44 32 37 110 49 27 39 109 52 24 39 109 56 19 41 107 117 107 118 105 119 105 119 104 120 104 120 103 122 102 123 100 125 98 128 95 130 93 132 91 134 88 138 71 154 68 158 65 161 63 164 60 166 58 169 55 172 52 182 42 189 35 191 33 192 31 194 30 197 26 201 23 203 20 205 18 207 16 210 12 213 9 346
12660 11 209 19 203 22 200 26 197 28 195 30 194 32 191 34 189 36 188 37 186 38 185 40 183 41 183 42 181 43 181 44 179 45 179 45 178 47 177 47 177 48 175 49 175 50 173 52 172 53 170 54 169 56 167 57 167 58 165 59 165 60 163 61 163 61 162 62 162 62 162 63 161 63 161 63 160 64 160 64 160 65 159 65 159 65 158 66 158 66 158 66 158 66 158 66 158 66 158 66 158 67 157 67 157 67 156 68 156 68 156 68 156 68 156 68 156 69 155 69 155 69 155 69 155 70 154 70 153 71 153 71 153 72 152 72 151 73 151 74 149 75 149 76 147 77 146 79 144 80 143 82 140 84 138 87 135 89 133 91 132 93 129 95 128 96 127 97 126 98 125 99 124 100 123 100 123 100 123 100 124 99 124 99 125 97 126 97 127 96 127 97 127 96 128 96 128 96 127 96 128 96 128 96 128 95 129 95 129 95 129 95 129 95 129 95 129 95 129 95 130 94 130 94 130 94 130 94 131 93 131 93 132 92 133 91 134 90 135 89 135 90 135 89 136 88 137 87 139 85 140 84 141 83 142 82 143 81 144 80 145 79 145 79 146 79 146 78 146 43 5 30 146 40 9 30 145 38 11 30 145 35 14 31 144 33 16 32 142 30 21 31 141 28 24 32 139 28 25 32 138 28 26 33 136 28 27 33 135 29 27 34 133 30 27 35 132 29 28 35 131 30 29 34 131 30 29 34 130 31 30 33 130 30 31 32 131 30 32 31 131 30 33 28 133 29 35 26 134 29 37 22 137 27 42 14 141 26 199 24 202 20 207 14 1928
4806 6 216 9 45 5 164 12 41 9 162 12 40 10 161 14 38 12 160 15 36 13 159 16 35 15 158 17 33 16 158 17 32 17 158 18 30 18 158 19 28 19 158 19 27 20 157 21 25 21 157 22 23 22 157 23 10 4 6 24 157 25 2 40 157 67 157 67 157 67 157 67 157 67 157 67 157 67 157 67 156 68 156 68 156 68 156 68 156 68 156 68 156 68 156 68 156 68 157 67 157 66 158 66 159 64 160 64 161 62 162 61 163 61 164 59 165 59 165 58 166 58 165 58 166 58 166 57 166 58 166 57 166 58 166 57 166 58 166 57 167 57 166 57 167 57 167 56 167 57 167 57 167 57 167 57 166 58 166 58 166 58 165 59 165 59 164 60 163 61 163 62 161 63 160 64 160 64 160 65 158 66 158 67 157 67 156 69 155 69 154 71 153 72 151 74 150 74 149 76 148 76 147 78 145 80 142 82 141 84 137 87 135 89 131 94 129 95 127 97 126 98 124 100 123 101 122 102 121 103 119 105 118 106 116 108 114 110 112 112 110 114 109 115 108 116 106 118 105 120 103 121 101 123 100 124 99 125 98 126 97 127 97 127 96 128 96 128 95 129 95 129 94 130 93 131 92 131 92 132 91 133 91 133 90 133 91 133 90 134 89 134 90 134 90 134 89 135 89 135 89 134 90 134 90 134 91 133 91 133 91 133 91 133 91 132 92 132 92 132 93 130 94 130 94 129 95 129 96 128 96 128 96 128 96 128 96 128 96 128 97 127 97 127 97 127 98 126 99 126 99 125 103 121 108 116 112 112 116 108 118 106 119 105 119 105 120 104 121 103 121 103 122 102 123 101 123 101 124 100 125 99 126 98 126 98 127 97 128 96 129 95 130 93 132 92 133 92 133 91 134 90 135 89 136 87 138 86 139 84 142 81 147 76 151 71 161 45 5 7 178 5 4 20 2112
1923 2 206 4 5 15 187 39 181 46 175 51 171 54 168 58 164 61 162 64 159 67 155 70 153 73 150 76 147 78 146 81 142 85 138 89 134 92 132 94 129 97 126 99 124 101 123 102 121 104 119 106 118 107 116 109 114 111 113 112 111 114 109 117 106 119 103 122 101 124 99 125 98 127 97 127 96 128 95 129 95 129 95 129 94 130 93 131 93 132 91 133 91 134 89 135 89 135 89 136 88 136 88 136 88 136 87 138 86 138 86 138 85 139 85 140 84 140 83 141 83 141 82 143 80 144 80 144 79 146 77 147 77 148 75 149 75 149 75 149 75 150 74 150 73 151 73 151 73 151 73 151 73 152 72 152 72 152 72 152 72 153 71 153 71 153 71 153 71 154 70 154 70 154 69 156 68 156 68 157 67 157 67 158 65 160 64 160 63 161 63 161 62 162 62 162 61 164 60 164 60 164 60 164 60 164 60 164 59 164 60 164 60 164 60 163 61 163 61 163 60 164 60 163 61 163 61 162 61 163 61 162 62 162 62 161 63 161 63 161 63 160 65 159 65 159 65 159 65 159 66 159 65 159 66 158 66 158 66 158 66 158 66 158 66 159 65 159 64 160 64 160 64 161 63 161 63 161 62 163 60 164 60 164 59 165 59 166 57 167 57 168 55 169 55 170 54 171 53 171 53 171 53 172 52 172 52 172 52 173 51 173 51 174 50 175 49 176 48 177 47 178 47 179 45 180 44 181 43 184 40 184 41 184 40 184 40 184 40 184 40 184 39 185 39 185 39 185 39 185 39 185 39 185 38 186 38 186 38 186 37 187 36 188 35 189 34 190 33 191 32 192 31 193 31 193 30 194 30 194 29 195 29 195 29 195 28 196 28 196 27 197 26 198 26 198 25 199 24 200 24 200 23 201 22 202 21 203 21 203 20 204 20 204 19 205 18 206 18 206 17 207 17 207 17 207 16 208 16 208 16 208 17 207
97 46 174 52 171 54 160 5 3 57 154 72 6 8 137 89 133 92 131 94 129 96 128 97 126 99 124 100 123 102 121 104 119 106 118 107 116 109 114 112 111 115 108 117 106 119 104 121 103 122 101 124 100 125 98 127 97 128 95 130 93 133 90 135 89 136 87 138 86 139 84 141 83 142 81 144 79 146 77 149 75 150 72 154 69 156 66 159 64 161 62 163 59 166 56 168 54 171 53 172 51 174 50 175 49 175 49 175 49 176 47 177 47 177 47 177 47 177 47 178 46 178 46 178 46 178 46 178 47 177 47 177 47 177 47 177 47 177 48 176 48 176 49 175 50 174 51 173 51 173 52 172 52 172 52 172 52 172 52 172 52 172 52 171 53 171 53 171 53 171 53 171 54 170 54 170 54 169 55 169 56 168 56 167 57 167 58 165 59 165 59 165 59 165 59 165 59 165 58 165 59 165 59 165 60 164 60 164 61 162 62 162 62 162 62 162 62 161 63 161 62 162 62 162 62 162 62 162 63 161 65 159 67 157 70 153 79 145 81 143 81 143 82 142 82 142 83 141 83 141 83 141 84 141 83 141 84 140 84 140 84 140 85 139 85 138 86 138 87 137 88 136 88 135 90 134 90 133 92 130 94 126 99 121 104 118 106 117 108 115 109 115 110 113 112 112 113 111 114 110 115 109 116 108 117 107 118 107 117 107 117 107 118 106 118 107 117 107 117 107 117 108 116 108 116 108 116 108 116 108 116 108 117 108 116 108 116 108 117 107 117 107 117 107 118 106 118 106 118 106 119 105 119 105 120 104 121 103 122 103 122 102 123 101 124 99 125 99 126 98 127 97 128 96 129 94 131 93 132 92 133 90 134 90 135 89 135 88 136 88 137 88 136 88 136 89 135 89 135 90 134 90 134 91 133 91 132 92 131 93 131 93 130 49 5 41 128 48 8 40 127 48 10 39 126 47 12 39 126 46 14 38 125 46 15 38 125 45 16 37 126 44 18 36 126 43 19 36 126 42 21 35 126 41 23 34 126 40 25 33 126 40 25 33 126 39 27 32 126 38 29 31 126 37 30 30 127 36 32 29 127 36 32 29 128 34 33 29 128 33 35 27 32
122 30 188 39 183 42 180 45 177 48 175 51 172 54 169 58 165 66 157 71 152 74 149 76 148 78 145 81 142 83 141 85 138 87 136 90 133 93 131 95 128 98 126 101 122 104 120 105 119 106 117 108 116 108 116 109 115 109 114 111 113 111 113 112 112 112 112 113 111 113 111 114 110 114 110 115 109 116 108 117 107 118 106 119 106 118 106 119 106 118 106 119 107 117 108 117 107 117 108 117 107 117 107 118 106 118 106 119 105 119 105 119 105 119 105 119 105 119 105 119 105 119 106 117 108 116 108 116 108 115 110 114 110 113 111 112 112 110 115 107 117 106 118 105 119 103 121 102 122 102 122 101 123 100 124 100 125 98 126 97 126 98 126 97 127 97 126 97 125 98 123 100 96 127 90 132 89 134 88 135 87 137 86 137 85 138 84 140 83 141 81 143 81 143 80 144 79 146 77 147 76 148 75 149 74 150 73 151 72 152 71 153 71 153 70 155 68 156 67 157 66 158 65 159 64 160 64 160 63 161 62 162 62 162 61 163 60 164 59 165 59 165 58 166 58 166 57 167 56 168 56 168 55 170 53 171 53 171 52 173 51 173 50 175 48 176 48 177 46 179 44 180 42 183 40 185 38 187 36 188 34 191 32 194 29 196 27 198 25 199 24 201 22 202 21 204 19 205 18 207 17 207 16 208 16 209 15 209 15 210 14 210 14 210 14 210 14 211 13 59 7 145 14 55 13 142 15 53 17 139 15 52 20 137 16 51 22 135 17 49 24 134 18 48 25 132 20 46 27 131 21 44 29 130 23 40 32 129 24 37 34 129 26 32 38 128 28 26 42 128 30 21 46 127 35 11 51 127 98 125 100 64 3 57 100 59 12 53 101 57 14 52 102 56 15 50 104 55 15 50 104 56 14 49 106 55 14 49 107 55 13 49 108 55 12 48 110 54 12 48 111 54 10 48 113 53 10 48 114 53 9 47 116 52 8 48 118 51 6 48 122 49 4 49 124 48 2 49 127 96 129 95 130 93 132 92 132 92 133 91 134 90 134 90 134 89 135 89 136 88 136 88 136 87 138 38 3 45 138 36 5 44 140 33 8 42 143 27 13 40 145 24 15 40 150 18 17 38 154 14 19 35 160 9 22 31 166 3 26 24 203 16 2059
1411 10 209 20 200 28 194 33 189 37 185 41 182 44 179 47 175 51 171 55 166 60 161 65 157 68 155 71 152 73 150 75 148 77 146 78 146 79 144 81 142 83 141 84 139 86 137 87 137 88 135 89 134 90 133 92 132 92 131 93 131 93 130 94 129 95 129 95 128 95 129 95 128 96 128 96 127 98 126 98 125 99 125 100 123 102 122 103 121 104 119 106 118 107 117 108 115 110 114 111 113 112 111 114 110 115 109 116 107 117 107 118 106 119 104 120 103 122 102 122 102 122 101 124 100 124 99 125 99 125 99 125 99 125 99 125 99 124 100 124 100 124 100 125 99 125 100 125 99 127 97 130 95 136 88 138 87 138 86 139 86 139 85 139 86 139 86 138 86 138 87 137 89 136 90 134 93 132 94 131 93 131 93 132 93 132 92 133 91 134 90 135 88 136 88 137 87 138 86 139 85 139 84 141 83 141 83 142 81 144 80 144 80 144 79 146 78 146 77 148 76 148 75 150 74 150 73 151 73 152 72 152 71 153 71 154 69 155 69 156 68 156 67 157 67 158 65 159 65 160 64 160 64 161 62 162 62 162 62 163 60 164 60 164 60 164 60 165 59 165 58 166 58 166 58 166 58 167 57 167 56 168 56 168 56 168 56 168 56 168 56 168 56 56 3 109 56 55 5 108 56 55 5 108 56 55 5 108 56 56 3 109 56 168 56 168 56 168 57 167 57 167 57 167 57 167 57 167 57 167 57 120 2 45 57 119 4 44 57 119 5 43 57 118 6 42 58 117 8 41 58 117 8 41 58 116 10 40 58 116 10 40 58 115 11 40 58 115 12 38 59 114 13 38 59 113 14 38 59 113 15 37 59 112 16 37 59 111 18 36 59 111 18 35 61 109 19 35 61 109 20 34 61 109 20 33 62 109 20 33 62 109 21 32 63 108 21 32 63 108 21 32 63 108 22 30 64 108 22 30 65 107 23 29 65 108 22 29 65 108 22 29 65 109 21 29 66 108 21 29 66 109 21 28 67 109 20 28 67 109 20 28 67 110 19 28 68 109 19 28 68 110 18 29 68 109 19 28 68 109 19 28 68 110 18 28 69 109 18 28 69 33 12 64 18 29 68 31 17 61 19 28 69 30 18 60 19 28 69 29 20 60 19 27 69 29 20 60 19 27 69 29 20 60 19 27 69 29 21 59 20 27 68 29 21 59 21 26 68 28 22 59 21 26 68 28 22 59 21 26 67 29 22 59 22 25 67 29 23 58 22 25 67 29 23 58 22 25 67 29 23 58 23 24 67 29 24 57 23 24 67 29 24 57 23 24 67 28 25 57 23 24 67 28 26 56 23 24 46
58 89 134 93 130 96 128 97 126 99 124 101 123 102 121 104 120 105 118 107 116 109 114 111 112 112 111 114 110 115 108 117 106 119 104 121 102 123 100 125 98 127 96 129 95 130 93 132 91 134 90 135 88 137 87 138 85 140 83 141 83 142 81 144 79 145 79 146 77 148 76 148 75 150 74 150 73 152 72 152 72 152 71 154 70 154 69 155 69 155 69 155 69 155 68 155 69 155 69 155 69 155 68 156 68 156 68 156 68 156 67 157 67 157 67 157 67 156 68 156 68 156 68 156 68 156 69 155 69 155 69 155 69 155 70 154 70 154 70 154 70 154 70 154 71 153 71 153 71 154 70 154 70 154 70 154 70 154 70 155 70 154 70 154 70 155 69 155 69 156 69 156 68 157 67 158 67 158 66 159 65 159 66 159 65 159 65 159 65 159 66 159 65 159 65 159 66 158 66 159 65 159 65 159 66 158 66 159 65 159 65 159 65 159 66 159 65 159 65 159 65 159 66 158 66 158 66 158 66 158 66 158 66 158 66 158 66 158 66 158 66 158 66 158 66 158 65 159 65 159 65 159 65 159 66 158 66 158 66 158 66 158 66 158 67 156 68 156 68 156 68 155 69 155 68 155 69 155 69 154 70 153 71 152 72 152 72 151 73 150 74 149 75 149 75 148 76 148 77 146 78 146 78 145 79 145 80 143 81 143 81 142 82 141 83 141 83 139 86 137 87 136 88 135 89 134 90 134 90 133 91 132 92 131 94 130 94 129 95 128 97 126 98 125 100 123 101 122 103 120 104 120 104 119 106 118 106 117 107 117 108 116 108 116 109 114 110 113 112 111 113 109 116 106 118 105 120 103 121 102 123 100 124 99 126 97 127 96 129 95 129 94 131 93 131 93 132 92 132 91 134 90 134 90 134 90 135 89 135 89 136 88 137 87 137 86 139 85 140 83 141 83 141 83 142 81 143 81 143 80 145 79 145 79 145 78 146 78 146 78 146 78 146 78 146 77 148 74 85
3665 11 210 20 202 47 175 52 171 56 167 60 163 63 160 67 157 68 155 71 153 72 152 72 151 74 150 74 150 75 149 75 150 74 150 74 150 75 149 75 150 74 150 74 150 74 150 74 151 72 152 72 152 72 152 71 154 70 156 68 158 65 160 64 160 63 162 62 162 61 164 59 165 56 168 53 171 51 173 50 175 49 175 49 175 49 175 49 175 49 176 48 176 48 176 48 176 48 176 49 175 49 174 50 174 51 173 51 173 51 173 52 171 53 171 53 171 54 170 54 169 55 169 56 168 56 168 56 167 58 166 58 165 59 165 60 164 60 163 61 163 61 162 63 161 63 161 63 160 65 159 65 158 67 157 67 156 69 155 69 154 70 154 71 152 72 152 73 151 73 150 74 150 75 148 76 148 76 148 76 147 78 146 78 146 78 146 78 146 78 146 78 145 79 145 79 145 79 145 79 145 79 145 80 144 80 144 80 144 81 143 81 142 82 142 83 141 83 141 84 140 84 140 84 140 84 140 84 140 84 140 85 139 85 139 85 139 85 139 85 139 85 139 85 139 85 138 86 138 86 137 88 135 89 133 91 131 93 130 94 129 96 128 96 127 97 127 98 126 98 125 99 125 99 125 99 125 99 126 98 126 98 126 99 126 98 126 98 127 98 126 27 2 69 127 25 3 70 126 25 4 69 127 24 4 70 126 23 5 70 126 23 5 71 126 22 5 71 126 22 5 72 125 22 4 73 125 23 3 74 124 23 2 75 125 100 124 100 124 101 123 101 122 103 121 103 121 83 3 18 120 83 4 17 119 84 5 17 118 84 5 18 117 53 6 25 6 17 117 49 12 23 7 17 116 42 20 23 6 18 114 40 24 23 5 18 114 38 26 24 4 19 113 37 28 24 3 20 112 36 29 48 111 34 32 48 110 33 34 48 108 32 37 48 107 30 39 49 106 28 42 50 104 26 45 24 3 24 102 23 49 22 7 23 100 20 52 22 9 23 98 18 55 20 11 24 96 16 58 19 12 25 94 15 59 19 13 25 92 15 61 17 15 25 91 15 63 15 16 25 90 14 65 13 18 25 89 14 70 6 21 24 88 15 97 25 87 15 98 24 87 14 100 23 87 14 101 22 87 14 102 21 87 13 104 20 87 13 106 17 89 12 109 14 89 12 111 10 92 10 215 9 216 7 220 3 1728
24706 6 215 11 210 16 207 18 204 22 201 25 198 28 195 33 190 39 184 44 179 49 174 52 172 53 170 55 169 56 167 58 166 58 166 59 164 60 164 60 164 60 163 61 163 61 163 61 163 61 162 62 162 62 162 61 163 61 163 62 162 62 162 62 161 63 161 63 160 64 160 64 159 65 159 66 157 67 156 68 155 69 154 70 154 70 153 71 152 72 152 71 152 72 152 71 152 40 8 23 153 39 10 21 154 37 13 18 156 37 17 11 159 36 188 35 189 33 191 32 192 30 194 28 197 25 200 22 205 16 920 4 219 6 216 10 213 12 211 14 209 15 208 16 206 18 205 19 204 20 203 21 202 22 201 23 199 25 198 25 197 27 196 28 194 29 75 11 108 30 72 17 104 31 70 22 100 32 69 26 97 32 67 29 95 32 66 33 93 32 64 36 91 32 62 40 89 32 61 43 88 31 59 46 87 30 59 48 87 28 59 50 86 27 60 51 85 26 61 52 84 25 62 53 83 24 64 53 82 24 64 54 81 24 65 54 79 24 67 54 78 24 68 54 77 24 68 54 76 25 69 52 77 25 70 51 77 24 73 49 78 23 75 39 86 22 81 2 2 29 89 20 91 22 91 18 101 12 94 15 106 9 96 12 109 7 97 10 216 5 401
2530 8 214 12 37 24 150 14 32 38 139 16 28 45 134 17 26 50 131 18 22 56 127 19 20 59 125 20 18 64 122 21 15 68 119 22 13 72 116 23 12 75 58 6 49 24 9 80 55 9 46 26 6 83 54 11 44 117 52 13 41 120 50 14 39 122 49 15 36 126 47 17 32 130 45 19 28 133 44 22 21 139 42 26 11 146 41 184 40 186 38 187 37 188 36 189 35 191 33 192 32 193 31 194 30 196 28 197 27 198 27 198 27 197 28 197 27 198 27 198 26 198 26 199 26 198 26 199 25 199 26 199 25 199 25 199 25 200 25 199 25 200 24 200 25 200 24 200 24 201 24 200 24 201 23 201 24 201 23 201 23 202 22 202 22 203 21 203 21 204 20 204 20 205 19 205 19 206 18 206 18 207 16 208 16 208 16 209 15 209 15 210 14 210 14 210 13 211 13 212 12 212 12 212 12 213 11 213 11 213 11 214 10 214 10 214 10 215 9 215 9 215 9 216 9 215 9 215 9 215 9 215 10 214 11 213 11 213 12 212 14 210 15 209 16 208 17 207 17 207 18 206 19 204 21 203 22 202 23 200 25 198 28 196 29 194 32 192 33 190 36 188 37 187 38 185 41 183 42 181 44 179 47 177 48 175 51 173 52 171 55 169 57 166 59 80 5 79 61 78 8 77 62 76 9 76 64 74 11 74 66 72 13 73 67 71 13 72 68 70 15 71 69 68 17 69 70 68 17 68 71 67 19 67 71 67 20 65 72 66 21 64 74 65 22 62 75 64 23 62 75 64 23 61 76 63 25 59 77 63 25 58 78 63 26 57 78 63 26 56 78 63 27 55 79 63 28 54 79 63 28 53 80 63 28 52 81 63 28 51 81 63 29 50 82 29 3 31 29 49 83 28 5 30 29 48 84 28 5 30 29 48 84 27 6 30 29 47 84 28 7 29 29 46 85 27 8 28 30 46 85 26 9 28 30 45 86 26 9 28 30 44 87 25 10 28 29 45 87 25 10 28 29 44 88 24 11 28 29 43 89 24 11 28 29 43 89 24 11 27 29 43 90 23 12 27 28 43 91 23 12 27 28 43 91 23 12 26 28 43 92 22 13 26 27 43 93 22 13 25 26 44 94 22 13 25 25 45 94 21 14 24 25 45 96 20 14 24 24 45 97 20 14 24 23 46 97 20 14 24 22 46 98 20 14 24 21 46 99 20 14 24 20 47 99 20 14 24 18 48 100 20 14 24 17 48 101 20 14 24 15 49 102 20 14 25 12 50 104 19 13 28 9 50 105 19 13 86 106 20 12 85 108 19 12 84 109 20 11 82 112 20 9 82 113 20 9 79 116 21 7 77 120 22 4 76 122 99 126 96 128 94 130 92 133 90 134 88 136 87 138 85 139 84 140 83 142 81 144 79 146 77 148 48 3 24 150 44 11 18 152 43 13 14 155 41 15 12 157 39 18 7 161 37 187 36 189 34 191 33 192 31 193 12 5 13 196 8 9 9 124
4748 12 208 20 202 25 197 29 193 33 190 35 188 37 186 39 184 41 182 42 181 44 179 46 178 47 176 49 174 51 172 52 172 53 170 55 169 55 168 57 167 57 167 58 166 59 165 59 165 60 163 61 163 62 163 61 162 63 161 64 160 64 160 65 160 65 159 66 158 67 157 67 157 68 156 69 155 70 154 71 153 71 152 73 151 74 150 74 150 75 149 75 149 76 148 76 148 77 146 78 146 79 145 79 145 80 143 81 143 82 142 82 142 83 140 84 140 85 138 87 137 87 137 88 135 90 134 90 134 91 133 92 132 94 130 95 129 97 127 98 126 100 124 102 122 104 120 106 118 108 116 109 115 109 115 110 114 110 114 111 114 111 113 111 113 111 114 110 114 111 113 111 114 110 114 110 114 110 114 110 115 108 116 108 116 108 116 108 116 108 116 109 115 109 115 110 115 110 114 110 114 111 113 111 114 111 113 111 113 112 112 112 113 112 112 112 112 113 112 112 112 113 111 114 110 115 110 114 110 115 109 117 108 116 108 117 107 118 106 119 105 120 104 121 103 121 103 122 102 122 102 123 101 124 100 124 100 124 100 124 100 125 99 125 99 125 99 125 28 4 67 126 24 9 65 126 22 11 65 126 21 13 64 126 20 15 63 126 19 16 64 126 17 18 63 126 16 19 63 126 15 21 62 26 6 95 13 22 62 23 10 94 12 24 61 22 12 94 9 26 61 21 14 93 8 28 61 20 15 92 7 29 61 19 16 93 5 31 60 19 17 93 2 33 60 18 18 128 60 18 18 129 59 18 18 129 59 18 18 130 59 17 18 131 58 17 18 132 57 17 18 132 57 17 18 134 55 17 18 135 54 17 18 137 52 17 18 138 51 17 18 139 50 17 18 140 49 17 18 140 48 17 19 141 47 17 19 141 47 17 19 141 47 17 19 141 47 17 19 141 47 17 19 141 46 18 19 141 46 18 19 141 46 18 19 141 46 17 20 141 45 18 20 140 46 18 20 20 10 110 46 18 20 18 15 107 45 20 19 16 20 103 46 20 19 15 24 100 45 21 19 14 28 96 46 21 20 13 30 93 46 22 20 12 33 63 9 17 48 22 20 11 36 50 84 22 22 9 38 47 85 23 26 2 42 33 6 6 85 24 71 30 98 24 73 28 99 23 75 26 99 23 78 23 100 21 81 22 100 20 84 19 101 20 88 14 102 19 92 9 104 18 207 16 209 14 212 10 1760
3157 8 211 17 205 33 190 36 187 39 184 42 181 44 179 46 176 49 174 51 173 52 171 54 170 55 168 57 165 59 164 61 162 63 161 64 160 64 160 65 159 65 159 66 158 67 157 67 157 68 156 68 156 69 155 69 155 70 154 70 154 71 153 71 153 72 152 72 152 72 152 73 151 73 151 73 151 74 150 74 150 74 150 74 150 74 150 75 149 76 148 77 147 78 146 79 145 82 142 85 139 87 137 90 134 93 132 96 128 121 16 12 75 129 1 22 72 155 69 157 67 160 64 162 63 162 63 163 61 165 60 166 59 168 56 171 54 173 51 176 48 178 46 180 45 180 44 182 42 183 41 183 41 184 40 184 40 185 39 186 39 185 39 186 38 186 39 185 39 186 38 186 38 186 38 187 38 186 38 187 37 201 24 203 21 206 19 207 17 208 16 209 16 210 14 211 13 211 14 210 14 210 14 210 14 210 14 210 14 210 14 210 14 210 14 210 14 210 14 210 15 209 15 209 15 209 15 209 16 208 16 208 16 208 16 208 17 207 18 206 18 206 19 205 20 204 20 204 21 203 21 203 21 203 22 202 22 202 23 201 23 201 24 200 24 200 25 199 26 198 27 197 28 196 29 195 29 195 30 194 30 194 30 193 32 192 33 191 34 190 34 189 36 187 37 187 38 186 39 184 40 184 40 67 4 113 41 54 32 96 42 52 36 94 43 49 38 94 43 48 40 93 44 47 41 91 46 45 42 91 46 45 43 90 46 45 44 89 47 44 45 88 47 44 46 86 49 43 48 84 49 43 54 77 51 42 58 73 51 42 59 71 53 41 59 70 55 39 61 68 57 38 61 66 59 38 62 64 61 37 62 54 71 37 63 50 74 37 63 48 76 37 63 48 76 37 63 47 78 36 64 46 78 36 64 20 2 23 79 36 64 19 4 22 79 36 64 19 5 21 79 36 64 18 6 21 80 35 64 18 7 20 80 34 65 17 8 20 80 34 64 18 8 20 81 32 65 17 10 19 81 32 66 16 10 19 81 32 66 15 12 18 82 31 67 14 12 18 82 30 70 11 13 18 83 29 71 9 15 17 84 28 72 7 16 17 84 28 73 5 17 16 86 26 96 16 86 26 97 15 87 25 97 15 88 23 99 14 88 23 99 14 89 21 100 14 89 21 100 14 89 20 101 14 90 18 102 14 90 18 102 13 91 17 103 13 92 16 103 13 92 15 104 13 93 13 105 13 98 5 108 13 211 12 212 12 212 11 213 11 213 10 216 8 36
75 36 186 42 181 46 177 49 174 52 171 55 168 57 167 58 165 60 163 62 161 64 160 65 158 67 157 68 155 69 155 70 154 70 153 72 152 72 152 72 151 74 150 76 148 78 146 80 143 84 140 86 138 87 136 90 134 92 131 94 129 97 127 98 125 100 124 101 122 102 121 104 119 105 118 106 118 106 117 107 116 108 116 108 115 109 115 109 114 110 113 111 113 111 112 112 111 113 111 112 111 113 111 113 111 113 110 114 110 114 110 114 109 115 109 116 108 115 109 115 109 115 109 115 109 115 109 114 110 114 110 114 110 113 111 112 112 112 112 111 113 110 114 110 114 109 116 107 117 105 119 104 120 103 121 102 122 101 123 101 123 101 124 99 125 99 125 99 125 99 125 99 125 100 124 100 124 100 124 100 124 100 123 101 123 102 121 103 120 104 119 105 118 107 116 108 114 110 113 111 112 112 111 114 109 115 108 116 107 118 105 119 104 120 104 120 103 121 103 121 102 122 102 122 102 122 101 123 101 123 100 124 100 124 100 124 100 124 99 125 99 125 98 126 98 126 98 126 97 127 97 126 98 126 97 127 97 127 97 127 96 127 97 127 97 127 97 127 96 128 96 128 96 128 96 129 95 129 95 130 93 132 92 134 90 135 89 137 87 138 86 139 85 141 83 142 82 144 79 146 78 148 76 149 75 150 74 151 73 152 72 153 71 155 69 157 67 161 63 163 61 165 59 167 57 168 56 170 54 171 53 172 52 173 51 174 50 175 50 175 49 177 47 178 46 179 45 180 44 182 42 183 42 183 41 184 40 184 40 185 40 185 39 186 38 187 38 186 38 187 38 187 38 187 37 187 38 187 38 186 38 187 38 186 38 187 38 186 38 187 37 187 38 186 39 186 38 186 39 185 39 185 40 185 39 185 39 185 40 184 40 184 41 184 40 184 41 183 41 183 41 183 42 182 42 182 43 181 43 181 44 180 44 89 3 88 44 86 7 88 44 84 9 87 44 82 11 87 44 81 13 86 44 80 14 86 45 78 15 86 45 77 17 85 7
83 12 211 14 210 14 209 16 208 16 208 17 206 18 206 19 205 19 205 20 204 21 202 22 202 24 200 25 198 28 196 30 194 32 191 35 189 37 186 41 183 43 180 46 178 47 176 50 174 52 171 56 167 59 164 62 11 6 144 83 140 85 138 87 137 87 136 88 136 88 135 89 135 89 135 89 134 90 134 90 134 90 133 91 133 91 133 92 132 92 131 94 130 94 130 94 129 96 128 96 127 97 127 98 126 98 125 99 125 99 125 99 125 99 124 100 124 100 124 99 125 99 125 99 125 100 123 101 123 102 122 102 122 103 120 105 119 107 117 108 116 110 113 113 111 115 109 117 106 120 104 121 102 122 102 123 100 124 99 125 98 126 97 127 96 128 95 129 94 130 94 130 93 130 94 130 93 131 93 131 93 131 93 131 93 130 93 131 93 131 93 131 93 130 94 130 94 130 94 130 94 130 94 131 93 131 93 131 93 131 93 131 93 132 92 132 92 133 91 133 91 134 90 134 89 136 88 138 85 140 83 142 81 144 79 145 77 147 76 148 75 149 73 152 71 153 70 154 69 155 68 156 67 157 66 158 63 161 48 175 46 178 44 180 43 181 41 182 41 183 41 183 41 182 42 182 42 182 42 182 42 183 41 184 40 185 15 5 19 186 12 8 18 187 9 11 17 188 6 14 16 189 3 16 16 209 15 209 15 210 14 210 14 211 13 211 13 211 13 211 13 210 14 210 14 210 14 210 15 209 16 208 18 207 18 206 19 206 19 205 21 204 23 202 28 196 32 192 44 181 48 176 51 173 56 168 60 164 69 155 72 151 75 149 76 148 77 147 77 147 78 147 77 147 78 146 78 147 78 147 77 147 78 147 77 148 76 148 77 148 76 149 75 151 73 151 72 152 72 152 71 153 70 154 69 154 69 155 68 156 29 16 21 157 26 29 8 161 23 201 20 203 19 205 17 207 16 207 16 208 15 209 14 210 13 211 13 211 12 212 12 212 12 211 13 211 12 212 12 212 12 212 12 212 12 212 12 211 13 211 13 211 14 210 7
87 37 186 40 183 42 181 43 180 45 177 47 176 49 174 50 174 51 172 52 172 53 170 56 167 59 165 63 160 67 157 69 154 71 153 73 150 75 148 76 147 78 145 79 145 79 144 80 144 80 144 80 143 81 143 81 142 82 142 82 142 82 141 83 141 83 141 82 142 82 142 82 142 82 142 82 142 82 142 81 143 81 143 80 144 79 145 78 146 76 148 74 150 71 153 69 155 68 157 66 158 66 158 67 158 66 159 65 160 64 161 64 161 63 161 63 162 62 162 62 163 61 163 61 163 60 165 59 165 59 166 58 166 58 167 57 168 56 172 52 173 52 172 52 172 52 172 53 171 54 170 55 168 57 167 58 166 59 165 60 163 62 162 62 162 63 161 64 160 64 160 65 158 66 158 67 157 67 157 67 157 68 156 68 156 68 156 69 155 69 155 69 155 69 155 69 155 69 155 69 155 69 155 70 154 70 153 71 153 71 153 71 152 72 152 71 153 71 153 71 153 71 153 71 153 71 153 70 154 70 154 70 154 70 154 70 154 70 154 70 154 70 154 69 155 69 155 69 155 68 156 68 157 66 158 66 158 65 159 65 159 65 159 64 161 63 161 62 162 62 162 61 163 61 164 60 164 59 165 58 166 58 166 57 167 57 166 58 166 57 167 57 167 57 167 57 167 56 120 3 45 56 119 5 44 56 118 6 43 57 117 7 43 56 117 9 42 55 118 10 41 54 118 12 39 55 118 13 38 54 118 16 35 54 119 18 32 55 119 20 29 56 119 24 24 56 119 105 119 105 119 105 119 104 119 105 119 105 119 104 120 104 120 104 120 104 120 104 120 104 120 104 120 104 120 104 120 104 119 105 119 105 119 104 120 104 120 104 120 104 120 104 120 104 120 104 120 104 119 105 119 105 119 106 118 106 118 106 118 106 118 106 118 106 118 107 118 106 118 106 118 106 118 107 117 107 118 107 117 107 117 108 116 109 115 110 114 111 113 112 112 113 111 112 111 113 112 110 114 109 115 109 115 108 117 106 118 105 119 104 121 57 5 40 123 54 7 38 125 53 9 36 127 51 10 35 129 49 12 34 130 47 14 32 101
1365 11 209 19 7 6 187 43 178 49 171 57 164 72 150 80 144 82 142 85 139 87 137 88 136 90 134 91 133 93 131 95 129 96 128 98 126 100 124 102 122 104 120 105 119 106 118 107 117 108 116 109 115 109 115 110 114 110 114 110 114 110 114 110 114 110 114 110 114 110 114 109 115 109 115 109 115 109 115 109 115 109 115 110 114 112 112 119 105 122 102 127 97 129 95 131 93 133 91 136 88 138 86 141 83 144 81 154 70 173 53 185 42 186 40 186 38 187 38 187 37 187 38 186 38 185 39 184 40 183 41 181 44 179 45 176 48 167 57 162 62 159 65 149 75 146 78 146 77 146 78 146 78 146 78 146 78 146 78 146 78 146 78 146 77 147 77 147 77 147 77 147 77 146 78 146 78 146 78 145 80 144 80 144 80 144 80 143 81 143 81 143 81 142 82 142 81 143 81 142 82 142 82 141 82 142 82 142 82 142 82 141 83 141 83 141 83 141 83 141 83 141 83 140 84 140 84 140 83 140 84 140 84 140 84 115 3 21 85 114 6 19 85 113 9 16 86 113 11 14 86 112 15 10 88 110 18 7 91 107 122 101 126 97 130 93 133 90 136 87 142 80 148 74 154 67 160 62 164 59 166 57 167 56 169 54 170 54 171 52 172 51 173 51 174 50 174 49 176 48 176 48 177 15 8 24 178 11 14 21 181 4 19 20 206 18 206 19 206 18 207 18 206 19 205 22 202 24 201 26 198 29 196 31 193 34 190 36 189 35 189 36 188 36 189 35 191 33 193 31 159 7 30 28 157 11 32 24 154 16 37 16 153 19 40 9 154 22 200 24 199 25 197 27 196 28 194 29 194 29 194 30 192 32 190 33 189 35 187 37 185 39 184 39 184 40 183 41 183 41 182 41 182 42 181 42 182 41 182 42 181 43 181 42 181 43 181 43 181 42 182 42 182 42 182 41 183 41 183 41 183 40 184 40 184 40 184 39 185 39 185 22 4 12 187 20 6 11 187 18 8 10 188 18 9 8 190 16 12 6 190 15 209 12 213 10 214 8 217 4 648
14213 8 215 11 212 14 210 15 208 17 207 18 20 3 183 19 17 6 182 20 16 7 181 21 14 9 180 22 13 9 180 23 11 11 179 25 9 11 179 26 7 12 178 28 5 13 178 30 2 15 177 47 176 48 175 49 175 49 174 50 172 52 151 10 8 55 148 76 147 77 146 78 146 78 146 78 146 78 147 78 151 73 153 71 154 70 155 69 155 69 156 69 156 68 157 67 160 64 166 59 167 57 168 56 169 56 168 56 169 55 169 56 168 56 168 56 168 57 167 57 167 57 167 57 167 58 165 59 165 59 165 59 165 59 165 59 165 59 165 59 165 59 165 59 165 58 165 59 166 58 166 58 166 58 166 58 166 57 167 57 167 57 168 56 168 56 169 55 169 55 170 54 171 53 172 52 173 51 174 50 174 50 175 50 174 50 174 50 174 50 173 51 173 51 173 52 172 52 172 51 173 51 173 51 174 50 173 50 174 50 174 49 175 49 174 49 175 49 175 48 175 49 175 48 176 48 176 47 177 47 176 47 174 50 162 61 158 66 157 67 157 66 156 68 156 67 156 68 156 68 156 68 156 68 156 68 156 67 157 67 157 67 158 13 1 52 159 11 2 23 11 17 161 9 4 20 15 15 163 7 4 19 17 14 167 2 5 19 17 14 174 19 17 14 174 8 3 8 17 14 174 7 5 7 17 14 174 7 5 6 18 14 174 7 5 6 18 14 174 7 6 5 18 14 174 6 7 5 18 14 174 6 8 4 18 14 174 6 8 4 18 14 174 5 9 3 19 14 174 5 10 2 19 14 175 3 11 2 19 15 188 1 20 15 188 1 20 15 188 1 20 15 188 2 19 15 188 2 19 16 187 2 19 16 187 2 19 16 187 2 20 16 186 1 21 16 208 16 208 17 207 17 207 17 207 17 207 17 207 17 208 16 208 16 208 15 209 15 209 14 210 14 210 13 212 12 85
1576 6 217 11 212 14 210 16 207 18 206 20 204 21 203 23 201 24 200 26 198 27 197 28 196 29 195 30 194 31 193 32 192 32 192 33 192 33 191 34 190 34 190 35 189 36 96 5 87 36 91 13 84 37 86 18 83 38 82 22 82 38 79 25 82 39 75 28 82 39 73 30 82 40 70 32 82 40 68 34 82 41 66 35 82 42 63 37 82 43 60 39 82 45 56 41 82 48 51 42 84 68 29 43 84 73 22 45 84 77 16 46 85 80 12 47 85 83 7 48 86 138 87 137 87 136 88 136 88 135 89 135 89 135 89 134 90 134 90 133 91 133 91 132 93 131 93 131 93 130 94 129 96 128 96 128 96 127 98 125 99 125 99 124 101 123 101 122 102 122 102 121 104 120 104 119 105 119 105 118 106 118 107 116 108 115 109 115 109 114 110 113 110 113 111 112 112 111 113 111 113 110 114 109 114 110 114 109 115 109 115 109 114 109 115 109 115 109 114 110 114 110 114 111 112 112 112 113 111 115 108 117 107 119 105 122 101 126 98 128 95 133 91 135 88 139 84 143 81 147 75 152 71 155 69 158 66 161 63 164 60 166 58 168 56 170 54 171 53 173 50 175 49 176 48 177 47 178 46 179 45 180 44 181 43 181 43 182 42 183 41 183 41 184 40 184 40 185 39 185 39 186 38 186 38 187 37 187 37 188 36 188 36 188 36 189 35 189 35 189 35 189 35 190 34 190 34 190 34 191 33 191 33 192 32 192 32 193 31 194 30 194 30 195 29 195 8 6 15 196 4 13 11 196 3 17 8 197 1 19 7 196 2 20 6 195 4 20 5 194 6 19 5 194 7 18 5 194 8 17 5 193 9 17 5 193 11 14 6 193 13 10 8 193 31 192 32 192 32 192 32 192 32 192 32 191 33 191 33 150 4 37 33 149 6 36 33 148 8 35 33 148 8 35 33 147 10 34 33 146 11 35 32 146 12 34 32 145 13 34 33 144 13 34 36 140 14 35 39 136 15 34 43 131 16 34 45 129 16 34 46 127 17 33 49 124 19 32 50 121 21 32 51 117 25 30 53 111 30 30 54 105 35 29 56 101 39 26 59 96 44 24 61 33 9 49 49 21 64 31 13 39 58 16 67 29 15 34 147 27 17 31 150 25 19 27 154 23 20 23 159 20 22 20 164 17 23 18 172 8 26 17 208 14 211 11 215 7 2606
3520 4 219 6 217 8 216 8 215 10 214 10 213 11 213 11 213 12 211 13 211 13 211 14 170 8 31 15 169 12 28 15 168 14 27 16 167 16 25 16 167 18 22 18 166 19 20 19 166 20 17 22 166 20 14 24 166 21 11 26 166 23 7 28 167 57 167 57 168 56 168 57 167 57 168 56 168 56 169 55 169 55 169 56 169 55 169 55 169 55 170 54 170 54 170 54 170 54 171 53 171 53 172 52 173 51 173 51 174 51 174 50 175 49 176 48 176 47 177 47 177 47 177 47 177 47 88 7 82 47 86 10 81 46 87 12 78 47 86 14 77 47 86 16 74 48 86 18 72 48 86 22 67 48 87 39 48 50 87 46 39 52 87 54 28 55 87 62 17 58 87 69 5 63 88 136 88 136 88 136 88 136 88 136 88 136 88 136 88 136 88 135 89 135 89 135 88 136 88 136 88 136 88 135 88 136 88 136 88 136 87 137 87 137 86 137 87 137 87 137 86 138 86 138 86 137 86 138 86 138 86 138 86 138 86 138 86 138 86 139 85 139 85 139 85 139 85 139 85 139 85 139 85 139 85 139 85 138 86 138 86 138 86 138 86 138 86 138 86 138 86 138 86 138 86 138 86 138 86 138 86 138 86 138 86 43 7 88 87 41 11 84 88 40 14 82 88 39 17 80 88 38 19 79 88 37 21 77 89 37 22 76 89 37 23 75 89 37 24 74 89 37 25 72 90 36 26 72 90 36 27 71 90 36 27 71 91 35 27 70 92 35 28 69 92 34 29 69 92 34 29 69 92 34 29 69 92 33 30 35 6 27 93 33 30 30 18 20 93 32 30 29 22 18 93 32 30 28 23 18 93 31 31 27 25 16 94 31 31 26 26 16 94 30 32 25 27 16 94 30 32 24 28 16 94 29 33 23 29 16 94 28 34 22 30 16 94 28 34 21 31 16 94 27 35 20 32 16 94 26 36 19 33 15 95 25 36 19 34 15 95 25 36 19 34 15 95 24 37 19 34 15 94 24 38 18 35 14 95 23 39 18 35 14 95 23 39 17 36 14 95 22 40 17 36 14 95 22 40 17 36 14 95 22 40 16 37 13 96 22 40 16 37 13 95 22 40 17 37 13 95 22 40 16 38 13 95 22 40 16 38 12 96 22 40 16 38 12 96 22 40 15 39 12 96 21 41 15 39 12 96 21 41 15 39 12 97 20 41 14 40 12 97 20 41 14 40 12 97 20 41 14 40 12 97 20 41 14 40 12 97 21 40 14 40 12 97 21 40 13 41 12 97 21 40 13 41 12 98 20 39 14 41 12 98 21 38 14 41 12 98 21 38 14 41 12 98 22 37 14 41 12 98 23 37 13 41 12 98 25 35 13 41 12 98 27 33 12 43 11 98 28 32 12 43 11 98 29 31 12 43 11 98 30 30 12 43 11 98 30 30 12 43 11 98 30 30 12 43 12 97 30 31 11 43 12 97 29 32 11 43 13 96 29 32 11 44 12 96 28 33 12 43 13 95 26 35 12 43 13 95 24 37 12 43 14 94 22 39 13 42 15 93 22 39 13 42 16 93 20 40 13 42 16 93 20 40 14 42 16 92 20 41 13 42 16 92 20 41 13 43 16 92 19 41 14 42 16 92 19 41 14 43 14 94 18 41 14 43 14 95 17 41 14 45 10 99 14 42 15 156 9 44 15 209 15 209 15 210 14 210 13 116
1223 6 212 16 204 23 197 30 192 35 188 41 181 45 178 48 173 54 166 60 160 66 151 76 145 80 142 84 139 86 136 90 133 92 132 94 129 96 128 97 126 98 126 99 125 100 123 102 121 104 119 105 118 107 116 109 114 111 112 112 111 114 109 116 108 116 107 118 106 118 106 119 104 121 103 121 103 122 102 123 100 124 100 124 100 124 100 125 98 126 98 126 98 127 97 127 96 128 96 128 96 129 95 129 95 130 94 130 94 131 92 132 92 133 91 133 91 134 90 134 89 136 88 136 88 137 86 139 85 140 84 140 83 141 83 141 82 143 81 143 81 144 80 144 79 146 78 148 76 149 75 150 74 151 73 153 71 153 71 154 70 155 70 155 69 155 69 156 68 157 67 157 67 158 67 157 67 158 66 158 66 159 65 160 64 160 64 160 64 161 63 161 63 162 62 162 62 162 61 163 61 163 60 164 60 164 59 165 59 165 59 165 58 166 58 166 57 166 58 166 57 167 56 167 56 168 55 168 55 168 55 169 54 169 54 169 54 169 54 170 53 170 54 170 53 170 54 169 54 169 55 169 55 168 56 167 56 165 59 159 65 158 66 157 67 156 68 156 67 156 68 155 69 154 70 153 72 150 75 148 81 142 95 128 100 123 107 25 5 86 118 3 22 80 148 60 5 9 162 10 6 13 16226
2356 7 215 10 213 13 210 14 210 15 208 17 207 17 206 19 205 19 205 20 204 20 204 21 203 21 202 23 201 23 35 7 159 23 33 10 158 24 30 13 157 24 28 16 156 24 26 18 156 25 24 19 156 25 22 21 156 25 21 23 154 27 18 25 154 27 17 26 154 28 15 26 155 29 12 28 155 31 9 29 155 69 154 70 154 70 154 69 155 69 155 69 155 68 156 68 156 67 157 67 157 66 159 65 159 65 160 63 161 63 162 61 163 61 164 60 164 59 166 58 166 57 167 56 168 55 170 53 171 52 172 50 174 48 176 46 178 45 179 44 180 43 182 42 182 41 183 40 184 40 184 39 185 38 185 39 185 38 185 39 185 38 185 38 186 38 185 38 186 38 185 39 184 40 184 40 183 41 182 42 182 42 181 43 180 44 180 44 179 45 178 46 178 46 177 47 177 47 176 49 174 50 174 50 173 51 172 52 171 53 170 54 169 55 168 56 167 57 166 58 165 59 164 60 163 61 162 62 162 62 161 63 160 64 160 64 159 65 159 65 158 66 157 66 158 66 157 67 157 67 156 68 156 68 155 69 155 69 154 69 155 69 154 70 154 69 154 70 153 71 153 70 153 71 152 72 152 71 152 72 151 72 151 73 150 74 150 74 149 74 149 75 149 75 148 76 147 77 147 77 146 77 147 77 146 78 146 78 145 78 146 78 145 79 144 79 145 79 145 79 144 79 145 79 145 79 144 80 143 81 142 81 140 84 137 87 135 89 134 89 134 90 134 90 133 90 133 91 133 91 132 91 133 91 132 92 132 92 132 92 131 92 132 92 132 92 132 92 132 91 133 91 133 91 133 91 132 92 132 91 133 91 134 90 134 90 134 89 135 89 135 89 136 88 136 88 136 88 137 14 3 70 139 10 6 69 141 6 8 70 155 69 155 70 155 69 156 69 156 32 8 28 157 29 12 26 157 28 13 27 157 26 15 26 158 24 16 26 159 22 17 26 160 19 19 26 163 12 23 25 167 3 29 25 200 23 201 23 201 22 202 21 204 19 206 17 209 12 1219
170 31 191 34 189 36 187 37 81 5 100 39 78 9 97 40 77 11 95 41 77 13 93 41 76 16 90 43 75 18 88 43 75 20 85 44 75 21 84 44 74 24 81 45 74 25 79 47 73 27 77 47 73 29 74 48 72 31 73 48 72 33 70 49 72 34 68 51 71 36 66 51 71 37 64 52 71 39 62 52 71 41 59 53 71 42 57 54 71 43 56 54 71 45 53 55 71 46 52 55 71 48 49 56 71 49 47 57 71 51 43 59 71 53 24 76 71 55 16 82 71 56 11 86 71 59 6 87 72 152 73 151 73 151 73 151 73 151 74 151 73 151 73 151 73 151 74 150 74 150 74 150 74 150 75 150 74 150 74 150 74 151 73 151 73 151 74 151 73 151 73 151 73 151 74 150 74 151 73 151 74 150 74 150 75 149 75 149 75 149 76 148 76 148 76 147 77 147 77 146 79 144 80 144 80 143 82 142 82 142 83 141 84 139 85 139 86 138 87 137 88 136 88 135 90 134 90 134 90 134 90 134 90 134 90 134 90 134 90 134 90 134 90 134 90 134 91 133 91 133 91 133 91 133 91 133 91 133 91 133 91 133 91 134 90 134 90 135 88 137 86 138 85 140 83 142 81 145 78 147 76 149 75 149 75 149 74 142 5 3 74 141 83 140 84 140 84 139 85 139 85 139 85 139 85 140 84 140 84 141 82 143 81 144 80 144 80 144 80 144 80 145 79 145 79 145 80 145 80 144 80 145 80 145 80 147 79 146 79 145 80 144 81 143 82 143 82 142 84 140 85 139 86 138 86 138 87 137 87 137 88 136 88 137 87 137 86 138 86 138 86 138 85 139 84 140 84 140 83 140 84 140 83 141 83 141 83 141 83 141 83 141 84 140 84 140 84 140 84 140 84 140 84 140 84 140 84 140 83 141 83 141 83 141 82 142 82 142 81 143 81 143 80 144 79 145 79 145 79 145 78 146 78 146 77 147 77 147 76 148 76 148 75 149 75 149 74 150 73 151 72 152 72 152 72 152 71 153 71 153 71 153 71 153 71 153 71 153 71 153 71 153 71 153 72 152 72 152 73 151 73 151 74 150 75 149 76 148 77 147 78 146 79 145 79 145 79 145 80 144 80 144 80 144 80 144 80 144 81 143 8
762 3 220 6 217 8 216 10 213 21 20 9 173 24 13 19 167 27 6 28 162 64 159 67 156 69 154 71 152 74 149 76 147 79 145 80 124 8 10 83 122 13 4 86 120 105 117 108 115 109 114 111 112 113 109 115 108 117 105 119 104 121 101 124 98 127 96 129 93 132 91 134 89 135 88 137 86 139 84 141 82 142 82 143 80 145 78 147 77 148 75 151 73 154 70 156 68 158 65 161 63 163 61 164 59 167 57 168 55 170 54 171 52 174 50 175 48 177 46 179 44 180 43 182 41 184 39 187 36 190 33 199 24 200 23 201 22 201 22 202 22 202 21 204 19 205 18 207 16 208 15 210 14 211 12 212 11 213 11 213 10 214 10 215 8 216 8 215 9 215 8 216 8 216 7 216 8 215 8 214 10 213 10 213 11 212 12 212 12 211 13 211 13 212 12 212 12 212 12 212 12 212 12 212 12 212 12 212 12 212 12 212 12 212 12 212 12 212 12 212 12 212 12 212 12 212 12 212 12 212 12 212 12 212 12 212 12 212 12 211 13 211 13 211 13 211 13 211 13 211 13 210 14 210 14 210 14 210 14 210 14 209 15 209 15 209 15 208 16 208 16 208 16 207 17 207 17 207 17 207 17 207 17 208 16 208 16 208 16 207 17 207 17 206 18 206 18 206 18 207 17 207 17 207 17 207 17 207 17 207 17 208 16 210 14 212 12 215 9 217 7 218 6 219 5 221 4 221 3 222 3 221 3 221 4 220 4 220 5 219 5 219 5 215 10 213 11 212 12 213 12 212 12 212 12 212 12 212 13 211 13 211 14 210 14 210 15 142 2 65 15 140 6 62 17 138 7 61 19 135 10 60 20 133 11 59 22 131 12 58 24 129 13 57 26 127 15 56 27 125 16 55 29 123 16 55 31 121 17 54 34 119 16 55 35 117 16 55 38 114 14 58 39 113 13 58 41 112 13 58 42 111 12 58 44 111 10 59 45 41 3 67 6 62 45 39 8 131 47 38 14 125 47 37 19 121 48 35 21 119 49 35 21 119 49 34 22 119 49 33 23 119 50 31 24 119 51 29 25 119 52 26 26 120 65 12 26 120 67 4 33 119 69 2 33 120 103 120 103 120 102 121 100 123 98 125 97 117 2 7 96 117 106 117 107 116 108 116 109 114 41
7063 4 218 7 215 10 211 16 207 21 201 30 193 31 191 34 189 35 187 38 185 39 184 40 183 41 183 42 181 43 180 45 178 47 161 5 10 48 159 8 8 50 155 12 6 52 152 15 3 54 150 75 147 79 143 90 132 94 128 99 5 9 110 115 108 116 107 118 9 5 91 134 89 136 87 138 86 139 84 140 84 141 83 141 82 142 82 143 81 143 81 144 80 144 80 144 80 145 79 145 79 145 79 145 79 145 80 144 80 144 81 144 81 143 82 142 83 141 83 141 84 140 84 140 85 139 85 139 85 139 85 139 85 139 85 139 85 139 85 140 84 140 84 140 84 140 84 140 84 140 84 140 84 140 83 141 83 141 82 142 82 142 81 143 80 144 80 143 80 144 79 145 79 145 78 145 79 145 78 145 79 145 78 145 79 144 80 143 80 137 87 134 90 132 91 131 93 128 96 126 97 124 100 122 101 121 103 120 103 120 104 120 103 120 104 120 103 121 103 121 102 122 102 122 101 123 101 123 100 124 100 124 99 125 98 126 97 127 96 127 96 128 96 128 95 128 95 129 95 127 97 126 97 126 98 125 98 126 97 127 96 127 96 128 94 130 93 131 92 132 90 134 89 135 87 137 86 138 84 140 83 141 82 141 82 142 81 143 80 144 80 144 79 145 79 144 79 145 79 144 79 145 79 144 79 144 80 142 82 141 84 139 87 135 92 129 97 125 101 121 106 114 113 106 120 101 124 68 12 17 128 64 161 62 163 59 166 56 170 52 173 50 177 46 181 42 186 37 198 24 215 7 5520
7434 18 200 27 194 32 188 38 184 42 180 46 176 49 173 53 170 55 167 58 165 61 162 63 99 4 57 66 92 16 49 69 84 26 44 72 78 33 41 75 67 44 37 78 55 56 35 81 46 64 32 84 40 69 31 87 32 75 30 89 21 85 28 95 6 96 27 198 26 198 26 199 24 200 24 200 24 201 23 201 22 202 22 202 22 202 22 202 22 202 22 202 22 202 22 202 21 203 21 203 21 203 21 203 21 203 21 203 21 204 20 204 20 204 20 204 20 204 20 204 20 204 20 204 20 205 19 205 20 204 20 204 20 204 20 205 19 205 20 205 19 205 19 205 19 205 19 206 19 205 19 205 19 204 21 203 21 203 22 201 23 200 24 199 26 197 28 194 30 193 32 191 33 191 34 189 36 188 36 47 3 138 37 45 5 116 6 14 38 44 7 113 9 13 38 44 8 111 12 10 40 42 10 109 14 8 41 42 11 107 17 5 43 41 12 105 66 40 14 103 67 40 15 102 68 39 17 99 69 38 20 96 70 38 23 92 72 37 25 90 72 37 27 87 73 36 30 84 75 35 34 79 76 35 41 71 78 34 46 64 80 34 49 60 81 33 51 58 83 32 52 55 85 32 53 51 88 33 52 46 94 32 52 42 98 32 53 40 99 32 53 38 101 33 52 38 101 33 52 37 102 34 51 36 104 34 50 35 105 35 50 33 106 36 49 32 108 35 49 30 110 36 48 29 111 36 48 28 112 36 47 29 113 35 47 28 114 34 48 28 114 33 49 27 115 25 57 27 115 19 62 28 116 17 63 27 117 17 63 27 117 16 64 27 118 14 64 28 118 13 65 28 119 11 66 28 121 8 67 28 196 28 195 29 195 29 195 30 194 30 194 31 193 32 192 33 191 33 191 34 190 34 190 34 190 33 191 33 191 20 2 9 193 19 205 18 207 17 207 17 207 17 208 16 208 16 208 16 209 16 208 16 208 17 208 16 208 17 208 16 208 17 208 16 209 15 210 13 213 10 216 6 6818
4343 14 198 29 191 36 186 40 183 44 178 48 175 50 174 51 172 53 170 54 169 55 169 56 167 57 166 58 165 59 165 59 164 61 162 62 162 63 161 63 161 63 161 64 160 64 160 64 160 65 159 65 159 66 158 66 158 67 157 68 156 68 156 69 155 69 155 70 154 70 154 70 155 70 154 70 154 70 154 70 155 69 155 69 155 69 155 70 154 70 154 71 153 72 152 73 151 74 150 76 148 77 148 77 147 78 146 79 145 80 144 80 144 81 144 81 143 81 143 82 143 82 142 83 142 82 143 82 143 81 144 80 144 81 144 80 145 79 146 79 147 77 149 76 148 77 148 77 147 78 146 78 146 79 145 80 144 81 143 83 141 84 139 86 138 87 137 88 136 90 134 91 132 93 131 94 129 96 128 97 128 97 129 96 129 96 129 96 128 97 127 98 126 100 124 101 124 101 123 102 122 103 121 104 120 105 119 106 118 107 117 108 116 109 116 109 115 110 115 110 114 111 113 112 112 112 113 112 112 113 111 114 110 115 109 117 108 117 107 118 106 119 104 121 103 122 102 122 101 124 100 125 99 126 98 126 98 127 97 128 95 129 95 130 94 131 93 131 92 133 91 133 91 134 90 135 89 135 89 136 88 137 87 138 86 139 86 139 85 140 84 141 83 142 83 141 84 141 84 141 83 142 81 143 79 145 76 149 72 152 70 154 69 155 68 156 68 156 67 157 67 157 67 157 67 157 67 157 67 157 67 157 68 156 68 156 69 155 71 153 73 151 76 148 79 145 82 142 85 139 86 138 87 137 88 136 88 136 88 136 88 136 88 136 88 135 89 132 92 129 95 127 98 125 100 124 102 121 107 117 116 107 136 88 141 82 153 27 9 35 160 14 21 28 200 22 216 2 1814
160 28 195 30 94 7 93 30 93 10 90 32 91 13 87 33 90 16 84 34 89 19 81 35 89 21 78 36 88 23 76 37 88 25 73 38 88 27 70 39 88 30 66 40 88 33 61 42 88 35 58 42 89 37 53 45 89 40 32 8 6 49 90 43 21 70 90 134 90 134 91 132 93 131 93 131 94 130 94 130 94 129 96 128 96 128 97 127 97 127 97 127 98 126 98 126 98 126 98 126 98 126 98 126 98 126 98 126 98 125 99 125 99 125 98 126 98 126 97 127 97 127 96 127 96 128 96 128 95 129 94 130 93 131 92 132 91 134 89 135 89 135 88 136 87 137 86 138 85 139 84 141 83 141 82 142 82 142 82 143 81 143 81 143 81 143 81 143 81 144 80 144 80 145 79 145 78 147 77 147 77 147 77 148 76 148 76 148 76 149 75 149 75 149 75 150 75 149 75 149 76 149 75 149 75 149 76 149 75 149 75 149 75 149 76 149 75 149 75 149 75 150 74 150 74 150 74 151 73 151 73 151 72 153 69 155 67 157 65 159 64 160 63 161 62 162 61 163 34 12 13 165 31 23 3 167 29 195 25 200 24 200 23 201 23 201 23 201 23 201 23 201 23 202 22 202 22 202 22 203 21 203 21 203 21 203 21 204 20 204 20 205 19 205 19 206 18 206 18 207 17 208 16 209 15 209 15 210 14 210 14 211 13 211 13 212 12 213 11 213 11 214 10 214 10 215 9 215 9 215 9 215 9 216 8 216 8 216 8 216 8 216 8 216 8 216 8 216 8 216 8 216 8 216 8 216 8 216 8 216 8 216 8 216 8 216 8 215 9 215 9 215 9 215 9 215 9 214 10 214 10 214 10 214 10 213 11 213 11 213 11 212 12 212 12 211 13 210 14 210 14 209 15 209 15 208 16 208 16 207 17 206 18 206 18 205 19 204 20 204 20 203 21 202 22 201 23 200 24 199 25 197 27 195 29 194 30 192 32 191 33 190 34 189 35 188 36 187 37 186 38 186 38 185 39 185 39 184 40 184 40 183 41 183 41 182 42 182 42 182 42 182 42 181 43 181 43 180 44 180 44 180 44 179 45
4623 3 218 8 143 6 66 11 139 10 63 13 137 12 61 15 135 14 60 16 133 16 58 18 131 18 56 20 130 19 55 20 129 21 53 22 128 22 51 24 126 24 50 24 126 25 47 27 125 26 45 28 124 28 43 29 124 31 39 31 122 34 35 33 122 35 33 35 120 39 29 36 120 42 25 37 120 45 20 39 119 49 14 43 118 106 118 106 117 108 115 109 115 109 114 111 113 111 112 112 112 113 111 113 110 114 110 114 110 114 110 115 109 115 108 116 108 116 108 116 108 116 107 118 106 118 106 118 106 118 106 118 106 119 104 120 104 120 103 121 103 122 101 123 100 124 99 126 98 126 97 127 97 128 95 129 94 131 93 131 92 133 90 134 90 135 88 136 88 137 86 138 86 138 85 140 84 140 83 141 83 142 81 143 81 143 80 145 79 145 78 147 77 147 77 148 75 149 75 150 74 150 73 152 72 152 72 152 72 153 71 153 70 154 70 155 69 155 69 155 69 155 69 156 68 156 68 156 67 157 67 157 67 157 67 157 66 159 65 159 65 159 65 159 65 159 65 159 65 159 65 160 64 160 64 160 64 160 63 162 62 162 62 162 62 162 62 163 61 163 60 164 60 164 60 164 60 164 60 164 59 165 59 165 59 165 58 166 58 167 56 168 56 168 55 169 55 169 54 171 53 171 53 171 52 172 52 172 52 172 52 173 51 173 51 173 51 173 51 173 51 173 51 173 51 173 51 173 51 173 51 173 51 173 51 173 52 172 52 172 53 171 54 170 55 168 58 166 59 164 61 163 61 163 61 163 62 162 62 161 63 161 63 161 62 162 62 161 64 160 64 160 64 160 64 160 64 160 64 160 65 159 65 159 65 159 65 159 65 159 65 159 65 159 65 159 65 159 65 159 65 159 65 159 65 159 65 159 65 159 65 159 65 159 65 159 65 159 65 159 65 159 65 159 65 159 65 159 65 158 66 158 66 158 66 158 66 158 66 158 66 157 67 157 67 157 68 155 40
10867 4 8 7 198 30 192 38 184 44 179 49 174 52 171 55 168 57 167 58 165 59 165 60 163 61 162 63 161 63 160 64 160 64 159 65 158 67 119 8 29 68 117 12 26 69 110 20 24 70 102 30 20 72 100 34 16 74 99 125 98 127 97 127 96 128 96 128 95 129 95 130 93 131 93 131 93 132 92 132 91 134 90 134 89 135 89 136 87 137 87 137 87 137 87 137 87 136 88 136 88 136 88 136 87 136 88 136 88 136 88 135 89 135 89 134 90 134 90 134 90 134 89 134 90 134 90 134 90 134 90 134 90 134 90 134 90 134 90 134 90 135 89 135 89 135 89 135 89 136 89 135 89 135 89 136 88 136 88 136 88 136 89 135 89 135 89 135 89 135 89 135 90 134 90 134 91 133 91 133 92 132 92 132 93 130 94 130 95 129 96 128 97 126 99 125 100 123 101 122 103 121 104 119 105 119 105 118 107 116 108 116 108 115 110 114 110 113 111 112 112 112 112 112 113 111 113 110 115 109 115 109 115 109 116 108 116 109 116 108 117 108 116 33 2 73 117 31 4 73 117 30 5 72 117 30 6 72 117 29 6 72 118 28 7 71 118 28 7 71 119 27 8 70 120 25 9 70 120 25 9 69 122 24 9 69 122 23 11 67 124 22 11 41 2 23 125 21 13 39 4 20 128 19 14 39 6 15 132 17 15 39 8 11 136 14 17 38 10 6 141 10 19 39 186 38 186 39 186 38 187 37 187 38 188 36 189 35 190 34 192 33 193 31 195 28 197 27 198 25 200 24 201 22 203 19 206 15 211 10 5703
3891 11 212 19 204 25 198 31 193 35 188 41 182 49 175 51 173 53 170 55 169 56 167 57 167 58 165 59 164 61 162 63 161 63 160 65 158 66 157 67 156 69 155 69 154 70 154 70 154 70 153 72 152 72 152 72 152 72 152 72 152 71 153 71 153 71 153 71 154 70 154 69 155 69 156 68 156 69 156 68 156 68 157 67 157 67 158 66 159 65 159 65 160 64 160 64 160 65 159 65 159 66 158 66 158 67 157 69 155 70 154 71 153 72 152 73 151 73 151 74 150 75 149 75 149 76 148 77 147 78 146 79 145 80 144 81 143 82 142 83 141 84 140 84 140 85 139 86 138 86 138 87 137 87 137 88 136 88 136 89 135 89 136 89 135 89 135 90 134 90 134 91 134 90 134 91 133 91 133 91 133 92 132 92 132 92 132 92 132 93 132 92 132 92 132 92 132 93 132 92 132 92 132 93 131 93 132 93 131 93 131 94 131 94 130 94 131 94 130 95 129 96 129 96 128 97 128 96 128 97 128 96 129 95 129 96 129 95 130 94 130 94 131 93 132 93 131 93 132 92 132 92 133 91 134 91 133 91 134 90 134 90 135 90 135 89 135 89 136 88 137 87 137 87 138 86 138 86 139 85 139 85 140 84 140 83 141 83 141 82 143 81 143 80 145 78 146 78 146 77 148 75 149 74 151 72 152 72 152 71 154 69 155 69 155 69 154 69 155 69 155 68 156 67 156 66 157 57 166 54 168 55 168 55 168 55 168 27 4 24 168 26 6 23 168 26 7 23 168 25 9 21 169 24 10 21 169 23 11 20 170 22 12 20 170 21 13 20 170 20 14 20 171 18 15 20 172 16 16 20 174 11 19 20 203 21 203 21 203 22 202 22 202 23 201 23 200 24 200 24 200 24 200 24 200 24 200 24 200 24 200 24 200 23 201 22 202 21 204 18 206 13 212 11 213 9 217 4 1210
14222 4 214 18 203 24 198 30 192 35 187 40 182 45 177 48 175 50 172 54 169 56 166 59 164 61 162 63 160 65 158 66 157 68 156 69 154 71 153 71 152 73 151 73 150 75 149 75 148 76 148 77 146 78 146 79 144 80 144 80 143 82 142 82 141 84 140 84 139 86 138 86 137 88 136 88 136 89 134 90 134 91 132 92 132 92 132 93 130 94 130 95 129 95 128 96 128 97 127 98 125 99 125 99 124 101 123 101 123 101 123 101 123 102 122 102 122 102 122 102 123 100 125 99 126 97 129 94 132 90 136 86 140 82 143 79 146 76 149 73 152 71 154 69 156 66 159 65 160 63 162 62 162 62 163 61 163 61 163 61 163 61 163 61 163 61 162 63 161 63 161 63 161 64 159 65 159 65 159 65 159 65 158 66 158 67 157 67 157 67 157 67 157 67 157 67 157 68 156 68 155 69 155 69 155 69 155 70 154 70 154 70 154 70 154 70 154 71 153 71 152 72 152 72 152 72 151 73 150 74 148 76 146 79 143 81 141 83 140 84 139 85 138 86 138 86 137 88 136 88 136 88 135 90 134 90 133 91 133 92 132 92 131 93 131 94 130 94 130 95 129 96 128 98 126 100 124 102 122 103 121 105 119 106 118 107 117 108 116 109 115 109 114 110 114 111 113 111 113 111 112 112 111 114 109 115 108 116 108 116 107 117 107 117 107 117 108 116 108 116 109 114 51
4113 2 216 16 205 22 200 26 196 30 192 34 188 38 185 42 179 47 175 51 171 54 168 57 166 60 163 62 161 64 159 66 157 68 155 70 153 71 152 73 150 75 147 78 145 79 144 81 142 82 141 84 140 85 138 86 138 87 136 88 136 89 134 90 133 91 133 92 131 93 131 93 130 95 129 95 128 97 127 98 126 98 125 100 124 101 123 101 122 103 121 103 121 104 119 105 119 105 118 107 116 108 114 111 113 111 112 112 111 114 110 114 110 114 110 115 109 115 108 117 107 117 107 118 106 118 106 119 105 120 105 119 105 120 104 120 104 121 103 121 104 121 103 121 104 121 110 115 109 116 109 115 109 116 108 116 108 117 107 117 107 117 107 117 106 118 106 118 106 118 106 118 105 119 105 119 104 120 104 120 104 121 95 5 2 122 93 131 93 131 92 132 91 133 91 133 91 133 91 134 89 135 89 135 89 136 88 136 88 137 87 137 87 138 86 138 86 139 86 139 86 139 86 138 87 138 87 139 86 140 85 142 83 146 78 152 72 154 70 156 68 157 66 160 64 161 26 2 35 162 21 8 32 165 13 15 31 194 29 196 28 197 26 198 26 199 25 199 24 201 23 202 22 202 21 204 20 205 19 205 19 205 19 205 19 205 19 205 18 206 18 206 18 206 17 207 17 207 16 208 16 208 15 209 15 209 15 209 14 210 14 210 13 211 13 211 12 212 12 212 12 212 11 213 11 213 11 213 11 213 11 213 12 212 12 212 11 213 11 213 11 213 11 213 10 214 10 214 9 215 9 215 8 216 8 216 7 217 7 217 6 218 6 218 6 218 6 218 5 219 5 219 5 219 5 219 5 219 5 219 5 219 5 219 5 219 5 219 5 219 5 219 5 219 4 220 4 220 4 220 4 220 4 220 4 220 3 221 1 223 1 223 1 223 1 223 1 223 1 223
88 65 157 69 154 70 154 71 153 71 153 72 152 72 152 73 151 75 150 75 149 77 22 12 113 80 14 21 108 119 105 120 103 123 101 124 99 126 97 128 95 130 94 130 93 132 91 133 91 133 90 134 89 135 88 136 88 136 87 138 86 138 85 139 85 139 85 139 84 140 84 140 83 141 82 142 81 143 80 144 79 145 78 146 76 148 75 149 74 150 73 151 71 152 71 153 70 154 69 155 68 156 68 155 68 156 67 157 67 156 67 157 67 157 66 157 67 157 67 157 66 157 67 157 67 156 67 157 67 156 68 154 69 154 70 153 71 152 71 153 71 153 70 154 70 155 68 156 68 156 67 157 66 159 65 159 64 161 62 162 62 163 60 164 60 165 58 166 58 167 57 167 56 168 56 168 55 169 55 169 55 169 55 169 54 171 53 171 53 171 53 171 53 170 54 170 54 170 54 170 54 169 55 168 56 168 56 167 57 166 59 164 60 163 62 161 63 160 66 158 67 157 68 156 69 155 70 154 70 154 70 154 70 153 72 152 72 152 72 151 73 151 73 150 74 150 73 150 74 150 74 149 75 149 75 149 74 150 74 150 74 150 74 149 75 149 75 149 74 150 74 150 74 150 74 150 74 149 75 149 75 149 75 149 75 149 75 148 76 148 77 147 77 147 78 146 80 143 84 140 85 139 86 137 88 136 88 135 90 134 90 133 91 133 92 132 92 132 92 133 92 132 92 133 91 133 91 133 91 134 90 134 90 134 90 134 89 136 88 136 88 136 88 136 88 136 87 137 87 137 87 137 87 137 86 138 86 138 86 138 86 138 86 138 85 139 85 139 85 139 85 139 85 139 85 139 84 140 84 140 84 140 84 140 84 140 84 140 83 140 84 140 84 140 83 141 83 141 82 142 82 142 81 143 81 143 80 144 80 144 79 144 80 144 80 144 80 144 80 144 80 144 81 143 81 142 82 142 82 142 82 141 84 140 84 140 85 138 86 138 87 136 89 135 89 134 91 133 91 133 92 131 41
10883 25 196 31 192 34 147 7 35 37 141 14 30 40 138 17 28 42 135 21 25 44 132 24 23 45 130 27 21 47 127 29 20 49 122 34 18 50 102 55 16 52 98 58 15 53 96 61 14 54 93 64 11 56 92 66 9 57 90 70 5 60 88 136 87 138 85 139 85 140 83 141 83 141 82 143 80 144 80 144 80 144 79 146 78 146 79 145 79 7 4 134 81 3 7 134 91 133 91 133 92 132 92 132 92 133 92 132 92 132 92 132 93 131 93 131 93 131 93 131 93 131 93 131 93 131 94 129 95 129 95 129 96 128 96 128 96 127 98 126 98 126 99 125 99 125 100 123 101 123 102 122 102 122 103 121 103 121 104 120 105 119 105 118 106 96 3 19 107 94 5 18 107 93 6 18 107 93 7 17 106 93 9 16 106 93 9 16 106 92 11 14 107 92 11 14 107 91 13 13 106 92 13 13 106 91 14 13 106 90 16 12 107 89 16 12 107 88 17 12 107 88 17 12 107 87 18 12 107 86 19 12 107 86 19 12 107 85 20 12 108 83 21 12 108 81 23 12 108 80 24 12 108 79 24 13 108 78 25 13 109 76 26 14 108 75 27 14 108 74 28 14 108 74 28 14 109 72 29 14 109 72 29 14 110 70 30 14 110 70 30 14 111 69 30 13 113 68 31 12 113 68 32 10 115 67 33 8 117 67 157 67 157 67 157 67 158 66 158 66 158 66 158 66 158 22 9 35 158 20 14 32 158 19 18 29 159 18 20 27 159 18 23 24 159 17 25 23 159 17 26 22 160 16 27 21 160 16 28 20 160 16 28 20 160 16 29 19 161 15 29 19 161 15 29 19 161 15 30 17 163 14 30 17 163 14 30 17 163 14 30 17 163 14 30 17 163 14 30 17 163 14 30 16 165 13 30 16 165 13 30 16 165 13 30 16 165 13 30 15 166 13 29 16 166 13 29 16 166 13 29 15 167 13 29 15 166 14 29 15 166 14 29 15 166 14 29 15 166 14 28 16 166 14 28 15 167 14 28 15 167 14 28 15 167 14 28 15 167 13 29 15 167 13 29 15 167 13 28 16 167 12 29 16 168 10 30 16 168 9 31 15 170 7 31 16 171 5 32 16 173 1 34 16 208 15 209 15 209 15 209 15 208 16 208 15 209 15 209 15 208 16 208 16 209 15 209 14 210 14 210 14 210 13 211 12 213 11 214 9 215 8 217 6 332
2587 11 211 15 208 18 204 21 202 23 200 26 197 27 197 28 195 30 193 32 191 34 190 34 189 36 187 38 186 38 185 40 183 41 183 42 181 43 180 45 179 45 178 47 176 48 175 50 174 50 173 52 171 53 169 56 167 58 163 61 161 64 156 68 154 71 149 76 145 79 78 7 58 82 76 11 53 85 75 13 49 88 73 17 44 91 72 19 40 94 71 21 36 97 70 23 30 102 69 25 22 109 67 29 14 115 66 33 5 121 65 160 64 161 63 161 63 162 62 163 61 163 61 164 60 164 60 164 60 165 59 165 59 166 58 166 58 167 58 166 58 166 58 167 57 167 57 168 56 168 56 169 55 169 55 170 54 170 54 171 53 171 53 171 53 171 54 171 53 171 53 171 53 171 53 172 51 173 51 173 51 173 51 173 51 173 51 174 49 175 49 175 48 177 47 177 47 177 47 178 46 178 46 179 45 179 45 180 44 181 43 181 43 182 43 181 43 182 42 183 41 183 41 184 40 185 39 185 39 186 38 187 36 188 36 189 35 190 34 191 33 191 33 192 31 193 31 194 30 194 30 195 29 195 28 197 27 197 27 198 26 198 26 199 25 199 25 200 24 201 23 201 23 202 22 203 21 203 21 204 20 205 19 205 19 206 18 207 18 208 16 209 15 210 14 212 12 213 11 214 10 215 9 216 8 216 7 217 7 217 7 217 6 218 5 219 5 219 4 220 3 221 1 223 1 6073 2 220 6 217 9 215 9 214 11 213 12 211 13 211 14 209 16 208 16 207 18 206 19 204 21 203 21 202 23 200 25 199 25 198 26 183 1 13 28 182 1 12 29 182 3 10 30 181 5 6 32 181 43 181 43 181 44 180 44 180 44 180 44 180 44 180 44 180 45 179 45 179 45 179 45 179
7733 4 217 10 212 13 210 15 208 16 206 19 161 10 34 19 159 17 28 20 159 21 22 23 158 25 17 24 158 32 7 27 158 66 158 66 159 65 160 64 161 63 162 63 162 62 163 61 164 60 165 59 166 58 167 57 168 56 169 56 168 56 169 55 169 56 168 56 168 56 169 56 168 56 168 56 167 57 167 58 166 58 166 58 166 58 166 58 166 59 164 60 164 60 164 61 163 61 163 61 163 62 162 62 162 63 160 64 160 64 160 65 158 66 158 67 156 68 156 68 155 70 154 70 153 71 153 71 153 72 152 72 152 72 152 72 153 71 153 72 152 72 152 72 153 71 153 71 153 71 154 70 154 71 153 71 153 71 153 71 153 71 153 72 152 72 152 72 151 73 151 73 151 73 150 74 150 75 148 76 148 76 147 77 147 77 147 77 147 77 146 78 146 78 146 78 145 79 145 79 145 79 145 79 145 79 144 80 144 80 144 80 144 80 144 80 144 79 145 79 145 79 145 79 144 80 144 80 144 80 144 80 144 80 144 80 144 80 144 80 145 79 145 79 145 79 145 79 145 79 145 79 145 79 145 79 145 79 144 80 144 80 144 80 143 81 143 82 141 83 141 83 140 84 140 84 139 85 139 85 138 86 138 86 137 87 137 87 137 87 137 87 136 88 136 88 136 88 136 88 136 89 134 90 134 90 134 91 133 91 133 91 133 91 133 91 133 91 133 91 133 91 133 91 133 91 132 92 132 92 132 91 133 91 133 91 134 90 134 89 135 89 135 88 136 88 136 87 137 87 137 87 137 87 137 88 136 90 134 94 130 97 127 99 125 100 124 101 123 101 123 101 123 102 122 102 122 102 122 102 123 101 123 101 124 100 124 100 125 98 67
3049 5 217 9 213 12 211 13 210 15 208 16 207 17 206 19 204 20 171 7 25 21 169 12 21 22 167 20 13 24 166 24 8 26 165 59 165 59 164 60 164 60 164 60 164 60 164 60 165 59 165 59 165 59 165 60 165 59 165 60 163 62 162 63 161 64 160 65 158 67 157 68 155 69 155 70 153 71 153 72 151 73 151 74 149 75 148 77 147 78 146 78 145 80 144 80 143 82 142 82 141 84 140 84 140 85 138 86 138 86 137 87 137 88 136 88 135 89 135 90 134 90 134 90 134 90 134 91 133 91 133 91 133 91 133 91 133 91 133 91 133 91 133 91 133 91 133 91 133 90 134 90 134 90 133 91 133 91 133 91 132 91 133 91 133 91 132 92 132 92 131 92 132 92 132 92 131 93 131 92 131 93 131 93 130 93 131 93 130 93 131 93 131 92 131 93 131 92 131 93 131 93 131 92 131 93 131 92 132 92 131 93 131 92 131 93 130 93 131 93 130 94 130 94 129 95 129 95 128 96 128 96 128 96 127 97 127 97 126 98 126 98 126 99 124 100 124 100 124 100 124 100 123 101 123 102 122 102 121 103 121 104 120 104 119 106 118 106 118 106 118 107 116 108 116 108 116 108 116 108 115 109 115 109 114 110 114 110 114 110 114 110 113 111 113 111 113 111 113 111 113 111 113 111 113 110 114 110 114 110 114 109 116 108 116 107 117 106 118 106 118 105 119 105 119 104 121 102 122 101 123 100 124 100 125 98 126 98 126 97 127 96 129 94 130 93 131 92 133 89 135 88 136 87 137 86 139 83 141 82 143 79 145 76 149 70 154 68 157 65 159 63 162 61 163 59 166 56 169 54 172 50 176 3 23 11 5274
6400 8 213 12 210 14 209 15 135 12 60 18 132 16 57 19 131 18 55 19 131 20 52 21 130 22 50 22 129 24 47 24 128 25 45 25 128 27 42 27 127 29 39 29 126 30 37 30 127 30 35 32 126 32 32 34 125 33 30 36 124 35 27 38 124 36 24 41 122 38 20 45 121 41 12 52 118 107 117 109 114 112 112 113 111 114 109 117 107 118 105 130 94 136 88 139 84 142 82 144 80 145 78 147 77 148 75 149 75 150 74 150 74 151 72 152 72 152 72 153 71 153 71 154 70 154 70 154 70 155 69 155 69 155 69 156 68 156 68 156 68 157 67 157 67 157 68 157 67 157 67 158 66 158 66 158 66 159 66 158 66 158 66 159 65 159 65 159 65 159 65 159 65 160 64 160 64 160 65 159 65 159 65 159 65 159 65 159 65 159 65 159 65 159 65 159 65 159 65 159 65 159 65 159 64 160 64 160 64 159 64 160 64 160 63 161 63 160 63 161 63 161 63 161 62 162 62 161 63 161 62 162 62 162 62 161 63 161 63 161 63 161 63 161 63 161 62 162 62 162 62 162 62 162 62 161 63 161 63 160 64 160 64 159 65 159 66 157 67 157 67 157 67 157 67 157 67 158 66 158 66 158 66 158 66 159 65 159 65 159 65 160 64 160 64 160 64 160 64 161 64 160 64 160 64 160 64 160 64 159 65 159 65 159 65 158 66 158 66 157 68 155 69 153 71 152 72 151 73 149 75 146 78 143 82 139 85 135 90 129 97 121 120 61 10 24 153 12 16 1 9085
131 40 183 42 181 44 180 44 179 45 179 46 177 47 177 46 178 46 177 47 177 47 176 48 176 48 176 48 175 48 176 48 175 48 176 48 175 49 175 48 175 49 175 49 174 49 175 49 174 50 174 49 174 50 174 50 173 51 173 50 173 51 173 51 172 52 172 51 172 52 171 53 170 54 168 56 165 58 153 71 148 76 146 78 68 11 65 80 66 17 59 82 66 21 52 84 67 23 48 86 67 27 42 88 66 31 37 89 68 32 33 91 68 33 30 92 69 36 26 92 71 37 22 93 72 39 19 94 73 40 15 95 74 42 11 96 76 42 8 97 78 44 3 98 80 143 81 142 83 140 85 137 88 135 89 134 91 132 93 130 95 129 96 127 99 125 100 123 102 122 103 121 104 120 105 119 107 117 108 117 109 115 112 113 114 110 117 108 117 108 117 107 119 106 119 105 121 104 122 103 123 102 123 101 123 102 123 102 122 103 121 105 120 106 118 108 116 109 115 111 113 113 112 113 111 115 110 115 109 116 109 115 110 115 109 115 110 115 110 115 110 114 111 114 110 115 110 115 110 116 108 119 106 121 104 122 103 123 102 124 101 124 101 125 99 126 98 128 96 129 96 129 95 130 94 131 93 132 92 133 91 134 89 137 87 138 86 140 83 142 82 143 80 145 78 147 76 149 74 151 72 153 70 154 68 157 66 159 64 161 62 164 59 166 58 166 57 167 56 67 4 98 55 66 6 97 54 66 8 96 54 65 10 95 54 64 11 95 53 65 12 94 53 64 14 93 52 64 15 93 52 64 16 92 52 63 17 92 52 62 19 91 53 61 19 91 53 60 21 90 54 58 22 90 56 55 24 68 3 17 58 53 25 67 6 15 61 49 27 65 8 14 63 45 29 64 12 11 64 42 32 62 16 7 67 37 36 61 91 35 37 60 94 32 39 59 96 29 40 58 98 28 40 58 100 25 42 56 103 22 43 56 104 20 44 56 106 16 46 56 108 12 48 56 111 6 52 54 170 54 170 54 170 54 170 55 170 54 170 54 170 54 170 54 170 55 169 55 169 55 169 55 170 55 169 55 169 56 168 56 169 55 169 55 169 55 169 56 168 56 168 56 169 55 169 55 170 55 171 53 172 52 174 50 176 49 177 47 178 46 85 6 88 46 83 9 88 44 83 11 88 42 85 10 88 42 87 7 90 40 89 6 91 39 89 5 93 37 91 2 95 37 189 35 190 35 190 34 191 33 192 32 192 32 193 31 193 30 194 30 195 29 195 28 19
7301 2 219 7 215 10 214 11 212 12 211 13 211 12 211 13 209 14 208 16 205 19 201 23 197 27 195 29 193 31 192 32 190 35 188 36 187 37 186 39 184 40 183 42 181 44 179 45 147 13 17 48 142 21 12 50 138 87 136 89 134 90 133 92 132 92 132 92 132 92 133 92 133 91 133 92 133 91 134 90 134 90 135 89 135 89 136 88 137 87 137 87 138 86 138 86 139 86 139 84 141 83 143 81 145 79 147 77 147 77 148 76 148 76 148 76 148 76 148 76 148 77 147 77 147 77 146 78 146 78 146 78 145 80 144 80 143 81 142 82 142 82 141 83 141 83 141 83 140 84 140 84 139 84 140 84 140 84 139 84 140 84 140 84 140 83 141 83 141 83 141 83 141 83 141 83 141 83 141 83 141 83 141 83 141 83 141 83 141 71 1 11 141 71 2 11 141 69 4 10 141 69 5 9 142 68 6 8 142 67 8 7 142 67 8 7 143 66 8 7 143 66 8 8 142 30 3 33 8 8 143 28 5 32 8 8 143 26 9 30 8 8 143 25 11 29 7 9 143 23 15 27 7 8 144 22 18 24 9 7 144 21 21 22 9 7 145 19 23 22 10 4 146 18 25 21 160 18 26 20 160 18 26 20 160 18 27 19 161 17 27 18 162 17 27 18 162 17 27 18 162 17 27 18 162 17 27 18 163 16 27 18 163 16 27 17 164 16 28 16 165 15 28 16 165 15 28 16 165 14 29 15 166 14 29 15 167 13 28 16 167 13 28 16 167 13 28 16 167 13 29 14 168 13 29 14 168 13 29 14 168 13 29 14 168 12 30 15 167 12 30 15 167 12 29 16 167 12 29 17 165 13 29 17 165 13 29 17 165 13 29 18 163 14 29 18 163 14 29 18 162 14 30 18 162 14 30 18 161 15 30 18 161 15 30 18 161 15 30 17 161 16 30 17 161 15 30 18 161 15 30 17 162 15 30 17 162 14 31 16 164 13 31 16 164 12 32 16 164 11 33 15 166 9 34 15 168 6 35 15 209 15 210 13 211 13 212 11 214 9 217 5 6821
4123 5 217 10 213 13 210 15 209 16 207 19 205 19 205 20 203 22 202 23 201 23 200 25 199 25 199 25 199 26 198 26 197 27 197 28 196 29 195 30 194 32 192 38 185 46 178 49 175 51 173 53 171 54 170 56 168 58 166 59 165 60 164 61 163 63 161 64 160 65 159 66 158 67 157 68 155 69 155 70 154 70 154 71 153 71 153 71 153 71 153 71 153 72 152 72 152 72 152 71 153 71 154 70 154 70 154 70 154 70 154 69 155 69 156 68 156 68 156 68 156 68 156 68 156 69 155 69 156 68 156 69 155 69 155 70 154 70 153 71 153 71 153 72 152 72 151 73 151 73 151 73 151 74 150 74 150 74 149 75 149 75 149 75 148 76 148 76 148 76 147 77 147 77 146 78 146 78 145 78 146 78 146 78 145 79 145 79 145 79 145 79 145 79 145 79 145 79 145 78 146 78 146 78 146 78 147 76 148 76 148 75 149 75 149 74 150 74 151 72 152 72 152 71 153 71 154 70 154 69 155 69 155 69 156 68 156 67 158 66 158 66 159 65 159 64 160 64 161 63 161 63 161 63 161 63 161 62 163 61 163 61 163 61 163 61 163 60 165 59 165 59 166 57 167 57 167 57 168 55 169 55 170 54 171 53 171 53 172 52 173 51 174 50 175 49 176 48 176 48 176 48 176 48 176 48 175 49 175 49 175 30 2 17 175 29 3 17 174 30 3 17 174 29 5 16 174 28 6 16 174 28 6 16 174 27 7 16 174 27 7 16 174 26 8 16 174 25 9 16 174 25 9 16 174 23 11 15 175 22 13 14 176 19 15 13 177 15 20 12 178 10 26 9 180 6 30 6 184 1 7518
2380 4 217 11 211 15 208 17 206 19 204 21 203 22 201 24 200 25 198 26 198 27 196 28 196 29 194 30 194 31 193 31 193 31 192 33 191 33 191 33 190 35 189 35 189 35 188 37 187 37 187 37 186 39 185 39 185 39 185 40 183 41 183 41 183 41 182 43 181 43 181 43 180 44 180 44 180 45 178 46 178 46 178 46 177 48 176 48 176 48 175 49 98 11 66 50 95 16 62 51 94 20 59 51 93 23 57 51 93 25 54 53 91 29 50 54 91 31 47 55 91 33 44 56 91 35 40 58 91 37 36 61 90 40 29 65 90 42 25 67 90 45 20 69 91 46 16 71 91 48 12 73 91 50 8 75 92 132 92 132 92 132 93 131 93 131 94 130 94 130 95 129 95 128 97 127 97 127 98 125 100 124 100 123 102 122 102 121 104 120 105 118 106 118 107 116 109 115 109 115 110 114 111 113 111 113 112 111 114 110 115 109 116 108 116 107 118 106 119 105 119 105 120 103 121 103 122 102 122 102 123 100 124 100 125 99 125 99 126 98 127 96 129 95 130 94 131 93 132 92 134 90 135 89 136 88 138 86 140 84 141 83 142 83 142 82 143 81 144 80 145 79 146 78 147 77 148 76 149 75 150 74 151 74 151 73 152 72 153 71 154 70 156 69 156 68 157 67 158 66 159 65 160 64 160 65 160 64 160 64 159 65 159 65 158 67 157 67 156 68 155 69 154 71 152 72 151 73 149 75 148 77 146 78 145 79 144 81 142 82 141 84 139 86 136 88 135 90 133 92 131 93 130 95 128 97 126 98 125 100 123 101 123 102 121 104 120 105 118 106 118 107 116 109 114 110 114 111 112 112 110 114 109 115 108 116 106 119 104 120 102 122 101 123 100 124 98 126 97 127 95 129 94 130 92 132 91 133 89 135 88 136 86 138 85 139 83 141 82 143 80 144 78 146 77 147 76 149 74 150 72 152 71 153 70 155 68 156 67 157 66 158 65 160 63 161 62 163 61 163 60 164 60 165 59 165 59 165 60 163 38
3663 4 212 15 4 5 197 29 190 35 187 39 184 41 182 44 179 48 175 51 172 54 168 57 166 59 164 61 162 63 161 63 160 65 158 66 158 67 156 69 154 72 152 73 150 75 149 76 147 78 146 79 145 81 143 82 142 84 140 88 136 92 131 96 128 98 126 99 125 100 123 103 121 104 120 105 118 107 117 108 115 110 114 111 113 112 112 113 110 115 109 116 108 116 108 117 106 119 105 119 104 121 103 121 102 123 101 123 101 124 100 124 100 125 99 125 99 126 98 126 98 127 97 128 96 128 96 129 95 129 95 129 94 131 93 131 93 131 93 131 93 131 93 131 92 133 91 133 91 133 90 134 90 134 90 133 91 133 90 134 90 134 90 134 89 135 89 135 89 135 89 135 88 136 88 136 88 136 88 136 87 137 87 137 87 137 88 136 88 136 89 135 89 135 90 133 91 133 91 133 91 132 93 131 94 129 96 128 97 127 99 124 102 122 103 121 103 120 105 119 106 118 106 118 106 118 107 117 107 117 107 117 108 115 109 115 109 115 109 115 110 113 111 113 111 113 111 112 113 111 113 111 114 109 115 109 116 108 116 107 118 106 119 104 121 103 122 101 124 100 125 98 127 97 128 95 130 93 132 92 133 90 135 89 136 87 137 87 138 85 140 84 141 82 142 82 143 81 143 80 144 80 145 78 146 78 146 77 148 76 148 75 150 74 150 73 151 73 151 72 152 72 152 72 152 71 153 71 153 71 153 70 154 70 154 70 154 69 155 69 154 70 154 70 154 69 154 70 154 69 155 69 155 68 156 68 156 67 157 67 157 66 159 65 160 64 162 61 168 56 179 4 6 34 193 30 196 28 198 25 201 22 206 16 4129
5474 16 5 23 176 53 166 61 161 65 158 70 152 74 149 78 145 82 8 3 130 98 125 100 123 103 121 104 119 106 117 108 115 110 114 111 112 113 110 115 108 116 107 118 105 119 104 121 102 122 101 124 98 127 96 128 95 130 93 132 91 133 90 135 89 136 87 137 86 139 84 141 82 142 82 142 81 144 79 145 79 146 77 147 76 148 75 150 74 150 73 152 71 154 69 155 68 157 67 157 66 159 64 161 62 162 62 162 62 163 60 164 60 165 58 166 36 18 2 169 33 191 30 195 27 198 21 203 18 206 15 210 12 212 11 214 10 214 10 214 10 215 9 215 9 215 9 215 9 215 9 216 8 216 8 216 8 216 8 216 8 216 8 216 8 216 8 216 8 216 8 216 8 215 9 215 9 215 9 214 10 213 11 213 11 212 12 212 12 211 13 210 14 209 15 207 17 206 18 204 20 203 21 202 22 200 24 198 26 197 27 194 30 192 32 189 35 187 37 185 39 171 2 7 44 169 55 169 55 169 55 169 55 170 54 170 54 170 54 170 54 171 53 171 53 171 53 171 53 172 52 172 52 172 52 172 52 172 52 172 52 172 52 172 52 173 51 173 51 173 51 174 50 174 50 174 50 175 49 175 49 176 48 176 48 176 48 177 47 177 47 177 47 177 47 177 47 177 47 177 47 177 47 177 47 177 47 178 46 178 47 177 47 177 48 177 48 176 49 175 49 175 50 174 50 174 51 172 53 171 53 171 54 170 55 169 61 163 64 160 66 158 68 156 70 154 71 154 71 153 73 151 75 149 76 149 78 146 80 145 83 142 86 138 87 138 87 103 4 30 88 98 11 27 89 92 17 27 90 86 29 19 91 83 34 16 94 78 38 14 98 73 42 11 100 69 46 9 101 66 50 7 101 64 54 5 102 63 55 2 105 61 165 58 169 54 172 51 177 46 179 44 181 42 183 41 184 39 186 37 108
3244 14 7 5 196 32 190 37 185 41 181 45 178 48 175 50 172 53 170 55 168 57 166 59 164 61 162 63 160 65 158 67 156 68 155 70 153 72 151 74 148 77 145 80 143 82 141 84 139 86 137 88 135 90 134 91 132 93 130 96 128 97 126 98 126 99 124 101 122 102 122 102 121 104 120 104 120 104 119 105 119 105 118 107 117 107 116 108 116 108 115 110 114 110 114 110 113 111 113 112 112 112 111 113 111 114 110 114 109 115 109 115 109 115 108 116 108 116 108 116 108 116 108 117 106 118 106 118 106 118 106 118 106 119 105 119 105 119 105 119 105 119 105 120 104 120 104 120 105 120 104 120 104 120 104 121 104 120 104 120 105 120 105 119 106 119 106 118 107 117 108 117 108 116 109 116 109 116 108 116 109 116 109 115 110 115 110 115 110 114 112 113 114 110 116 109 116 108 118 107 118 106 119 106 118 106 119 106 118 106 118 107 118 106 118 106 118 107 117 107 117 107 116 109 114 110 112 112 110 115 108 116 107 117 105 119 104 120 101 123 95 129 90 134 86 138 80 144 74 150 70 155 66 158 65 159 64 161 62 162 61 164 60 164 60 165 58 167 57 168 56 169 55 169 55 170 54 171 53 171 53 172 51 173 51 173 51 173 51 174 50 174 50 174 50 174 50 174 50 174 50 174 50 174 50 174 50 174 49 175 49 175 49 174 50 174 50 173 52 67 9 95 54 57 21 91 55 50 29 87 59 45 34 83 63 41 37 79 68 35 42 76 73 25 50 66 94 7 58 57 167 52 172 51 174 49 175 48 177 46 179 44 181 41 188 34 205 15 7906
14 36 187 40 183 42 182 43 180 44 180 44 180 45 179 45 179 45 179 45 179 45 179 45 179 45 179 45 179 45 179 45 179 45 179 45 179 45 179 45 180 45 179 45 179 45 179 46 178 47 177 47 177 48 176 49 175 50 175 50 174 51 174 51 174 51 174 51 174 51 174 51 174 51 174 52 173 52 172 53 172 53 171 54 171 53 171 54 170 55 169 56 168 57 167 58 166 59 165 60 164 61 163 62 162 63 161 64 161 64 160 65 159 66 158 67 157 68 156 68 156 69 156 69 155 70 155 70 154 71 154 71 154 71 154 71 153 72 153 72 152 73 152 73 152 72 152 73 152 72 153 72 152 73 152 73 152 74 151 74 150 75 150 75 149 76 149 76 148 77 148 78 146 81 143 84 140 86 138 87 137 87 136 89 135 90 133 92 132 92 131 94 130 95 128 96 127 98 126 99 124 101 123 102 122 103 120 105 118 107 117 108 115 110 112 113 110 115 107 117 105 121 100 125 97 39 2 87 95 39 5 87 91 40 7 87 87 42 9 87 83 45 10 86 81 46 12 86 78 47 14 86 76 47 16 86 74 47 17 87 73 43 22 86 74 33 33 85 74 11 3 8 45 85 74 6 61 83 75 4 63 83 142 83 142 83 142 83 141 84 141 84 141 84 141 85 140 87 137 89 136 91 134 91 37 9 87 93 31 15 86 94 26 18 87 95 22 20 87 97 16 24 88 100 10 26 89 135 90 134 91 133 92 132 92 132 93 130 95 71 4 54 96 69 7 49 100 67 10 46 102 66 11 43 105 65 12 41 107 64 14 38 109 63 16 35 111 62 19 30 114 60 24 25 116 59 37 11 118 58 42 5 119 58 167 57 168 57 168 56 169 55 170 54 171 53 172 52 172 53 172 52 173 51 173 51 174 50 174 50 175 50 175 49 175 49 176 48 177 47 178 47 177 47 178 47 178 46 178 47 178 46 179 45 179 46 179 45 180 44 181 43 182 41 184 40 185 38 186 38 187 36 188 36 189 35 189 35 189 35 189 35 190 34 190 34 190 34 190 34 190 34 189 35 189 35 189 34 189 35 188 19 4 13 187 19 6 12 186 20 7 11 185 20 9 9 185 20 11 8 185 20 11 8 184 20 13 6 185 20 15 1 188 20 203 20 204 20 204 20 204 20 204 19 205 19 205 18 83
2858 15 204 23 198 28 195 31 191 34 189 36 186 38 185 40 183 42 181 44 179 45 178 47 176 48 175 50 131 4 38 51 129 8 36 51 128 10 34 52 127 12 32 53 126 14 31 53 125 15 30 54 124 17 29 53 124 18 28 54 123 19 28 53 124 20 26 54 123 21 26 53 124 21 25 53 124 22 25 52 124 23 24 52 125 23 23 51 126 25 21 50 127 26 20 48 129 27 18 48 130 28 16 49 130 29 14 48 131 32 11 48 132 33 9 49 131 36 5 51 131 39 1 53 130 93 130 94 130 94 129 96 128 96 127 98 126 98 125 100 124 100 123 101 122 103 120 104 118 106 116 109 112 112 111 113 110 114 109 116 108 116 107 117 106 118 105 119 104 120 104 121 103 121 102 122 102 122 102 122 102 122 102 122 102 122 103 121 103 121 103 121 103 120 104 120 103 121 103 121 103 121 102 122 102 122 102 122 101 123 101 123 101 122 102 122 101 123 101 123 100 124 99 125 99 125 98 126 97 127 96 128 95 128 95 129 95 129 94 130 93 131 92 132 92 132 91 133 90 134 89 135 89 135 88 136 87 137 87 137 86 138 85 139 85 139 84 140 83 141 82 142 82 141 82 142 81 143 81 143 80 144 80 144 79 145 78 145 79 145 79 145 79 145 78 145 79 145 79 145 79 144 80 144 80 144 80 143 81 143 81 143 81 143 82 142 82 141 85 139 87 137 88 136 90 134 91 133 94 130 96 128 98 125 99 125 100 124 100 123 101 123 101 123 101 122 102 122 102 121 103 121 103 121 103 120 104 120 104 120 104 119 106 118 106 117 108 116 109 114 111 113 112 112 113 110 116 108 118 105 121 103 122 101 124 100 125 99 126 97 128 96 129 94 131 93 131 92 133 90 134 90 135 88 136 88 135 88 136 88 136 88 136 87 137 87 137 86 138 86 138 85 138 86 138 85 139 84 140 84 140 83 141 82 142 81 143 80 145 78 146 17 16 44 148 12 22 41 150 8 27 38 187 36 189 35 190 33 192 31 194 30 195 28 197 26 198 25 201 22 202 21 204 20 204 19 206 17 91
2194 6 216 11 211 15 208 18 206 19 204 22 201 24 200 25 198 27 197 27 196 28 132 5 58 28 128 13 55 27 127 17 52 25 128 20 50 25 127 24 46 26 126 29 42 26 124 43 30 27 122 65 7 30 121 103 120 104 119 105 119 106 117 107 117 107 117 107 117 108 116 108 116 108 116 109 115 110 114 110 114 111 113 111 114 111 113 112 11 10 92 113 5 16 90 135 89 136 88 138 86 138 86 139 85 139 86 138 86 138 86 138 87 137 88 136 89 135 90 134 90 134 91 133 91 133 91 133 91 133 91 133 91 133 91 133 90 134 90 134 90 134 90 134 90 134 90 134 90 134 90 134 90 134 89 135 89 135 89 135 89 135 89 135 89 135 89 135 89 135 89 135 89 135 89 135 89 135 89 135 89 135 89 135 90 134 90 134 90 134 90 134 90 134 90 134 90 134 90 134 90 134 90 134 90 134 90 134 89 135 89 135 88 136 88 136 88 136 87 137 87 137 87 137 86 138 86 138 86 138 86 138 86 138 85 139 85 139 85 139 85 139 84 140 84 140 84 140 84 140 84 140 84 140 84 140 83 141 83 141 83 141 83 141 83 141 82 142 82 142 82 142 82 142 81 143 81 143 81 143 80 144 80 144 80 144 80 144 80 144 80 144 80 144 80 144 79 145 79 145 79 145 79 145 79 145 79 145 79 145 79 145 79 145 79 145 79 145 80 144 80 144 80 144 80 144 80 144 80 144 80 144 81 143 81 143 81 143 81 143 81 143 81 143 82 142 82 142 82 142 82 142 82 142 82 142 82 142 83 141 83 141 83 141 83 141 83 141 84 140 84 140 84 140 84 140 85 139 85 139 85 139 86 138 86 138 87 137 87 137 88 136 88 136 88 136 89 135 89 135 89 135 89 135 89 135 89 34 4 97 89 33 7 95 89 33 11 91 89 33 16 86 89 33 46 56 89 32 52 51 89 32 57 46 89 32 58 45 89 32 59 44 89 32 60 43 89 32 60 43 89 32 61 42 89 32 61 42 89 32 61 42 89 32 62 41 89 33 61 41 89 33 61 41 90 32 62 40 90 32 62 40 90 33 62 39 90 33 62 39 91 31 64 38
6570 10 211 19 203 30 192 35 186 39 182 43 179 46 176 48 175 50 173 51 173 52 171 53 171 54 169 56 168 56 167 58 166 58 165 60 163 62 161 63 161 64 159 65 158 66 158 66 157 68 156 68 156 68 155 69 155 69 155 69 155 69 155 70 155 69 155 69 155 70 154 70 155 69 155 70 155 69 155 69 155 70 155 70 154 71 154 71 153 73 152 75 14 26 110 118 107 120 104 122 103 123 102 123 101 123 101 124 101 123 101 123 101 124 100 124 100 124 100 124 101 123 101 123 101 123 101 123 101 123 101 123 101 122 103 121 103 121 103 121 103 120 104 120 104 120 104 120 104 120 104 120 104 120 104 120 104 120 104 120 104 120 103 121 103 121 103 121 104 120 104 121 103 121 103 121 103 121 103 121 103 122 102 122 102 122 102 95 5 22 102 93 8 21 103 92 8 21 103 91 10 20 103 91 10 20 103 91 10 20 103 91 11 19 103 90 12 19 102 91 12 19 102 90 13 19 102 88 15 20 101 87 16 20 102 85 17 20 102 84 18 20 102 82 20 20 103 79 23 19 103 77 26 18 104 74 29 17 105 72 31 16 106 69 33 16 107 67 35 15 108 65 36 15 108 65 37 13 110 63 38 13 110 63 39 11 112 62 40 10 112 62 41 8 113 62 42 6 115 61 163 61 163 61 163 61 163 61 163 60 164 60 164 60 165 59 165 58 167 57 167 57 168 55 169 55 170 53 171 53 172 52 172 52 173 50 174 50 174 50 175 49 175 49 176 48 176 48 176 48 176 48 176 48 176 48 177 47 177 47 178 46 180 44 181 43 183 9 4 28 185 6 6 27 198 26 199 25 200 24 201 22 203 21 204 19 206 18 212 11 215 6 6826
108 12 211 15 208 16 207 17 206 18 205 19 205 19 204 19 204 20 203 21 203 20 203 20 203 20 203 20 202 21 201 23 194 29 190 33 187 37 184 40 181 43 179 45 177 47 176 48 174 51 172 52 170 55 168 56 167 57 167 58 165 59 164 60 164 61 162 62 162 62 161 63 161 63 161 64 159 65 159 65 159 65 159 65 159 66 158 66 158 66 158 67 157 67 157 67 157 68 156 68 156 68 156 68 156 68 156 68 156 69 155 69 155 69 155 69 155 69 155 69 155 69 156 68 156 68 156 68 157 68 156 69 155 78 146 83 142 86 138 88 137 89 135 91 133 92 132 93 131 94 131 94 130 95 129 95 129 96 128 96 128 97 127 97 127 98 127 97 127 98 126 98 126 99 125 99 125 100 123 101 123 102 122 102 121 104 120 104 120 105 118 106 118 107 117 107 117 107 116 108 116 108 116 109 115 109 116 108 116 108 116 109 116 108 117 107 118 106 119 6 2 97 129 95 130 94 131 94 131 93 132 92 132 93 132 92 133 91 133 92 133 91 133 92 133 91 133 92 133 91 133 92 132 92 132 92 132 92 132 92 132 92 132 91 133 91 133 90 134 89 135 88 135 88 136 86 137 85 138 84 140 81 142 81 143 80 143 80 144 79 145 78 145 78 146 77 148 76 148 75 149 73 152 71 154 68 158 64 161 61 164 59 166 58 167 56 169 55 169 55 170 31 5 17 171 28 9 16 171 26 12 15 171 26 12 15 172 24 13 14 173 24 13 14 173 24 12 15 173 25 11 15 174 24 11 15 174 25 10 16 174 25 9 16 174 26 8 16 175 26 7 16 176 28 3 18 176 48 178 47 178 47 178 46 179 46 179 46 179 46 179 46 179 45 180 45 180 45 179 46 179 45 180 45 179 45 180 44 180 45 180 44 180 44 180 44 181 43 181 43 181 43 182 42 182 42 182 42 182 42 182 41 183 40 184 29 1 9 185 25 199 24 200 24 199 25 199 25 199 25 199 25 199 25 199 25 199 25 199 24 200 24 201 22 202 21 203 21 204 19 205 18 207 15 210 13 212 12 214 8 102
3948 26 190 37 183 43 178 48 174 53 169 59 163 63 114 23 23 65 108 33 17 67 104 38 14 68 102 42 11 70 100 45 7 72 98 127 96 129 94 130 93 132 91 134 89 136 87 138 85 140 83 142 81 144 79 146 77 148 75 150 73 152 71 154 69 155 69 156 67 159 64 161 62 164 59 166 56 169 54 170 53 172 51 173 50 174 49 175 49 175 48 177 46 178 45 179 44 180 43 181 42 182 41 183 40 184 39 185 39 186 37 187 36 188 35 189 35 189 34 190 34 190 33 192 32 192 32 192 32 192 32 192 32 193 30 194 30 194 30 194 30 194 30 195 29 195 29 195 29 196 27 197 27 198 26 198 25 199 25 199 25 199 24 200 24 200 24 201 22 202 22 202 22 202 22 203 21 203 21 203 21 204 20 204 20 204 20 204 20 204 20 204 20 204 20 204 20 204 20 204 20 204 21 203 21 203 21 203 21 203 21 203 21 203 21 203 21 203 21 203 21 203 21 203 21 203 21 203 21 203 21 204 20 204 20 204 19 205 19 205 19 205 19 205 19 205 19 204 19 205 19 205 18 206 17 207 16 207 16 208 16 208 16 207 16 208 16 208 15 208 16 208 16 208 16 207 17 207 17 207 17 206 18 206 18 205 19 205 19 204 20 204 21 203 21 202 22 202 22 202 22 201 23 201 24 200 24 200 24 199 26 198 26 198 26 198 27 197 27 197 27 197 27 197 28 196 28 196 28 195 29 195 29 195 29 195 28 196 28 196 28 196 29 195 29 55 4 135 30 54 7 133 29 54 9 132 29 53 10 132 29 52 11 132 29 52 12 130 30 51 13 130 30 50 15 129 30 49 16 129 30 49 16 129 29 49 18 127 30 48 19 127 30 47 21 126 30 47 21 126 29 47 22 126 29 46 24 125 29 45 25 125 29 44 27 124 28 44 28 125 27 43 30 124 27 42 32 123 26 42 34 122 26 42 35 121 25 42 37 83 2 35 25 41 39 80 5 34 24 42 39 79 7 33 24 41 41 76 10 33 23 41 42 73 12 33 23 41 42 70 16 32 22 41 43 67 19 32 22 40 44 64 22 33 21 39 46 59 26 32 22 37 47 58 29 31 22 36 48 57 30 31 22 35 50 55 31 30 23 34 51 55 32 29 24 33 51 55 32 28 25 32 53 53 33 28 25 32 53 53 34 27 25 31 55 51 35 26 21
6814 6 215 12 198 28 195 31 192 34 190 35 188 37 187 38 185 40 184 41 183 42 181 44 180 45 179 46 178 46 177 48 176 49 175 49 174 51 173 51 173 52 172 52 172 53 170 54 170 55 169 56 168 57 167 59 165 71 153 75 149 77 147 78 146 79 145 81 143 82 142 83 141 84 140 85 139 86 138 88 136 89 135 91 133 93 131 94 130 95 129 96 128 97 127 98 126 99 125 100 124 100 124 101 123 101 123 102 122 102 122 102 122 102 122 102 122 102 123 101 123 101 123 101 123 100 124 100 124 100 124 99 126 98 126 98 126 97 128 96 128 96 128 96 129 95 130 93 131 93 132 92 133 91 134 90 134 90 135 89 136 88 137 87 137 87 138 86 138 86 138 86 139 85 139 85 140 84 140 84 141 83 141 83 141 83 141 83 142 82 142 82 143 81 143 81 143 81 144 80 144 80 145 79 145 79 146 79 146 78 147 77 149 75 150 74 152 73 155 69 157 67 158 66 160 65 161 63 163 60 167 56 170 52 173 49 177 47 183 19 12 9 191 6 20 5 220 3 16192
55 4 217 9 133 4 78 10 130 7 76 12 128 10 73 15 124 13 71 17 122 15 69 19 120 17 68 20 118 18 67 23 115 20 66 24 113 21 65 26 111 23 64 26 111 23 63 28 109 24 63 29 107 25 62 31 105 26 62 32 103 28 61 33 101 29 60 34 100 30 60 35 99 30 60 36 97 31 60 37 94 33 59 39 93 33 59 39 92 34 59 40 90 35 59 41 88 36 58 43 86 37 58 44 84 38 58 45 82 39 58 46 81 39 58 47 79 40 58 48 77 41 57 49 76 42 57 50 74 43 57 51 72 44 57 52 70 45 57 53 68 46 57 54 66 46 58 55 64 47 58 55 63 48 58 56 61 49 58 57 59 50 58 58 57 51 59 58 15 17 23 52 59 59 9 26 18 53 59 99 12 54 59 104 4 56 60 164 60 164 60 164 60 164 61 163 61 162 62 162 62 162 62 162 62 162 62 161 64 160 64 160 64 159 65 159 66 158 66 157 67 157 68 155 69 155 69 155 70 154 70 154 70 153 71 153 71 153 72 152 72 152 72 152 72 152 73 151 73 151 73 150 74 150 74 150 74 150 74 150 75 149 75 148 76 148 76 148 76 148 76 148 76 148 76 148 76 148 76 148 76 148 76 148 76 147 77 147 78 146 78 146 78 145 79 145 79 145 80 143 81 143 81 143 82 141 83 141 83 141 83 140 84 140 84 140 84 140 83 141 83 140 84 140 84 140 84 140 83 141 83 141 83 141 83 141 82 142 82 142 82 142 81 143 81 143 80 144 79 146 77 147 77 147 76 149 74 150 73 152 72 153 70 155 68 157 66 159 64 161 63 162 61 164 59 166 57 168 55 170 53 171 53 172 51 173 50 175 49 175 48 176 48 176 47 177 46 178 46 177 46 178 45 179 45 178 45 178 45 179 44 179 45 178 45 179 45 178 45 178 46 178 45 178 45 178 46 177 46 177 46 177 47 177 46 177 47 176 47 176 48 176 48 176 47 176 48 176 47 177 47 178 45 179 45 179 45 179 44 180 44 181 42 182 42 182 42 183 40 184 40 184 40 184 39 185 39 185 39 185 38 186 38 187 37 187 36 189 35 189 35 189 35 190 33 191 33 191 33 192 32 192 31 194 30 194 30 82 9 103 29 82 12 101 29 82 15 98 29 82 19 8 7 79 28 82 37 76 29 82 39 73 29 83 41 8 1 60 31 82 57 52 33 82 60 29 1 16 36 82 63 7 71 83 141 83 141 83 141 83 141 83 141 83 141 82 143 79 144
38 53 99 31 38 58 88 42 36 59 85 44 35 62 82 46 34 64 79 47 34 65 77 48 34 67 75 48 34 68 73 49 33 70 72 49 33 71 31 6 33 50 33 72 24 16 28 51 33 73 19 24 13 2 8 52 33 76 13 32 5 65 33 191 34 190 34 190 34 190 34 190 34 190 34 190 34 190 34 190 34 190 34 190 34 190 34 190 35 189 35 189 36 188 36 188 36 188 37 187 37 187 38 186 38 186 39 185 39 184 41 183 41 182 43 180 44 179 46 177 9 3 35 176 7 7 34 176 7 8 34 174 8 9 33 173 8 11 32 173 8 12 32 171 9 13 31 170 10 14 30 170 10 15 29 169 11 16 28 168 12 17 27 167 13 18 27 166 13 19 26 165 14 20 25 165 14 22 24 163 15 25 21 162 16 31 15 161 17 34 12 160 18 37 9 158 20 40 6 157 21 43 2 157 22 201 23 201 23 201 23 200 24 200 24 200 24 199 25 199 25 199 25 199 25 199 25 198 26 198 26 198 26 198 26 199 25 199 25 199 25 199 25 199 25 199 25 199 25 200 24 200 24 200 24 200 24 200 24 200 24 200 24 200 24 201 23 201 23 201 23 201 23 201 23 201 23 201 23 201 23 200 24 200 24 200 24 200 24 200 24 200 24 200 24 200 24 200 24 200 24 200 24 200 24 200 24 200 24 200 24 200 24 200 25 199 25 199 25 199 25 199 26 198 26 198 27 197 27 197 28 196 28 196 28 196 28 195 29 195 29 195 29 195 29 195 29 195 30 194 30 195 29 195 29 195 29 195 30 194 30 194 30 195 29 195 29 195 29 196 28 196 29 195 29 195 29 195 29 196 28 195 29 195 28 196 28 196 27 197 26 198 23 201 22 202 22 202 22 202 22 202 22 202 22 202 22 202 22 43 2 156 23 42 5 154 23 41 8 152 23 40 10 151 23 39 13 149 23 39 15 146 24 39 16 144 25 38 18 143 26 37 19 141 35 6 8 13 22 138 88 134 93 125 102 95 131 56 1 22 148 47 12 7 160 42 183 39 186 37 187 36 189 33 191 20 204 17 206 17 206 17 207 16 207 17 207 17 208 16 208 15 210 14 211 13 213 10 218 3 1899 13 58 15 27 26 10 14 22 13 19 24 51 19 5 75 11 22 5 5 4 26 51 19 6 4 7 65 10 21 6 6 2 24 55 16 29 7 1 3 3 7 2 9 1 21 13 18 8 3 6 20 58 10 61 2 5 20 15 7 3 4 10 3 9 16 31 2 26 10 68 20 16 5 5 3 9 4 4 2 5 13 31 3 26 9 69 20 16 5 5 3 9 5 3 4 4 12 31 3 28 6 71 18 17 4 7 1 10 5 2 5 5 10 32 3 28 5 74 15 20 1 19 3 5 2 9 8 33 1 29 2 1 2 75 13 1 1 59 7 143 16 39 1 6 2 10 7 74 1 39 7 23 17 16 1 7 1 11 3 4 4 8 8 116 6 22 17 24 1 11 2 5 3 8 9 150 10 55 9 219 4 697
6360 16 206 22 199 28 193 32 190 36 186 40 182 43 179 46 178 47 176 49 174 50 173 52 172 53 170 55 169 56 167 58 166 58 165 60 164 60 164 61 162 62 162 62 162 63 160 64 160 64 160 64 160 64 160 64 160 64 160 64 160 64 160 64 160 63 161 63 161 63 161 63 162 61 163 61 164 59 165 58 166 57 168 55 169 54 170 54 170 53 171 53 171 53 171 53 170 54 170 54 170 54 170 54 169 56 168 56 168 56 167 58 166 59 165 59 165 60 163 62 162 63 161 63 161 63 160 65 159 65 159 65 159 66 157 67 156 68 156 69 154 70 153 71 153 71 152 72 151 73 150 74 150 75 148 76 147 77 147 77 146 78 146 78 146 78 145 79 144 80 144 80 143 81 142 82 142 82 141 83 140 84 139 86 138 86 137 87 136 88 135 90 133 91 132 92 132 92 131 93 131 93 130 94 130 94 129 95 129 95 128 97 126 98 126 98 125 99 124 100 123 102 121 103 119 106 117 107 115 110 113 111 112 113 109 115 108 117 105 119 91 5 6 123 86 138 85 140 84 140 84 141 83 141 83 142 82 142 82 143 81 143 81 144 80 144 80 145 79 145 79 114 1 31 78 113 4 29 78 112 6 29 77 111 9 27 77 111 10 27 76 111 10 27 76 111 10 28 75 111 10 29 74 112 8 30 74 114 4 33 73 151 73 152 72 153 71 154 70 155 69 156 68 157 68 157 67 159 68 157 72 155 74 113 11 30 71 108 17 30 71 103 21 31 70 97 27 31 70 78 46 31 70 30 9 37 48 31 71 26 14 34 48 32 72 19 21 32 49 31 75 13 25 31 50 30 114 30 51 29 115 29 52 28 115 29 53 27 116 28 56 23 117 28 60 17 120 27 64 10 124 27 197 27 198 26 199 25 199 25 200 24 200 25 199 25 199 25 200 24 200 23 202 22 204 18 210 12 2819
2829 10 212 13 210 16 208 16 207 18 206 19 204 21 203 21 203 22 202 22 201 23 201 24 200 24 200 25 199 25 198 27 197 27 197 28 196 29 195 30 49 5 140 30 47 9 138 32 44 12 136 33 42 14 135 35 38 16 135 39 33 17 135 42 28 20 134 48 19 23 134 54 9 27 134 90 134 90 134 89 135 89 135 89 135 89 135 89 136 88 136 87 137 87 137 87 137 87 137 86 138 87 3 26 109 86 2 38 97 88 1 46 89 88 1 53 82 88 1 61 73 155 68 177 45 183 26 13323 1 222 2 220 4 218 6 215 9 191 8 13 12 187 37 185 39 183 41 181 43 180 44 177 47 174 50 172 52 169 55 167 57 165 59 164 60 162 62 160 64 87 17 51 69 84 28 35 77 83 38 21 82 82 142 81 143 80 144 80 144 79 145 79 145 79 145 78 146 78 146 77 147 76 148 75 149 74 150 74 150 73 151 72 152 72 152 71 153 70 154 70 154 69 155 67 157 66 158 64 160 61 163 59 165 57 167 55 169 53 171 53 171 52 172 52 172 51 173 51 173 51 173 51 173 51 87 5 81 51 86 5 82 51 86 4 83 51 173 51 173 51 173 51 173 50 174 50 174 50 174 50 174 50 174 50 174 50 174 50 174 50 174 50 174 50 174 50 174 50 174 50 174 50 174 50 174 50 174 50 174 50 174 50 174 50 174 50 174 51 173 51 173 51 173 51 173 51 173 50 174 50 174 50 174 50 174 50 174 49 175 49 175 49 175 49 175 48 176 47 177
14511 8 213 15 208 18 205 22 90 10 101 28 83 18 94 35 76 30 83 38 72 37 76 41 69 44 69 44 66 49 33 12 19 46 64 54 23 23 13 48 62 58 18 29 6 52 59 64 10 92 57 167 56 168 54 171 52 172 52 172 51 173 51 173 50 174 50 174 49 176 48 176 48 176 47 177 47 177 47 177 46 178 46 178 45 178 46 178 46 177 47 177 46 177 47 176 48 175 49 175 49 175 49 174 50 174 50 173 51 173 51 173 51 173 51 173 51 173 51 173 51 173 50 174 50 174 51 173 51 173 51 174 50 174 50 174 50 175 49 175 49 175 49 175 48 177 47 177 47 177 47 177 47 177 47 177 47 177 47 177 47 177 47 178 47 177 47 177 48 176 48 176 49 175 51 173 52 10 1 162 53 3 9 159 67 157 68 156 70 154 71 153 73 151 75 149 78 146 80 144 81 143 82 142 82 142 83 141 83 140 84 140 85 139 85 139 86 137 87 137 88 136 90 133 93 131 96 127 98 126 99 124 101 39 3 81 101 36 9 77 102 34 12 76 102 33 14 74 103 31 18 72 103 30 27 63 104 28 32 60 104 27 34 58 105 26 36 57 106 24 37 57 106 22 39 56 108 20 41 55 109 17 43 55 111 13 45 54 171 23 3 27 171 20 8 24 173 16 13 21 177 11 16 20 206 17 208 15 213 3 8321
3673 6 216 10 214 13 210 16 208 18 206 20 43 6 155 22 34 21 147 24 29 27 144 26 23 34 142 27 19 39 139 30 13 45 136 33 7 51 133 95 130 96 128 98 126 100 124 101 123 103 122 103 121 104 120 105 119 106 118 106 118 107 117 108 115 110 114 111 112 113 110 115 108 116 107 119 104 120 103 122 101 124 99 126 97 128 95 129 94 131 92 132 91 134 88 136 86 139 83 141 81 143 79 146 77 147 76 148 75 150 74 150 74 151 72 152 72 152 71 154 70 154 69 156 68 156 67 158 65 159 65 159 64 161 63 161 63 162 62 162 62 163 61 163 60 165 59 165 59 166 58 166 58 167 57 168 55 169 55 169 55 170 54 170 53 171 53 171 53 171 52 172 52 172 52 172 51 173 51 173 50 174 50 174 50 174 50 174 49 175 49 175 49 175 48 176 47 177 47 177 46 178 45 179 44 180 44 180 43 181 42 182 42 182 42 182 41 183 41 183 41 183 40 184 40 184 40 184 40 184 40 184 40 184 39 185 39 185 39 185 39 185 39 185 38 186 38 186 38 186 38 186 37 187 37 187 37 187 37 187 36 188 36 188 36 188 35 189 35 189 35 189 35 189 34 190 34 189 35 189 35 188 36 187 37 186 38 186 38 186 39 184 40 184 40 184 40 184 41 182 42 182 42 182 43 181 43 181 44 179 45 179 46 178 46 178 47 177 48 175 50 174 51 173 52 172 54 170 56 168 59 165 67 157 71 153 72 151 75 149 76 147 78 144 82 141 84 138 88 134 91 131 95 126 101 104 123 79 152 55 184 33 7703
7227 13 9 1 195 44 174 62 160 75 148 81 142 85 139 89 133 93 130 96 127 98 125 100 123 102 120 104 119 106 117 107 117 108 115 109 115 110 113 111 112 112 110 115 107 117 106 119 104 120 103 122 101 124 99 127 95 131 92 133 90 135 88 137 86 139 84 141 83 141 82 143 81 143 80 145 78 146 78 147 76 148 75 149 74 150 73 152 72 152 70 155 67 157 66 159 64 161 63 162 62 162 61 164 60 164 60 164 60 165 59 165 59 165 59 166 58 166 58 167 57 167 57 167 58 167 57 167 57 167 57 167 57 168 56 168 57 167 57 167 57 167 58 166 58 166 58 166 59 165 60 164 60 164 61 163 62 162 62 162 63 160 65 159 66 157 67 156 69 154 71 153 72 151 74 150 74 149 76 148 77 146 79 144 80 144 81 142 83 140 86 137 88 136 89 134 91 133 91 133 92 132 92 132 93 131 93 132 92 132 92 133 92 132 92 133 92 132 92 133 91 134 91 134 90 135 89 136 89 136 88 137 88 137 88 137 90 135 91 134 91 133 91 134 90 134 90 135 90 134 90 135 89 135 89 135 89 136 88 136 88 137 87 137 87 138 86 138 86 139 85 139 85 140 84 141 83 142 81 144 80 145 79 145 78 147 77 148 75 150 74 151 72 153 71 153 70 155 69 156 67 158 66 158 65 160 64 161 62 163 61 163 61 164 59 166 58 167 56 169 55 170 54 171 53 171 52 173 51 174 50 175 49 176 48 177 46 179 45 180 44 181 43 183 41 184 39 186 38 187 37 188 36 189 36 189 35 190 34 191 33 191 34 191 34 191 33 193 32 193 31 194 31 193 32 192 32 192 32 192 33 191 33 191 34 189 1
926 6 216 11 212 13 211 15 208 17 207 20 204 24 200 28 39 11 146 32 12 10 9 17 145 80 144 81 143 81 143 81 144 80 144 81 143 81 144 80 144 80 144 80 145 78 146 78 146 78 146 78 146 78 147 77 147 77 147 76 148 76 148 75 149 75 149 75 149 75 149 75 149 75 149 75 149 75 148 76 148 76 148 76 147 78 146 78 146 78 146 79 145 79 145 80 144 80 143 82 142 83 142 82 142 83 141 83 141 84 140 84 141 83 141 83 141 84 140 84 140 85 139 86 138 87 137 88 136 90 134 91 133 92 132 94 130 95 128 97 127 99 125 100 124 101 122 103 121 104 120 105 119 106 118 107 116 108 116 109 115 109 115 110 114 111 113 111 113 112 112 112 112 113 111 113 111 114 110 114 110 115 109 115 109 115 109 116 108 117 107 117 107 117 107 118 106 118 106 118 106 118 106 119 105 119 105 120 104 121 102 122 102 123 101 124 100 124 100 125 99 125 99 126 99 125 99 126 98 126 98 127 97 127 98 127 97 127 97 127 97 128 96 128 96 128 96 128 96 128 96 129 94 130 94 130 94 130 94 130 94 130 95 129 95 129 95 129 95 129 95 129 95 129 95 129 95 129 95 128 96 128 96 128 96 128 96 128 97 127 97 126 98 126 99 125 99 124 100 124 100 123 102 122 102 121 103 121 103 120 105 119 105 118 107 116 108 116 109 114 110 114 111 112 112 111 113 111 114 109 115 109 115 109 115 108 116 108 117 106 118 106 118 106 119 104 120 104 121 103 122 101 123 101 123 101 124 99 125 99 125 98 126 97 127 96 128 95 129 93 131 92 132 90 134 89 135 84 139 80 144 74 150 70 154 67 157 52 172 51 173 50 174 50 175 48 176 48 177 47 178 46 179 44 182 42 184 40 188 36 196 28 198 25 201 23 202 21 204 19 207 16 210 13 216 4 2385
82 58 163 63 159 67 156 69 153 73 148 79 143 85 136 92 130 97 125 102 120 106 116 110 112 125 98 130 92 135 88 138 85 140 83 142 80 145 78 147 76 148 76 149 74 150 73 152 71 153 70 154 69 155 68 156 67 157 65 160 63 161 62 162 60 164 59 165 58 167 56 168 55 169 53 171 52 172 51 174 49 175 48 176 47 177 46 178 45 180 43 181 43 181 42 182 42 183 41 183 41 183 41 183 40 184 40 184 40 184 40 184 40 184 41 184 40 184 40 184 40 184 40 185 39 185 39 185 39 185 39 185 40 184 40 184 40 184 41 183 41 183 42 182 42 182 43 180 44 180 44 180 45 178 47 176 48 175 50 173 52 171 53 170 55 168 56 167 58 166 59 164 61 161 64 53 7 98 67 51 10 94 70 50 11 92 72 49 11 91 76 46 11 90 82 41 11 89 90 34 11 89 95 29 11 88 101 24 10 88 107 18 11 86 117 9 12 85 139 85 140 83 142 81 143 81 144 79 145 78 146 77 147 75 149 73 151 72 152 70 154 69 154 69 155 68 156 66 157 57 167 54 169 53 170 52 172 51 172 52 172 51 173 50 173 50 174 49 175 49 175 48 175 48 176 47 176 47 177 46 178 45 178 45 179 45 179 44 179 44 180 43 180 43 181 43 181 42 181 42 182 42 182 41 182 42 182 41 182 41 183 40 183 40 184 39 184 39 185 39 185 39 185 38 186 38 185 38 186 38 186 38 186 38 186 37 187 37 186 38 186 38 186 37 187 37 186 37 187 37 187 36 187 37 187 37 186 38 186 37 186 38 186 38 185 38 186 38 185 39 184 39 185 38 185 39 184 39 185 39 184 39 184 40 183 40 183 41 181 42 181 43 180 44 178 46 177 46 177 47 177 47 176 47 176 48 174 50 170 54 169 55 168 56 167 56 168 56 167 57 167 56 168 56 168 56 169 55 170 54 170 53 172 52 172 52 173 51 174 50 175 49 176 48 177 46 179 45 179 45 180 43 182 42 182 41 184 40 184 40 185 38 186 38 186 38 187 37 188 35 129
2352 6 213 16 202 25 196 31 190 37 185 42 180 46 176 50 172 53 169 56 167 59 164 61 162 63 160 65 159 66 157 68 155 69 154 71 152 73 151 73 150 74 149 75 148 77 147 77 146 78 146 79 144 80 144 80 143 81 143 81 143 82 141 83 141 84 139 85 139 85 139 86 138 86 138 87 136 88 136 89 135 90 134 90 134 91 132 92 132 92 132 93 131 93 131 94 130 94 130 94 129 96 128 96 128 96 128 97 127 97 127 97 127 97 126 98 126 98 126 98 126 97 127 97 127 97 127 96 128 96 128 96 128 95 129 95 129 95 129 94 129 95 129 94 130 94 130 94 130 94 129 94 130 94 130 94 130 95 128 96 128 96 128 96 128 96 128 96 127 97 127 98 126 98 126 98 126 98 125 99 125 99 125 100 124 100 124 100 124 100 124 100 124 101 123 101 123 101 123 102 122 102 122 103 121 103 121 104 120 104 120 104 120 105 119 105 119 106 118 106 118 106 118 107 117 107 117 108 116 108 116 108 116 109 115 109 115 109 115 110 114 110 115 109 115 110 114 110 114 110 114 111 114 110 114 111 113 111 113 111 114 111 113 111 113 112 112 112 112 113 111 114 110 114 110 115 108 116 107 118 105 119 104 121 102 122 102 123 100 125 98 126 96 129 94 130 93 132 92 132 91 133 90 135 89 136 87 138 86 139 84 142 82 143 80 145 79 146 78 146 77 148 76 148 75 150 74 150 73 151 73 151 72 152 72 152 71 153 71 153 70 154 69 155 67 157 65 159 63 161 62 163 59 165 57 167 55 168 55 169 54 170 53 170 53 171 52 171 52 171 53 170 54 168 55 168 56 165 59 163 61 139 9 12 64 137 15 5 67 134 90 133 91 132 93 130 94 129 95 128 97 127 98 125 99 124 100 123 101 122 102 122 101 122 102 121 103 120 104 119 105 119 104 26 4 89 105 23 12 83 107 16 1 3 16 80 108 11 26 79 109 5 32 76 88
4370 13 21 19 169 61 160 69 153 74 148 77 145 80 142 83 139 86 136 88 135 90 132 93 130 94 128 96 127 98 125 99 124 100 124 100 123 101 123 102 121 103 121 103 120 104 119 106 118 106 118 106 117 107 117 107 116 109 115 109 115 109 115 109 114 111 113 111 113 111 112 112 112 113 110 114 110 114 109 115 109 115 108 116 108 116 107 117 107 117 106 118 105 119 105 119 104 120 103 122 102 122 101 123 101 124 99 126 98 126 98 127 97 127 96 128 96 128 96 128 96 128 95 129 95 129 94 129 94 130 93 130 93 131 92 132 91 132 91 133 90 133 89 135 87 136 87 136 87 137 85 138 84 139 83 141 80 143 79 145 77 147 74 150 72 152 68 156 66 158 64 160 62 162 60 164 59 164 59 165 58 166 57 167 57 167 56 168 55 169 55 169 54 169 55 169 55 169 55 169 55 169 56 168 56 168 56 168 57 167 57 167 58 165 59 165 60 164 60 163 62 162 63 160 66 158 67 156 70 154 72 151 74 150 74 149 76 148 76 147 77 146 79 144 80 143 81 142 82 142 82 140 84 139 85 138 86 137 88 135 89 134 90 134 90 133 91 133 91 132 92 132 92 132 92 132 92 132 92 132 92 132 92 132 92 132 92 132 92 131 93 131 94 130 94 129 96 127 97 127 98 125 99 124 101 35 3 85 102 32 7 83 103 30 9 82 104 28 11 80 106 27 11 80 106 26 12 42 3 35 107 25 13 38 11 29 109 24 13 36 14 28 109 23 14 35 16 27 109 23 14 35 16 27 109 24 14 33 18 26 109 24 14 33 18 27 108 24 14 33 18 27 108 24 14 33 19 28 106 25 13 33 19 29 105 25 14 32 19 30 103 26 14 32 19 32 101 26 14 32 19 33 100 27 13 32 19 34 98 28 14 31 19 35 97 28 14 31 19 35 97 28 14 31 19 36 96 28 15 30 19 37 95 28 15 31 18 37 95 28 15 31 19 37 94 28 15 31 19 37 93 29 16 30 19 37 93 29 16 30 20 37 92 29 16 30 20 37 92 29 16 30 21 36 92 28 17 30 22 35 92 28 17 30 22 35 92 28 18 29 23 34 92 28 18 29 24 33 93 27 18 29 25 31 94 27 19 28 26 30 94 26 20 28 27 28 95 26 20 28 27 28 96 25 20 28 28 26 97 24 22 27 29 23 100 22 23 28 29 20 103 21 24 27 30 17 105 20 25 27 33 11 109 18 26 27 155 15 27 27 156 13 29 26 159 8 31 26 198 26 199 25 199 26 200 23 202 22 202 22 207 15 109
50 13 210 15 209 15 209 16 208 17 207 17 207 18 206 18 206 19 206 19 205 19 205 20 205 19 205 20 204 20 205 20 204 20 205 20 204 20 205 20 204 20 204 21 204 20 204 21 204 21 203 21 204 21 203 22 203 21 204 21 203 22 203 21 203 22 203 21 203 22 203 22 202 22 203 22 202 23 202 23 201 25 199 29 196 34 190 38 186 40 185 40 184 42 182 43 182 44 180 46 178 47 177 48 176 50 174 51 173 52 25 6 141 53 22 10 139 54 19 13 138 56 15 16 39 6 92 57 13 18 37 8 91 59 10 19 35 11 90 61 6 22 33 12 89 91 31 14 88 91 30 15 88 92 27 17 88 93 25 18 88 94 22 20 88 95 17 24 88 103 2 31 88 136 88 136 88 136 88 136 88 136 88 135 89 135 89 134 90 134 90 133 91 133 91 133 91 132 93 131 93 131 93 130 94 130 94 130 94 129 95 129 95 129 95 129 96 128 96 128 96 128 96 128 96 127 97 127 97 127 97 127 97 127 97 127 97 127 97 127 97 127 97 127 97 127 97 127 97 127 98 126 98 126 98 126 99 124 100 124 100 124 100 124 100 123 101 123 102 122 102 122 102 121 103 121 103 121 103 121 103 121 103 120 105 119 105 118 106 118 106 117 107 117 108 115 109 114 110 112 113 110 114 108 116 106 119 102 122 101 124 97 128 20 2 73 130 18 3 72 132 15 5 71 135 10 8 71 154 69 155 68 156 67 156 67 157 66 158 65 159 64 160 63 161 61 163 60 163 60 164 59 165 58 166 57 168 56 168 55 169 55 169 54 170 54 170 54 170 53 171 53 171 53 171 53 171 26 6 20 172 24 10 18 172 23 11 18 173 21 13 17 173 21 13 17 173 20 14 17 173 20 14 17 173 19 15 17 173 19 16 16 173 19 16 17 171 20 16 17 171 19 17 18 170 19 17 19 169 19 17 20 168 19 17 21 167 19 17 22 166 19 17 23 164 20 17 23 164 20 17 23 163 21 17 24 162 21 18 23 161 22 18 23 160 23 18 23 160 22 20 22 159 23 21 21 159 23 21 21 158 23 23 20 158 23 24 18 159 23 26 16 158 23 29 13 159 23 32 8 161 23 201 22 202 22 203 20 204 19 206 17 208 15 210 13 213 8 4150
485 5 217 11 39 4 168 19 24 16 164 61 163 62 161 64 160 64 160 65 158 66 158 66 158 67 157 67 157 67 156 68 156 68 156 68 156 69 154 70 154 70 154 70 154 70 154 70 154 70 154 70 154 70 154 70 154 70 155 69 155 69 155 69 155 69 155 69 156 68 156 68 156 68 156 68 156 68 156 68 156 69 155 69 155 70 154 70 154 71 153 72 152 74 150 76 148 77 147 78 146 79 145 80 144 81 143 82 142 83 141 84 140 84 140 85 139 86 137 87 137 88 135 90 134 91 133 91 132 93 131 93 130 95 129 96 127 97 127 98 125 100 124 100 123 102 122 102 121 104 120 104 119 105 119 106 117 107 117 107 116 109 115 109 114 110 114 111 113 111 112 112 112 113 111 113 110 114 110 115 109 115 109 116 107 117 107 117 107 118 105 119 105 119 105 119 105 119 105 119 105 119 105 120 104 120 104 120 104 120 104 120 104 120 104 120 104 120 104 121 103 121 103 121 103 121 103 122 102 122 102 122 102 123 101 123 101 123 101 123 102 122 102 123 101 123 101 123 102 122 102 122 102 122 103 122 102 122 102 122 103 121 103 121 104 120 104 120 104 120 105 119 105 119 105 119 105 119 105 119 105 119 105 119 105 69 4 46 105 66 8 45 105 63 11 45 105 60 15 44 105 57 18 44 105 56 20 43 105 28 3 24 21 43 105 28 5 21 22 43 105 27 7 20 22 43 105 27 7 19 23 43 105 27 7 19 23 44 105 26 8 18 23 44 105 26 8 18 24 43 105 25 9 18 24 44 104 25 9 18 24 44 104 25 9 18 24 44 105 24 10 17 24 45 104 24 10 17 25 44 104 24 10 17 25 44 104 24 10 17 25 44 105 23 10 17 25 45 104 23 10 16 26 24 2 19 104 23 10 16 26 24 2 19 104 23 10 16 27 23 3 18 105 21 11 16 27 22 4 18 105 21 11 16 27 22 5 18 104 21 11 16 27 22 5 18 104 21 11 16 28 21 5 18 105 20 11 16 28 20 6 18 105 20 11 16 28 20 7 17 105 20 11 15 29 20 7 18 104 20 11 15 30 19 8 17 104 20 10 16 30 19 8 17 104 20 10 15 31 19 8 17 104 20 10 15 31 19 8 17 105 19 10 14 33 18 8 18 104 18 11 13 34 18 8 18 104 18 11 12 35 18 9 17 104 18 12 10 36 18 9 17 104 18 12 9 37 18 9 17 104 19 12 7 38 18 9 18 103 19 13 5 39 18 9 18 103 19 57 18 9 18 103 19 57 18 9 18 103 19 57 18 9 18 103 19 57 19 8 17 104 19 57 19 8 16 105 18 59 18 8 15 106 18 59 18 8 13 108 18 59 19 7 12 109 18 59 19 8 9 111 18 59 19 8 6 114 18 59 19 8 4 116 18 59 20 126 19 59 20 126 19 59 20 126 19 59 20 126 19 59 20 126 18 60 20 126 18 61 19 127 17 61 18 128 16 62 17 129 15 64 14 132 13 66 9 137 8 71 3 144 2 3776
25664 11 211 14 208 18 204 21 199 26 195 30 193 32 191 34 189 35 189 36 187 37 187 38 185 39 185 39 184 41 183 40 183 41 183 41 182 42 180 44 177 47 172 52 168 56 165 59 163 61 162 63 159 65 157 68 155 69 154 70 152 73 150 74 149 75 148 76 148 77 146 78 146 78 145 79 144 81 143 81 142 82 142 82 142 82 142 82 142 82 142 83 141 83 141 83 141 83 142 82 142 82 142 82 143 81 143 81 144 81 144 80 144 80 145 79 145 80 145 79 146 79 146 78 147 78 147 77 149 75 150 75 151 73 153 71 155 69 156 68 157 67 158 66 159 65 160 64 160 65 160 64 160 32 2 30 161 28 10 26 160 27 13 24 161 26 14 23 161 26 15 23 160 25 17 22 161 24 19 20 161 24 20 19 162 23 21 18 163 22 22 17 164 21 24 15 165 20 27 11 167 19 29 8 168 19 32 2 172 18 207 17 207 16 209 15 210 13 212 11 216 6 3017
7687 6 215 10 212 13 209 16 206 21 202 33 190 36 187 41 182 46 177 49 174 52 3 2 167 52 3 3 165 53 3 4 164 53 4 3 164 53 4 4 163 53 3 6 162 53 3 7 161 53 3 8 160 65 160 64 160 64 162 63 163 61 167 57 170 53 172 52 180 44 182 42 183 41 183 41 184 21 4 15 184 18 8 10 188 16 12 7 189 13 16 5 191 8 22 3 192 4 4503 9 212 15 207 20 200 25 194 32 189 36 186 39 183 42 181 44 179 46 177 47 176 49 175 50 174 50 173 52 172 52 171 54 170 54 170 55 168 56 167 58 166 58 165 59 164 61 162 62 160 64 158 66 156 69 152 72 148 77 144 80 142 83 138 87 135 90 133 93 130 96 127 99 124 101 122 104 119 106 118 107 117 108 115 110 114 111 113 111 113 112 112 112 113 112 112 112 112 112 112 113 112 112 112 112 112 112 112 113 112 112 112 112 112 113 111 113 111 113 112 112 112 112 112 113 112 112 112 112 112 112 112 112 112 113 112 112 112 112 112 112 112 112 113 112 112 112 112 112 113 111 113 111 113 112 112 112 112 112 113 111 113 112 112 112 112 112 112 113 111 113 111 113 111 114 110 114 110 115 108 116 108 117 107 87 3 28 105 87 5 27 105 86 7 27 104 85 9 27 103 84 10 27 102 84 12 27 101 83 13 27 101 82 15 27 99 82 16 27 99 82 17 26 99 81 18 26 99 80 20 26 97 79 22 26 97 78 23 26 97 77 25 25 96 76 28 24 96 72 32 24 96 70 35 23 96 69 37 22 97 68 37 22 97 67 39 21 97 67 40 20 98 66 40 20 98 65 42 19 99 64 42 18 101 62 44 17 102 60 46 16 102 60 47 15 103 21 4 33 49 14 105 17 8 30 52 11 108 12 14 26 55 8 111 7 27 15 210 12 214 7 2134
2370 4 219 6 216 8 215 9 214 11 211 13 210 14 209 15 208 17 206 18 204 20 201 23 187 37 184 41 160 1 19 44 157 10 10 47 156 68 155 69 155 69 154 71 153 72 152 73 151 74 150 76 149 76 148 77 147 79 145 80 144 82 142 83 142 83 141 84 140 85 140 84 140 85 139 85 139 86 138 87 137 88 136 89 135 89 135 90 133 92 132 93 131 94 129 95 129 96 127 98 126 99 124 101 123 102 121 103 121 104 119 106 118 107 116 109 114 110 114 110 113 112 112 112 111 113 111 114 109 115 109 115 109 116 107 117 107 118 106 119 104 121 103 121 103 121 103 121 102 121 103 119 105 118 105 118 106 117 106 116 107 117 107 116 107 117 106 118 106 118 106 118 105 119 105 119 104 120 104 120 103 121 103 121 103 121 103 121 103 121 103 121 103 121 103 120 105 119 105 119 105 119 105 119 106 117 107 117 107 117 107 117 108 115 110 114 111 112 112 112 112 112 112 111 118 106 119 105 120 103 121 102 123 100 126 97 130 93 138 84 153 64 187 16 21150
5159 1 218 11 212 14 209 17 207 18 81 8 117 19 77 13 115 20 74 16 114 22 70 19 113 23 68 20 113 24 66 22 112 25 63 24 112 26 61 25 112 27 58 27 112 28 55 29 112 30 51 31 112 34 46 31 113 42 28 4 2 35 113 48 6 57 113 111 113 111 113 111 113 111 114 109 115 109 115 109 116 108 116 108 117 107 117 107 118 105 119 105 119 105 119 104 120 104 120 104 121 103 121 103 121 103 121 103 121 103 121 104 120 106 118 121 103 131 93 136 88 141 83 145 79 149 74 154 70 158 66 160 64 163 60 167 57 171 52 175 48 180 44 183 41 186 37 189 35 191 33 193 31 195 29 197 27 199 25 201 23 203 21 204 20 206 18 207 17 208 16 209 15 210 14 212 12 213 11 213 11 214 10 215 9 216 8 216 8 217 7 217 7 218 6 218 6 219 5 219 5 220 4 220 4 221 3 223 1 9632 1 223 2 222 3 221 4 220 4 220 5 219 5 219 5 219 5 219 5 219 5 219 5 219 5 218 6 218 5 218 6 216 8 216 7 216 7 217 6 218 6 218 6 218 6 218 6 217 6 216 8 214 10 208 16 187 37 186 39 185 39 184 40 183 41 183 41 133 5 44 43 130 10 40 44 127 17 35 45 124 25 29 47 120 31 23 50 117 39 14 54 112 113 105 120 101 124 98 127 96 129 94 132 91 135 89 137 87 139 84 142 82 145 79 155 69 163 61 168 56 171 53 175 49 178 46 181 42 184 36 189 31 194 27 199 23 202 20 205 17 208 14 211 9 217 6 219 3 375
8817 13 207 23 199 50 172 55 167 60 162 63 160 66 156 69 154 71 151 74 149 76 146 79 143 82 141 84 139 86 137 87 136 89 134 91 133 92 131 95 129 96 128 97 127 98 125 100 124 101 123 101 123 102 123 101 123 102 122 102 122 102 122 102 123 101 123 101 123 101 123 101 124 100 124 100 124 100 125 99 125 98 126 98 126 98 126 98 126 98 126 98 125 100 124 100 124 101 122 102 122 103 121 104 119 106 118 107 116 108 116 109 114 112 112 113 111 114 109 116 108 117 107 119 104 122 102 123 101 125 99 127 97 130 94 133 91 136 87 139 85 140 84 141 82 144 80 145 79 145 79 146 78 146 78 147 76 148 76 149 75 149 75 150 74 150 73 152 72 152 72 153 71 153 71 154 70 154 70 155 68 157 67 157 67 158 66 159 64 160 64 161 63 161 63 161 63 161 63 161 63 161 63 162 62 161 63 161 63 161 63 161 63 161 63 161 63 160 65 159 65 159 65 159 65 159 64 160 64 160 64 159 65 159 65 158 66 157 67 157 67 156 68 155 69 155 69 154 69 154 70 153 70 152 71 152 70 153 69 153 69 154 61 161 60 163 60 163 60 163 59 164 59 164 59 165 58 165 59 164 59 165 59 164 59 163 61 161 63 160 64 158 66 156 68 155 69 154 70 152 73 148 76 144 80 88 6 48 83 30 3 51 11 44 85 25 11 46 14 42 87 21 16 40 19 40 88 19 20 34 24 37 92 13 26 29 29 25 6 1 97 9 29 26 34 20 145 19 43 15 149 11 53 9 152 5 5310
7675 13 204 24 12 14 170 56 165 61 161 64 158 67 156 68 154 71 151 74 148 76 147 78 144 80 143 82 140 84 139 86 137 88 136 88 135 89 134 91 133 91 133 92 132 92 57 7 67 93 52 19 60 93 49 25 57 93 31 5 9 31 55 94 27 11 2 36 54 94 24 54 52 94 21 59 19 7 24 94 19 63 12 13 23 94 18 66 6 17 23 94 16 91 23 94 15 92 23 94 14 93 23 95 11 95 23 96 8 97 24 200 24 200 24 200 25 199 25 199 26 198 26 198 27 197 27 197 28 196 28 196 28 196 29 195 29 195 29 195 29 195 29 195 29 195 30 194 30 194 30 194 30 194 30 194 30 194 30 194 29 195 29 195 29 195 28 196 28 196 27 197 26 198 26 198 25 199 25 199 25 199 25 199 24 200 24 200 24 200 24 200 24 200 24 199 25 199 25 199 25 197 27 196 28 196 28 195 29 195 29 194 30 193 31 192 32 192 32 191 33 190 34 189 35 188 36 187 37 185 40 183 41 182 42 181 44 179 45 178 46 176 49 173 52 170 55 167 57 166 59 163 61 161 63 159 64 158 65 158 65 157 66 156 67 155 68 154 70 152 71 151 72 150 74 148 75 148 75 147 77 146 77 145 79 144 79 143 81 141 82 140 84 138 85 136 88 132 91 26 2 101 94 24 8 87 105 22 12 81 108 22 16 77 108 22 30 63 108 22 33 59 109 22 35 57 108 23 36 57 106 24 38 55 105 25 38 55 104 26 38 56 103 27 37 56 103 27 36 57 104 26 34 58 106 26 32 56 110 25 32 54 113 24 31 54 115 23 30 55 116 22 30 54 118 21 29 54 120 20 29 52 124 18 28 51 128 15 28 49 135 8 30 45 177 45 177 44 177 41 180 43 179 44 178 45 178 45 178 46 177 45 177 44 179 41 181 42 181 41 181 42 182 41 182 41 182 40 184 38 186 36 187 36 188 34 190 33 191 30 194 28 197 26 198 24 201 19 207 11 2210
134 8 46 11 158 10 44 13 157 10 43 14 156 12 41 15 156 12 40 16 155 14 38 18 154 15 36 19 154 16 34 20 153 17 33 21 153 18 31 22 153 19 30 22 153 20 28 23 154 20 26 24 154 21 24 25 154 22 23 25 155 23 19 27 155 69 156 68 156 67 157 67 158 66 158 66 158 65 160 64 160 64 160 63 162 62 162 62 162 62 162 62 162 61 164 60 164 60 164 60 164 59 165 59 166 58 166 58 167 57 167 57 167 57 167 57 168 56 168 56 168 56 168 56 169 55 169 55 169 55 169 55 169 55 168 56 168 56 167 57 167 57 166 58 165 59 164 60 162 62 161 63 160 64 158 67 156 68 155 69 154 70 152 72 151 72 151 73 150 73 150 73 150 69 154 69 154 69 154 69 154 70 152 71 149 75 143 80 140 84 137 87 135 88 133 91 130 94 127 96 125 99 123 101 121 103 119 104 118 106 117 107 116 108 115 109 114 110 113 111 112 112 111 113 110 114 109 115 108 116 107 117 107 117 106 119 104 120 104 120 103 121 102 122 102 122 101 122 102 122 101 123 101 122 101 123 101 123 100 123 101 123 100 123 101 123 100 123 101 123 100 123 101 122 101 123 101 122 101 122 102 122 101 122 102 121 102 122 102 121 102 121 103 120 103 121 103 120 104 120 103 120 104 119 105 119 105 118 105 119 105 118 106 118 105 118 106 118 105 119 105 118 106 118 105 119 105 118 106 118 105 119 105 118 105 119 105 119 105 120 103 135 89 137 87 138 85 140 84 141 83 141 83 142 82 142 81 143 81 144 80 144 80 144 80 144 80 144 80 145 78 146 78 146 78 146 78 146 78 146 78 146 78 146 78 146 78 146 78 146 78 146 78 146 78 146 78 146 78 146 77 147 77 147 77 147 77 147 77 147 76 148 76 148 76 148 76 148 76 148 76 148 75 149 75 149 74 149 74 148 76 144 79 97 1 43 82 95 6 39 83 94 9 38 82 93 12 36 81 94 13 36 80 95 14 35 78 97 14 35 75 100 14 35 56 119 14 35 56 119 15 34 56 119 15 34 56 119 16 33 56 119 16 32 57 119 17 31 57 118 19 29 58 118 21 25 60 117 25 19 63 115 109 113 111 109 115 102 122 98 126 96 129 91 132
18513 4 217 9 211 14 207 17 204 21 200 24 196 28 193 31 189 35 181 42 177 47 174 50 170 54 168 55 167 57 165 58 165 59 163 60 163 61 162 61 162 62 161 63 161 62 161 63 160 64 160 64 159 65 158 66 158 66 157 67 156 68 155 69 154 70 152 73 148 76 146 78 144 81 142 82 141 83 139 86 136 88 132 92 129 95 127 97 124 100 121 103 115 109 113 111 112 112 111 113 111 113 110 113 110 114 110 114 109 114 109 115 108 116 106 118 106 118 105 119 104 121 55 3 44 122 51 10 41 122 47 15 39 123 45 18 37 124 43 21 35 126 41 22 34 127 40 24 32 128 39 25 32 128 38 26 31 130 35 28 30 131 34 30 28 132 32 32 27 134 29 34 27 135 27 35 26 136 23 39 25 138 19 41 25 141 13 45 23 201 22 201 22 201 21 202 21 202 21 201 22 199 24 196 27 195 29 194 28 194 29 194 30 193 30 194 30 193 31 192 32 191 33 191 34 189 35 188 36 187 38 184 40 183 42 180 44 179 45 177 47 168 56 165 60 163 61 162 62 161 63 160 64 160 64 159 65 159 65 159 65 159 65 159 65 160 64 161 63 162 63 161 63 162 62 162 62 163 61 163 61 163 61 162 63 161 63 161 63 160 64 160 64 159 66 157 67 141 1 15 67 137 9 10 69 134 14 5 71 133 91 132 92 131 94 129 95 128 96 128 97 126 98 126 88
9989 4 216 10 211 15 208 17 205 20 203 22 201 24 199 26 198 27 196 29 194 30 145 8 40 32 137 18 36 34 133 23 33 36 129 28 31 36 127 31 29 38 123 35 28 39 118 40 26 40 109 50 24 42 106 53 23 42 104 56 21 44 102 58 18 47 99 61 15 49 98 64 10 53 97 128 95 130 93 132 92 133 91 135 88 137 87 138 85 141 83 142 82 143 81 144 80 145 78 147 77 148 76 149 75 150 74 150 74 151 73 152 71 154 70 154 70 155 69 156 68 156 68 156 68 157 67 157 66 158 66 159 65 159 65 159 64 161 63 161 62 162 62 162 62 163 60 164 60 164 60 164 60 164 60 165 59 165 59 165 59 166 58 166 58 167 57 167 57 168 56 169 55 170 54 171 54 170 54 122 5 44 53 120 8 43 53 119 10 42 54 116 13 41 55 114 16 39 55 113 18 38 56 110 22 35 58 107 25 34 59 105 28 31 60 103 31 29 62 101 33 27 63 99 36 25 65 96 40 22 66 95 43 18 68 93 47 13 72 90 134 89 135 88 137 86 138 86 139 84 140 84 141 83 141 82 143 81 143 81 144 80 144 80 145 79 145 78 147 77 148 76 148 76 149 75 150 74 150 74 151 73 151 73 151 73 151 73 151 73 151 73 151 73 151 73 150 74 150 74 149 75 148 76 148 76 147 77 147 77 146 78 146 77 146 78 146 78 146 78 145 78 146 78 146 77 147 77 147 76 148 75 148 75 149 74 150 73 152 71 153 69 155 66 158 62 162 59 166 21 2 29 172 16 8 26 175 12 11 26 176 8 15 24 200 23 201 22 202 22 202 21 204 19 205 18 206 17 208 15 210 13 212 10 4631
2175 8 215 15 207 22 129 12 60 29 120 17 57 35 113 21 54 38 109 24 52 41 105 27 50 44 101 31 47 46 98 34 44 49 96 38 40 51 92 65 12 56 89 135 87 136 87 137 85 139 84 140 83 140 83 141 82 142 81 143 80 143 81 143 80 143 81 142 82 141 84 138 87 9 2 112 114 108 118 104 121 101 123 100 125 97 128 94 131 92 133 91 135 88 136 88 137 87 137 86 138 86 138 86 137 87 136 88 136 88 135 89 134 90 133 91 132 92 131 93 131 92 131 93 130 94 129 95 129 95 128 96 127 97 126 98 126 97 126 98 125 99 124 100 123 100 123 101 122 102 121 102 121 103 120 103 120 104 120 103 120 103 120 104 118 105 117 106 116 108 114 109 114 109 113 111 113 111 112 111 112 112 112 112 111 112 111 113 111 113 110 114 110 114 109 115 109 115 109 115 108 116 108 116 107 118 106 119 105 119 104 121 103 122 101 125 99 127 97 131 92 135 89 137 86 139 85 141 83 143 80 146 78 147 77 149 74 151 73 152 72 153 71 154 69 155 69 156 68 157 67 157 67 158 66 158 66 159 65 159 65 160 64 160 64 161 63 161 63 162 62 162 62 163 61 163 61 164 60 165 59 165 59 166 58 167 57 122 6 40 56 121 9 39 56 119 13 37 55 119 17 34 54 118 27 26 53 118 32 22 53 117 34 21 52 117 37 20 50 117 39 19 49 117 41 17 50 116 42 17 49 116 43 17 49 115 44 16 49 116 44 16 48 116 46 15 48 115 47 14 49 115 47 13 49 115 48 12 50 114 50 10 51 113 53 6 53 112 115 108 118 106 119 104 121 103 122 102 123 100 124 100 125 98 126 98 126 98 126 97 128 96 129 95 129 95 130 93 131 93 132 92 132 92 133 91 133 91 133 90 134 90 134 90 134 90 133 91 133 91 133 42 3 46 133 39 9 43 132 36 15 40 133 34 20 8 6 23 133 33 39 18 134 31 44 15 134 30 47 12 135 29 53 6 136 29 54 3 138 28 196 27 197 27 197 26 198 26 198 26 198 26 198 26 198 26 198 26 198 26 198 27 197 27 197 27 198 26 198 26 198 27 197 27 198 26 198 26 198 26 199 25 199 25 199 25 199 25 200 23 149
61 20 164 5 31 25 162 10 25 27 161 20 13 30 160 65 158 66 157 67 156 68 156 68 156 68 155 70 154 70 154 70 153 71 153 71 153 71 152 72 152 72 152 72 151 73 151 72 152 72 36 12 104 72 33 17 102 72 32 20 100 72 30 24 98 72 29 27 96 72 29 29 94 72 28 33 91 71 28 37 88 71 28 40 85 71 27 44 82 72 25 48 79 74 22 51 77 79 17 52 76 83 11 55 76 85 7 57 75 150 74 150 75 150 74 150 75 149 75 149 76 148 76 148 77 147 78 146 78 146 79 145 80 144 81 143 81 143 82 142 82 142 83 140 85 139 86 138 87 137 88 136 88 136 89 135 89 135 89 135 89 136 88 136 88 136 88 120 2 15 87 118 6 13 87 117 7 13 87 116 9 13 86 115 11 12 86 114 13 11 86 114 14 9 87 113 16 8 87 113 18 5 88 112 112 112 112 112 113 110 114 110 114 110 114 110 114 109 115 109 116 108 116 107 117 107 116 108 116 108 116 108 116 108 115 108 116 108 115 109 115 109 115 109 114 109 115 109 115 109 115 109 115 109 114 109 115 109 115 109 115 109 115 108 116 108 116 108 116 108 116 108 115 108 116 108 116 108 116 107 117 107 117 106 118 106 118 105 119 104 120 104 119 104 120 103 121 102 122 101 123 101 123 100 124 99 125 98 125 99 125 98 126 98 126 97 127 97 126 98 126 98 126 98 126 98 126 98 126 98 125 99 125 99 125 99 124 101 123 101 123 102 32 10 79 170 54 175 49 179 44 183 41 187 36 192 32 195 28 199 25 202 22 204 19 207 17 210 13 212 12 212 11 213 11 213 10 214 10 214 10 214 9 215 8 216 8 216 7 217 7 217 6 218 5 219 5 219 4 220 3 221 1 11423
6371 3 220 6 217 9 34 1 180 10 29 8 176 12 27 10 175 14 23 13 174 15 21 15 173 16 19 16 173 18 15 19 172 20 11 21 172 52 172 53 172 52 172 52 172 53 171 53 172 53 171 53 171 54 170 54 170 55 170 55 169 56 168 56 168 57 167 58 165 59 165 60 164 61 163 61 162 63 161 63 161 63 160 64 160 65 159 65 158 67 157 67 156 68 156 69 154 70 154 70 153 72 151 73 149 76 146 78 140 85 130 95 124 101 120 104 117 108 114 110 113 112 111 113 111 113 111 114 110 114 110 114 110 115 108 116 108 116 108 116 108 116 108 116 108 116 108 116 108 116 108 116 108 116 108 116 108 116 109 115 109 115 109 115 109 115 109 116 109 115 110 114 112 113 113 111 114 110 114 111 114 110 114 110 114 110 114 110 114 110 114 109 115 109 115 108 116 107 118 105 120 25 34 44 125 15 49 32 22905
10831 6 216 9 26 8 181 10 23 11 179 12 21 13 178 13 18 15 177 15 16 16 177 16 14 18 176 18 10 20 175 20 8 21 175 21 5 23 175 49 175 49 175 49 174 50 174 50 174 50 174 50 174 50 174 50 174 50 173 51 173 51 173 51 173 51 173 51 173 51 173 52 172 52 172 53 171 54 170 54 170 55 169 56 168 56 168 56 167 57 167 57 167 57 167 57 167 57 166 58 166 58 166 58 166 58 166 58 165 59 165 59 164 61 163 61 163 62 161 63 161 63 161 64 160 64 160 64 160 64 160 64 160 64 159 65 159 65 159 65 159 65 159 65 158 66 158 67 157 68 156 69 155 70 154 74 150 76 148 81 142 87 137 90 134 92 131 95 129 97 126 99 125 101 123 102 122 102 121 104 120 104 120 105 119 105 119 106 117 107 117 107 117 108 116 108 115 110 114 110 114 110 113 112 112 113 110 115 109 116 107 118 106 119 105 120 104 121 102 122 102 123 101 123 101 123 101 123 101 123 100 124 100 124 100 124 100 123 101 123 100 123 101 122 102 122 102 121 103 120 103 119 105 117 108 112 112 100 124 87 137 85 140 83 141 82 143 79 146 75 149 71 155 67 159 63 163 59 173 30 9 8 179 22 204 13 214 4 9551
6384 35 180 47 172 54 166 59 162 64 157 69 152 74 148 77 145 81 142 83 139 86 137 88 135 90 132 93 130 96 127 99 124 104 119 108 114 112 111 115 108 117 106 119 104 121 102 123 101 124 99 126 97 128 96 130 94 131 92 134 90 136 88 138 86 139 85 140 83 143 81 143 81 144 80 145 79 145 78 146 78 146 78 146 77 148 75 149 74 150 73 152 70 154 68 156 66 159 63 161 62 163 59 166 55 169 54 171 50 174 48 177 45 179 43 182 39 185 38 187 35 189 33 192 31 194 29 196 26 199 24 202 22 203 20 206 18 207 16 209 15 209 15 209 15 209 15 209 15 209 15 209 15 209 15 209 15 209 16 208 16 208 16 208 16 208 16 208 17 207 17 207 17 207 17 207 18 206 18 206 19 205 19 205 20 204 20 204 20 204 21 203 22 202 22 202 23 201 24 200 26 198 27 197 29 195 31 193 34 190 35 189 37 187 38 186 39 185 39 185 39 185 40 184 40 184 40 184 40 184 40 184 40 184 40 184 40 184 40 184 40 184 40 184 40 184 40 184 40 184 40 49 6 129 41 45 10 128 42 37 18 127 54 20 23 127 98 126 98 126 99 125 99 125 99 125 100 124 100 124 101 123 101 123 102 122 103 121 104 120 104 120 104 120 104 120 105 119 105 119 105 119 105 119 105 119 105 119 106 118 106 118 106 118 106 118 106 118 106 118 106 118 106 118 106 118 106 118 107 117 108 116 108 116 109 115 110 114 111 113 112 112 112 112 112 112 113 111 113 111 113 111 113 111 114 110 114 110 113 111 113 111 113 111 113 111 112 112 112 112 112 112 112 112 112 112 112 112 113 111 113 111 113 111 113 111 113 111 114 110 114 110 115 109 115 108 116 108 117 105 3
2169 4 149 6 61 10 146 8 58 13 144 10 55 16 143 11 53 17 142 13 51 18 142 14 48 20 142 14 48 20 142 15 46 21 143 15 44 22 143 15 43 23 143 16 41 23 144 17 39 24 145 17 38 23 146 19 35 24 147 22 9 5 16 24 149 41 9 25 149 45 3 26 151 73 151 72 153 70 154 70 155 68 156 68 156 67 157 66 159 65 159 64 160 64 160 63 161 63 161 62 162 62 162 61 163 61 163 60 164 59 165 57 167 55 169 54 170 52 172 52 172 51 173 51 174 50 174 50 174 50 174 50 174 50 174 50 175 49 175 50 174 50 174 51 174 51 173 52 172 53 171 54 170 54 170 55 169 56 168 56 168 57 167 57 167 57 167 58 166 58 166 59 165 59 165 60 164 60 164 61 164 60 164 61 163 62 162 63 161 63 161 64 160 65 159 66 157 67 157 68 156 69 154 71 153 71 153 72 151 73 151 74 150 75 148 76 148 77 147 77 147 77 147 78 146 78 146 79 145 79 145 79 145 80 144 80 144 80 144 80 144 80 144 80 144 81 143 81 143 82 142 82 142 83 141 84 140 86 138 87 137 87 137 88 136 89 136 88 136 89 135 89 135 90 134 90 133 92 132 92 132 93 131 93 131 94 129 96 128 96 128 96 128 97 126 98 126 98 126 98 126 98 126 98 126 98 126 98 125 99 125 99 125 99 125 99 125 98 126 98 126 98 126 98 126 98 126 97 127 20 1 76 126 20 3 74 127 20 3 74 127 20 3 73 128 20 3 73 127 96 128 96 128 95 129 94 129 94 130 93 131 92 132 91 132 92 132 92 132 91 132 92 132 42 6 43 132 42 9 41 132 41 12 38 133 18 2 20 15 36 132 18 4 19 25 25 133 17 6 16 29 23 132 18 8 13 31 21 133 17 10 10 34 20 133 17 54 20 132 18 54 19 133 17 56 18 133 17 56 18 133 17 56 18 132 17 58 17 132 17 58 17 132 17 58 17 131 18 59 16 131 17 60 17 129 18 60 17 129 18 60 17 129 18 60 17 128 18 61 17 127 19 61 17 127 19 61 18 125 20 61 18 124 21 61 19 121 23 61 19 120 23 62 20 118 24 62 20 118 24 62 21 116 25 62 21 115 25 63 22 114 25 63 22 114 25 63 22 114 24 64 23 113 24 64 23 113 24 64 23 113 23 65 23 113 23 65 23 113 22 66 23 113 21 67 23 114 18 70 22 116 14 73 21 118 4 82 19 206 18 208 15 211 11 1175
17860 8 212 20 201 27 194 34 187 43 171 57 163 63 156 69 147 78 135 90 126 98 116 109 110 114 107 117 104 120 101 123 99 125 95 128 94 130 92 132 91 134 88 136 87 137 86 138 85 139 84 140 84 140 83 142 81 143 80 144 80 144 79 145 78 147 76 148 75 149 74 150 73 151 72 152 71 153 70 154 69 155 69 155 68 156 67 157 66 158 65 158 65 159 63 161 61 163 58 165 57 167 55 168 54 170 52 171 52 172 50 174 49 175 48 176 47 177 46 178 45 179 44 180 42 182 41 183 39 185 38 186 36 188 35 113 1 75 34 109 11 70 33 109 15 67 31 110 20 63 30 110 24 59 31 110 26 57 30 111 28 55 29 113 28 54 29 114 29 52 28 86 6 24 29 50 29 47 6 31 9 24 29 49 29 43 12 29 9 25 29 48 29 40 16 28 10 26 27 48 29 37 20 27 11 27 26 46 30 34 24 26 11 29 25 45 31 28 30 26 11 30 24 43 33 23 34 26 11 31 23 43 34 19 38 25 12 31 23 42 35 15 42 25 11 32 23 40 39 9 45 25 12 32 24 38 94 24 12 32 25 35 96 24 12 32 27 32 98 22 14 31 29 23 105 22 14 31 31 20 106 22 14 31 32 19 106 21 16 30 32 18 107 20 18 28 33 18 107 19 22 24 35 16 109 18 37 6 38 16 109 17 82 15 111 15 83 15 111 14 84 14 113 11 86 14 115 8 88 12 213 11 214 9 217 6 9229
1753 14 207 19 203 22 200 25 197 27 195 30 193 31 191 34 188 36 186 38 185 40 182 42 181 43 180 44 39 15 125 45 37 23 118 46 36 27 114 47 35 31 111 47 35 34 107 48 34 37 104 49 34 39 101 50 34 41 98 51 34 43 95 52 34 45 92 53 34 48 12 5 72 53 34 52 1 16 67 54 35 70 64 55 35 71 62 56 35 73 59 57 35 75 25 5 26 59 34 78 17 16 19 60 35 82 4 27 14 62 35 189 35 189 35 189 35 189 36 188 36 188 36 188 36 188 36 188 36 188 36 188 36 188 36 188 36 188 36 187 37 187 37 187 36 188 36 188 36 188 36 187 38 186 38 186 38 186 38 186 39 185 40 184 40 184 41 183 42 182 42 182 43 181 43 181 44 180 44 179 45 179 46 178 46 178 47 176 48 176 49 175 50 173 52 172 52 172 53 170 54 170 54 169 56 167 57 167 57 166 59 165 59 164 61 163 61 163 62 161 63 161 63 161 63 161 62 161 63 161 64 160 64 160 64 160 64 159 65 159 66 158 66 158 67 156 69 155 69 154 71 152 72 151 73 150 75 149 75 148 77 146 78 145 79 145 80 143 81 143 81 142 82 142 83 141 83 140 85 139 86 138 87 137 88 136 89 134 90 134 91 133 91 133 91 133 91 133 91 132 92 132 92 132 92 132 92 132 92 131 93 131 93 131 92 131 93 131 93 131 92 131 93 131 92 132 92 132 91 133 90 134 90 134 89 135 88 136 87 138 85 139 84 140 83 140 83 141 83 140 83 141 82 142 82 141 82 141 83 141 82 141 82 141 83 140 83 140 83 140 83 140 83 140 83 140 82 142 81 143 79 144 79 145 78 146 76 147 76 148 75 149 74 150 73 150 72 152 70 154 68 156 66 158 65 160 63 161 63 161 61 163 60 164 60 165 59 165 59 165 58 166 58 166 58 166 58 167 57 167 57 167 57 167 57 168 56 168 56 168 56 168 56 169 55 169 55 169 55 170 54 170 54 170 54 170 54 170 54 170 54 169 55 169 55 168 56 168 56 167 57 167 58 13 12 4 3 5 3 125 103 120 106 117 111 111 62
4641 3 217 10 212 13 210 15 113 6 89 17 110 11 85 18 109 14 82 20 107 16 80 21 106 18 79 22 104 20 77 23 104 21 75 24 104 22 73 26 102 24 71 27 102 25 70 27 101 27 68 29 100 28 66 30 100 28 65 31 100 29 63 33 98 31 62 33 98 32 60 34 98 33 58 35 98 34 56 37 97 34 55 38 96 36 53 39 96 37 52 39 96 38 50 41 95 39 48 42 95 40 46 43 95 40 45 44 95 41 43 45 95 42 41 46 95 44 38 48 93 46 36 49 93 47 33 51 93 50 28 53 93 53 23 55 93 60 10 61 93 131 93 131 93 131 93 131 93 131 93 131 93 131 93 131 93 131 93 131 93 131 93 131 94 130 94 130 94 130 94 130 94 130 94 130 94 130 94 130 94 130 94 129 96 128 96 128 96 128 96 127 98 126 98 126 98 125 99 125 100 123 101 123 102 122 102 122 103 120 104 120 104 120 105 119 105 119 105 119 105 119 105 119 105 119 105 119 105 119 105 120 104 120 104 120 104 120 104 120 104 120 104 120 104 120 104 120 104 121 103 121 103 121 103 121 103 121 102 122 102 122 103 121 103 121 103 121 103 121 103 121 103 120 105 119 105 119 105 118 107 117 107 117 107 117 107 117 107 117 107 117 107 117 107 117 108 116 108 116 108 116 108 116 108 116 108 116 108 116 108 116 108 116 108 116 108 116 108 116 108 116 108 115 109 115 109 115 109 115 109 115 109 115 109 115 109 115 109 115 109 116 108 116 107 117 107 117 107 117 106 119 105 119 104 120 103 121 103 121 102 123 100 124 100 124 99 125 99 126 97 127 97 127 96 128 96 129 95 129 94 130 94 131 93 131 92 132 92 132 92 132 91 134 90 134 90 134 90 134 89 135 89 135 89 135 89 135 89 135 88 136 88 136 88 136 87 137 87 137 87 137 86 138 86 138 85 139 85 139 85 139 84 140 84 140 83 141 83 142 82 142 81 143 81 143 81 144 79 145 79 145 79 145 78 146 78 147 77 147 77 147 76 148 76 149 75 149 75 149 75 149 75 148 42
7946 12 209 20 202 28 194 45 177 50 172 54 168 57 166 60 164 61 162 63 160 65 159 66 157 68 156 69 155 69 155 70 153 72 152 72 152 73 151 73 151 74 150 75 149 76 149 75 149 76 148 77 147 78 146 78 147 77 147 78 146 78 146 79 146 78 146 78 146 79 145 78 146 78 146 77 148 75 149 75 149 74 150 73 151 72 152 72 152 72 152 72 152 72 152 72 153 72 152 73 150 75 149 76 148 77 147 78 146 78 146 79 145 80 144 81 143 82 142 84 141 84 140 85 139 86 138 87 137 87 137 88 136 88 136 88 136 88 136 89 135 89 134 91 133 91 133 92 132 92 132 93 131 94 130 94 130 95 129 96 128 96 128 97 127 98 126 98 126 99 125 100 123 102 122 102 122 103 121 104 120 105 119 105 119 106 118 106 118 107 117 108 116 108 116 109 115 109 115 110 114 110 114 111 113 112 112 113 112 112 112 113 111 114 110 115 109 115 110 115 109 116 109 116 108 116 109 116 108 116 109 116 110 114 111 114 111 113 112 113 112 112 113 111 115 110 115 109 116 109 116 108 117 107 118 106 120 105 120 104 122 102 123 101 124 100 125 99 126 98 126 98 127 97 127 97 127 97 127 97 127 97 127 97 127 97 127 97 127 97 127 97 126 97 127 97 126 98 126 97 127 96 128 96 127 96 127 96 128 96 128 95 129 95 128 96 128 95 129 40 3 52 129 38 7 50 129 37 8 49 130 36 10 48 130 36 10 47 131 35 11 18 7 22 131 35 12 17 15 13 132 33 15 15 18 10 133 33 15 15 19 8 134 32 17 9 2 2 21 6 135 32 193 31 193 30 194 30 194 29 195 29 195 28 196 28 196 27 197 27 198 25 199 16 5 4 199 15 6 4 200 13 8 3 200 13 8 2 202 11 9 2 203 9 10 2 203 8 217 5 221 1 100
2136 9 210 18 200 26 192 34 187 39 182 45 176 51 167 60 155 74 145 82 138 89 133 94 129 97 126 101 122 105 118 109 115 111 112 113 111 114 109 116 108 117 107 117 106 119 105 119 105 120 104 120 103 122 102 122 102 123 100 124 99 126 97 127 95 130 89 135 79 146 74 150 71 154 68 157 64 160 62 163 59 165 57 168 55 170 53 173 50 175 49 176 48 177 46 179 45 181 43 182 41 184 40 185 39 186 38 186 38 187 37 187 37 188 36 189 35 189 35 189 35 189 35 190 34 190 34 189 36 188 36 188 36 188 36 187 38 186 38 186 38 185 39 185 39 185 39 184 40 184 40 183 41 183 41 183 41 182 42 182 42 181 43 180 44 180 43 180 44 180 44 179 45 179 44 179 45 179 45 179 45 178 46 178 46 177 47 177 47 175 49 166 58 165 60 163 61 163 61 162 62 162 62 162 62 162 62 162 62 162 62 162 62 162 62 161 63 161 63 161 64 160 64 159 65 159 65 158 66 158 66 156 68 155 69 154 70 153 71 152 72 151 73 150 75 148 76 146 78 145 80 143 81 142 83 140 85 139 85 138 87 137 88 136 89 135 90 133 91 133 92 132 93 131 93 131 94 130 94 130 94 129 95 129 96 127 97 126 98 125 99 124 100 123 101 122 102 120 104 118 106 117 107 116 107 116 108 115 108 115 101 122 101 122 100 123 100 11 2 111 100 10 4 109 100 11 4 109 100 10 5 109 99 11 5 109 99 11 5 109 98 12 6 108 96 13 7 108 94 14 8 108 92 16 8 107 92 15 10 107 91 11 15 60 6 41 91 10 17 58 8 40 90 11 17 56 11 39 90 10 18 54 14 38 90 9 20 52 16 36 91 9 20 49 20 35 91 9 20 46 24 34 91 8 21 43 27 34 92 7 21 40 30 34 92 7 22 37 32 33 94 5 23 35 34 33 96 1 25 34 35 33 122 33 36 33 122 32 37 33 122 31 38 33 122 31 37 34 122 30 37 34 123 30 37 34 123 30 36 35 123 29 37 35 123 29 36 36 123 29 36 36 123 28 37 36 123 28 36 37 123 28 36 37 123 28 36 37 123 27 37 37 123 27 36 38 123 27 36 38 123 27 36 38 123 27 35 39 123 27 35 39 123 28 34 40 122 28 33 41 122 28 33 41 122 28 33 41 122 28 33 41 122 28 33 42 121 28 32 43 121 28 32 43 121 28 32 44 120 28 32 44 120 28 32 44 120 28 32 45 119 28 32 45 119 28 33 43 85
6613 24 183 46 170 56 162 65 156 70 151 74 148 77 145 80 142 83 139 86 137 89 133 92 130 95 127 97 125 100 122 102 121 104 118 106 117 107 116 109 114 110 113 111 113 111 112 111 112 112 112 112 112 111 112 111 113 110 114 109 115 108 116 107 117 105 119 103 121 102 122 100 125 99 125 98 127 97 127 97 128 95 130 94 130 94 131 93 132 93 132 92 133 91 135 89 136 88 138 86 139 85 140 84 140 84 140 84 140 84 140 84 140 84 141 83 141 83 140 84 140 83 141 83 141 83 141 82 142 82 142 81 143 81 143 81 143 80 144 80 144 80 144 80 143 81 143 81 143 81 143 81 143 81 143 81 143 81 142 83 141 83 141 83 140 85 139 85 138 86 138 87 137 87 136 88 136 88 136 89 135 89 134 90 134 90 134 90 134 90 134 91 133 91 133 91 133 91 133 91 133 91 133 91 133 92 132 92 131 93 131 93 131 93 131 93 130 94 130 94 130 94 130 95 129 95 129 95 128 96 128 96 128 96 128 96 128 96 129 96 128 96 128 46 4 46 128 45 6 45 128 44 7 45 128 44 8 44 128 43 9 44 128 43 9 44 128 43 9 44 128 43 9 44 128 43 9 44 128 43 9 44 128 43 9 43 129 43 8 44 129 43 8 44 129 44 6 45 128 46 4 46 128 96 128 96 128 96 128 96 128 96 128 96 128 96 128 96 128 96 128 96 128 97 127 97 127 97 127 97 127 97 127 97 127 98 126 98 126 98 126 98 126 98 126 25 6 67 126 24 9 31 7 27 126 24 11 27 10 26 126 24 12 25 11 26 126 23 13 24 13 26 125 23 14 22 14 26 124 24 16 19 15 26 124 24 17 7 26 26 124 24 50 26 123 25 50 26 123 25 50 27 121 26 50 27 121 26 50 27 120 27 50 28 119 27 51 27 118 28 51 28 117 28 51 28 116 28 52 29 115 28 52 29 115 28 53 28 114 28 54 28 114 28 55 27 114 27 56 27 114 27 56 27 115 25 58 25 116 24 60 23 118 22 62 21 120 19 67 17 124 14 72 4 3 4 131 5 1951
8422 6 217 8 215 10 213 12 212 12 211 14 209 15 209 15 208 16 208 16 207 18 206 18 206 18 205 19 205 20 204 20 204 20 203 21 203 22 201 23 201 24 200 24 199 26 198 26 197 28 108 16 71 30 102 36 55 32 75 3 20 42 51 34 72 10 11 49 47 35 72 72 44 37 70 77 38 40 69 79 35 43 67 83 30 46 65 86 26 50 15 10 37 89 23 54 7 16 35 92 19 79 34 95 15 80 34 97 13 80 34 100 9 81 34 102 6 82 34 190 34 189 35 189 35 189 35 188 36 188 36 187 37 187 37 186 38 185 39 184 40 183 41 181 43 180 44 180 44 179 45 179 45 178 46 178 46 177 47 177 47 177 47 177 47 177 47 176 48 176 48 176 48 176 48 175 49 175 49 174 50 174 50 174 50 174 50 174 50 174 50 173 51 173 52 172 55 169 57 167 58 166 59 165 60 164 60 164 60 165 60 164 60 164 61 164 60 164 61 163 62 163 61 163 62 162 63 161 64 160 65 159 66 158 67 158 67 157 68 157 68 157 68 156 70 155 70 155 71 154 71 154 71 154 71 153 73 152 73 152 75 149 78 147 80 144 83 142 84 141 85 139 87 138 88 136 90 135 90 135 91 133 92 133 93 132 93 131 95 84 5 41 96 80 9 40 97 77 12 38 98 75 15 37 99 72 17 37 100 69 20 36 100 67 22 35 102 64 25 34 103 61 27 35 103 58 29 35 104 56 30 36 104 55 30 36 105 54 30 36 105 54 30 37 104 55 29 37 105 55 28 38 105 55 27 39 104 56 26 40 103 57 24 42 103 57 23 42 103 57 23 42 104 57 22 42 104 58 21 43 104 58 19 44 105 59 17 43 107 59 16 42 109 61 12 42 111 61 11 41 114 61 8 41 116 62 4 42 119 105 121 103 123 66 1 34 125 63 5 31 128 60 7 29 130 58 8 28 132 57 9 26 135 54 11 24 136 53 13 21 139 52 15 16 143 50 22 5 148 49 177 48 177 47 179 45 181 43 184 40 186 38 189 35 191 32 194 30 196 27 200 23 204 19 208 14 214 7 1386
2739 12 210 17 206 21 202 23 201 25 198 27 197 28 195 30 194 31 193 32 192 33 191 33 191 34 190 35 188 36 188 37 187 38 187 38 186 40 184 41 183 43 181 44 181 45 179 47 178 48 176 50 174 52 172 54 170 56 168 58 165 60 164 62 161 65 158 68 156 69 154 72 151 74 150 76 147 78 145 80 143 82 142 83 140 86 138 103 120 105 119 107 116 109 115 110 113 111 113 112 111 113 111 114 109 116 108 116 107 118 106 119 104 121 103 121 102 123 101 124 100 124 99 126 98 126 98 127 97 128 96 129 94 137 87 142 82 145 79 148 76 150 74 152 72 154 70 155 69 157 67 158 66 160 64 161 63 163 61 164 60 165 59 166 58 167 57 167 57 168 56 168 56 169 55 170 55 169 55 170 54 171 53 172 52 172 52 173 51 174 50 174 50 175 49 176 48 178 46 179 45 181 43 182 41 184 40 184 40 185 38 186 38 186 38 186 38 186 38 186 37 186 38 186 38 186 38 186 38 185 39 185 39 185 40 184 40 183 41 183 41 183 42 182 42 182 43 180 44 180 45 179 45 179 45 178 46 178 46 177 47 177 47 176 48 175 49 175 49 174 50 173 52 172 52 171 55 168 60 164 63 160 70 153 73 151 74 149 76 147 78 146 79 144 81 142 83 95 8 37 85 89 14 35 87 83 20 33 89 76 26 32 90 67 35 31 92 63 39 29 94 61 40 28 96 60 40 27 98 58 41 26 100 57 42 24 102 56 42 24 104 53 43 23 106 52 43 22 108 51 43 21 110 49 44 20 112 48 43 20 115 46 42 20 117 44 42 20 120 42 41 21 122 39 41 21 125 37 39 22 128 34 39 23 128 33 39 23 130 32 38 23 131 31 38 24 131 30 38 24 132 29 38 24 133 28 38 25 132 28 38 25 132 28 39 24 132 28 39 24 131 29 40 24 130 29 41 23 129 30 42 22 129 30 43 21 129 30 43 22 127 31 44 21 128 30 45 20 128 30 46 20 127 30 47 19 128 30 48 17 128 30 49 16 129 29 50 15 130 28 52 13 131 28 52 12 131 28 54 10 132 27 58 4 135 26 198 26 198 25 199 24 200 24 200 23 202 21 203 20 206 17 208 15 213 9 1486
2637 11 202 26 191 34 185 41 181 44 178 48 175 50 173 52 171 54 169 55 168 57 166 59 164 61 162 62 162 62 161 64 160 64 160 64 159 65 159 65 159 65 159 65 159 65 159 65 160 64 160 63 161 63 161 63 162 62 162 61 163 61 163 61 163 60 164 60 164 60 163 61 162 61 163 61 162 62 161 63 160 64 159 64 158 66 157 65 158 64 159 64 159 65 158 65 158 66 158 66 157 67 156 67 156 68 155 69 154 70 153 71 152 72 151 73 150 74 149 75 148 75 148 76 147 77 146 78 145 78 145 79 144 79 144 79 144 79 144 79 144 78 145 78 145 78 145 79 144 80 142 82 141 82 141 83 141 83 140 84 139 86 138 86 137 87 137 87 136 88 135 89 135 90 133 91 132 92 131 93 130 94 129 95 128 96 127 97 126 98 125 99 124 100 124 100 123 100 123 101 122 102 121 102 122 102 121 102 121 103 121 103 120 103 120 104 120 104 119 104 119 105 119 104 119 105 119 104 119 105 118 105 119 105 118 106 118 105 118 106 118 106 117 106 118 106 117 107 117 107 116 108 116 108 115 109 115 109 114 111 113 111 113 112 111 113 110 114 110 115 109 115 108 117 107 117 106 118 106 119 105 119 104 121 103 121 102 123 101 123 100 125 99 125 69 19 9 127 67 158 65 159 64 161 63 161 63 162 62 162 63 162 64 160 67 157 73 152 80 144 90 135 91 133 92 133 92 74 3 56 92 71 7 68 78 69 11 68 77 67 14 68 75 67 18 65 75 65 21 64 74 64 24 62 75 62 26 62 74 62 26 62 75 60 27 62 75 60 28 61 75 60 28 61 76 59 28 61 76 60 27 61 77 60 25 62 77 62 22 63 78 63 17 66 78 67 5 74 79 144 81 143 81 143 82 142 83 140 85 137 87 135 91 131 94 128 97 125 101 123 102 122 104 120 106 119 108 116 113 33 28 51 121 16 39 49 127 1 49 48 177 47 178 47 179 45 182 42 185 38 202 22 208 14 214 8 1597
1420 15 206 19 204 21 202 23 201 24 200 25 199 26 198 26 198 27 197 28 196 28 197 28 196 29 195 29 13 5 177 30 11 6 177 31 9 8 176 32 7 10 175 33 5 11 175 50 175 49 175 50 174 51 173 52 173 52 172 53 171 55 169 57 168 58 166 59 165 60 164 61 163 62 162 63 162 62 162 63 162 63 162 62 163 62 163 61 163 62 163 61 163 61 163 62 161 63 161 63 161 63 161 63 160 64 160 64 159 65 159 65 159 65 158 66 158 67 156 69 155 70 153 72 152 73 150 75 149 75 148 77 146 78 145 79 144 80 144 80 143 80 142 82 141 82 141 83 140 83 140 84 139 84 139 84 139 84 139 84 139 84 139 83 141 81 142 79 144 72 152 68 155 68 155 68 156 68 155 68 155 69 155 69 154 70 153 71 153 71 152 73 150 74 148 76 147 77 146 78 146 78 145 79 144 80 144 80 143 82 142 82 142 82 142 82 142 82 142 82 142 82 142 82 141 83 141 83 141 83 141 83 140 84 140 84 139 85 139 85 139 85 139 85 138 86 138 86 138 86 138 86 138 86 138 86 137 87 137 87 138 86 138 86 138 86 138 86 138 86 138 86 138 86 138 86 139 85 139 85 139 67 2 16 139 66 4 15 140 64 5 15 140 63 7 14 141 61 8 14 141 61 8 14 142 59 10 13 143 57 11 13 143 56 12 13 144 54 13 13 144 53 14 13 145 49 18 12 145 28 2 6 31 12 145 26 41 12 145 25 42 13 145 24 42 13 145 24 43 12 146 22 44 12 147 21 44 13 147 21 43 13 148 20 43 13 149 19 44 13 149 18 44 14 148 18 44 14 149 17 44 15 148 17 44 17 146 17 45 17 146 16 45 19 144 16 45 20 143 17 45 20 142 17 45 21 141 17 45 21 142 16 46 21 141 16 46 21 141 16 47 20 141 16 47 20 141 16 48 18 142 16 48 18 142 16 49 17 141 17 51 14 142 17 53 10 144 17 207 17 207 17 207 17 207 18 206 18 206 18 206 18 205 19 205 19 205 19 205 19 205 18 206 18 206 18 207 16 208 16 208 15 210 13 211 12 213 10 215 7 4642
26517 7 211 18 203 23 199 27 195 30 192 33 189 36 187 38 185 40 183 42 181 44 179 46 178 47 41 3 132 51 28 2 1 14 128 102 121 105 119 107 117 108 116 109 114 111 113 112 112 113 111 114 110 115 109 117 107 118 105 120 104 121 103 123 100 125 99 126 98 127 96 129 95 130 94 131 92 132 92 133 91 133 91 134 90 134 90 135 88 136 88 137 87 137 87 137 87 138 86 139 84 141 83 142 82 144 79 146 77 149 74 152 71 155 67 159 63 162 60 165 57 168 54 133 4 33 52 134 6 33 48 99 10 27 9 31 46 98 14 26 10 30 44 99 16 25 11 29 42 101 16 25 13 27 41 101 17 25 14 26 39 41 7 14 5 36 17 25 16 23 39 39 38 27 17 25 18 21 38 37 44 23 18 25 22 15 39 36 47 22 17 26 31 2 41 36 50 21 16 27 72 35 54 19 16 27 72 34 56 19 16 27 70 33 59 18 16 27 69 32 61 19 15 28 66 33 63 19 14 29 65 32 65 18 14 29 64 31 68 18 14 28 64 30 70 18 13 29 62 30 72 18 13 28 63 28 74 17 14 25 65 27 75 18 14 21 68 27 76 18 14 19 70 25 78 19 14 16 71 25 79 19 16 2 4 6 73 24 80 19 102 21 82 19 102 20 83 20 102 18 84 20 103 15 86 20 105 9 90 20 204 20 204 20 204 20 204 20 204 20 204 20 204 19 206 17 207 17 208 15 210 13 213 10 217 4 778
14407 18 202 25 195 32 187 40 166 62 69 18 66 74 64 23 60 80 59 27 57 85 54 30 54 89 50 32 52 93 46 34 51 96 41 37 50 99 37 39 48 104 32 40 48 107 27 42 48 114 18 45 47 120 11 46 47 177 47 177 47 177 47 177 47 178 46 178 46 178 46 178 47 177 47 177 47 177 48 175 49 175 50 174 50 174 51 172 54 170 71 153 72 151 74 150 74 149 76 148 76 148 76 148 76 148 77 147 77 146 78 146 78 145 79 143 81 142 81 142 82 142 82 141 83 141 82 141 83 47 3 91 82 46 6 90 82 46 7 89 82 45 9 88 82 43 12 87 82 42 14 86 82 41 15 85 83 39 18 84 83 38 20 82 84 37 23 79 85 36 25 78 85 35 27 76 86 33 30 74 87 31 32 73 88 29 35 71 89 27 38 68 91 26 39 65 94 25 41 62 96 24 44 59 98 22 46 58 98 21 49 55 99 21 51 52 101 19 53 50 102 19 54 48 103 18 56 47 103 18 58 44 104 18 59 42 105 18 59 41 106 18 60 39 108 17 60 38 109 17 60 38 110 15 61 37 111 15 62 36 112 14 62 35 114 13 62 35 114 12 63 34 117 10 63 33 119 8 65 31 123 3 67 31 193 30 194 30 194 29 195 29 195 30 194 30 194 30 194 31 193 32 192 33 191 34 190 35 189 36 188 37 186 38 186 39 185 39 185 39 185 39 185 39 185 39 185 38 186 37 188 35 189 32 193 30 194 29 196 28 196 27 198 26 200 24 201 22 203 21 204 19 206 18 207 18 206 18 206 18 207 17 207 17 208 16 209 15 211 13 212 11 215 8 219 3 5222
5491 18 203 24 199 27 195 30 192 34 189 36 187 38 185 40 183 41 182 43 180 45 179 45 178 46 178 47 177 47 177 47 176 48 176 48 176 48 176 48 176 49 175 49 175 49 175 49 175 48 177 47 177 47 177 47 177 47 177 46 178 46 178 45 179 45 179 44 179 44 180 43 181 41 183 40 183 41 183 40 184 40 184 39 185 39 185 39 185 39 185 39 185 39 185 39 185 39 184 40 184 40 184 40 184 41 183 41 183 41 182 43 181 43 181 44 179 46 178 46 178 47 176 48 176 48 176 48 175 50 174 50 174 50 174 50 173 52 172 52 172 52 172 52 172 52 171 54 170 54 170 54 170 55 169 55 169 55 168 56 168 56 168 56 168 57 167 57 166 58 166 58 166 58 166 59 165 59 165 59 165 59 164 59 165 59 165 59 165 59 166 58 166 57 167 57 167 57 167 57 167 57 167 56 167 57 167 57 167 57 167 57 166 58 166 58 164 60 163 61 160 64 158 66 156 68 155 69 155 69 154 70 153 71 153 71 153 71 153 71 153 72 151 73 151 73 151 73 151 73 151 74 150 74 150 74 150 74 150 74 150 74 151 72 152 72 152 72 153 71 153 71 154 69 156 68 157 67 157 66 159 65 160 64 160 64 160 63 161 63 161 63 161 63 161 63 161 63 160 64 160 64 160 64 160 64 161 63 161 34 7 22 162 31 11 21 163 29 12 20 173 18 13 20 175 16 14 19 175 16 15 18 176 15 15 18 176 15 16 17 176 14 17 17 176 14 18 16 177 13 18 16 177 13 19 15 177 13 19 15 177 13 19 15 177 13 19 15 176 14 19 15 176 14 19 15 176 15 17 16 176 15 17 16 176 15 17 16 175 16 17 17 174 16 17 17 173 17 17 17 173 18 16 17 173 18 16 16 174 18 17 15 173 19 17 15 173 19 18 14 173 18 20 13 173 18 20 12 174 18 21 11 175 17 22 9 176 16 25 5 178 16 209 15 210 13 212 11 215 8 1909
3180 7 212 14 206 20 201 24 197 30 192 34 188 38 184 42 180 46 176 50 172 54 169 57 166 60 163 63 160 65 159 67 156 70 52 17 84 72 46 26 80 74 41 32 76 76 39 35 74 78 35 39 71 82 31 41 70 85 26 44 68 87 24 46 67 89 21 48 66 90 19 50 64 93 15 53 63 94 13 55 61 98 8 57 61 101 3 60 60 165 58 167 57 168 56 169 55 170 54 171 53 172 52 172 52 173 51 174 50 175 49 175 49 175 49 176 48 176 49 175 49 175 49 175 49 175 49 175 50 175 49 175 49 175 50 174 50 174 51 174 50 174 51 173 51 174 51 173 51 174 51 174 50 174 51 174 50 175 49 175 50 175 49 175 49 176 48 176 48 177 48 176 48 176 48 176 48 176 48 176 48 177 47 177 47 177 46 178 46 179 45 179 44 181 43 181 42 183 41 184 39 185 39 186 37 187 37 187 37 188 35 189 35 189 35 189 35 189 35 189 35 189 35 189 35 189 35 189 35 189 36 188 36 188 36 43 5 140 36 41 8 139 36 40 11 137 37 38 12 137 37 38 13 136 37 37 15 135 38 36 16 134 38 35 17 134 39 34 18 133 39 34 18 132 40 34 19 131 41 33 20 130 41 33 20 130 42 31 22 128 43 31 22 128 43 31 23 127 44 30 24 125 45 30 25 123 47 29 26 122 47 29 27 121 48 28 28 119 49 27 29 119 50 26 30 118 51 25 30 118 51 24 32 117 52 23 32 117 53 21 33 117 54 19 35 116 56 16 36 116 58 12 38 116 108 116 107 117 107 78 4 35 107 77 7 33 107 76 9 32 107 76 10 31 107 75 13 28 108 75 14 27 108 75 15 26 108 75 16 24 109 75 17 22 110 75 18 20 111 75 20 16 113 75 24 7 118 75 149 75 150 75 149 75 149 76 149 76 148 76 148 77 148 76 148 77 147 77 148 76 148 76 148 76 149 75 149 75 149 75 150 74 150 74 150 74 150 74 150 73 151 73 152 71 153 70 154 38 2 28 156 37 6 23 158 37 8 16 164 36 12 4 172 37 188 36 188 36 189 35 189 36 189 35 190 35 190 34 191 33 192 33 191 33 192 33 192 32 192 32 192 32 193 31 193 31 193 31 194 30 194 30 194 30 195 29 195 29 196 28 196 28 197 26 198 26 199 24 201 23 201 22 203 20 205 19 206 17 208 15 105
140 78 145 80 143 81 143 81 142 82 141 83 139 85 107 9 22 86 104 15 18 87 103 19 14 88 101 24 9 90 101 28 3 92 100 124 100 124 99 125 99 125 98 126 98 126 98 126 97 127 36 1 60 126 35 6 56 127 34 9 54 127 34 10 52 128 34 11 50 129 33 13 47 131 33 15 41 135 34 16 29 144 35 18 22 149 35 19 18 152 35 21 13 155 35 23 8 157 36 188 37 187 37 186 38 186 38 185 39 185 40 184 40 184 40 183 41 183 41 183 41 184 40 184 40 184 40 184 41 184 40 184 40 185 39 185 40 185 39 185 39 186 39 185 39 186 39 185 39 186 38 187 38 187 37 188 37 187 37 188 37 187 37 187 37 160 3 24 38 157 6 23 38 156 8 22 38 155 10 21 38 154 11 21 39 152 13 20 39 152 13 20 39 151 15 19 39 150 17 18 40 149 18 17 40 148 20 16 41 146 23 14 41 145 26 12 41 145 28 10 42 143 32 6 43 142 37 2 44 140 84 140 85 138 86 138 87 137 87 137 88 136 88 136 89 135 89 135 90 134 90 134 90 135 89 135 90 134 90 135 89 135 89 136 88 136 88 137 87 138 87 138 86 138 86 138 86 139 86 138 86 138 86 138 87 136 88 136 88 136 89 135 89 134 91 133 92 131 93 131 95 128 100 123 104 119 107 111 114 107 118 105 120 102 122 101 124 99 126 98 126 97 128 13 2 81 128 12 3 80 130 10 4 80 131 7 6 79 144 39 2 39 144 37 5 38 144 36 7 36 145 35 8 36 145 34 9 36 145 32 11 35 146 31 12 35 146 31 12 35 145 31 13 35 144 32 13 35 144 31 14 35 143 32 14 35 143 31 15 34 143 32 14 35 142 32 15 35 141 33 15 35 140 33 15 36 139 34 15 36 138 34 16 36 138 33 16 37 137 33 17 37 136 30 21 36 137 27 23 37 137 26 24 36 138 24 26 36 138 23 27 35 140 20 29 35 141 18 29 35 143 16 30 35 146 7 1 4 31 35 189 34 190 34 190 33 191 33 190 33 191 33 190 33 191 33 190 34 190 33 165 1 24 34 163 5 21 35 162 7 19 35 163 12 11 38 163 60 164 60 164 59 165 58 166 58 166 57 167 56 168 56 168 55 169 54 171 52 172 51 174 49 176 46 183 38 189 32 199 21 7037
9568 6 217 8 215 10 213 12 211 14 210 15 208 16 208 17 207 17 206 19 163 7 35 19 162 10 33 19 161 13 31 20 160 14 29 21 160 15 28 21 160 16 27 22 160 16 26 22 160 17 24 23 161 17 23 23 162 17 22 23 163 17 21 23 165 16 19 25 165 16 18 25 166 16 17 25 167 17 14 26 167 18 12 27 168 56 168 56 168 56 169 55 169 55 170 55 169 55 169 55 169 55 169 55 169 55 169 55 169 55 169 55 169 55 168 55 168 56 168 56 167 57 167 57 166 58 165 59 165 59 164 60 164 59 165 59 165 60 163 61 163 61 163 61 163 62 162 62 162 62 161 63 161 63 161 64 159 65 159 65 158 66 158 66 158 67 157 67 157 67 157 67 157 67 157 67 157 67 158 67 157 67 158 66 158 66 159 65 160 64 161 63 162 62 162 62 163 61 165 59 166 58 168 56 170 54 171 53 172 53 171 53 171 53 171 54 169 55 169 56 167 57 165 60 162 62 159 66 154 70 151 73 148 76 146 79 141 83 137 87 127 97 122 102 118 107 114 110 112 112 109 115 107 117 105 119 103 121 102 122 100 124 99 125 97 127 96 128 95 129 94 130 93 131 91 133 90 134 89 135 88 137 86 138 84 140 83 141 82 143 80 144 78 146 77 147 76 148 76 149 74 150 74 150 73 151 73 151 73 151 73 151 73 150 74 150 74 150 74 151 74 150 74 149 76 148 76 148 78 146 79 29 3 113 81 23 8 112 83 12 17 111 113 111 114 110 115 108 123 10 6 5 3 77 150 3 4 7 6 53 174 33 3 13 178 29 8 7 184 23 203 19 206 17 209 12 213 7 4100
12698 21 200 30 191 35 186 40 93 4 86 42 78 6 4 10 82 45 76 23 79 47 74 27 75 49 72 40 62 51 70 46 56 53 68 62 40 54 67 70 30 58 65 74 25 60 64 76 22 63 63 78 18 65 62 80 15 68 60 86 6 72 60 164 59 165 59 165 58 166 58 167 56 168 56 168 55 169 55 169 55 169 55 169 55 169 55 169 55 168 56 168 56 168 56 168 56 168 56 167 57 167 57 167 58 165 59 165 59 165 60 164 60 163 62 162 62 162 63 161 63 161 64 160 65 159 65 159 66 157 67 157 68 156 68 156 69 155 69 155 69 155 70 153 71 153 72 152 72 152 74 149 76 148 77 147 79 145 80 143 83 141 90 134 93 131 94 130 96 127 98 126 100 124 101 71 4 48 102 67 9 45 105 63 13 43 106 61 15 42 107 59 17 41 108 57 19 39 110 56 20 38 111 54 21 38 112 53 22 36 113 53 23 35 113 53 24 33 114 29 4 20 25 32 114 28 7 18 26 31 113 28 9 17 27 29 114 27 11 17 27 28 114 26 13 16 28 27 113 26 14 16 29 26 113 26 15 15 31 24 113 25 16 15 32 22 113 26 16 15 33 21 113 25 17 15 34 20 112 25 19 14 34 20 111 26 19 13 36 18 110 27 21 12 36 18 108 28 23 10 36 19 104 31 25 8 37 18 103 32 27 6 38 18 101 33 71 19 100 32 72 19 100 32 72 20 100 30 72 21 100 30 71 23 100 28 72 24 100 26 73 24 102 22 76 24 102 19 79 23 105 13 83 22 203 21 203 20 206 17 209 13 12151
10820 9 210 20 200 26 196 29 193 33 189 35 187 38 184 41 181 43 180 44 179 45 178 46 177 47 176 48 176 47 177 47 176 47 177 46 177 47 177 45 179 43 181 36 188 34 189 34 190 34 190 33 191 33 191 33 36 9 146 33 29 20 142 33 26 25 140 34 21 30 139 36 16 35 137 40 9 39 136 90 134 91 133 92 132 93 131 94 130 95 129 96 128 97 127 98 126 98 126 99 125 99 125 100 124 100 124 101 123 102 122 102 121 104 120 104 120 105 118 106 118 107 117 107 116 108 116 108 116 109 114 110 114 110 114 110 114 111 113 111 113 111 112 112 112 111 113 111 112 112 112 112 111 113 111 113 110 113 111 113 110 114 110 114 110 113 110 114 110 114 110 113 110 114 110 114 110 114 110 114 110 114 110 114 110 113 110 114 110 114 110 114 110 113 111 113 111 113 111 113 111 113 111 113 111 113 111 113 111 113 111 113 111 113 111 113 111 113 111 113 111 113 111 114 111 112 112 112 113 111 114 110 116 30 2 76 118 25 6 74 122 20 8 74 126 11 14 73 151 72 152 72 153 70 154 70 154 70 154 70 153 71 153 70 154 70 154 70 154 69 155 69 155 69 156 68 156 68 157 66 158 66 159 66 159 65 160 64 161 63 161 63 162 24 3 36 163 20 7 34 164 18 9 33 166 15 10 33 169 11 11 33 174 5 12 33 191 32 192 32 193 30 195 28 197 27 198 25 200 23 202 21 205 17 209 11 5476
14484 11 210 15 169 14 24 18 167 18 19 20 166 21 16 21 165 24 13 22 165 26 8 25 165 59 165 59 165 58 165 59 165 59 165 59 164 59 163 61 154 70 148 75 146 78 143 80 142 81 142 82 140 83 140 84 139 85 138 85 139 85 138 86 137 87 137 87 137 87 136 88 136 88 136 88 135 89 135 89 135 89 134 90 134 90 134 90 133 91 133 90 134 90 134 90 134 90 134 90 134 90 134 90 134 90 134 90 134 90 134 90 134 90 134 90 135 89 135 89 135 89 135 88 137 87 137 87 137 87 138 86 138 86 139 85 139 84 141 83 142 82 142 82 143 81 143 81 144 79 146 78 147 76 149 75 151 73 152 71 155 69 158 65 161 63 165 58 171 53 172 52 174 49 176 48 177 46 178 45 180 43 182 41 184 40 185 39 187 36 190 34 191 33 10 1 182 32 4 9 181 44 183 42 184 41 186 38 188 37 188 36 189 35 190 33 194 29 198 7 2 16 215 6 12616
7045 11 210 23 198 34 188 40 182 43 178 48 174 52 170 57 165 61 163 63 160 65 158 68 155 71 152 74 149 77 147 78 145 80 144 80 143 82 141 83 141 84 139 85 138 87 136 89 134 90 133 92 131 94 129 96 128 96 127 98 126 98 126 99 124 100 124 100 123 101 123 102 121 103 119 106 116 108 106 118 100 125 95 129 92 133 88 137 84 140 80 145 65 160 56 170 51 174 49 176 48 176 48 176 48 176 48 176 48 177 47 177 47 177 47 177 47 178 46 178 46 178 46 178 46 178 46 178 46 178 46 177 47 177 47 176 48 43 5 128 48 42 7 127 48 41 10 124 49 41 11 123 49 41 12 122 49 41 12 122 50 40 12 122 50 40 12 122 53 37 12 123 53 34 15 122 54 30 18 121 56 26 22 120 57 22 25 120 59 16 29 121 103 121 103 122 102 122 102 122 102 123 100 124 100 124 100 125 98 126 98 126 98 127 96 128 96 129 95 129 94 130 94 131 92 132 92 132 92 132 93 131 94 130 95 129 95 130 95 129 96 128 96 128 97 127 98 126 99 126 99 125 100 124 101 123 103 122 103 121 104 120 105 119 106 119 105 119 106 118 107 117 108 116 110 114 111 114 111 113 111 113 112 112 112 112 113 111 114 110 115 109 116 108 118 107 119 105 120 104 120 105 120 104 121 104 122 102 123 102 123 101 124 101 123 101 124 101 123 102 123 43 5 53 125 40 8 52 125 38 10 52 124 37 11 52 125 36 11 52 125 36 11 53 124 36 11 53 124 36 11 53 124 36 10 55 123 37 9 55 122 38 8 56 123 38 6 58 122 39 5 58 122 40 3 59 122 102 123 101 123 102 122 102 123 101 123 101 123 101 123 100 124 100 124 100 124 99 125 99 126 97 127 61 4 31 127 60 9 27 129 57 14 22 131 52 23 16 133 49 175 48 176 48 176 47 177 47 177 47 177 46 178 46 178 46 179 45 179 45 179 45 180 44 181 42 182 42 183 41 79
5537 14 205 24 195 33 187 40 181 45 177 49 172 53 169 57 165 61 161 65 158 69 153 72 151 75 147 78 145 79 144 81 142 83 140 84 139 86 137 87 137 87 136 89 134 90 134 90 133 92 132 92 131 93 131 93 130 95 128 96 128 96 127 97 127 98 125 99 124 100 124 100 123 102 121 103 120 104 119 105 118 106 117 108 115 109 114 110 113 112 112 112 111 113 111 113 110 114 110 114 109 116 107 117 106 118 106 118 105 119 105 119 104 120 104 121 102 122 101 124 100 124 99 125 98 126 97 128 95 129 94 130 92 133 90 134 89 136 87 139 83 142 81 143 80 144 79 145 77 147 75 149 68 156 62 162 57 167 52 172 48 176 46 178 42 182 39 185 32 192 27 197 6 3 7 208 1 7390 1 223 1 219 5 215 9 212 12 210 14 209 15 208 16 207 17 206 18 205 19 203 21 202 22 201 23 199 25 198 26 197 27 197 27 197 27 197 27 197 27 197 27 197 27 197 27 197 27 197 27 197 27 198 26 198 26 198 26 198 26 198 26 198 26 198 26 198 26 198 26 199 25 199 25 199 25 199 25 199 25 199 25 200 24 200 24 200 24 200 24 200 24 201 23 201 23 201 23 201 23 202 22 202 22 202 22 202 22 203 21 203 21 203 21 203 21 203 21 203 21 203 21 204 20 204 20 204 20 204 20 205 19 205 19 206 18 206 18 206 18 206 18 206 18 206 18 206 18 206 18 206 18 206 18 206 18 206 18 205 19
12868 5 217 8 215 10 213 11 212 12 211 13 211 13 211 14 210 14 210 14 209 15 185 10 14 15 183 15 10 16 182 18 6 19 180 44 179 45 179 45 179 45 179 45 179 45 179 45 179 45 179 46 178 47 177 47 177 48 176 48 177 48 176 49 176 49 175 50 175 50 174 53 172 73 152 78 146 89 136 90 134 92 132 94 130 97 127 99 126 100 124 102 122 103 121 105 119 106 118 107 116 109 115 110 114 111 113 112 112 113 111 114 110 114 110 115 109 116 108 117 107 117 107 118 106 118 107 118 106 119 105 119 105 120 104 120 104 121 104 120 104 120 104 120 105 120 104 120 104 120 105 119 105 119 106 119 105 119 105 119 104 120 104 121 102 122 101 123 100 124 99 125 98 126 97 127 97 126 97 127 96 128 96 128 95 129 94 130 93 131 80 3 9 132 77 146 77 147 76 148 76 148 75 148 76 148 76 147 77 146 79 144 80 143 82 141 84 137 89 51 3 73 101 37 20 63 109 27 29 55 114 24 35 49 117 22 49 35 119 20 58 24 123 17 65 8 135 15 210 12 216 5 11799
8807 31 188 40 177 51 163 64 156 70 150 75 147 78 145 80 142 83 140 85 138 86 137 87 136 89 135 89 134 90 134 91 132 92 132 92 131 93 131 94 129 95 129 96 128 96 127 98 126 100 123 103 120 106 118 108 116 111 112 114 110 116 108 117 107 119 105 120 104 121 103 122 102 124 100 125 99 126 99 127 97 128 96 130 94 131 93 133 91 135 89 136 88 138 86 138 86 139 85 140 85 139 85 140 84 141 83 141 84 140 85 140 85 139 87 138 89 135 91 133 92 133 104 120 106 118 107 118 109 115 111 113 114 110 117 108 122 102 123 101 125 99 128 96 130 94 132 92 133 91 134 90 135 89 136 88 137 87 138 86 139 85 140 84 140 84 140 85 139 85 140 85 139 85 139 85 139 84 141 83 141 82 142 82 142 81 144 80 144 80 144 80 144 81 143 81 144 81 144 80 145 80 145 80 145 80 145 80 146 78 147 78 148 77 149 76 149 76 149 76 149 76 148 77 148 78 147 79 146 38 5 38 144 35 10 37 144 34 11 36 143 34 13 35 143 35 13 34 143 36 15 31 143 36 15 30 143 36 16 29 144 36 17 27 145 35 18 25 147 34 20 22 150 33 20 20 153 31 21 13 168 22 22 7 175 20 205 19 206 18 207 17 207 17 208 16 209 14 211 13 212 10 216 6 10603
13520 2 215 14 200 27 193 33 188 37 185 41 181 44 179 46 177 48 175 50 173 51 172 53 170 54 169 56 168 56 167 57 166 58 166 58 165 59 165 59 165 59 164 60 164 60 163 61 163 61 163 61 163 61 162 62 162 62 162 62 161 63 161 63 161 62 161 63 161 63 160 64 160 64 160 64 159 64 160 64 159 65 159 65 159 66 157 67 157 67 157 67 157 67 156 68 156 68 156 68 155 69 155 70 153 71 153 71 153 72 151 73 151 74 150 74 150 74 150 75 148 76 148 77 147 77 147 77 147 77 147 77 147 77 147 77 147 77 148 76 148 76 148 76 149 75 149 75 149 75 150 74 150 74 150 74 150 73 152 72 153 71 153 71 154 70 155 68 156 68 157 67 157 67 158 23 11 31 159 21 15 29 159 20 17 27 161 19 18 26 161 19 18 26 161 19 19 25 162 18 19 25 162 18 19 25 162 18 19 25 163 17 19 25 163 18 18 25 163 18 18 25 164 17 18 26 163 17 19 25 163 18 18 25 163 18 18 25 163 18 18 25 163 18 17 26 163 19 16 26 163 19 17 25 163 19 17 25 164 18 17 26 163 18 17 26 164 17 17 26 164 17 17 26 164 17 17 26 164 17 18 25 164 17 18 25 164 17 17 26 164 17 17 26 164 18 16 25 165 18 16 25 165 18 15 25 166 18 15 24 168 16 16 21 171 16 16 15 178 15 17 12 181 13 18 11 184 11 19 10 186 8 22 7 190 4 8231
20319 10 209 19 192 38 142 90 128 100 120 106 116 110 111 114 108 118 104 122 99 128 94 133 90 136 86 139 84 141 82 143 80 144 79 146 77 148 75 149 74 150 72 153 70 154 68 156 67 157 65 159 64 160 63 161 62 162 60 165 58 166 55 169 49 175 47 177 44 180 43 181 41 183 39 185 38 186 37 187 35 189 33 191 26 198 23 201 21 203 19 205 19 205 18 206 17 206 18 206 18 205 19 205 19 205 19 204 21 203 22 202 22 202 24 199 27 197 29 195 31 193 32 192 34 190 35 189 36 188 36 187 38 186 39 184 41 182 42 118 5 58 44 114 9 55 47 110 13 52 51 106 16 44 62 100 18 38 76 89 22 32 83 83 27 29 87 76 33 25 91 72 37 21 95 69 42 12 102 66 159 63 162 62 164 59 166 57 168 55 170 54 170 53 172 52 172 51 174 50 174 49 176 47 178 45 180 44 181 42 184 38 188 35 191 31 196 26 202 6 4 8 7747
12217 38 182 48 173 57 162 73 149 79 144 82 141 88 134 95 127 100 122 104 119 107 115 110 113 112 111 115 108 117 106 119 103 122 101 124 99 126 97 127 96 129 94 131 91 133 90 135 87 137 86 139 84 141 83 141 82 143 81 143 80 145 79 145 79 145 79 145 79 146 78 146 78 146 78 146 79 145 79 145 80 143 81 143 81 143 82 142 82 142 82 142 82 142 83 140 84 140 84 139 85 138 86 137 87 136 88 135 88 135 89 134 89 135 88 135 89 135 88 135 88 136 88 135 88 135 88 136 88 134 89 134 89 134 89 135 88 135 89 134 89 135 88 136 87 136 87 137 86 138 86 138 85 138 85 139 85 139 84 140 84 140 83 140 83 141 83 141 82 141 83 141 82 142 82 141 82 142 82 142 81 142 81 143 80 144 80 144 79 145 78 146 76 148 75 149 75 149 74 151 72 152 71 153 70 155 69 155 68 156 67 158 65 159 64 161 62 162 61 163 60 164 60 164 59 166 57 167 55 170 52 173 46 179 43 181 42 182 40 185 38 186 36 187 35 189 33 191 32 192 31 193 30 193 29 194 29 195 27 196 27 197 26 197 25 198 25 199 24 199 25 198 26 198 26 197 27 197 27 197 27 196 28 196 28 196 28 195 29 195 29 195 29 195 29 194 30 194 30 194 30 193 31 192 32 192 32 191 33 191 33 190 34 189 35 189 35 188 36 187 37 187 37 186 38 186 38 185 39 185 39 184 40 184 40 184 40 183 41 183 41
9097 7 214 11 212 13 209 16 207 17 164 1 41 18 160 9 36 19 159 12 33 20 159 14 30 21 158 17 27 21 159 18 25 22 159 19 23 23 159 20 21 24 159 22 18 25 159 24 13 28 159 28 3 34 159 64 160 64 160 64 160 64 160 64 160 64 161 63 161 63 161 63 161 63 161 64 161 63 161 63 161 63 161 63 161 63 161 63 161 63 161 63 162 62 162 62 162 62 162 62 162 62 162 62 162 63 161 63 161 63 161 63 161 63 161 63 161 63 161 63 161 63 161 63 161 63 161 63 161 63 161 63 161 63 161 63 161 63 161 63 161 63 160 65 159 65 159 65 159 65 159 66 158 66 157 67 157 68 156 68 156 68 156 69 154 70 154 70 154 70 153 71 153 71 153 71 152 72 152 72 151 73 151 73 150 74 150 73 150 74 149 75 149 75 148 76 148 76 147 77 146 77 147 77 147 77 147 77 146 78 146 77 147 77 146 78 146 78 146 78 146 78 146 78 145 79 145 79 145 79 145 79 144 80 144 80 144 80 143 81 143 81 143 81 142 82 142 81 142 82 142 82 141 83 141 83 140 84 140 84 140 84 139 85 139 85 139 85 138 86 138 86 137 88 136 88 136 88 135 89 135 89 135 90 133 91 133 91 133 92 131 94 130 94 130 95 129 95 128 97 127 97 127 97 127 97 127 97 127 98 126 98 126 98 126 98 126 98 126 98 126 98 126 98 126 98 126 98 127 96 128 96 128 96 128 96 129 95 129 94 130 94 130 94 130 93 131 93 132 91 133 90 134 89 135 88 136 88 136 87 138 85 139 84 140 83 142 81 143 81 144 79 146 77 147 77 148 76 149 74 150 74 151 73 151 73 151 73 152 71 86
1593 12 210 21 202 26 197 31 193 36 188 55 169 58 166 61 162 63 161 64 160 66 158 67 157 67 157 68 155 70 154 71 153 71 153 72 152 73 78 7 66 73 74 15 62 74 71 23 55 75 69 32 48 76 67 41 40 76 66 45 37 77 64 49 34 77 64 51 31 78 63 54 29 79 61 57 27 79 61 61 23 80 59 64 21 80 59 66 18 81 59 68 16 82 57 69 17 81 21 14 22 69 17 82 11 30 14 70 17 83 6 38 9 71 17 207 17 207 17 207 18 11 3 192 19 8 6 191 34 190 34 190 34 190 35 189 35 189 35 189 35 189 35 189 36 188 36 188 36 188 37 187 37 187 37 187 38 186 39 185 40 184 41 183 42 181 45 178 47 176 49 174 52 171 54 170 56 167 59 164 62 143 2 16 64 140 5 14 66 137 7 13 68 135 9 12 70 132 10 11 72 129 12 11 73 127 14 9 75 125 15 8 77 124 15 8 77 123 17 6 78 123 18 3 80 123 102 121 103 121 103 121 103 120 104 120 105 119 105 119 105 119 105 119 105 119 105 119 106 117 107 117 107 117 107 117 107 117 107 116 108 116 109 115 109 115 109 115 109 115 109 115 109 115 109 115 109 115 108 116 108 116 108 116 108 116 108 116 108 115 109 115 109 115 110 114 110 114 110 114 110 114 109 115 109 114 110 114 110 114 110 114 109 114 110 114 110 114 109 114 110 114 110 113 110 114 110 114 110 113 111 113 110 113 111 113 111 113 111 112 112 112 111 113 111 113 111 113 111 114 110 114 109 115 109 115 108 117 106 118 103 121 97 127 90 134 85 139 81 143 78 146 76 148 73 151 69 155 63 161 58 166 52 172 48 176 47 177 47 177 47 177 47 177 47 176 48 176 48 176 48 176 48 176 48 176 48 175 49 175 49 174 50 173 51 173 51 172 52 172 52 171 53 171 53 171 53 171 53 171 53 170 54 170 54 170 54 170 54 170 54 170 54 170 54 170 54 170 54 170 54 170 54 170 54 170 54 170 54 170 54 170 54 170 54 171 53 171 53 171 53 171 53 171 53 171 53 171 53 172 52 172 52 172 52 172 52 173 51 173 51 173 51 174 50 174 50 174 50 174 50 173 51
9297 12 192 11 3 21 186 43 178 58 163 63 159 67 154 71 151 74 147 79 143 82 139 87 135 91 131 94 129 96 127 99 124 101 123 102 121 103 121 104 120 104 120 105 119 105 120 104 120 104 120 104 121 103 121 103 122 102 122 102 123 101 123 101 123 101 124 100 124 100 124 100 125 98 127 97 127 96 129 95 130 94 131 92 133 91 134 90 135 89 136 87 138 86 138 86 139 85 140 84 140 84 140 84 141 83 141 83 142 82 142 82 142 81 143 81 143 80 144 79 145 79 145 79 144 80 144 80 143 81 143 81 143 81 142 82 142 82 141 83 141 83 141 83 140 84 139 85 137 87 133 91 125 99 120 104 114 110 110 114 107 117 104 120 101 123 98 126 96 128 93 131 91 133 89 136 86 138 84 140 82 142 79 146 76 148 74 151 66 158 65 160 63 161 62 163 61 163 61 163 61 164 59 165 59 165 59 166 58 166 58 166 58 167 57 167 58 166 58 167 57 167 57 167 57 168 56 168 56 168 56 168 56 169 55 169 55 169 55 169 55 170 54 170 54 170 54 170 54 171 53 172 52 172 52 173 51 174 50 176 48 178 46 179 45 181 43 182 42 183 41 185 39 186 38 187 37 187 37 188 36 189 35 189 35 190 34 192 32 194 30 195 29 197 27 199 25 200 24 203 21 207 17 209 15 212 11 214 10 216 8 218 6 219 5 220 4 220 4 221 3 221 3 221 3 221 3 221 3 221 3 222 2 221 3 221 3 220 4 219 5 218 6 206 3 8 7 36 13 156 5 6 8 34 17 39 31 81 22 31 22 29 51 31 29 2 30 26 28 23 147 9 49 14 155 2 1562
2508 8 215 10 213 12 212 13 210 15 209 15 209 16 208 17 207 17 207 18 206 18 206 19 38 5 161 21 34 10 159 21 32 13 158 22 29 16 157 23 27 17 157 25 23 19 157 30 17 21 156 35 10 23 156 40 1 27 156 67 158 66 158 66 158 66 158 65 159 65 159 65 159 64 160 64 160 63 162 62 162 61 163 61 162 61 163 61 163 60 164 59 165 58 166 57 167 56 168 56 168 55 169 54 170 54 170 53 171 53 170 54 170 53 171 53 171 53 171 53 171 53 171 53 171 53 171 53 171 53 171 54 170 54 169 55 169 56 168 56 168 56 168 56 168 56 168 56 168 56 167 57 167 57 167 58 165 59 165 59 165 59 165 60 163 61 163 62 162 63 161 63 160 65 159 66 158 67 157 69 155 70 154 71 152 74 150 75 149 75 149 76 148 77 147 78 146 78 146 79 145 79 146 79 145 79 145 80 144 80 144 81 143 82 142 82 142 83 141 83 141 84 140 84 141 84 140 84 139 85 139 85 139 86 139 85 139 85 140 84 141 83 142 83 141 83 141 83 141 83 142 83 141 83 141 84 140 84 140 84 140 85 139 85 139 85 140 85 139 85 139 85 139 86 139 85 139 85 139 85 139 86 139 85 139 85 139 85 139 85 140 84 140 84 140 84 140 84 140 84 141 83 141 83 141 84 140 84 140 84 141 83 141 83 141 83 141 83 142 82 142 82 142 81 143 81 143 81 144 80 144 80 144 80 144 80 144 80 145 79 145 79 145 79 145 79 146 78 146 78 146 79 145 79 145 79 145 79 145 80 145 79 145 80 144 80 144 81 143 81 143 81 143 82 142 82 142 83 141 86 138 92 132 102 122 103 121 103 121 103 121 101 123 99 125 98 127 95 129 94 130 93 131 93 132 93 131 94 130 95 129 97 126 97 127 89 135 86 138 84 139 83 141 81 143 80 144 78 145 74 150 66 158 62 162 33 3 21 167 32 6 17 169 32 7 15 170 32 8 13 172 30 11 9 123
10842 7 206 22 198 30 191 36 186 39 184 41 181 44 178 46 177 48 175 50 172 54 169 56 166 60 163 62 160 66 157 68 155 70 153 72 151 74 149 76 148 77 146 79 144 80 144 81 143 81 142 83 141 84 140 84 139 86 138 86 138 87 137 87 137 88 135 89 135 89 135 90 134 90 134 91 133 91 133 91 133 91 133 91 133 92 132 92 133 93 131 95 129 97 127 99 126 101 123 102 122 104 121 105 119 106 119 107 118 107 117 109 116 110 114 112 113 112 112 114 110 116 108 118 106 120 104 123 102 124 100 127 97 129 95 131 93 132 91 133 91 134 90 134 90 134 89 135 89 136 87 137 87 137 87 137 86 138 86 138 85 139 85 139 85 139 84 139 85 139 84 140 84 139 84 139 85 137 86 135 89 128 96 116 107 115 109 112 111 110 113 110 114 109 114 110 113 111 113 110 113 111 112 112 112 112 111 113 111 112 111 113 111 112 111 113 111 57 1 54 112 49 12 50 112 47 16 48 113 46 17 46 115 45 18 45 116 44 19 44 117 43 21 42 118 43 21 42 118 42 22 41 119 41 23 40 120 41 23 40 120 41 24 39 120 41 24 38 121 41 24 38 121 41 25 37 121 41 25 37 122 40 25 36 123 40 25 36 123 40 25 36 123 40 26 35 123 40 26 34 125 39 26 34 125 40 25 34 126 39 26 33 126 39 26 33 127 38 26 33 127 38 26 34 126 38 27 32 127 38 27 32 128 37 27 32 128 37 27 32 128 37 28 31 128 37 28 30 129 36 30 28 130 36 31 27 130 36 32 25 132 34 34 23 133 33 37 20 134 33 39 16 137 31 42 10 141 29 195 28 197 25 199 23 202 21 204 18 208 12 4871
9086 13 208 20 203 24 198 29 194 32 191 35 188 37 186 40 183 42 181 45 178 47 176 49 175 50 173 51 172 53 171 53 170 55 169 56 167 57 167 57 166 58 166 58 165 60 164 60 164 59 165 59 164 60 164 60 164 60 163 61 163 61 163 60 163 61 162 62 162 62 161 62 161 63 122 6 32 64 120 9 30 65 119 12 12 2 13 66 118 15 5 12 6 68 118 106 117 107 117 107 116 108 116 108 115 109 114 110 114 110 113 111 112 112 112 112 111 113 111 113 110 114 110 114 110 114 110 114 110 114 110 114 110 114 110 114 110 114 111 113 111 113 111 113 111 113 111 114 110 114 110 114 110 114 110 114 110 114 110 114 110 114 110 114 110 114 110 114 111 113 111 113 111 113 111 84 4 24 113 82 7 22 113 80 10 21 113 80 10 21 113 79 12 20 113 78 14 18 115 76 15 18 115 76 16 17 115 75 18 17 114 74 20 16 115 73 21 15 115 72 23 14 116 71 24 13 116 70 26 12 117 69 26 12 117 68 28 11 118 66 29 11 119 64 31 10 119 63 32 9 121 62 33 8 122 60 35 6 123 59 37 4 125 57 168 55 170 53 172 51 173 50 175 48 177 46 178 46 179 44 180 44 181 42 182 41 184 40 184 39 185 38 187 36 188 35 189 35 189 34 191 33 191 33 191 33 191 33 192 31 193 31 194 30 195 29 196 28 198 25 202 22 203 20 206 17 209 14 213 9 10655
3909 19 201 31 190 37 181 47 174 52 169 58 165 62 161 65 158 68 155 72 151 74 149 77 146 80 142 84 139 86 135 91 131 94 129 96 127 98 125 101 122 103 120 105 118 107 116 108 115 110 113 112 111 114 109 116 106 119 104 120 103 122 100 126 97 128 95 130 93 133 91 135 88 137 86 140 84 141 82 142 82 143 81 144 79 145 79 145 79 146 78 146 78 146 77 147 77 148 76 148 76 149 76 149 75 149 75 150 74 150 75 150 74 150 74 150 74 151 73 151 74 151 73 151 73 151 73 152 73 151 73 151 73 152 73 151 73 151 73 151 74 151 73 151 73 152 73 151 73 151 73 152 73 151 73 152 73 152 72 152 72 153 71 153 71 154 69 155 69 155 69 155 68 157 67 157 66 158 66 158 66 158 65 159 65 158 66 158 66 158 66 158 66 158 66 158 66 158 66 157 67 157 67 157 67 156 69 154 70 154 71 152 72 152 73 151 74 150 74 150 75 150 75 149 76 149 76 149 76 149 76 149 77 147 78 147 78 147 78 147 77 148 76 149 75 150 74 151 73 152 72 153 70 155 69 157 67 158 65 161 63 163 60 165 59 165 59 165 58 166 58 166 57 167 57 167 56 168 56 168 56 168 56 168 55 169 55 169 55 169 55 169 55 169 55 169 54 170 54 170 54 170 54 170 54 170 54 170 54 170 54 170 54 170 54 170 54 170 54 170 54 170 54 170 54 170 54 170 54 170 54 170 54 170 54 170 54 170 54 170 54 170 54 170 54 170 54 170 55 169 55 169 55 169 55 169 55 169 55 169 55 169 55 169 56 168 56 168 56 168 56 168 57 167 57 167 57 167 57 167 57 167 58 166 58 166 58 166 58 166 58 166 58 166 58 166 58 166 59 165 59 165 59 165 60 164 60 164 61 163 61 163 62 162
5937 20 200 27 194 34 187 40 181 46 176 50 172 54 169 57 165 61 162 63 159 67 156 69 154 72 151 74 149 76 147 77 146 79 144 81 142 82 142 82 141 84 140 84 139 86 138 86 137 88 136 88 135 90 134 90 134 90 133 92 132 92 132 93 130 94 130 95 129 95 129 96 127 97 127 97 127 98 126 98 126 98 125 100 124 100 124 100 124 100 124 101 123 101 122 102 122 103 120 104 120 104 119 105 119 105 118 106 118 106 118 106 118 106 118 106 117 107 117 107 117 106 118 106 118 105 119 105 120 103 121 103 122 101 123 101 124 99 125 99 126 98 126 98 127 97 127 97 127 97 127 97 127 98 126 98 126 98 125 99 125 99 125 100 124 100 124 100 124 100 124 100 124 100 123 101 123 101 123 101 123 101 124 100 124 100 124 100 124 100 124 100 125 99 125 99 126 98 127 97 128 96 128 95 130 94 131 93 132 92 132 92 132 92 133 91 133 91 133 91 134 90 134 90 134 90 135 89 135 88 136 88 137 87 137 86 138 86 138 86 139 84 140 84 140 83 142 82 142 82 142 81 144 80 144 79 146 78 147 77 148 75 149 75 150 74 151 73 152 72 152 72 153 70 154 70 155 69 155 69 156 68 156 68 156 68 157 67 157 35 2 30 157 32 7 28 157 31 9 27 157 31 10 26 157 30 12 25 158 29 12 25 158 29 13 24 159 28 13 24 159 28 14 23 160 27 15 22 160 27 15 22 160 27 15 23 159 27 16 22 160 25 17 22 160 25 18 21 160 25 18 22 159 25 19 21 159 25 19 21 159 25 20 20 159 25 20 20 159 25 21 19 159 25 21 19 159 25 21 19 159 25 22 18 159 25 22 18 159 24 23 18 159 24 23 18 159 24 23 18 159 24 23 17 161 23 23 17 161 23 23 17 161 23 24 15 162 22 25 15 162 22 26 13 163 21 28 11 165 20 29 9 166 19 206 18 207 16 209 15 210 13 211 12 214 10 215 8 217 5 2124
7242 11 192 35 182 43 178 48 175 50 173 53 170 55 169 56 168 57 167 58 166 59 165 61 164 63 161 67 158 74 150 79 146 82 143 83 142 85 142 1 7 76 149 78 147 96 128 98 126 100 125 101 123 102 123 102 122 103 122 103 122 103 121 103 122 104 121 104 120 105 119 107 118 108 116 109 115 111 113 112 112 114 110 115 109 116 107 118 106 119 105 119 104 121 103 122 101 124 100 125 99 126 97 127 97 128 95 129 95 129 95 129 94 129 95 127 97 124 100 113 1 8 102 111 113 110 113 110 114 109 115 109 115 109 115 109 115 109 115 110 114 111 113 112 112 114 110 116 109 116 108 117 107 118 106 119 105 119 105 120 104 120 104 120 104 120 104 121 103 121 103 121 103 121 103 120 104 120 104 120 104 120 104 120 104 119 105 119 104 120 104 119 105 119 105 119 105 118 105 119 105 118 106 118 106 117 106 118 106 118 106 117 107 117 107 117 107 117 107 117 107 118 106 118 106 118 106 118 106 118 106 118 106 118 106 118 106 118 106 118 105 119 105 119 105 118 106 118 105 119 105 119 105 99 2 17 106 97 5 16 106 96 7 15 106 95 8 14 108 93 10 12 109 92 12 10 111 90 14 8 112 90 15 6 114 19 9 60 138 15 14 18 12 27 174 5 19 26 199 25 199 25 200 24 200 24 200 24 200 24 201 23 201 22 202 22 202 22 203 21 203 21 204 19 206 18 207 16 209 14 212 11 215 8 8821
2210 9 174 13 16 24 167 59 162 64 157 67 155 71 151 74 148 77 145 81 141 85 138 87 135 90 133 92 132 93 130 95 128 97 127 97 126 98 126 98 126 98 126 98 126 98 126 98 126 98 126 98 126 98 126 98 126 98 126 98 126 98 127 97 127 97 128 96 128 96 128 95 130 94 130 94 131 93 131 93 131 93 131 93 132 92 132 91 133 90 134 89 135 88 137 87 137 86 139 84 141 80 144 78 146 77 148 76 148 75 149 75 149 75 149 74 150 74 149 75 149 75 149 75 148 76 148 76 147 77 147 78 145 79 145 80 143 81 142 83 141 83 140 85 139 85 138 86 138 87 136 88 136 89 134 90 134 91 132 92 132 93 131 93 131 93 130 94 130 94 130 94 129 95 129 95 129 95 129 95 128 97 127 97 127 97 127 97 127 97 127 97 126 98 126 98 126 98 126 98 126 98 126 99 125 99 125 99 124 100 124 100 124 100 124 100 124 100 124 99 125 99 124 100 123 101 106 119 102 122 100 124 95 129 92 132 90 135 87 137 86 138 84 141 80 144 79 145 78 146 77 148 75 150 74 150 73 151 72 153 71 153 70 154 69 155 69 155 68 156 68 74 1 81 67 74 3 80 66 75 4 79 66 75 5 78 65 76 6 77 65 76 7 76 64 76 9 75 64 76 10 74 64 76 10 74 64 76 11 73 63 76 12 73 63 76 13 72 63 76 13 72 63 76 13 72 62 78 13 71 62 80 11 71 61 82 10 71 61 84 8 71 60 87 6 71 60 88 5 71 60 89 4 71 61 89 3 71 61 90 2 71 61 90 2 71 61 163 61 163 61 163 61 163 61 163 61 163 60 164 60 164 59 165 58 166 58 166 58 166 58 166 58 166 58 166 58 166 58 166 58 166 59 165 59 165 59 165 60 164 60 164 60 164 61 163 61 163 62 162 62 162 63 161 64 160 64 160 65 159 66 158 66 81 5 72 67 78 9 32 2 36 67 77 12 29 5 34 68 74 16 25 9 31 69 73 19 13 3 3 15 29 70 70 58 26 70 68 62 24 72 64 67 17 77 60 73 11 81 57 78 6 84 54 170 52 173 50 175 47 177 46 179 26 6 11 181 24 12 4 185 21 203 19 205 15 210 9 216 3 589
11541 8 215 10 212 13 209 15 187 9 12 17 185 13 6 20 184 40 183 41 183 41 182 42 182 42 182 42 181 43 181 43 181 43 180 44 180 44 179 45 179 46 177 47 177 48 175 49 175 50 173 51 173 52 171 53 171 54 170 54 169 55 169 55 169 55 168 56 168 57 167 57 167 57 167 57 166 58 166 58 166 58 165 59 165 60 164 60 164 61 162 64 160 66 158 68 156 70 154 72 151 75 149 77 147 78 146 80 144 81 143 82 142 83 141 84 140 85 139 87 137 88 137 88 136 89 135 90 134 91 133 92 132 93 131 94 131 93 131 94 130 95 129 95 130 95 129 96 128 96 129 96 128 96 128 97 128 97 127 97 127 98 127 97 127 98 127 97 127 98 126 98 127 98 126 98 126 99 126 98 126 98 126 99 126 99 125 99 125 100 125 100 124 100 124 101 124 101 123 101 124 101 123 102 122 102 122 103 122 102 122 102 122 103 121 103 122 103 121 103 121 103 122 103 121 103 122 102 122 102 122 103 122 102 122 102 122 102 123 101 123 102 122 102 122 102 123 102 122 104 120 113 112 116 108 118 106 119 105 121 103 121 103 122 103 122 102 123 101 123 101 124 99 125 99 125 99 125 100 124 100 124 102 121 104 28 12 34 28 16 114 14 7048
3333 7 215 11 211 15 207 17 205 20 202 22 201 23 199 24 199 25 197 26 197 26 197 26 196 27 196 27 195 27 196 27 195 27 196 27 196 26 197 26 196 26 197 26 197 26 197 26 197 25 197 26 197 26 197 26 196 26 197 26 197 26 197 26 197 26 147 10 41 24 136 30 33 24 134 37 28 24 131 45 24 23 130 50 20 23 129 54 17 23 127 59 14 23 126 62 12 23 126 65 9 24 124 69 5 25 123 100 123 100 122 101 119 105 115 108 113 110 112 112 110 114 109 115 107 117 106 119 103 121 102 123 100 126 97 128 95 129 94 131 92 132 92 133 90 134 89 136 88 136 87 138 86 138 85 139 85 140 83 141 83 141 82 142 81 144 80 144 79 146 78 146 77 148 75 150 73 152 72 153 70 155 69 156 68 157 66 159 65 159 66 159 65 159 65 160 64 160 65 159 65 160 64 160 65 19 2 138 65 18 5 136 66 17 6 136 65 16 7 136 66 14 8 136 66 13 9 136 67 11 10 137 67 9 11 137 68 7 12 137 69 4 14 137 87 138 86 138 85 140 84 140 84 140 84 141 83 141 83 141 83 142 82 142 81 143 81 144 80 144 80 145 79 145 79 145 78 146 78 146 78 147 76 148 76 148 76 148 75 149 74 151 73 151 72 152 72 152 71 153 70 155 69 155 69 155 68 156 68 157 67 157 66 158 66 158 66 159 64 160 64 160 64 160 64 160 63 82 2 43 5 29 63 82 3 41 9 26 63 82 3 40 15 21 63 82 3 39 19 18 63 57 2 22 4 39 21 15 64 56 3 22 5 38 22 14 63 57 4 21 5 38 23 13 63 56 4 23 4 37 25 12 63 56 4 23 4 37 26 11 63 56 4 23 4 37 27 9 64 57 3 24 4 36 28 8 64 57 3 26 1 37 29 6 65 58 1 65 100 123 101 123 101 123 101 123 101 124 100 124 100 125 99 126 98 127 97 129 96 129 95 131 93 132 92 133 91 134 90 134 90 135 89 135 89 136 88 137 88 136 88 137 87 137 87 137 88 136 88 136 88 136 88 136 88 135 89 135 90 133 91 133 91 133 91 133 92 132 92 132 92 132 92 132 92 132 93 131 93 131 93 131 93 131 93 131 94 130 94 130 94 129 96 128 96 128 96 128 96 127 98 126 98 126 98 125 53
2112 10 191 41 180 49 153 80 142 94 127 102 120 108 113 114 108 119 103 125 97 129 94 133 89 138 85 141 82 145 78 149 74 152 72 153 70 156 67 158 66 159 64 160 64 161 62 163 61 164 59 166 58 167 57 169 54 171 53 173 50 175 49 176 48 178 45 180 44 181 42 183 41 183 41 184 39 186 38 186 37 188 36 188 35 190 33 191 33 191 32 193 31 193 30 194 30 194 29 195 29 196 28 196 27 197 27 197 26 198 25 199 25 199 24 201 23 201 22 202 21 203 19 205 19 205 18 207 17 207 17 207 17 207 17 208 16 208 16 208 16 209 15 209 15 210 14 210 14 210 14 211 13 211 13 211 13 212 12 212 12 213 11 213 11 214 10 214 10 215 9 216 8 217 7 218 6 218 6 219 5 220 4 220 4 221 3 221 3 222 2 223 1 223 1 7391 1 223 1 223 1 223 1 223 1 223 1 223 1 223 1 223 1 223 1 223 1 223 1 223 1 223 1 223 1 223 1 223 1 223 1 8022 11 210 18 27 1 176 23 24 1 174 27 22 1 171 31 21 1 169 35 19 1 85 12 69 39 18 1 52 48 61 45 17 1 40 61 47 59 16 1 26 76 42 65 14 2 19 83 38 69 13 5 9 91 34 74 11 106 28 80 10 107 16 92 9 110 10 96 8 217 6 223 1 3585
815 7 213 18 201 26 194 32 190 36 185 41 180 46 174 52 170 56 165 61 160 67 85 2 68 71 79 9 64 74 75 14 60 76 73 16 58 78 71 19 55 80 69 21 53 82 68 22 51 84 67 22 50 86 66 23 49 86 66 25 45 89 65 25 44 91 64 26 41 94 62 28 39 96 62 28 35 99 62 29 27 107 61 30 22 112 60 32 16 117 58 35 8 123 58 167 57 168 56 169 55 170 54 171 53 173 51 174 50 176 48 177 47 178 46 180 44 180 44 181 43 182 42 182 43 182 42 182 42 183 41 184 40 185 39 185 38 187 38 187 37 187 37 188 36 189 35 189 35 189 36 189 35 189 35 190 34 190 34 190 34 190 34 191 33 191 34 191 33 191 33 192 33 191 33 191 33 191 33 191 33 190 35 189 35 188 36 187 37 187 37 186 38 186 38 185 39 184 40 183 41 182 42 180 44 178 46 177 47 175 49 174 50 173 51 172 51 172 52 171 53 171 53 170 54 169 55 168 56 168 56 167 57 166 58 166 58 165 59 165 59 165 59 164 60 164 60 163 61 163 61 162 62 162 62 161 63 161 63 161 63 160 64 160 65 159 65 158 66 158 66 157 67 157 67 157 68 155 69 155 70 154 71 152 73 151 74 150 75 149 75 149 76 147 78 146 79 145 79 145 80 143 82 142 83 140 84 140 85 139 86 137 87 136 89 134 90 133 92 131 94 129 96 127 98 125 101 115 4 1 110 106 123 99 127 97 130 93 135 89 137 87 139 85 140 84 141 84 141 83 142 82 143 81 144 80 145 80 145 79 146 78 147 77 148 76 151 72 155 69 158 66 162 9 2 51 176 47 178 46 178 46 179 44 180 44 180 44 180 45 178 46 178 47 177 48 176 48 176 48 176 49 174 51 173 51 173 52 171 53 171 53 170 55 169 55 168 55 168 56 167 57 166 58 165 59 165 59 164 60 164 61 162 62 162 62 162 62 162 61 162 62 163 61 163 61 163 60 164 60 164 60 165 59 165 59 165 59 166 57 167 57 168 56 169 55 169 55 170 53 171 53 172 52 172 51 173 51 173 50 175 48 62
14271 4 219 7 175 5 35 9 173 10 31 11 171 12 29 12 171 13 27 13 170 15 25 14 170 16 23 15 169 18 21 16 169 19 20 15 170 19 19 16 170 20 17 17 170 21 15 17 171 21 14 18 170 24 11 19 170 25 8 21 170 54 170 54 170 54 170 54 170 54 170 54 170 55 169 55 169 56 168 56 168 57 166 58 166 59 121 21 23 59 116 33 16 60 108 45 10 61 103 54 5 62 96 129 88 136 83 142 79 145 76 148 73 152 69 155 66 158 63 162 60 164 57 167 55 170 51 173 50 174 50 174 50 174 50 175 49 175 49 175 49 175 49 176 48 176 48 176 48 176 48 176 48 176 48 176 48 176 48 176 48 176 48 176 48 175 49 175 49 175 49 174 50 173 51 172 52 171 53 170 54 169 55 169 55 169 55 169 55 168 56 168 56 168 56 168 56 168 56 167 57 167 57 167 57 167 57 167 57 167 58 165 61 163 62 162 63 161 64 159 65 159 66 158 67 157 68 155 70 154 71 152 72 152 73 150 75 148 77 146 78 145 80 144 81 142 83 140 85 138 88 135 90 134 92 131 94 129 97 126 99 124 101 118 107 113 113 48 5 54 118 45 9 50 121 43 11 48 124 40 12 47 127 38 11 46 132 35 10 45 134 36 8 44 137 36 6 43 140 83 141 82 142 81 143 80 144 80 144 80 144 80 145 80 144 81 144 80 145 80 144 81 144 81 144 81 7 1 137 80 4 3 138 79 2 5 139 85 139 85 140 84 140 84 140 85 138 86 138 86 136 90 133 91 132 87 138 74 152 57 168 3 8 40 173 2 20 2 7 18 174 3 29 18 174 3 27 20 174 3 26 21 175 1 27 21 204 19 207 17 208 16 210 6 5 2 126
9538 6 216 10 213 12 211 14 209 15 208 17 207 17 206 19 204 20 204 20 203 21 202 22 202 23 200 24 199 25 198 26 198 26 197 28 196 28 195 29 195 29 194 30 194 30 194 30 193 31 193 31 125 10 57 32 123 14 55 33 121 18 50 35 120 21 47 36 120 23 41 40 120 24 31 49 119 27 26 52 119 29 21 55 119 31 17 57 119 33 13 60 118 35 9 62 118 37 5 64 118 107 117 107 118 106 118 106 118 106 118 106 118 106 118 106 118 106 119 105 119 105 119 105 120 104 120 104 120 104 121 103 121 103 122 102 122 102 123 101 123 101 124 100 125 99 125 99 125 99 126 98 126 99 126 98 126 98 126 97 127 97 128 96 128 96 129 95 129 95 130 95 130 94 131 92 133 91 134 90 134 90 135 89 136 88 137 87 138 86 139 84 140 84 141 83 142 82 143 81 143 80 145 79 145 79 146 77 147 77 147 77 147 77 147 77 147 77 146 79 145 79 144 80 143 82 142 82 141 84 139 85 139 86 137 87 136 89 134 90 133 92 131 94 129 96 126 98 125 100 122 103 120 105 117 108 115 110 113 113 110 116 107 120 103 126 97 130 93 133 91 134 89 135 88 137 86 138 85 139 84 139 85 139 84 138 85 136 88 133 91 129 94 125 99 120 104 101 122 94 130 90 134 84 140 31 193 26 198 23 201 20 205 17 208 14 214 7 8019
325 17 206 19 204 21 202 23 200 26 197 27 196 29 194 31 192 32 191 34 189 36 185 40 181 43 175 50 168 57 160 65 149 76 145 79 142 83 135 90 130 94 128 97 125 100 121 103 120 105 118 106 117 107 116 108 116 108 116 108 117 108 116 107 117 107 118 106 118 105 120 104 120 104 120 104 121 103 121 103 121 103 122 102 122 102 122 102 122 102 123 101 123 101 123 101 124 100 124 101 123 101 123 102 122 119 19 7 80 146 78 148 76 148 77 148 76 147 77 147 78 145 79 143 82 141 83 140 85 139 85 139 85 140 85 140 84 142 82 144 81 146 78 165 59 167 57 167 58 166 58 166 58 166 58 166 59 164 60 163 61 153 71 150 74 146 78 144 80 142 82 141 83 139 84 138 85 18 3 114 89 17 4 109 93 18 4 103 98 19 3 99 103 19 3 94 107 110 114 104 120 101 122 4 2 94 124 3 3 93 125 2 4 92 133 90 136 11 1 75 139 5 7 72 153 70 155 69 155 68 155 69 154 70 153 71 152 71 152 72 151 72 152 71 153 71 152 70 154 68 156 66 157 65 159 43 6 15 159 43 11 11 159 43 15 6 160 43 181 43 180 44 180 44 180 44 179 45 179 45 179 45 179 46 178 46 178 47 177 47 177 48 176 49 176 48 177 48 179 45 181 43 183 42 191 33 197 26 201 23 203 20 206 18 209 14 215 7 17597
11551 9 207 22 193 34 186 41 180 46 175 51 171 55 167 58 165 60 162 63 160 66 157 68 155 70 154 72 151 74 149 76 148 77 146 78 145 80 143 81 142 83 140 84 139 86 137 88 135 89 134 91 133 91 132 93 131 94 130 94 129 96 128 96 128 97 126 99 125 99 124 101 123 101 123 102 121 104 120 104 119 106 118 107 117 108 115 109 115 110 113 112 112 112 112 113 110 114 110 114 110 115 108 116 108 116 108 117 106 118 106 118 106 118 106 118 105 119 105 119 105 118 106 118 105 119 105 118 106 118 106 117 107 117 107 116 108 116 108 116 108 115 110 114 110 113 111 113 112 112 112 111 114 110 114 109 116 108 116 108 117 106 118 106 118 106 119 105 119 104 120 104 120 103 120 103 121 101 122 93 130 92 130 94 129 94 128 96 127 97 125 99 124 101 121 103 120 104 118 106 117 108 115 109 114 110 113 111 112 113 111 113 110 114 109 115 108 116 108 116 107 117 106 118 105 120 103 121 103 121 102 122 101 124 99 125 98 126 97 127 97 127 96 129 94 130 93 131 93 131 92 132 91 133 91 133 90 133 91 133 90 134 90 134 89 135 89 134 89 135 88 136 88 136 87 136 88 136 87 137 86 138 85 139 84 139 84 140 84 140 83 141 83 141 82 143 81 143 80 144 80 144 79 145 79 145 79 145 79 146 77 147 77 147 77 147 76 148 76 148 76 149 75 149 75 149 75 149 74 150 74 150 74 151 73 151 72 152 72 152 72 152 72 152 72 152 58
1892 2 1 6 208 22 195 34 185 44 176 53 168 58 161 65 155 70 152 74 147 79 143 83 139 86 137 89 133 92 131 95 127 99 123 102 120 105 117 108 114 111 110 115 107 118 105 120 103 122 102 122 101 124 100 124 99 126 97 127 96 128 95 129 95 129 94 130 94 130 94 130 93 131 93 131 92 132 92 132 92 132 91 133 91 133 91 133 90 134 90 134 89 135 89 135 89 135 88 136 88 136 88 136 88 136 88 137 87 138 86 139 84 142 82 143 81 145 79 146 78 148 76 149 75 151 73 154 70 156 67 159 65 161 63 163 61 166 58 168 56 169 55 169 55 170 54 170 54 170 54 170 54 170 54 170 54 170 54 170 54 170 54 170 54 170 54 170 55 169 55 169 55 169 56 167 57 167 57 167 57 166 59 165 59 164 60 163 62 160 64 159 65 158 67 156 68 155 70 153 72 11 5 135 75 4 13 131 94 121 103 117 108 114 111 112 112 112 112 113 112 112 112 113 111 114 110 114 110 115 109 116 109 115 109 116 109 116 109 115 110 114 112 113 112 112 112 112 113 111 113 111 114 110 114 111 113 111 113 111 113 111 113 111 113 111 113 110 114 110 113 111 113 111 113 111 113 110 114 110 113 111 113 110 114 110 114 109 114 67 4 39 114 65 7 37 115 64 9 36 115 62 11 35 115 61 14 34 115 60 16 32 116 57 19 31 117 49 29 27 119 43 36 23 121 42 41 16 125 42 45 6 131 43 181 44 181 44 180 45 179 46 179 46 179 46 179 46 180 44 181 44 180 44 181 44 181 43 182 43 183 42 183 41 186 39 187 38 188 36 189 36 189 35 190 35 190 35 190 35 190 36 189 36 189 36 189 35 189 36 189 36 189 35 189 36 189 35 190 35 189 35 189 35 189 35 190 35 189 35 189 35 189 35 189 35 190 34 190 34 190 34 191 33 191 33 192 32 193 31 193 31 194 29 196 28 197 26 200 23 203 20 206 17 212 7 1678
102 14 209 16 208 16 207 18 206 18 205 20 204 20 204 21 202 22 202 23 201 23 200 24 200 25 199 25 198 26 198 27 70 7 120 27 68 11 118 28 65 13 118 28 64 15 117 29 61 17 116 30 60 18 116 31 58 19 116 32 56 20 116 33 53 23 115 34 51 24 115 35 49 25 115 37 46 26 115 39 43 27 115 40 40 29 115 41 38 30 115 42 36 31 115 43 33 33 115 44 30 35 115 45 27 37 115 46 25 38 115 47 22 40 115 49 15 45 115 50 13 46 115 52 9 47 116 54 6 48 116 108 116 108 116 108 116 107 117 107 117 107 117 107 117 107 117 106 118 106 118 106 118 105 119 105 119 104 120 104 120 104 121 102 122 102 122 101 123 100 124 100 124 99 126 98 126 98 126 97 127 97 127 97 126 98 126 97 127 97 126 97 127 97 127 96 128 95 129 94 130 92 132 91 133 90 134 90 134 90 134 89 135 88 136 87 137 86 137 86 138 86 137 86 138 86 137 87 136 88 136 88 135 89 135 89 134 90 134 90 133 91 132 92 132 91 131 93 130 94 127 97 125 98 122 102 118 106 113 110 110 114 107 117 105 118 104 120 102 122 100 123 100 124 98 125 97 127 96 127 96 127 95 129 94 129 94 130 93 130 92 132 90 134 89 135 88 135 88 136 87 137 86 138 86 138 85 139 84 140 83 140 83 141 82 142 81 143 80 144 79 145 79 146 77 147 77 147 76 148 76 149 74 150 74 151 73 151 72 152 72 152 72 152 71 153 70 154 70 154 69 155 69 154 69 154 69 155 69 155 69 154 69 155 69 155 69 155 69 155 69 154 70 154 70 154 70 154 70 153 71 153 72 152 72 152 72 152 72 152 72 152 72 152 72 152 72 153 71 153 71 154 70 154 69 155 69 155 69 156 68 156 68 156 67 157 67 157 67 157 67 156 68 156 68 156 68 155 69 153 71 151 73 150 75 148 77 147 77 147 78 147 77 147 78 147 77 147 78 147 77 10 13 3 8 113 77 7 30 111 77 5 33 109 118 106 120 104 122 102 124 100 125 99 126 98 127 96 129 95 130 93 132 91 134 89 135 87 137 68 3 15 139 59 14 9 142 56 21 3 144 54 170 53 172 51 173 50 174 50 175 48 102
1218 10 211 15 206 20 183 42 179 45 177 48 174 51 170 55 15 2 150 58 12 6 145 62 10 9 140 66 8 11 137 69 6 13 134 91 132 93 130 94 130 95 128 96 127 98 125 99 125 99 124 101 123 101 122 102 122 102 121 104 119 105 119 105 118 106 118 106 117 107 117 108 115 109 115 109 114 110 114 110 114 110 113 112 112 112 111 113 111 113 111 114 109 115 109 115 108 116 108 117 107 117 107 117 106 119 105 119 105 119 105 120 103 121 103 121 103 122 102 122 101 123 101 124 100 124 99 126 98 126 97 128 96 128 95 129 95 130 93 131 93 131 93 132 91 133 91 133 91 133 90 134 90 135 89 135 89 135 89 135 89 136 88 136 89 135 89 135 89 136 88 136 88 137 88 136 88 137 87 137 87 138 86 138 86 138 86 138 86 139 85 139 86 138 86 138 86 138 86 138 87 137 87 137 87 137 88 136 88 136 88 136 88 136 88 136 88 136 88 136 88 136 88 136 88 136 88 136 88 136 88 136 87 137 87 136 88 136 88 136 88 136 87 137 87 136 88 136 87 137 87 137 86 138 86 138 85 139 85 139 84 140 83 141 82 142 80 144 79 145 77 147 73 151 70 154 68 156 67 157 66 158 64 160 63 162 61 163 61 163 61 164 60 164 60 164 60 164 60 164 60 164 60 164 60 164 60 164 60 164 60 164 60 163 61 163 61 163 61 163 61 162 62 162 62 162 62 162 62 162 62 161 63 161 63 161 63 161 63 161 63 160 64 160 64 160 64 159 65 158 66 157 67 155 69 153 71 153 71 152 72 152 72 151 73 151 23 6 44 151 22 12 39 151 21 16 36 151 20 19 34 151 20 21 32 151 19 24 30 151 18 26 29 151 17 29 27 151 17 30 26 151 16 32 25 151 15 35 23 151 14 37 23 150 13 38 23 150 13 38 23 150 13 39 22 151 13 38 22 151 14 38 21 151 15 38 20 151 15 38 20 152 14 39 19 152 14 40 18 154 12 41 17 154 11 43 16 155 10 45 14 156 9 46 13 156 9 47 12 16 11 129 9 48 12 11 17 128 7 48 15 6 21 127 7 48 42 127 7 48 43 127 4 50 43 181 43 181 42 182 42 182 42 182 42 182 42 182 42 182 42 182 42 181 44 178 14
1228 3 218 10 213 12 211 15 208 17 206 19 205 20 204 21 148 3 51 23 145 9 47 24 143 12 45 26 141 14 43 27 139 17 40 31 136 21 35 34 133 26 30 38 130 34 20 42 127 47 3 49 125 101 122 105 118 109 114 111 111 115 107 119 103 122 100 126 96 130 93 133 90 136 86 140 83 143 79 146 77 149 73 153 69 156 67 159 63 162 61 164 58 166 57 168 54 171 51 174 48 177 46 179 44 181 43 183 41 185 39 187 37 188 36 190 34 192 32 193 31 194 30 195 29 195 29 196 28 196 28 196 28 197 27 197 27 197 27 197 27 197 27 197 27 197 27 197 27 198 26 198 26 198 26 198 26 198 26 198 26 199 25 199 25 199 25 200 24 200 24 200 24 201 23 201 23 202 22 202 22 202 22 203 21 203 21 203 21 204 20 204 20 204 20 204 20 205 19 205 19 205 19 205 19 205 19 205 19 205 19 205 19 205 19 205 19 204 20 204 20 203 21 203 21 203 21 202 22 202 22 201 23 201 23 201 23 200 24 200 24 200 24 201 23 201 23 201 23 202 22 202 22 203 21 204 20 205 19 206 18 206 18 206 18 206 18 206 18 207 17 207 17 207 17 208 16 209 15 209 15 210 14 211 13 211 13 212 12 212 12 213 11 214 10 214 10 214 10 215 9 215 9 215 9 216 8 216 8 217 7 217 7 217 7 217 7 217 7 217 7 218 6 217 7 217 7 217 7 217 7 217 7 216 8 216 8 216 8 215 9 215 9 214 10 214 10 213 11 212 12 211 13 210 14 209 15 208 16 206 18 205 19 204 20 204 20 204 20 203 21 203 21 203 21 203 21 203 21 203 21 203 21 203 21 203 21 203 21 203 21 202 22 202 22 202 22 202 22 168 4 29 23 166 8 27 23 164 13 23 24 162 16 22 24 161 19 19 25 161 20 17 26 160 22 16 26 159 23 15 27 158 24 15 27 156 26 15 27 155 27 14 28 154 28 13 29 153 30 10 31 152 32 5 35 151 73 150 74 149 75 149 75 148 76 147 77 146 78 146 78 145 79 145 79 145 79 144 80 144 80 143 81 143 81
2275 2 137 5 78 7 132 8 77 8 129 10 77 9 127 11 77 10 124 13 77 11 122 14 78 12 119 15 78 13 116 17 79 13 114 17 81 14 111 18 82 14 109 19 83 15 106 19 85 15 104 20 86 16 101 21 86 17 99 22 87 18 96 23 87 19 94 23 89 19 92 24 89 20 90 25 90 20 88 26 90 21 86 27 91 21 83 28 92 22 81 29 92 23 79 30 93 24 74 33 93 25 68 38 93 27 60 43 95 28 56 45 95 30 52 47 96 32 47 49 96 36 42 50 96 42 34 52 97 50 20 57 97 127 98 127 97 127 97 127 97 128 96 128 96 128 96 129 96 128 96 129 94 130 94 131 93 131 92 133 91 134 89 136 88 136 87 138 86 138 86 139 84 139 85 139 85 139 85 138 85 139 85 139 30 1 54 140 27 4 53 140 26 7 51 140 24 9 51 141 22 11 50 141 21 12 50 142 20 12 50 142 20 13 49 143 18 14 49 143 18 14 49 143 18 14 49 144 16 8 2 6 48 145 15 8 1 7 47 146 14 5 2 10 47 147 13 2 5 11 45 149 20 12 43 150 19 12 43 151 18 12 42 153 17 12 42 154 16 12 41 157 15 12 39 158 3 2 9 13 38 159 3 3 8 13 37 162 1 4 6 14 37 187 38 186 38 186 38 185 39 185 39 185 39 185 39 161 1 23 39 160 3 22 39 160 4 21 38 161 4 21 38 161 4 21 37 163 4 21 36 163 4 21 36 164 3 21 35 165 3 21 35 166 2 21 35 167 1 21 35 189 34 190 34 190 33 191 33 191 33 191 34 190 34 190 34 190 34 190 34 190 34 190 33 191 33 191 33 191 33 191 32 192 32 192 32 192 31 193 31 193 31 193 30 194 30 194 29 195 29 195 28 196 28 196 28 196 27 197 26 198 26 198 25 199 24 200 24 200 23 201 23 201 22 202 22 202 21 203 21 203 20 204 19 205 18 206 18 206 17 207 16 208 15 209 14 210 14 210 13 211 12 212 12 212 12 212 12 212 11 213 11 213 11 213 11 213 11 213 10 214 10 214 10 214 10 214 10 214 10 214 11 213 11 213 11 213 11 213 11 212 13 211 13 210 15 208 17 206 19 204 21 202 23 190 34 187 38 183 41 180 45 177 48 173 52 169 58 159 68 152 77 144 88 131 110 109 126 95 131 90 136 86 140 81 145 77 149 73 153 69 158 63 163 59 168 52 174 45 181 37 190 28 2789
3212 9 211 31 191 49 173 57 166 81 142 84 139 87 136 89 134 91 131 95 128 97 125 101 122 105 118 109 115 112 111 116 107 121 102 124 99 128 96 129 94 132 91 134 89 136 87 138 86 139 84 141 82 142 81 144 79 145 79 146 77 147 76 148 75 149 74 150 74 150 73 151 73 151 72 152 72 152 71 153 71 153 70 153 71 153 71 153 70 153 71 153 71 153 71 153 71 153 71 152 72 152 72 152 72 152 72 152 72 152 72 152 72 151 73 151 72 152 72 152 72 151 72 152 71 153 70 154 69 154 70 154 69 155 69 155 68 156 68 155 68 157 67 157 66 158 66 158 66 159 64 161 63 161 63 162 62 163 60 166 58 168 56 169 55 170 54 170 54 171 52 172 52 172 52 173 51 173 51 173 51 173 50 174 50 174 50 175 49 175 49 175 50 174 50 174 50 174 50 175 49 175 50 174 50 174 50 175 49 175 50 174 50 175 50 174 50 174 50 175 50 174 50 174 51 173 51 174 51 173 51 173 52 172 52 173 51 173 52 172 52 173 52 172 52 172 52 172 52 173 51 173 52 172 52 173 51 173 51 173 50 175 49 175 49 175 49 176 48 176 48 176 49 175 49 176 48 176 48 176 49 175 49 176 48 176 47 177 47 178 46 178 45 179 45 179 44 181 42 182 41 183 41 184 39 185 38 186 38 187 37 187 36 188 36 188 36 188 37 187 37 187 37 187 38 186 38 186 39 185 39 185 39 185 39 185 39 185 39 185 39 185 38 186 38 186 37 187 36 188 35 189 34 190 33 191 31 193 30 194 29 195 29 195 28 196 27 197 27 197 26 198 26 198 26 198 25 199 25 199 25 199 25 198 25 199 25 199 25 199 25 199 25 198 26 198 26 198 26 198 26 198 26 197 27 197 27 197 27 196 28 196 28 196 28 196 28 195 30 194 15
22963 12 210 18 204 26 196 34 188 45 175 54 165 61 159 67 152 73 149 76 147 79 144 81 142 83 140 85 138 86 138 87 136 89 134 90 133 92 132 93 130 94 129 96 128 96 127 98 126 99 124 100 124 101 123 101 123 101 123 102 122 102 122 103 121 103 121 103 121 104 120 104 120 104 120 104 120 105 119 105 119 105 119 106 119 105 119 105 119 105 120 104 120 104 121 103 121 103 122 102 122 102 123 101 123 101 123 101 124 100 125 99 125 98 126 98 127 97 127 97 127 96 129 95 129 95 129 94 130 94 131 92 132 92 133 90 135 89 136 87 138 86 141 82 147 77 150 73 154 69 156 24 17 27 156 22 20 25 158 20 23 23 158 19 25 21 159 19 26 20 159 18 28 19 159 18 28 18 160 18 29 17 160 18 29 17 160 17 31 15 161 17 31 15 161 17 31 15 161 16 32 15 162 15 32 14 163 14 33 14 165 11 35 13 168 6 37 13 211 13 211 12 213 11 214 9 217 5 5661
10550 37 184 43 179 47 175 52 171 54 169 56 166 59 164 61 162 63 159 65 158 67 155 71 152 73 149 76 147 78 146 79 145 80 144 82 142 84 140 87 137 89 66 15 54 92 57 23 52 95 48 30 51 102 36 36 50 108 27 41 48 114 17 48 45 181 43 184 40 186 39 187 38 188 37 189 36 190 34 191 34 191 33 193 31 194 30 195 29 196 28 197 28 197 27 198 26 199 24 201 23 201 23 202 23 202 22 202 22 203 21 203 21 203 22 203 21 203 22 202 22 202 22 202 23 201 23 201 24 201 23 201 23 201 24 200 24 200 25 199 25 199 26 199 25 199 26 198 27 198 27 197 27 197 28 197 27 197 28 196 28 197 27 197 28 197 27 197 27 197 27 197 28 197 27 197 27 197 28 196 28 197 27 197 27 197 27 197 27 197 27 198 26 198 26 199 25 199 26 199 25 200 24 201 24 114 10 76 26 110 15 74 26 107 18 73 27 105 21 71 28 103 23 70 30 99 26 69 31 97 28 68 32 95 30 67 34 91 33 66 35 88 36 65 36 84 40 64 38 80 44 62 39 77 47 61 41 73 50 60 42 70 53 59 44 67 55 58 45 64 59 56 45 63 61 55 46 61 63 54 47 59 65 53 48 56 68 52 48 55 70 51 49 52 73 50 50 49 75 50 50 47 78 49 50 46 80 48 51 44 82 47 51 43 83 47 52 41 85 45 53 41 86 44 54 39 87 29 69 39 88 26 71 38 89 26 72 37 90 24 73 37 90 24 73 37 90 24 73 37 90 24 74 35 91 24 74 35 91 24 74 35 90 25 74 35 90 25 74 35 90 25 74 35 90 25 74 34 91 26 73 34 91 26 73 34 91 26 72 35 91 26 72 34 92 26 71 35 92 26 71 35 92 27 70 34 94 26 69 35 94 26 69 35 95 26 68 34 96 26 68 34 97 25 68 34 98 24 68 33 100 23 68 33 102 20 69 32 108 14 71 30 194 29 196 26 199 21 208 10 3962
9960 4 212 23 199 31 191 41 182 46 177 49 174 51 172 54 169 56 167 58 165 60 164 60 163 62 161 63 161 64 159 65 159 65 159 66 158 66 157 67 157 67 157 67 157 66 159 63 161 57 167 55 169 54 170 54 171 52 172 52 172 52 172 52 172 52 172 52 172 51 173 51 173 51 172 52 172 51 173 51 173 51 173 50 173 51 173 50 174 50 174 49 174 50 174 50 173 50 173 52 172 52 170 54 169 56 167 58 165 60 163 62 161 64 159 67 157 68 155 70 153 72 151 73 151 74 149 75 148 77 146 78 146 78 146 78 145 80 144 80 143 81 143 81 143 81 143 82 142 82 141 83 141 83 141 83 141 83 141 84 140 84 140 84 140 85 139 86 138 86 138 87 137 88 136 89 136 89 135 89 135 90 135 90 134 72 2 17 134 71 3 16 135 71 3 16 134 71 5 14 135 70 6 13 135 70 7 12 136 69 8 11 137 69 8 9 138 69 10 6 140 68 156 68 157 68 156 68 156 68 157 67 157 67 157 67 158 66 158 66 159 65 159 65 160 64 160 64 160 64 161 38 1 24 161 35 7 21 162 33 9 20 162 34 9 19 162 34 9 19 20 3 140 34 9 18 17 8 138 34 10 17 16 10 138 34 9 17 15 11 138 34 10 16 14 13 138 34 9 16 13 14 138 34 9 17 12 14 139 33 9 17 12 14 140 32 9 17 12 13 141 33 9 17 10 14 142 32 9 17 10 13 143 33 8 17 11 11 145 32 9 17 10 10 147 32 8 17 11 8 149 32 8 17 11 6 151 32 7 17 12 3 155 31 6 17 170 33 4 17 171 53 172 52 173 51 174 50 175 49 177 47 179 45 181 42 184 39 186 37 188 35 190 32 192 31 194 30 194 30 195 29 195 29 196 28 196 29 196 28 196 28 197 27 198 26 198 27 198 26 199 25 201 23 202 22 204 19 207 17 208 16 210 13 214 9 2106
37 14 208 18 206 19 205 20 36 3 164 22 32 9 160 24 28 14 158 25 26 16 157 25 25 18 155 27 22 21 154 28 20 22 154 29 18 24 152 31 16 25 152 32 14 27 151 32 12 29 151 33 10 30 151 34 8 32 149 37 4 34 149 75 149 76 148 76 148 76 148 76 148 76 147 77 147 78 146 78 145 79 145 79 53 14 77 80 51 18 75 81 49 22 71 82 48 26 68 82 47 30 64 84 45 34 60 85 44 38 56 86 44 40 53 88 42 43 50 89 41 46 48 90 40 48 45 92 38 50 43 94 36 52 41 97 33 54 40 98 31 55 40 99 29 57 38 102 26 59 37 106 21 60 37 110 16 62 35 117 8 65 34 190 34 191 33 192 32 192 32 193 30 194 30 195 29 195 29 196 28 196 28 197 27 197 27 198 26 198 25 200 24 200 24 201 23 201 23 202 22 202 22 202 22 202 21 204 20 204 20 204 20 204 20 204 20 204 20 204 20 204 20 204 19 205 19 205 19 205 19 205 19 205 19 205 19 205 19 205 19 205 19 204 20 204 20 204 20 204 20 204 20 204 20 203 21 203 21 202 22 201 23 200 24 199 25 197 27 195 29 193 32 191 33 190 34 188 36 187 37 187 37 186 39 185 39 185 39 184 41 183 41 183 42 182 42 182 43 181 43 182 43 181 43 181 43 181 44 180 44 180 44 181 44 180 44 180 45 179 45 179 45 179 46 178 46 178 46 178 47 178 46 178 46 178 47 177 47 177 48 176 48 176 49 175 49 175 49 174 51 173 51 173 51 172 53 171 53 171 54 169 55 168 57 165 60 162 64 159 67 155 70 153 71 151 74 148 77 145 80 142 83 140 85 138 88 136 89 116 2 17 90 115 3 16 91 114 3 16 92 112 4 16 93 111 5 15 93 111 5 15 94 110 5 15 95 108 6 15 95 108 6 15 96 107 6 15 97 106 5 16 98 104 6 16 99 103 6 16 100 102 6 16 101 100 6 17 103 98 6 17 104 97 6 17 105 45 4 46 8 16 107 41 7 45 8 16 108 40 8 44 8 16 111 36 9 43 9 16 116 30 11 42 9 16 118 28 11 42 10 14 120 25 13 42 10 14 120 24 15 41 10 14 120 23 16 40 11 14 120 23 16 40 11 14 120 22 17 40 12 12 121 21 19 39 13 11 121 21 19 38 15 9 122 20 20 37 17 8 122 20 21 36 20 3 124 20 21 35 147 20 22 34 148 20 23 32 148 20 24 30 149 21 24 28 150 22 24 26 152 21 25 25 151 23 25 24 151 24 25 23 151 24 26 23 150 25 26 22 150 25 27 22 150 25 26 22 150 26 26 22 150 25 27 22 150 25 27 21 151 24 28 21 151 24 27 22 152 22 28 22 152 21 28 23 153 19 29 22 155 17 29 23 158 12 31 23 201 22 202 22 201 23 201 22 202 21 204 20 204 20 204 19 206 18 93
2119 10 210 17 205 21 201 25 197 28 194 32 191 34 188 38 184 42 179 46 176 50 172 53 170 55 167 58 164 62 161 64 158 67 156 70 153 72 151 74 149 76 147 78 145 80 143 82 141 83 140 85 138 87 136 88 135 90 133 92 131 93 130 95 129 96 127 98 125 100 123 102 121 105 118 107 116 108 115 110 113 112 111 113 110 115 108 117 107 118 105 119 105 120 103 122 102 123 100 125 99 126 97 128 96 129 95 130 93 132 92 132 92 133 91 133 91 134 90 134 90 134 90 135 89 135 89 136 88 136 88 137 87 138 86 138 86 139 85 139 85 140 84 140 84 140 84 141 82 142 82 142 81 144 78 146 77 147 76 149 74 150 74 151 72 152 71 154 70 155 68 156 68 157 66 159 65 159 64 161 63 161 62 162 62 163 60 164 60 164 59 165 59 166 58 166 57 167 57 168 56 168 56 168 56 169 55 170 54 171 53 172 51 173 51 174 50 175 49 176 48 177 47 178 46 178 46 179 45 180 44 181 43 181 43 182 42 183 41 184 39 186 38 186 38 187 37 188 36 189 35 189 35 190 34 190 34 191 32 193 31 194 30 195 29 195 29 196 28 197 27 198 25 200 24 201 23 202 22 203 21 204 20 204 20 204 19 205 19 205 19 205 19 205 19 205 18 206 18 206 18 206 18 206 18 206 17 207 17 207 17 207 17 207 17 207 17 207 17 207 17 207 17 207 17 207 17 207 17 207 17 207 17 207 17 207 17 207 16 208 16 208 16 208 16 208 16 208 16 208 16 208 16 208 16 208 16 208 16 208 16 208 15 209 15 209 15 209 15 209 15 209 15 209 14 210 14 210 14 210 14 210 13 211 13 211 13 211 12 212 12 212 12 212 12 212 11 213 11 213 11 213 10 214 10 214 10 214 10 214 10 214 9 215 9 215 9 215 8 216 8 216 8 215 9 215 9 215 9 213 3
79 61 160 74 149 77 145 81 140 85 137 88 133 92 130 95 126 99 122 103 119 106 115 110 111 115 107 119 102 124 98 127 96 128 95 130 93 131 92 132 91 133 91 133 91 133 90 134 90 134 90 134 89 134 90 134 90 134 90 134 89 135 89 135 89 135 89 136 88 136 88 137 87 137 87 138 86 139 85 141 83 141 83 142 82 143 82 142 82 142 82 143 82 142 82 142 83 142 82 142 83 141 83 141 84 141 83 141 84 140 84 140 84 141 83 141 83 141 84 140 84 140 84 140 85 139 85 139 86 138 86 138 87 137 87 137 87 137 87 137 88 136 88 136 88 136 89 134 90 134 90 134 90 134 91 133 91 132 92 132 93 131 93 131 93 131 94 129 95 129 96 128 96 127 97 127 97 126 99 125 99 125 99 124 100 124 101 122 102 122 102 122 103 120 105 119 106 117 108 116 108 115 110 114 110 114 111 112 112 112 113 110 115 109 116 107 118 106 119 104 121 103 122 101 123 101 124 99 126 98 127 97 127 97 128 96 128 95 129 95 130 94 131 93 131 93 132 91 133 91 134 90 135 88 137 87 138 85 140 84 140 83 142 81 143 81 144 79 145 78 146 78 146 77 147 76 148 75 149 73 151 72 152 71 153 70 153 69 155 68 156 67 158 64 160 63 162 60 164 58 167 56 170 51 175 46 180 43 182 40 186 37 188 35 189 34 191 33 192 32 192 32 193 31 194 30 195 29 197 27 198 26 199 25 199 25 199 26 199 25 199 25 199 26 199 25 199 25 199 26 198 26 199 25 199 26 198 26 198 26 199 25 200 24 202 22 205 18 208 16 210 14 211 12 214 9 216 7 220 1 7718
2317 8 209 19 201 26 194 31 192 34 188 37 185 40 183 43 179 50 172 54 169 56 167 58 164 61 162 63 160 65 157 68 155 70 153 72 151 73 151 74 149 76 147 77 147 78 145 80 144 80 143 82 142 85 139 98 126 104 119 106 118 107 117 108 116 109 115 109 115 110 114 111 113 112 112 113 110 115 109 115 109 115 109 116 107 117 107 117 107 117 107 118 106 118 105 119 105 119 105 120 104 120 104 120 104 121 103 121 103 122 102 122 102 123 101 123 101 123 101 123 101 123 101 123 101 123 100 124 100 123 100 124 100 124 100 123 100 124 100 124 100 124 100 123 101 123 101 123 101 123 101 122 102 122 102 123 101 123 101 124 100 125 99 125 99 126 98 126 98 126 98 127 97 127 97 127 97 128 96 128 96 128 96 128 96 128 97 127 97 127 97 127 98 126 98 126 98 126 97 127 97 127 97 127 97 126 98 126 99 125 99 124 100 124 101 123 102 121 105 119 106 117 107 117 108 115 109 115 110 114 111 112 112 112 113 111 114 110 114 90 2 18 115 88 4 17 115 87 6 16 116 86 6 17 115 85 8 16 116 83 9 16 117 82 9 16 117 80 11 17 116 79 12 17 117 78 12 17 117 77 13 17 118 76 13 17 118 75 14 17 118 75 14 18 118 74 14 18 118 74 14 18 118 74 13 19 119 73 13 19 119 72 14 20 118 72 14 20 119 71 14 20 119 71 14 20 119 70 16 19 119 70 16 18 121 69 17 17 121 69 17 17 121 69 18 15 122 26 1 42 20 11 125 25 1 6 3 33 24 4 128 30 6 32 157 27 9 31 157 27 9 30 159 26 9 30 159 26 10 29 159 26 10 29 159 26 10 29 160 25 11 28 160 25 11 27 161 25 11 27 161 24 13 26 161 24 13 26 162 22 14 26 162 22 14 26 162 22 15 25 162 21 16 24 163 21 16 24 163 21 16 24 163 21 16 24 163 21 16 24 163 20 17 24 163 20 16 24 164 20 16 24 164 21 15 24 164 21 15 24 163 22 15 24 163 22 15 23 163 23 15 23 162 24 15 23 161 25 15 23 160 26 15 23 159 27 16 22 158 28 16 22 157 29 16 22 157 29 16 22 156 30 16 22 156 30 16 22 155 30 17 22 155 30 16 23 155 29 17 24 154 29 17 24 154 28 18 25 153 27 19 26 152 27 19 26 153 25 19 28 153 23 20 28 154 21 21 28 156 17 23 29 165 4 27 28 196 28 196 28 197 27 197 27 197 27 198 26 198 25 200 24 201 22 204 19 207 16 214 8 1229
68 39 181 48 175 49 173 52 171 54 168 57 166 58 165 60 163 62 162 63 160 66 157 69 155 71 153 86 137 88 136 89 135 89 134 91 133 91 132 92 131 93 130 94 129 95 127 97 126 98 125 99 124 101 122 102 122 103 120 106 118 108 115 110 114 111 113 111 112 113 111 113 111 113 111 113 110 114 110 114 110 114 110 114 110 114 109 115 109 115 109 115 109 115 109 115 110 114 110 114 111 113 111 113 112 112 112 112 113 111 113 112 112 112 113 111 113 110 114 110 114 109 116 107 117 106 118 106 118 105 119 104 121 102 122 102 121 102 122 102 122 101 123 101 123 101 122 102 122 101 123 101 123 101 122 101 123 101 123 101 123 100 124 100 124 100 124 100 124 100 124 100 124 100 124 100 124 100 125 99 126 98 126 98 127 97 127 97 127 97 128 95 129 95 129 95 129 95 129 95 129 96 128 96 127 97 127 98 126 98 126 99 124 101 123 101 123 102 122 102 122 103 121 104 120 104 120 105 119 105 119 106 118 107 118 106 119 106 119 107 118 107 117 108 117 109 116 108 116 109 116 109 115 110 114 111 114 111 113 112 112 112 112 113 111 114 111 114 110 115 109 116 108 117 107 117 108 117 107 118 106 119 105 120 104 121 103 122 102 123 101 124 100 124 100 125 99 126 98 127 97 128 96 128 96 129 95 130 95 130 94 131 93 131 93 132 92 133 91 134 90 135 89 135 89 136 88 136 88 137 86 138 86 139 85 139 85 139 84 141 83 141 83 141 82 142 82 142 82 142 82 142 81 144 80 144 80 144 80 144 80 144 80 144 80 144 80 144 80 145 79 145 79 145 80 143 81 143 81 143 82 143 81 143 81 143 81 144 80 144 81 145 79 148 76 151 73 153 72 153 71 153 71 154 71 154 70 154 71 154 70 154 70 154 71 152 73 151 74 149 75 148 77 141 84 135 90 131 94 126 98 122 103 102 7 9 106 98 126 88 1 3 133 80 144 78 146 77 148 75 149 74 85
16888 13 207 20 202 24 15 8 176 54 169 58 164 62 161 64 160 65 158 66 157 68 155 69 155 69 154 71 153 71 152 72 152 72 152 73 151 73 151 73 150 75 149 75 149 75 149 76 148 76 148 76 148 77 147 77 147 78 146 78 146 78 146 78 146 78 146 79 145 79 145 79 145 79 145 79 145 79 145 79 145 79 145 79 145 79 145 79 146 78 146 78 146 78 147 77 148 76 148 76 149 75 150 74 150 74 151 73 151 73 152 71 153 71 153 71 154 69 155 69 155 69 155 69 156 67 157 67 157 66 158 66 159 65 159 65 160 64 160 63 161 63 162 62 162 62 163 61 163 61 163 60 165 59 165 59 166 58 166 58 166 58 167 57 167 57 168 56 168 56 168 56 168 56 169 55 169 55 169 55 170 54 170 55 169 55 169 55 169 55 169 37 1 17 169 35 5 15 170 33 7 14 170 32 9 13 170 32 10 12 170 31 13 9 171 31 14 7 172 30 194 29 195 28 196 27 197 26 198 16 4 1 202 17 207 16 208 16 207 16 208 16 207 17 207 16 207 17 207 16 208 16 208 15 209 15 209 14 211 12 214 7 6175
970 7 216 11 213 14 45 7 158 17 39 13 155 19 35 17 153 23 30 20 151 26 25 23 151 29 20 25 150 34 14 27 150 75 149 76 149 76 149 77 147 78 147 79 145 80 145 80 144 81 143 83 141 84 140 85 139 86 137 88 136 88 136 89 134 91 133 92 131 93 130 95 129 95 128 97 126 99 124 100 124 101 122 102 121 104 119 105 118 107 116 108 116 109 114 111 113 111 112 113 111 114 110 114 109 116 108 117 107 117 107 118 105 120 104 120 104 121 102 123 100 125 98 127 96 128 95 130 93 132 90 135 88 137 85 140 83 142 81 144 79 145 77 148 75 150 73 152 71 154 69 155 68 157 66 158 66 159 64 160 63 162 61 164 59 165 58 166 57 168 55 169 54 171 52 172 51 173 50 175 48 176 47 177 46 179 44 180 44 180 43 181 42 183 40 184 40 184 39 186 37 187 37 187 36 188 36 188 35 190 33 191 33 191 32 193 31 193 30 194 30 195 28 196 27 198 25 199 24 200 23 202 21 203 20 204 20 204 19 206 18 206 18 206 17 207 17 207 16 208 16 208 16 208 15 209 15 209 14 210 14 210 13 211 13 211 12 212 11 213 11 213 10 215 9 215 9 215 9 215 9 215 9 215 9 216 8 216 9 215 9 216 9 215 10 214 11 213 12 213 12 212 13 211 14 210 17 207 20 204 23 201 25 199 27 197 29 196 31 193 34 190 37 187 41 183 44 181 46 178 50 175 53 171 55 170 55 170 55 169 55 169 56 168 56 168 57 167 57 167 58 165 60 164 61 162 62 161 64 160 65 158 66 157 68 155 70 153 72 151 74 147 78 142 83 136 89 131 94 106 119 98 127 94 131 91 134 87 137 86 139 83 142 80 144 77 148 73 152 67 157 57 168 36 189 28 196 21 206 12 5058
572 5 218 7 215 10 213 11 212 13 210 15 208 16 208 16 207 18 205 19 205 19 204 21 157 10 36 21 156 13 33 22 156 16 30 22 156 17 29 22 156 19 26 23 156 20 25 23 156 21 24 23 157 21 22 24 157 21 22 24 157 22 21 24 158 22 19 25 158 22 18 26 159 22 15 28 159 22 11 32 159 26 1 37 161 63 161 63 161 63 161 63 162 62 162 62 162 62 162 62 163 61 163 61 163 61 164 59 165 59 165 58 166 58 166 58 167 56 168 56 169 55 169 55 169 55 170 55 169 55 169 55 170 54 170 55 169 55 169 55 169 55 169 56 168 56 34 11 123 56 25 28 115 57 21 35 111 57 19 41 108 57 16 46 105 57 14 51 102 58 12 55 99 59 9 59 97 60 7 62 95 61 4 66 93 132 92 134 90 135 89 136 88 137 87 138 86 139 86 138 86 139 85 139 86 139 85 139 86 139 86 138 87 138 87 138 87 137 87 138 87 137 87 137 87 137 88 136 88 136 88 136 88 136 88 136 88 136 88 136 88 136 88 136 88 136 88 136 87 137 87 137 87 137 87 137 87 136 87 137 87 134 90 133 91 132 91 132 92 132 91 132 92 132 92 131 92 131 93 131 92 132 91 132 92 132 91 132 92 132 91 133 91 132 92 132 91 132 92 105 7 19 92 103 12 17 92 102 14 15 93 100 18 11 95 99 22 5 97 99 125 98 126 96 128 95 128 95 129 93 130 93 131 92 131 92 131 92 132 91 132 91 132 24 4 63 132 23 8 59 133 22 11 57 132 23 13 55 132 23 15 52 133 23 16 51 133 24 17 48 135 22 19 46 136 22 21 42 138 22 23 38 141 20 25 36 142 20 27 34 142 20 29 31 143 19 31 30 143 18 34 29 142 7 46 28 141 7 49 26 141 7 50 26 139 8 51 25 138 9 52 25 137 10 52 25 135 11 53 24 135 12 52 25 133 13 53 25 131 15 52 26 130 15 53 26 129 16 52 27 127 17 52 28 126 18 51 28 126 19 50 29 124 20 50 30 123 20 50 31 122 20 49 33 121 21 48 34 119 22 48 34 118 23 47 35 118 23 46 36 117 25 45 36 116 26 44 36 116 27 42 36 117 27 42 36 118 27 41 36 118 27 41 37 118 27 39 38 119 26 39 39 119 26 38 40 119 26 38 40 119 26 38 39 121 25 38 38 122 25 37 39 122 25 37 38 123 25 37 36 126 25 36 36 126 25 36 35 128 24 36 34 130 23 35 35 130 23 35 34 132 22 34 34 135 21 32 35 136 19 33 34 139 17 33 33 142 13 34 34 145 8 35 35 188 35 188 34 189 34 190 32 191 32 191 31 192 31 192 31 192 31 193 30 193 31 193 30 194 29 194 29 195 28 196 28 196 27 198 26 155
329 6 211 21 190 1 9 28 180 47 174 53 168 58 164 61 161 64 159 66 156 70 153 72 151 74 149 76 146 80 144 82 140 85 138 88 135 92 131 95 128 98 125 101 122 103 120 105 117 108 115 109 114 111 112 112 110 115 108 116 107 117 106 119 104 121 103 121 102 123 101 123 100 125 99 125 98 127 97 127 96 128 96 128 96 128 95 130 94 130 94 130 93 131 93 131 93 131 93 132 91 133 91 133 91 133 91 133 91 134 90 134 90 134 90 134 90 135 89 135 89 135 89 136 88 136 88 137 87 138 86 138 86 139 85 140 84 141 83 141 83 142 82 143 81 144 81 144 80 145 79 145 79 146 79 145 79 146 79 132 3 10 79 131 5 9 79 130 6 9 80 129 6 10 79 129 7 9 80 128 7 10 79 128 7 11 79 128 6 11 79 128 6 11 80 127 6 11 80 128 5 11 80 128 5 11 81 128 4 12 80 129 2 13 80 144 80 144 80 144 79 145 79 145 79 145 79 145 79 145 78 146 78 147 77 147 77 147 77 147 76 148 76 148 76 148 75 149 75 150 74 150 74 150 73 151 73 151 73 152 72 152 71 154 70 154 70 155 69 156 68 156 68 157 68 7 4 145 70 2 7 145 80 144 80 144 80 144 81 143 81 142 82 142 82 141 83 141 83 140 84 140 85 138 86 137 87 136 88 121 3 11 89 120 9 5 91 119 105 119 105 119 105 118 107 117 107 117 107 117 108 116 108 116 109 115 109 115 110 113 112 112 113 111 113 111 114 109 116 108 117 107 117 107 119 105 120 104 124 100 126 98 127 97 127 97 128 96 129 95 130 94 131 93 132 92 133 91 133 91 134 90 135 89 136 87 137 87 138 85 140 84 140 84 141 83 142 25 3 15 11 27 146 16 36 26 199 25 199 25 199 25 199 26 199 25 199 25 199 25 199 25 199 25 199 25 199 25 199 25 199 26 198 26 198 26 198 26 198 26 198 26 198 26 197 27 197 27 197 26 198 26 198 26 198 26 197 27 197 27 197 27 197 26 198 26 198 25 200 24 200 24 200 23 202 22 203 20 204 20 205 18 206 18 206 17 208 16 208 15 65
3711 3 177 5 36 8 174 8 33 10 172 10 31 12 171 10 31 12 170 12 30 13 169 12 29 14 169 13 28 14 168 14 28 14 168 14 27 16 167 14 27 16 167 14 27 16 166 16 26 16 166 16 25 17 166 17 24 17 166 17 23 18 166 18 22 18 166 19 20 19 166 20 18 20 166 22 15 21 166 25 8 25 166 58 166 59 165 59 165 59 165 59 165 59 165 59 165 59 165 58 166 58 166 58 166 58 166 58 167 57 167 57 167 57 167 57 167 58 166 59 165 61 163 63 161 65 159 67 157 68 156 69 155 71 153 72 152 73 150 74 150 75 149 75 149 76 148 77 147 77 147 78 146 78 146 79 145 79 146 79 145 79 146 79 145 79 146 78 146 78 147 78 146 78 147 77 147 77 147 77 147 78 146 78 146 78 146 78 145 79 145 79 145 79 145 79 145 80 144 80 144 80 144 80 144 80 144 80 144 80 144 80 144 80 143 80 144 80 144 80 144 80 144 80 144 80 144 79 145 79 145 79 145 79 145 78 146 78 146 78 147 77 147 76 148 76 148 76 148 75 149 75 149 75 149 74 150 74 150 74 151 73 151 72 152 72 152 72 152 72 152 72 152 72 152 43 5 23 153 38 10 23 152 37 13 22 152 35 15 22 152 35 15 22 152 34 16 21 154 33 16 21 154 33 16 21 154 32 17 20 155 32 16 21 155 32 16 20 157 30 17 20 157 30 17 19 158 30 17 18 159 30 17 18 159 30 16 18 161 28 17 18 161 28 17 17 163 27 17 17 163 26 18 16 164 26 17 17 165 25 17 17 165 25 17 16 167 23 17 17 167 23 17 16 168 23 17 16 169 22 16 16 170 22 16 16 170 22 16 16 171 21 15 17 171 21 15 16 172 21 14 17 172 21 14 17 172 21 13 18 172 22 12 17 174 21 11 18 174 21 11 17 175 21 10 18 175 21 10 17 176 22 8 18 176 22 8 18 176 22 7 18 177 22 7 18 176 23 7 18 176 23 7 17 177 23 7 17 177 23 7 17 177 23 7 16 178 23 7 16 178 23 7 16 178 23 7 16 179 22 7 16 179 22 7 16 180 21 7 16 181 20 7 15 184 18 7 15 188 13 8 14 190 12 8 13 193 9 10 11 214 8 217 5 6816
67 81 142 83 140 85 139 85 139 86 137 88 136 88 136 89 135 89 134 91 133 91 133 91 133 91 133 91 133 90 133 91 133 91 133 91 132 92 132 92 132 92 131 93 131 94 130 94 130 94 129 95 129 95 129 95 129 95 129 95 129 95 128 96 128 96 128 96 127 97 127 97 126 98 126 99 124 100 124 100 123 101 123 101 122 103 121 103 120 104 120 104 119 105 119 105 119 106 117 107 117 108 116 110 113 113 111 116 107 120 104 123 101 125 99 127 96 129 95 131 93 132 92 134 90 135 89 136 88 138 86 139 85 140 83 142 82 143 81 144 79 147 77 149 74 152 72 154 70 155 68 157 67 158 66 159 64 161 63 162 62 163 61 163 61 164 60 165 59 166 58 167 57 168 56 169 55 169 55 170 54 171 53 171 53 172 52 172 52 173 51 173 51 174 50 174 50 174 50 174 50 174 50 174 50 174 50 174 50 174 50 174 50 173 51 173 51 173 51 173 51 172 52 172 52 171 53 171 53 170 54 169 55 169 55 168 55 168 56 167 57 166 58 166 58 165 59 164 60 162 62 160 64 157 67 154 70 152 72 151 73 150 74 149 75 149 75 149 75 148 76 148 76 148 76 148 76 148 76 147 77 147 77 146 78 146 78 145 79 144 80 143 81 141 83 139 85 138 85 138 86 136 87 136 88 135 89 134 89 134 90 133 90 133 91 132 92 131 92 132 92 131 93 130 94 130 94 129 96 128 96 128 96 127 97 127 98 125 99 124 100 123 101 122 103 121 103 120 104 119 105 118 106 30 12 75 107 29 21 66 108 28 24 63 109 28 26 60 110 27 28 58 111 27 31 54 112 27 35 50 111 28 37 47 112 28 38 45 113 28 39 44 113 28 39 43 113 29 39 42 114 29 39 41 114 29 40 39 116 29 40 34 120 30 41 28 125 30 41 27 126 30 41 26 126 30 42 25 127 30 42 25 127 30 42 24 128 30 42 24 128 29 43 24 128 29 43 24 128 29 43 24 129 27 45 22 130 27 46 20 132 25 50 15 135 21 208 4 4210
4638 11 208 21 200 29 192 34 185 40 182 44 179 45 178 47 176 49 174 51 172 53 169 56 167 57 165 60 163 61 162 63 160 65 158 66 157 68 155 70 153 73 150 75 149 76 147 78 145 80 144 80 143 82 141 83 141 84 138 87 136 88 135 90 133 91 132 93 129 96 127 98 125 99 123 101 121 104 119 105 117 107 115 109 113 110 113 111 112 112 110 114 108 116 106 118 105 119 102 121 102 122 100 123 100 123 99 125 98 125 98 126 97 126 97 127 97 127 96 128 95 128 95 129 95 129 94 129 94 130 93 131 92 132 91 132 90 134 89 134 90 134 89 134 89 135 88 136 87 136 87 137 87 137 86 137 87 137 86 138 86 138 85 138 86 138 86 138 85 139 85 139 84 139 85 139 85 138 85 139 85 139 84 140 84 141 83 141 82 143 81 143 47 4 29 145 44 8 25 147 42 12 22 149 40 16 17 151 40 18 12 155 38 186 38 187 37 187 36 189 35 189 35 190 34 190 34 191 33 193 32 195 29 197 26 200 24 200 24 201 24 200 24 200 25 199 25 199 26 198 27 197 28 196 28 196 30 193 32 192 33 191 35 17 4 167 40 8 14 161 69 154 72 150 74 147 78 144 80 78 2 63 82 73 9 57 86 71 12 47 94 70 14 46 95 68 16 45 96 66 17 45 99 63 18 44 105 57 19 43 107 54 21 43 108 52 22 42 109 50 24 41 110 47 28 39 111 44 31 38 112 41 34 37 113 38 38 35 114 32 43 36 114 28 47 35 116 23 51 34 117 4 70 34 191 33 191 34 191 33 191 33 192 32 193 31 194 29 196 28 197 27 198 25 200 24 201 23 202 22 203 21 204 19 206 18 207 16 209 14 212 12 215 7 7431
1903 3 216 13 207 20 202 28 193 59 162 66 156 70 152 75 148 79 143 83 139 87 135 92 129 97 125 101 121 105 117 109 114 112 111 114 108 118 105 120 103 122 100 125 96 129 94 131 91 134 88 137 85 140 75 150 72 152 68 157 64 161 61 164 58 166 57 168 55 170 53 171 52 173 50 175 48 176 48 177 46 178 45 180 43 181 42 183 40 185 38 187 37 187 36 189 34 191 32 193 31 193 30 195 29 196 27 197 27 197 26 199 25 199 24 200 24 200 23 201 23 201 22 202 22 202 21 202 22 202 22 202 21 203 21 203 20 204 20 204 20 204 19 205 19 205 19 205 19 205 18 206 18 207 17 207 17 208 15 210 14 211 13 212 12 213 10 214 10 214 10 215 9 216 7 218 6 218 6 218 5 220 4 220 4 220 3 221 2 222 1 223 1 223 1 670 1 223 1 223 1 223 1 222 2 221 3 221 3 220 4 220 4 219 5 218 6 217 7 217 7 216 8 216 8 215 9 215 9 214 10 213 11 213 11 212 12 212 12 212 12 211 13 211 13 211 13 211 13 211 13 211 13 211 13 211 13 211 13 211 13 211 13 211 13 211 13 211 13 211 13 211 13 211 13 211 13 211 13 211 13 211 13 210 14 210 14 210 14 209 15 209 15 208 16 208 16 207 17 206 18 206 18 205 19 204 20 204 20 203 21 203 21 203 21 202 22 201 23 200 24 200 24 199 25 198 26 198 26 198 26 197 27 197 27 196 28 196 28 196 28 195 30 193 31 192 32 191 34 190 34 189 35 189 36 187 37 187 37 187 37 186 39 185 39 185 39 184 40 184 41 183 41 182 43 181 43 181 44 179 46 178 47 177 48 176 49 174 51 173 52 172 53 171 53 170 55 169 55 169 55 169 56 168 56 167 57 167 57 167 57 166 58 166 57 167 57 167 57 167 57 166 58 166 58 166 58 165 44
127 34 188 37 186 39 184 41 182 43 180 45 178 47 176 49 174 50 173 52 172 53 170 54 170 55 169 55 168 57 167 57 167 58 165 59 165 59 165 60 163 61 163 61 163 61 162 63 161 63 160 64 160 64 159 66 157 67 157 67 156 68 155 70 154 70 153 71 114 7 31 72 111 13 28 73 107 17 26 74 104 22 23 75 102 25 21 77 98 29 18 79 96 32 15 82 93 35 12 85 90 39 7 89 87 139 82 144 77 148 73 152 70 154 68 157 66 158 64 160 63 161 61 163 60 164 59 165 58 166 57 166 58 166 58 166 58 165 61 162 66 16 7 135 91 133 93 131 95 129 98 126 99 125 101 123 102 122 103 121 104 120 105 119 105 119 106 118 106 119 106 118 106 118 106 118 106 118 106 119 105 119 105 119 105 119 105 119 105 120 103 121 103 121 103 121 103 121 103 121 103 120 104 120 104 120 105 119 105 119 105 119 106 118 106 118 106 117 107 117 107 117 108 116 108 115 109 115 109 114 110 114 109 114 110 114 110 113 111 113 110 114 109 114 110 114 109 115 108 115 109 115 108 116 108 115 108 116 108 115 109 115 109 115 109 114 110 114 110 114 110 113 111 113 111 113 111 113 111 112 112 112 112 112 112 112 112 112 112 112 112 111 113 111 113 111 113 111 113 111 113 110 114 110 115 109 115 108 117 107 117 107 118 106 119 105 121 102 123 101 125 99 127 97 129 94 131 93 132 92 133 91 133 90 135 89 135 89 136 87 137 87 137 86 139 84 140 84 140 83 142 81 143 80 144 79 146 77 147 76 148 75 150 73 151 72 152 72 152 71 153 34 4 33 153 31 11 28 154 29 15 26 154 28 18 23 156 26 20 22 156 25 22 21 156 24 24 19 158 22 25 19 158 22 26 18 159 20 27 17 160 20 27 17 161 19 27 17 162 18 27 17 162 18 27 16 164 17 27 16 164 16 28 16 165 15 27 17 165 15 27 16 166 15 27 16 167 14 26 17 167 14 26 16 168 14 25 17 168 14 25 17 169 13 25 17 169 13 24 18 169 14 23 18 169 14 23 18 169 14 23 18 169 14 23 17 170 15 22 17 170 15 22 17 171 14 22 17 171 15 20 18 171 15 20 18 171 15 20 19 170 16 19 19 170 16 19 19 170 16 19 19 170 17 18 19 170 17 18 19 170 17 18 19 170 17 18 19 170 17 18 20 169 17 18 20 169 16 20 19 169 16 20 19 170 15 20 19 170 14 21 18 171 13 22 18 74
9507 18 202 26 196 32 190 36 186 41 182 44 178 50 173 53 169 57 166 59 163 62 161 64 159 66 156 69 154 71 152 72 151 74 150 75 148 76 147 78 146 78 145 80 144 80 143 82 142 82 141 84 140 84 140 85 138 86 138 87 137 88 136 88 136 89 134 91 133 91 133 92 132 92 132 93 131 93 131 94 130 94 130 95 129 95 129 95 129 96 128 96 128 97 127 98 126 98 126 98 126 98 127 97 127 96 128 96 128 95 129 94 131 93 131 93 131 93 131 93 131 93 131 93 131 93 131 93 131 93 131 92 132 92 132 91 132 92 132 91 133 91 133 90 134 90 134 89 136 88 136 87 137 87 137 87 138 86 138 86 139 86 138 86 138 86 138 86 138 87 137 87 137 87 137 87 137 88 135 89 135 89 135 89 135 89 135 89 135 90 134 90 134 90 134 90 133 91 133 92 132 92 132 92 132 92 132 92 132 92 131 93 131 93 131 94 130 94 130 94 129 95 129 96 128 96 128 96 128 96 128 96 128 96 129 95 129 95 129 95 129 96 128 96 128 96 128 96 128 96 128 96 128 96 128 96 129 95 129 96 128 96 128 95 129 95 129 95 129 95 129 95 129 95 129 95 129 95 129 29 3 63 129 28 5 62 129 28 5 30 5 27 129 28 6 26 9 26 129 28 6 23 13 25 129 28 6 20 16 25 129 28 7 14 21 25 129 28 8 9 25 25 129 28 9 4 29 25 129 28 43 24 129 28 43 24 129 28 43 25 128 28 43 24 128 29 42 25 128 29 42 25 128 29 42 24 128 30 41 24 129 30 41 23 130 30 41 21 131 31 41 20 132 31 41 18 133 32 41 16 135 32 43 11 137 33 191 33 191 33 191 33 191 33 191 33 191 33 191 33 191 33 192 32 192 31 193 30 195 28 196 26 199 23 202 20 204 19 206 17 207 16 209 13 142
7636 3 219 8 215 10 213 25 198 35 189 37 187 39 185 40 185 40 185 41 186 39 189 36 190 35 190 35 190 35 189 36 189 35 189 36 188 37 62 12 113 38 57 19 110 38 53 26 107 39 50 33 2 11 89 40 45 51 88 41 42 54 87 42 39 57 86 43 36 59 86 44 34 61 85 46 31 62 47 8 30 48 28 63 45 11 29 52 22 65 43 13 29 56 17 66 41 15 29 61 9 68 41 16 29 138 39 18 30 137 38 19 30 137 36 21 30 137 34 23 30 136 34 24 30 136 32 26 30 136 31 27 30 135 30 29 31 134 29 30 31 133 28 32 31 133 27 33 31 132 27 34 32 131 26 35 32 130 26 36 32 129 26 37 33 127 25 39 33 127 24 40 33 126 24 41 33 125 24 42 33 124 24 43 32 124 23 45 32 124 22 46 32 123 22 47 32 123 21 48 31 124 19 50 31 124 18 51 30 124 17 53 30 124 16 54 29 125 13 57 28 126 11 59 27 128 7 62 27 197 26 198 26 198 26 198 25 199 25 199 25 199 25 199 25 199 25 199 25 199 25 199 25 199 25 199 25 199 25 199 25 199 25 199 25 199 25 199 25 199 26 198 26 198 26 198 26 198 26 198 26 198 26 198 26 198 26 198 26 198 26 198 26 198 25 199 24 200 24 200 23 201 22 202 21 203 20 204 20 204 19 205 18 206 17 207 16 208 15 209 15 209 14 210 13 211 13 211 12 212 12 212 11 213 11 213 11 213 10 214 10 214 10 214 10 214 11 213 11 213 11 213 11 213 11 213 11 213 11 213 11 213 11 213 11 213 11 213 12 212 12 212 12 212 12 212 12 212 13 211 14 210 15 209 17 207 20 204 22 202 25 199 28 196 32 192 36 188 40 184 43 17 4 160 49 4 13 158 67 157 67 157 67 157 68 156 68 156 68 156 68 156 68 156 68 156 68 156 68 156 68 156 68 156 68 156 68 156 68 156 68 156 68 156 68 156 68 156 68 156 68 156 68 156 68 155 69 155 69 153 71 151 73 150 74 149 75 148 76 147 77 146 79 144 80 143 81 141 84 139 85 138 87 137 87 136 17
6127 6 214 13 210 17 205 22 201 25 198 28 195 31 192 42 182 57 166 61 23 10 129 65 17 15 126 72 7 21 124 102 121 104 120 106 117 107 117 108 116 109 114 111 113 111 113 112 112 112 113 111 113 112 113 111 113 112 113 111 115 109 118 107 120 104 122 102 123 101 124 100 124 100 125 99 126 98 126 98 127 97 127 97 127 96 128 96 128 96 128 96 128 95 129 95 129 93 131 89 135 87 137 86 138 85 139 83 141 82 142 81 142 81 143 81 142 81 143 81 142 81 142 82 142 82 141 83 141 82 141 83 141 83 140 84 140 84 140 83 141 83 140 84 140 83 141 83 141 82 142 82 142 82 141 82 142 82 142 81 143 81 142 81 143 81 142 81 143 80 143 81 143 80 143 81 143 81 142 82 141 82 142 82 141 83 141 83 141 83 140 84 139 85 139 85 138 85 139 85 139 85 138 86 138 86 137 88 136 88 136 88 136 88 135 90 134 90 134 90 134 90 133 91 133 92 132 92 132 92 132 92 132 92 132 92 132 93 130 94 130 94 130 94 130 94 130 94 129 95 129 95 129 95 129 95 129 95 129 95 129 94 130 94 130 94 129 94 130 94 130 94 130 93 131 93 131 93 131 92 132 92 132 91 133 91 133 90 134 90 134 89 135 88 136 88 136 87 137 87 137 86 138 32 6 48 138 25 20 41 138 23 36 26 139 22 41 22 140 20 42 22 140 19 44 20 141 19 44 20 141 18 45 19 142 18 45 19 142 18 45 18 143 18 45 18 143 18 45 17 144 17 45 18 143 18 45 17 144 18 45 17 144 18 45 16 145 18 44 17 145 18 44 17 145 18 44 16 146 18 44 16 145 19 43 17 145 19 43 17 145 19 43 16 146 19 42 17 145 20 42 17 145 20 42 17 145 19 43 17 145 19 43 17 145 19 43 17 144 20 43 17 144 19 43 18 144 19 43 18 144 19 43 18 144 19 43 18 143 20 43 18 143 20 43 18 143 20 43 18 143 19 44 18 143 19 44 18 144 18 45 17 144 17 46 17 144 17 46 17 144 16 48 15 145 16 48 15 145 16 48 15 145 15 50 13 147 14 50 13 147 14 50 13 147 13 52 11 96
1876 9 213 13 211 15 83 9 116 17 78 15 114 19 74 18 113 20 71 20 113 22 68 22 112 23 66 24 111 24 63 26 111 25 61 27 111 26 59 29 111 26 58 29 111 27 56 30 111 28 54 31 111 29 52 32 111 30 50 34 111 30 48 35 111 31 46 36 111 32 44 37 112 33 41 38 112 36 3 12 22 39 112 55 16 42 111 113 112 112 112 112 113 111 113 111 113 111 114 110 114 109 115 109 115 109 116 108 116 108 116 108 116 108 116 107 118 106 118 106 118 106 118 106 118 106 118 106 118 106 118 106 119 104 120 104 120 104 120 104 121 103 121 103 121 103 121 103 121 102 121 103 121 103 121 103 120 104 120 104 120 104 120 104 120 105 118 106 118 106 118 106 118 106 118 106 118 106 118 106 118 106 118 106 118 106 118 106 118 106 118 106 119 105 119 105 119 105 119 105 119 105 30 13 75 105 31 17 71 105 31 23 64 106 31 28 59 105 32 34 8 16 28 106 32 66 18 108 32 191 33 191 33 191 33 190 34 190 34 189 35 188 36 187 37 187 37 186 38 186 38 185 39 184 40 184 40 183 41 183 41 182 42 182 42 181 43 181 43 180 44 180 44 180 44 179 45 179 45 179 45 179 45 179 45 179 45 179 45 179 45 180 44 180 44 180 44 180 44 180 44 180 44 180 44 180 44 180 44 180 44 180 44 180 44 180 44 180 44 180 44 180 44 180 44 180 44 180 44 180 44 180 44 179 45 179 45 179 45 179 45 179 45 179 45 179 45 179 45 178 46 178 46 178 46 177 47 177 47 176 48 176 48 176 48 175 49 175 49 174 50 174 50 173 51 173 51 172 52 171 53 170 54 170 54 170 54 170 54 170 54 170 54 170 54 171 53 173 51 176 48 180 44 183 41 185 39 188 36 191 33 194 30 196 28 198 26 198 26 198 26 198 27 196 32 191 47 176 59 163 80 142 86 126 102 81 3 4 6 24 109 73 153 67 159 54 172 48 179 38 192 22 209 7 4391
145 6 215 13 210 15 188 6 12 19 176 50 169 56 164 62 160 65 157 68 154 71 150 75 147 78 144 81 141 83 138 87 135 89 133 92 130 94 120 105 117 107 116 109 114 110 113 111 113 112 111 113 111 114 110 114 109 115 109 116 107 117 107 118 105 119 105 120 103 121 103 122 101 123 101 123 101 124 99 125 99 125 99 126 98 126 97 127 97 128 96 128 95 129 95 129 95 129 94 130 94 130 93 131 92 132 91 133 90 134 88 136 87 137 87 137 86 139 84 140 84 140 83 142 82 142 81 143 81 144 80 144 80 144 80 144 80 145 80 144 80 144 80 144 80 144 81 143 81 143 81 143 81 143 81 142 83 141 83 141 84 140 84 139 85 139 86 138 86 138 87 137 87 137 88 136 89 135 89 135 90 133 92 132 94 130 95 129 96 128 97 127 99 126 99 125 99 125 99 125 99 126 98 126 98 126 98 126 97 128 96 128 95 129 95 130 93 131 92 132 92 132 91 133 90 134 89 136 87 137 86 138 85 140 83 142 80 144 79 146 75 149 71 153 69 156 66 158 65 160 63 161 62 162 61 164 59 165 59 166 57 168 55 170 54 171 52 173 51 173 50 175 48 177 46 179 44 181 42 183 40 185 37 189 34 191 31 194 28 197 25 200 23 202 20 205 18 207 16 209 14 43 9 159 13 40 13 159 11 39 15 160 10 37 16 162 8 34 20 163 7 31 23 164 6 27 26 166 5 24 29 167 4 23 30 168 4 21 31 168 5 17 34 169 5 13 37 169 6 10 39 169 8 3 44 169 55 169 54 170 54 170 54 170 53 171 53 171 53 171 53 171 54 170 54 169 55 169 56 168 56 168 56 167 58 165 60 163 62 162 62 161 64 159 65 157 68 153 71 150 74 150 75 71 2 75 76 69 5 74 76 66 9 72 78 65 10 71 78 64 12 70 78 65 11 70 78 65 11 70 78 65 12 69 79 65 11 68 80 66 10 68 80 66 10 67 81 67 9 66 82 67 9 65 83 68 8 64 84 68 7 64 85 68 7 63 86 68 6 63 88 67 6 63 88 68 4 63 89 68 4 62 91 132 92 132 92 132 91 133 91 132 92 132 92 132 92 132 91 133 91 132 91 133 90 133 91 66 2 65 90 66 4 63 91 65 6 62 91 64 7 62 91 63 9 60 93 61 10 59 33
5711 16 189 38 183 47 175 52 170 56 167 58 165 60 162 62 161 64 157 67 153 71 148 76 145 79 142 82 141 83 139 85 138 86 136 88 135 89 134 89 135 89 134 90 133 91 133 91 132 91 133 91 132 92 132 91 133 90 133 91 133 90 133 91 133 90 133 90 134 90 134 90 133 90 134 90 134 90 134 90 134 89 134 90 134 90 134 90 134 90 133 91 133 92 132 92 132 92 132 92 132 92 132 92 132 93 131 93 131 93 131 93 131 93 131 93 131 93 131 93 131 93 131 93 131 92 132 92 132 92 132 91 132 90 134 88 136 86 138 85 139 84 140 84 140 84 140 84 140 84 140 84 140 84 140 84 140 84 140 84 140 84 140 84 141 83 141 83 141 83 141 83 142 82 142 81 144 80 144 80 145 79 146 78 146 78 146 77 148 76 148 75 149 75 149 75 150 73 150 73 151 73 151 73 151 72 152 72 151 72 152 72 152 43 6 23 152 40 10 21 152 40 12 20 152 39 14 19 152 14 3 21 15 19 151 14 4 21 15 19 151 13 6 19 16 18 151 14 6 19 16 18 151 13 7 18 16 19 150 14 7 18 16 19 149 14 8 18 16 18 150 14 8 17 17 18 149 14 9 17 16 19 149 14 9 17 16 18 149 14 11 15 17 18 149 13 12 15 17 18 149 13 12 15 16 18 150 12 13 15 16 18 151 10 14 15 16 18 152 7 16 15 16 17 176 15 16 17 176 14 17 17 176 14 17 17 176 14 17 16 177 14 17 16 177 14 17 16 177 14 17 15 178 14 16 16 178 14 16 16 178 14 16 15 179 14 16 15 179 14 16 15 179 15 14 15 180 15 14 15 180 15 14 15 180 15 14 14 182 14 14 14 182 14 13 15 182 14 13 14 183 15 12 14 183 15 11 15 183 15 11 14 184 15 11 14 185 14 11 14 185 14 11 14 185 14 10 14 186 14 10 14 186 14 10 14 186 14 10 14 187 13 10 14 187 13 10 14 187 13 10 14 187 13 10 13 188 13 10 13 188 13 10 13 188 13 10 13 188 13 11 11 189 13 12 10 189 13 13 8 190 13 15 4 192 14 211 13 211 13 211 13 211 13 211 13 211 13 211 13 211 12 212 12 213 11 213 10 215 9 217 6 4400
94 57 164 61 161 64 158 67 147 78 142 82 139 86 136 88 135 90 133 91 132 92 131 94 130 94 129 95 129 96 127 97 127 98 125 99 125 100 123 101 123 102 122 102 122 103 121 103 121 104 120 105 119 105 118 107 117 107 117 108 116 108 116 109 115 109 115 109 115 110 114 110 114 110 114 110 114 111 113 111 113 111 113 112 112 112 113 112 112 112 112 113 112 112 113 112 113 112 113 112 113 111 114 111 113 111 113 112 112 112 112 113 111 113 111 114 110 114 110 115 109 116 107 117 107 118 106 118 106 119 105 120 104 121 103 121 103 122 102 122 102 123 101 123 100 125 99 125 99 126 98 126 97 128 96 128 95 129 95 130 94 130 93 131 93 131 93 132 91 133 91 133 90 134 90 134 89 135 89 135 89 135 88 136 88 135 89 135 88 136 88 136 88 136 88 135 89 135 88 136 88 135 89 135 89 134 90 134 90 133 90 134 90 134 90 133 91 133 91 133 91 132 91 133 91 133 91 133 90 134 90 133 91 133 91 133 91 133 90 134 90 134 90 133 91 133 91 133 90 134 90 134 90 134 89 135 89 135 89 135 88 136 88 136 88 136 88 136 87 137 87 138 86 138 86 138 85 140 84 140 84 140 84 140 83 141 83 142 82 142 82 142 81 144 80 144 80 144 80 144 80 145 79 145 79 145 78 147 77 147 77 147 77 148 76 148 76 148 75 149 75 149 75 149 75 149 75 149 75 149 75 149 75 149 75 149 75 149 74 150 74 150 74 53 5 91 75 32 32 85 75 31 38 5 1 6 3 65 75 29 59 61 75 28 62 59 75 27 67 55 75 27 72 49 76 26 75 47 75 27 76 46 75 26 78 45 75 26 79 44 75 25 82 42 74 26 84 40 74 26 85 39 73 26 87 38 73 26 88 37 72 27 89 35 73 27 89 35 73 27 90 34 72 28 90 33 73 28 90 33 73 27 91 33 73 27 92 32 72 28 92 31 73 28 92 31 73 28 92 31 73 28 92 31 72 29 92 31 72 29 92 31 72 28 92 32 71 29 92 32 71 29 92 32 71 29 92 32 70 30 92 32 69 31 92 32 68 31 93 32 67 32 93 33 65 33 93 33 64 33 94 34 63 33 94 34 62 34 94 35 60 34 95 36 58 35 95 36 57 35 96 37 56 34 97 37 55 34 98 37 54 35 97 39 53 34 98 39 52 34 99 39 52 33 100 39 52 26 2 4 102 37 53 25 109 37 54 23 110 37 33
170 17 206 20 203 22 201 24 200 25 198 27 196 29 195 30 194 31 193 32 192 33 191 34 190 35 189 35 190 35 191 33 199 26 200 24 202 22 203 22 203 21 204 20 204 21 204 20 205 19 205 20 205 19 206 19 205 19 205 19 206 19 205 19 206 18 206 18 206 18 206 19 206 18 206 18 206 18 206 18 206 18 206 18 206 18 34 7 165 18 32 11 163 18 32 12 162 18 31 14 161 18 31 15 160 18 31 15 160 18 30 17 159 18 30 18 157 19 30 19 156 19 30 20 155 18 31 22 26 6 121 18 31 24 20 12 118 19 31 29 13 14 118 19 31 57 117 19 31 57 116 20 31 57 116 20 31 57 116 19 32 57 115 20 32 56 116 20 32 56 116 20 32 55 116 20 33 55 116 20 33 54 117 20 33 54 117 19 33 54 118 19 33 53 119 19 33 53 119 18 34 52 119 19 34 52 119 19 34 52 119 18 35 51 120 18 35 51 120 18 35 50 121 18 35 50 120 18 36 50 120 18 36 50 120 18 36 50 120 18 36 50 119 19 36 50 119 18 37 50 119 18 37 50 119 18 38 49 118 19 38 49 118 19 38 49 117 20 38 49 117 20 38 49 116 21 38 50 114 22 38 52 111 22 39 54 29 12 66 24 39 58 8 36 57 26 39 116 37 32 40 184 40 184 40 183 41 183 41 183 41 183 41 183 41 182 43 181 43 181 43 181 43 181 43 181 43 181 44 180 44 180 44 180 45 179 45 179 45 180 44 180 45 179 45 179 46 178 46 179 45 179 45 179 46 178 46 178 46 179 46 178 46 178 46 178 46 178 47 177 47 177 47 176 49 175 49 175 49 175 50 174 50 173 52 172 52 172 53 170 55 169 55 168 57 167 57 167 57 167 57 167 58 166 58 165 59 165 59 165 59 165 60 164 60 164 60 101 7 56 60 100 8 56 61 98 10 55 61 96 12 55 61 93 15 55 61 54 54 55 61 51 58 54 61 49 60 55 60 48 62 54 60 47 63 54 60 46 65 53 60 46 65 53 60 46 65 54 59 45 67 53 59 45 67 54 58 45 68 53 58 45 69 53 57 44 70 54 56 44 71 54 55 44 72 54 54 44 72 54 54 44 73 54 53 44 73 54 53 45 72 54 53 45 73 54 52 45 73 54 52 45 73 54 52 45 74 53 52 45 73 54 52 26 1 18 73 54 52 24 5 16 73 54 52 23 6 16 73 54 51 23 8 16 72 54 51 22 9 16 71 55 51 22 9 16 71 23 6 26 51 21 10 16 70 22 10 24 51 20 11 16 69 21 13 23 51 20 11 16 68 21 15 22 50 20 12 16 67 21 17 20 51 19 13 16 66 21 18 20 51 18 14 16 64 22 19 20 50 19 14 16 63 22 20 20 50 18 15 15 63 23 20 20 49 19 15 15 61 24 21 20 48 19 16 15 60 24 22 19 48 20 15 16 60 23 23 19 47 21 15 16 59 23 24 19 46 21 16 16 59 22 25 19 44 23 16 16 58 23 24 19 44 23 17 16 58 22 25 19 43 24 17 15 59 21 25 20 42 25 17 15 59 20 26 20 41 25 19 13 60 19 26 20 42 25 19 13 61 17 27 20 41 25 21 11 63 14 28 21 41 25 24 5 68 9 30 22 41 24 137 21 42 23 137 22 42 23 136 22 43 22 137 22 44 20 137 22 45 19 138 22 46 16 140 22 48 11 142 22 202 21 203 21 203 20 204 20 205 18 206 17 208 16 208 15 33
9522 3 220 5 218 7 217 8 215 9 215 10 213 11 213 11 213 11 212 12 212 12 55 9 148 12 52 13 147 13 49 15 147 13 47 18 145 14 45 20 145 15 42 22 145 15 41 23 145 16 38 25 144 18 36 26 143 21 33 27 142 24 29 29 141 27 25 30 141 34 17 32 140 39 11 34 139 84 139 85 139 84 139 84 139 85 139 84 140 84 140 84 140 83 140 84 140 83 141 83 141 83 141 83 141 83 140 83 141 83 141 83 141 83 141 83 141 83 141 82 142 82 142 82 142 81 143 81 143 81 143 80 143 80 144 80 144 79 144 79 144 79 144 80 143 81 142 81 142 82 141 82 141 83 140 84 139 85 138 86 137 87 136 88 135 89 134 90 134 91 132 92 132 93 131 94 130 95 129 96 128 97 127 98 126 98 126 99 125 99 125 100 124 101 123 101 123 102 122 102 122 102 122 103 121 103 121 103 121 104 120 104 120 105 119 105 119 105 119 106 118 106 117 108 116 108 116 108 116 108 115 110 114 110 114 110 113 111 113 112 111 113 110 114 110 115 108 116 107 117 106 118 105 120 104 120 103 121 103 121 102 122 102 122 101 123 101 123 101 123 100 124 100 124 100 124 100 124 99 125 99 125 99 125 99 125 99 125 99 125 99 125 99 125 99 125 99 125 99 125 99 125 99 125 99 125 99 125 99 125 99 125 99 125 99 125 100 124 100 124 101 123 101 123 102 122 104 120 105 120 106 118 107 117 109 115 109 115 110 114 110 114 110 114 110 114 110 114 110 114 110 114 110 113 110 114 110 114 110 114 111 112 112 112 112 112 112 112 112 112 112 112 112 112 113 110 114 110 114 61 4 45 114 34 8 11 13 44 115 30 14 4 17 44 115 29 37 43 115 28 39 41 116 27 40 41 117 25 42 40 37
13357 9 212 14 207 18 165 7 32 22 161 13 24 27 158 20 12 35 156 69 154 71 152 72 151 74 149 75 148 77 147 77 146 78 145 79 145 79 144 80 144 79 145 79 144 80 144 79 145 77 110 9 27 76 109 15 24 75 108 19 11 1 10 74 108 35 7 73 108 37 5 73 109 115 108 116 108 116 107 116 108 24 9 83 109 18 17 80 109 15 21 79 110 12 23 79 111 9 25 79 112 5 27 80 144 81 143 81 143 81 143 81 142 82 142 82 142 82 141 83 141 83 141 83 140 84 140 84 140 84 140 84 139 85 139 86 138 86 138 87 136 88 136 89 134 90 134 91 132 93 130 94 130 94 129 96 128 96 127 97 127 98 126 98 126 98 126 98 125 100 124 100 124 101 123 101 123 101 123 101 124 100 124 100 124 100 124 100 124 100 124 99 125 99 126 98 126 97 127 97 127 97 127 96 129 95 129 94 130 94 130 94 131 92 132 92 132 91 133 91 133 91 133 90 134 90 133 91 133 91 133 90 134 90 133 91 133 91 133 91 133 51 15 26 132 48 22 23 131 47 24 23 129 47 25 25 127 47 26 25 127 45 27 26 126 45 27 27 125 45 28 26 125 45 28 27 125 20 2 23 28 26 126 17 5 22 28 27 125 14 9 21 28 27 127 9 13 20 29 27 128 4 16 21 28 27 149 20 29 27 148 21 28 27 148 21 29 27 148 21 28 27 148 22 28 26 149 21 29 25 149 22 28 25 149 23 28 24 149 23 29 23 149 24 29 21 150 24 30 20 150 24 31 18 152 23 33 15 153 23 36 10 155 24 200 24 201 23 201 23 202 22 202 22 203 21 204 19 206 18 207 17 208 15 210 13 213 10 217 4 4148
7903 5 199 27 194 31 190 35 186 38 183 41 179 46 176 48 175 49 175 49 175 49 175 50 174 50 175 49 175 49 175 49 175 49 175 49 176 48 176 48 176 48 176 48 176 48 176 48 176 49 175 49 175 49 175 49 175 49 176 49 175 49 175 50 174 51 173 51 174 51 173 52 172 52 172 53 171 54 170 54 170 55 168 56 168 57 167 58 165 59 165 60 163 62 162 63 161 64 159 65 159 66 157 68 156 69 155 70 153 72 152 73 150 74 150 75 148 77 147 78 146 79 145 80 143 82 142 83 141 85 139 87 136 90 134 92 132 93 131 94 130 94 130 95 129 96 127 98 126 98 126 99 125 100 124 101 123 102 122 103 121 104 120 106 118 107 117 108 116 110 114 111 113 112 111 114 110 115 109 116 108 116 107 118 106 119 105 119 105 120 103 121 103 122 102 122 102 123 101 123 101 124 100 124 100 125 99 125 99 126 98 127 97 128 96 17 4 109 94 17 5 79 7 23 93 16 8 75 12 21 92 16 8 74 15 20 91 16 9 73 16 21 89 16 10 72 17 21 88 15 12 70 19 21 87 15 13 69 19 22 86 15 13 68 21 23 84 15 14 66 22 24 83 15 15 64 24 24 82 14 17 63 25 25 80 14 18 61 27 25 79 14 19 59 29 25 78 14 21 56 31 26 76 14 22 53 35 26 74 14 23 51 38 26 72 14 24 49 41 25 71 14 25 47 44 24 70 14 26 46 46 23 69 13 30 42 48 23 67 14 34 37 50 22 67 14 40 31 51 22 66 14 45 25 53 21 66 14 46 23 54 21 66 14 47 22 55 20 66 14 48 20 57 19 66 14 48 20 57 18 66 15 48 19 59 16 67 15 48 19 61 13 68 15 48 18 64 9 70 15 48 18 143 15 48 18 143 15 47 18 143 16 47 18 143 16 47 18 142 17 47 17 143 17 47 17 142 18 46 18 141 19 46 17 142 19 46 17 141 20 46 17 141 20 46 17 141 20 45 18 140 21 45 18 140 20 46 18 140 20 45 19 140 19 46 18 142 18 46 18 142 17 46 19 142 16 47 19 143 14 48 18 145 12 48 19 146 9 50 19 205 18 206 18 206 18 206 17 207 16 209 15 209 14 211 11 214 9 4399
1658 13 202 29 191 36 183 51 170 61 10 10 136 90 131 94 126 99 122 103 118 107 114 111 110 115 107 117 101 124 95 130 92 133 90 135 88 136 86 139 84 140 84 141 82 142 81 143 80 145 79 145 78 147 76 148 76 149 74 151 73 152 71 153 71 154 69 156 68 156 67 158 66 158 65 159 65 160 63 161 62 162 62 163 60 164 60 164 59 165 59 165 58 166 58 166 57 167 57 168 55 169 55 169 55 169 55 169 54 170 54 170 54 170 54 170 54 170 54 170 54 170 54 170 54 170 54 170 54 170 54 171 53 171 53 172 51 173 51 174 50 174 50 175 49 175 49 176 47 177 47 178 46 179 44 180 44 181 43 182 42 182 42 183 41 183 41 183 41 184 41 183 42 182 42 182 43 182 42 182 43 182 43 181 45 180 45 180 45 180 46 179 46 179 46 179 46 179 46 178 48 177 48 176 50 175 50 174 51 174 51 174 52 172 53 172 53 171 53 172 53 171 53 172 53 171 53 171 54 171 53 171 54 171 54 170 55 170 56 169 58 166 60 165 60 164 61 164 60 164 60 165 59 165 59 166 58 167 57 167 57 168 55 169 55 169 55 169 55 170 54 170 53 171 53 171 53 171 53 172 52 172 52 172 52 172 52 172 53 170 54 170 54 170 55 169 55 169 56 168 56 169 56 168 57 168 57 167 58 167 58 166 59 166 59 166 59 165 61 164 61 163 62 163 62 162 63 161 65 159 66 158 68 156 69 155 69 154 71 153 73 151 74 150 76 148 78 146 79 145 80 144 80 144 80 143 82 142 82 141 83 141 83 140 84 140 84 139 85 139 85 139 85 138 87 137 88 136 90 6 4 79 2 42 103 75 7 3 6 29 106 72 20 25 108 70 26 19 112 66 31 13 117 63 163 60 172 51 178 45 183 40 186 37 188 34 191 31 195 27 201 19 208 9 2994
131 19 47 13 144 21 44 16 143 22 42 17 142 25 38 19 143 26 34 21 143 31 26 24 143 42 12 27 143 80 145 79 145 79 146 77 147 76 148 76 149 74 150 73 151 72 152 71 154 69 155 68 156 68 156 67 157 67 157 67 157 66 158 66 158 66 158 65 159 65 158 66 158 65 159 65 159 65 159 65 159 65 159 65 159 65 159 65 159 65 160 64 160 63 161 63 161 63 161 63 161 63 161 62 162 62 162 61 163 61 163 60 163 61 163 61 162 61 163 61 162 62 161 62 161 63 161 62 161 63 160 63 161 63 160 64 160 63 160 64 159 65 159 65 158 66 157 67 155 69 153 71 151 73 149 75 147 77 145 79 143 81 141 83 140 85 137 87 136 88 134 90 133 91 132 92 131 93 130 94 129 95 128 96 127 97 126 98 125 99 124 100 124 100 123 101 122 102 122 102 121 103 120 103 121 103 120 104 119 104 120 104 119 105 118 105 119 105 118 105 118 106 117 107 116 108 116 107 116 108 115 109 114 109 115 109 114 110 113 111 112 111 113 111 112 112 111 112 111 113 111 113 110 113 110 114 109 114 110 114 109 115 108 115 109 115 108 116 107 116 108 116 107 118 106 125 98 129 95 131 92 133 91 133 90 135 89 135 88 136 88 136 88 136 88 136 87 137 87 137 87 137 87 137 87 137 87 137 87 137 87 136 87 137 87 136 88 135 89 134 90 133 91 132 92 131 93 130 94 128 96 126 98 125 98 124 100 123 100 123 101 122 101 121 100 123 57 12 30 124 56 18 23 127 54 26 15 128 54 32 8 129 55 169 55 169 55 168 56 168 56 168 56 168 56 168 56 168 56 168 56 83 11 73 57 70 29 68 57 38 8 2 11 5 38 65 57 31 73 63 57 20 86 61 57 18 90 59 57 17 93 57 57 17 95 55 57 16 98 53 57 16 100 51 57 16 102 49 57 16 104 48 56 16 106 46 56 16 108 44 56 15 111 42 56 15 113 40 56 15 114 40 55 15 116 38 55 15 118 37 54 15 119 36 54 15 121 35 53 15 122 35 52 15 124 33 52 15 126 32 51 15 127 32 50 15 129 30 50 15 131 28 50 15 133 27 49 15 135 25 49 15 137 23 49 15 138 23 48 15 140 21 48 15 141 20 48 15 142 19 48 15 143 18 48 15 143 18 48 15 144 17 48 15 145 16 48 15 146 14 49 15 147 13 49 15 148 11 50 15 150 7 52 15 209 15 209 15 209
2408 4 217 10 4 4 204 21 138 26 38 23 133 35 32 24 130 52 18 24 128 57 14 25 126 61 11 26 124 65 9 26 122 70 5 27 120 105 118 106 116 109 114 111 112 112 110 115 108 117 106 119 104 120 103 122 100 124 99 125 98 127 96 128 95 129 94 131 92 132 91 133 91 133 90 134 90 135 88 136 88 136 87 137 87 137 87 138 85 139 85 139 85 138 86 138 85 139 85 139 85 138 86 137 86 137 87 136 88 115 7 11 90 111 113 107 117 104 120 101 122 84 3 11 126 81 143 79 145 79 145 78 145 79 145 79 145 78 146 78 146 78 145 79 145 78 146 78 146 78 146 78 146 77 147 66 2 9 147 22 4 39 5 6 148 18 11 35 8 2 150 17 13 33 161 16 15 31 162 16 15 29 164 16 16 27 165 15 17 25 167 15 17 25 167 15 18 23 168 15 18 22 169 15 18 21 170 15 19 19 171 15 20 17 172 15 21 15 173 15 22 10 176 16 208 16 208 16 208 16 208 16 207 17 207 17 207 16 208 16 207 17 207 16 208 16 207 17 207 17 206 17 207 17 206 17 206 18 205 19 204 20 202 21 200 24 198 25 197 26 46 5 146 26 45 10 4 5 132 27 45 21 130 27 45 22 129 27 45 23 128 27 46 23 127 27 46 25 125 27 47 25 125 26 47 26 125 25 48 26 125 24 49 25 127 21 51 25 130 16 53 25 134 10 54 26 198 26 198 26 198 26 198 26 198 25 199 25 199 25 199 24 200 23 202 21 203 19 205 18 206 18 207 17 207 16 209 14 212 4 17366
5252 7 216 10 214 11 212 13 211 14 210 15 209 16 208 17 207 17 207 18 206 19 52 5 148 20 48 11 145 21 45 14 144 22 43 16 143 23 40 19 142 24 38 21 141 25 36 22 141 26 34 24 140 27 32 25 140 29 30 26 139 31 27 27 139 36 20 29 139 41 13 32 138 86 138 86 138 86 138 86 138 87 137 87 136 88 136 88 136 88 136 89 134 90 134 90 133 91 132 92 132 92 131 93 130 94 129 95 129 96 127 97 126 98 126 98 125 99 125 98 126 98 125 99 125 99 125 99 124 100 124 100 124 100 124 100 124 100 124 100 124 100 124 99 125 99 125 99 125 100 123 101 123 101 123 101 123 101 123 102 122 102 122 102 122 102 122 103 121 103 121 103 121 104 120 104 120 104 119 106 118 106 118 106 118 107 116 108 116 108 115 109 115 109 114 111 112 112 112 112 111 113 111 113 110 114 109 115 109 115 108 116 108 116 108 116 107 117 107 117 107 117 107 118 106 118 106 118 106 118 106 119 105 119 105 119 105 120 104 120 105 119 105 119 105 120 105 119 105 119 106 118 107 117 108 116 109 115 110 114 111 113 112 112 112 112 113 111 114 110 115 109 116 108 117 107 118 106 119 106 118 106 118 106 119 105 119 106 118 106 119 105 119 106 118 106 118 107 117 107 117 107 117 108 116 108 115 110 114 110 114 110 113 111 113 112 111 113 111 114 110 114 109 115 109 116 108 116 107 117 107 117 107 118 106 118 106 118 106 118 106 118 106 118 106 119 105 119 105 119 105 119 105 119 105 119 105 119 105 119 105 119 105 120 104 120 104 120 104 120 105 119 105 119 105 119 106 118 106 118 106 118 106 118 107 117 107 117 107 117 108 117 107 117 107 117 107 117 108 116 108 116 108 116 109 115 109 115 110 114 110 114 111 113 111 113 111 113 112 112 112 111 113 111 113 111 114 110 16
103 14 209 16 207 18 205 19 204 21 202 23 200 24 199 25 199 26 197 27 196 28 196 28 195 30 194 30 193 31 193 31 192 32 192 32 191 33 191 33 191 34 189 35 189 35 189 35 188 36 188 36 188 36 187 37 187 37 187 37 186 38 186 38 185 40 184 40 183 41 183 41 183 41 182 42 181 43 181 43 181 43 180 44 180 44 179 46 178 46 178 46 177 47 177 47 176 48 77 11 87 49 74 18 82 51 71 21 81 51 69 25 78 52 67 29 76 52 65 32 74 53 63 34 73 53 62 36 73 53 60 38 73 53 59 39 72 54 57 41 72 54 56 42 72 54 54 44 71 55 53 45 71 55 51 47 71 55 49 49 70 57 46 51 70 57 44 53 70 59 36 59 69 61 28 66 69 64 21 70 68 68 15 73 68 71 9 76 67 157 67 157 67 157 66 158 66 158 65 159 65 159 64 160 64 160 64 160 63 161 63 161 63 161 62 162 62 162 62 162 62 161 63 161 63 160 63 160 64 160 64 159 65 159 64 160 64 159 64 160 63 160 64 160 63 161 63 160 63 160 64 160 64 159 64 160 64 159 65 159 65 158 66 158 66 158 66 157 67 157 67 156 68 156 68 155 70 154 70 153 71 153 71 152 73 150 74 150 75 148 76 147 78 145 79 144 81 142 82 141 83 139 86 137 87 134 91 130 94 128 97 126 98 125 100 123 102 121 103 120 105 118 107 116 108 115 110 113 111 112 112 111 113 109 115 108 116 107 117 106 118 105 119 104 120 102 122 101 122 100 124 98 126 96 127 94 130 92 132 90 133 90 134 90 133 90 134 90 134 89 134 90 134 90 134 89 134 90 134 89 134 90 134 90 134 90 133 90 134 90 133 91 133 90 134 90 134 90 134 89 134 90 134 90 134 90 134 90 134 90 133 91 133 91 133 90 134 90 134 90 134 90 133 65 5 21 133 62 14 14 134 61 18 11 134 59 21 10 134 58 23 9 133 57 26 8 133 54 30 7 133 34 50 7 133 30 55 5 134 28 57 5 133 28 58 5 133 27 60 3 134 27 197 26 197 26 198 26 198 25 199 24 200 23 201 22 202 21 203 20 204 20 204 19 205 17 207 16 208 14 210 13 212 11 213 10 214 10 215 8 216 8 217 6 218 6 386
264 8 215 11 212 14 209 16 207 19 204 23 200 26 196 31 192 34 188 39 8 2 6 28 131 5 2 90 126 101 122 104 120 106 118 108 116 110 113 112 112 114 110 116 107 119 105 121 102 125 98 130 94 136 87 139 85 141 82 144 80 146 77 149 74 151 73 153 70 155 69 157 67 158 65 160 64 161 64 162 62 163 63 163 62 163 62 164 61 164 61 165 59 166 58 167 58 167 57 168 56 169 55 170 54 170 53 172 52 173 51 173 51 174 50 175 48 176 48 177 47 177 46 179 45 180 43 181 43 182 41 184 39 185 39 186 37 188 36 190 34 191 32 194 30 195 29 196 28 197 27 198 25 199 25 199 25 200 23 201 23 202 22 202 21 203 21 203 21 203 21 203 21 203 21 202 22 202 22 202 22 202 21 202 22 202 22 202 22 201 23 201 23 201 24 200 24 200 24 200 24 200 24 200 23 201 23 201 23 201 22 203 20 204 20 204 19 205 19 205 19 205 19 205 19 205 19 204 20 204 20 204 20 204 20 204 20 203 21 203 21 203 21 203 21 202 22 202 22 151 8 43 22 148 14 39 23 146 18 37 24 144 22 33 25 143 25 31 25 142 29 27 27 140 36 20 29 137 39 18 30 136 42 13 34 134 44 10 36 132 49 4 40 130 95 128 96 127 98 125 100 122 102 121 104 119 106 117 108 115 110 114 111 112 112 112 113 111 114 110 115 110 115 110 115 110 115 110 115 110 115 111 114 112 114 111 114 113 112 116 110 119 106 123 102 125 101 125 99 125 100 125 100 124 100 125 100 124 101 28 8 87 103 23 17 11 3 67 104 19 36 66 105 13 40 66 107 7 45 65 159 65 159 65 159 65 159 65 159 66 158 66 157 67 157 67 157 68 156 68 156 68 156 69 155 69 155 69 155 70 154 70 154 70 154 71 153 71 153 72 152 72 153 71 153 72 152 72 152 72 152 72 152 72 153 71 153 71 153 70 154 70 155 69 155 69 156 67 158 66 158 66 159 64 162 62 163 61 166 57 170 53 174 49 176 33 193 28 197 25 200 22 203 19 206 17 207 15 210 12 212 11 214 9 215 8 95
12274 12 208 20 203 24 198 28 194 31 192 32 190 35 188 37 186 38 185 40 183 41 182 44 179 47 176 50 173 52 171 54 169 56 167 58 164 60 163 61 162 62 160 64 158 66 156 68 152 72 149 74 147 77 83 8 52 80 77 49 15 83 75 57 6 85 74 150 72 151 71 153 69 154 69 155 67 156 67 155 68 155 68 155 68 155 68 156 68 156 67 157 66 158 66 158 65 159 65 159 64 160 63 161 63 161 62 162 61 163 60 163 60 164 59 165 58 166 57 167 55 169 54 170 53 171 52 171 52 172 50 174 49 175 49 175 48 175 47 177 46 178 45 178 45 179 44 180 42 181 42 181 42 182 42 181 42 181 43 180 43 180 44 179 44 180 44 178 45 178 46 177 46 177 46 176 48 175 49 173 50 173 50 173 50 173 51 172 51 172 52 172 52 171 53 99 5 67 53 98 7 65 54 97 10 63 53 98 11 62 54 56 5 35 13 60 55 52 10 34 14 59 55 51 11 33 17 56 56 49 14 32 20 53 57 47 15 31 25 48 58 46 16 31 36 37 58 45 17 30 41 32 60 43 18 30 44 28 61 41 20 29 45 28 62 39 21 28 47 26 64 21 3 12 24 26 48 26 65 16 43 25 50 25 68 10 46 25 50 24 75 2 48 24 51 24 125 23 52 24 125 22 53 23 126 22 53 23 125 22 54 23 125 22 54 23 124 22 56 22 124 22 56 21 125 21 57 21 124 22 57 21 124 21 58 21 124 21 58 21 124 20 59 20 125 20 60 19 125 20 60 19 126 19 60 18 127 19 61 17 127 19 61 17 127 19 61 18 126 19 62 17 126 20 61 17 126 20 61 18 126 20 60 19 125 20 60 20 124 21 59 20 124 21 60 20 123 22 59 20 123 23 58 20 124 22 58 20 124 22 59 19 124 22 59 18 125 21 62 15 126 20 64 11 130 18 207 16 209 14 212 11 218 1 4849
81 16 83 17 97 29 80 19 94 32 78 21 91 36 75 22 89 42 70 24 87 44 67 26 87 45 66 27 75 1 10 45 65 29 74 1 11 45 62 31 87 44 61 33 86 45 59 34 87 45 56 37 87 45 54 38 87 46 14 8 30 40 87 46 10 17 23 41 87 48 6 21 20 43 86 77 18 43 86 78 16 45 84 80 15 46 83 81 13 48 81 83 11 49 81 88 5 51 79 146 77 147 71 3 1 150 69 155 68 157 68 157 68 156 69 156 68 156 69 156 69 155 69 156 69 156 68 156 68 157 68 157 67 157 66 158 66 158 66 158 66 158 66 158 65 159 65 159 65 159 65 159 65 158 65 159 65 159 65 160 64 161 63 162 62 163 61 163 61 164 60 164 60 164 60 164 60 164 60 164 60 164 60 164 60 164 60 164 60 164 60 164 60 164 60 164 60 164 60 164 60 164 60 164 60 164 60 164 60 164 60 164 60 164 60 164 60 163 61 163 61 163 61 163 61 163 61 163 61 163 61 163 61 163 61 160 64 159 65 157 68 152 72 150 74 149 76 147 77 146 79 144 80 143 82 141 84 140 84 140 84 140 85 139 85 139 85 138 27 4 55 138 26 9 51 138 25 14 47 138 24 18 44 138 23 21 41 139 21 26 37 139 22 29 32 141 22 32 21 149 21 36 12 155 21 203 21 203 21 203 21 203 21 203 21 203 21 203 21 203 21 204 20 204 20 204 20 204 20 204 20 204 20 205 19 205 19 205 19 205 19 205 19 206 18 206 18 206 18 206 18 207 17 207 17 207 17 208 16 208 16 208 16 208 16 209 15 209 15 209 15 209 15 209 15 209 15 209 15 209 15 209 15 209 15 209 15 209 15 209 15 208 16 208 16 208 16 208 16 207 17 207 17 207 17 207 17 206 18 206 18 206 18 205 19 205 19 205 19 205 19 205 19 205 19 205 19 205 19 205 19 204 20 204 20 204 20 204 20 203 21 203 21 202 22 202 22 201 23 200 24 200 24 200 24 199 25 199 25 198 26 198 26 197 27 196 28 196 28 195 29 194 30 193 31 192 32 190 34 189 35 187 37 184 40 179 45 177 47 177 47 176 48 176 48 175 49 175 49 131 13 12 4 14 50 130 16 7 9 11 51 130 32 5 4 2 51 131 32 2 59 132 92 134 90 137 87 139 85 140 84 139 85 139 85 138 86
5019 14 203 24 197 29 192 34 188 37 186 40 182 44 178 48 174 52 170 55 167 58 165 60 162 63 160 65 158 66 157 68 154 71 152 73 150 74 149 76 147 78 145 79 145 79 144 81 142 82 141 83 140 85 137 87 136 88 135 90 133 91 132 92 131 94 129 96 128 96 127 98 125 99 124 101 122 102 122 103 120 104 119 106 118 106 117 108 115 110 114 110 113 112 112 113 111 114 109 117 107 119 105 122 101 126 97 128 95 131 92 134 89 137 86 139 84 141 82 144 79 146 78 148 75 151 72 154 70 156 68 158 65 162 62 164 59 167 57 169 55 170 53 173 51 176 48 178 46 180 43 182 42 184 40 188 36 192 31 195 29 198 26 201 23 204 20 206 18 209 15 209 15 210 14 210 14 210 14 210 14 210 14 210 15 209 15 209 15 209 15 209 15 209 15 209 15 209 15 209 15 209 15 209 15 209 15 209 16 208 16 208 16 208 17 207 17 207 17 207 18 206 18 206 18 205 19 205 20 201 23 199 25 168 1 14 41 164 61 162 62 161 63 160 65 158 65 158 66 157 67 157 65 158 65 158 64 159 64 159 63 160 63 161 62 161 62 161 63 160 63 161 63 161 62 161 63 161 62 162 62 162 61 163 61 163 60 164 60 164 60 165 58 166 57 168 56 168 55 170 54 170 53 172 52 172 52 172 52 173 51 173 51 174 50 174 50 174 50 174 50 80 7 87 50 77 12 85 50 75 15 84 50 73 18 83 50 72 20 82 50 71 22 81 50 70 24 80 50 69 25 79 51 67 27 79 51 66 29 77 52 64 31 77 53 61 33 76 54 59 35 75 55 57 37 74 56 54 41 73 56 52 43 73 56 50 45 72 58 46 48 72 59 43 50 71 61 41 51 70 63 39 53 69 65 36 54 68 68 31 57 68 70 24 62 67 73 17 68 66 77 4 77 65 160 64 160 63 162 62 163 60 165 58 167 56 170 53 176 47 182 40 189 32 199 3 8 11 1419
2941 2 4 1 214 13 210 16 208 18 205 20 204 21 202 23 201 24 200 25 199 26 197 28 98 8 90 29 95 13 87 29 93 16 86 30 91 18 85 31 89 19 85 32 86 21 85 33 84 23 84 33 83 24 84 34 81 25 83 35 80 26 83 36 78 27 83 37 76 28 83 38 74 29 83 38 73 30 83 39 70 32 83 40 67 34 83 41 65 35 83 42 63 36 83 43 61 37 83 44 58 39 83 45 55 41 83 47 52 42 83 48 50 43 83 50 46 45 83 52 43 46 83 55 39 47 84 62 30 48 84 68 23 49 84 75 14 51 84 82 4 54 84 140 84 140 84 140 84 140 84 139 85 139 85 139 85 138 87 137 87 137 87 137 87 136 89 135 89 135 89 134 90 134 90 134 90 134 90 133 91 133 91 133 91 132 93 131 93 131 93 131 93 131 94 129 95 129 95 129 96 128 96 128 96 128 96 128 96 127 97 127 97 127 97 126 98 126 98 126 98 125 99 125 99 125 99 124 100 124 100 124 100 124 100 124 100 124 100 124 100 124 100 124 100 124 100 125 99 125 99 125 98 126 98 127 97 127 97 127 97 128 97 127 97 127 97 128 96 128 96 128 97 127 97 127 97 127 97 128 96 128 97 127 97 127 97 127 97 127 97 128 96 128 96 128 97 127 97 127 97 128 96 128 96 128 96 128 95 129 95 129 95 129 95 128 96 128 96 128 96 128 96 128 96 128 97 127 97 128 97 127 97 127 97 127 98 126 98 126 99 125 101 123 103 121 104 120 105 119 106 118 107 118 107 117 107 118 107 117 107 118 106 118 107 118 106 119 105 119 105 120 105 119 105 120 104 121 103 122 102 122 102 123 102 123 101 123 101 124 100 125 99 125 100 125 99 126 98 126 98 127 97 128 96 129 95 129 95 130 94 130 94 75 3 53 93 73 6 52 93 72 7 53 92 71 8 54 91 70 9 54 91 70 8 56 91 68 9 57 90 67 10 58 89 67 10 58 89 67 9 59 89 68 8 60 88 68 8 60 88 69 6 61 88 69 6 61 88 69 5 63 88 67 6 63 88 67 5 64 88 67 4 66 87 68 3 66 87 68 2 67 87 68 2 67 87 67 2 67 88 136 88 136 88 135 90 134 90 133 91 132 92 131 94 129 96 66 1 5 3 48 103 61 165 13 8 37 169 8 36 11 172 3 40 9 218 5 111
133 11 211 16 207 18 205 20 204 22 202 23 201 25 199 26 199 26 198 27 198 27 199 25 201 24 202 23 203 21 205 20 205 19 206 18 207 18 207 17 208 17 207 17 208 16 208 17 208 16 208 16 209 16 208 16 209 16 208 16 208 17 208 16 208 17 207 17 207 17 208 16 208 17 207 17 207 17 207 18 207 17 207 17 207 17 207 17 207 17 207 17 207 17 207 17 207 17 207 17 207 17 207 17 206 17 207 17 207 17 207 17 207 17 207 17 206 18 206 18 206 18 206 18 205 19 205 19 205 19 205 19 204 19 205 19 205 19 204 20 203 21 184 40 181 43 179 45 178 46 177 47 176 48 175 48 175 50 173 51 172 52 172 53 170 55 169 57 166 59 164 61 162 63 161 64 159 66 156 68 155 70 151 74 124 100 122 103 119 106 117 107 116 109 115 110 113 111 113 112 112 113 110 115 109 115 109 116 108 117 107 117 107 118 106 118 106 119 105 119 105 119 106 119 105 119 105 120 104 120 105 119 105 119 106 119 106 118 107 117 108 117 108 116 113 111 126 98 128 96 129 95 129 96 128 96 128 96 127 97 127 97 127 97 127 97 126 98 126 98 126 98 125 99 125 99 125 99 125 98 126 98 126 97 126 98 126 97 127 96 128 96 128 95 129 94 130 93 132 92 132 91 133 90 134 89 135 88 136 87 137 87 137 86 139 84 140 84 140 84 140 84 141 82 142 82 142 82 142 82 142 82 142 82 142 82 142 82 143 81 143 81 143 81 143 81 143 80 145 79 145 79 145 79 146 77 147 77 148 76 148 76 149 74 150 74 151 72 152 71 154 70 154 69 156 68 156 67 158 65 159 65 159 64 161 62 162 62 162 61 164 60 164 60 164 59 166 58 166 58 166 58 167 56 168 56 168 55 169 55 169 55 169 54 170 53 170 52 172 50 173 31 4 13 176 30 7 6 180 30 194 30 194 29 196 28 196 27 198 26 199 24 201 23 203 19 207 16 213 9 318
149 10 213 12 211 13 211 14 209 16 207 18 205 19 205 20 204 20 203 21 203 22 201 23 201 23 201 24 199 25 199 25 198 27 197 27 196 28 196 28 196 29 194 30 194 30 194 30 193 32 192 32 191 33 191 33 191 33 190 35 189 35 189 35 188 36 188 36 188 37 186 38 186 38 186 38 185 39 185 39 185 39 185 40 100 7 76 41 98 14 71 41 96 19 67 42 95 22 65 42 95 24 62 43 94 27 60 44 93 30 56 45 92 33 53 46 92 34 51 47 92 36 48 49 91 38 44 51 91 40 40 53 91 42 33 58 91 44 27 62 92 45 22 65 92 46 19 67 92 48 15 69 92 49 13 70 92 51 9 72 92 132 93 131 93 132 92 132 93 131 93 131 93 132 93 131 93 131 94 130 94 131 93 131 94 130 94 130 95 129 95 129 96 128 96 128 97 127 97 127 98 126 98 126 99 125 100 124 100 124 101 123 102 122 102 122 103 121 103 121 104 120 105 119 105 119 105 119 106 118 106 118 107 117 107 117 108 116 109 115 110 114 111 113 113 111 114 110 114 110 115 108 116 108 117 107 117 107 117 106 118 106 118 106 118 105 119 105 118 106 118 105 117 107 114 110 108 116 103 120 98 126 94 130 90 134 87 136 85 139 83 141 82 142 81 143 80 144 78 146 76 148 76 148 76 148 75 149 75 150 75 149 76 148 77 147 78 147 78 146 80 144 81 143 83 142 83 141 85 139 87 137 88 136 90 135 91 133 92 132 93 131 95 129 96 128 97 127 99 15 2 108 100 12 5 107 102 9 7 106 103 7 8 106 106 3 9 105 119 105 118 106 118 106 117 107 117 106 118 106 119 105 120 104 120 103 121 103 122 102 122 101 123 101 124 100 124 99 126 98 126 98 127 96 128 96 129 95 129 94 130 94 131 92 132 92 132 92 133 90 134 90 134 89 136 88 136 87 137 87 137 86 139 85 139 84 140 84 140 83 141 83 141 82 142 82 142 81 143 81 143 80 145 79 145 78 147 77 147 76 149 74 150 74 150 74 150 73 151 73 152 71 153 71 154 69 155 68 157 67 157 66 158 66 159 64 160 64 161 63 161 62 162 62 163 60 77
7060 5 217 9 213 11 212 13 210 14 208 17 206 18 205 19 204 21 201 23 200 24 198 27 195 29 194 31 192 32 190 34 189 35 188 36 187 38 185 39 184 40 184 40 183 41 182 42 181 44 179 45 178 46 177 48 175 49 174 51 173 52 171 53 170 55 168 56 168 57 166 58 165 60 163 61 162 62 161 63 161 64 159 65 158 66 157 67 156 68 155 70 153 71 152 72 151 73 150 74 149 75 148 76 147 77 146 78 146 78 145 79 144 80 143 81 142 82 141 83 140 84 137 86 136 88 135 88 135 88 134 89 134 89 134 89 134 88 135 88 135 76 4 7 137 74 149 75 148 76 148 76 147 76 148 76 147 77 147 77 146 78 146 78 145 79 145 78 146 78 145 79 145 79 145 79 145 78 145 79 145 79 145 78 146 78 146 78 146 78 145 79 145 78 146 78 145 79 145 79 145 79 145 79 144 79 145 79 145 79 145 79 145 79 145 79 145 78 146 78 145 78 146 78 146 78 146 78 146 78 146 78 146 78 146 78 147 77 147 77 147 77 146 78 146 78 146 78 146 78 146 77 146 78 146 78 146 78 146 78 146 78 146 78 146 78 147 77 147 77 147 77 147 76 148 76 148 77 147 77 147 77 147 77 146 78 146 78 145 79 145 79 144 80 142 82 141 84 139 86 137 90 133 99 124 104 120 105 119 106 118 107 117 108 116 108 116 108 116 108 117 107 118 106 119 105 128 96 132 92 135 89 137 86 141 82 151 71 175 17 6 21 5483
2141 2 219 7 216 9 214 10 214 10 213 12 211 13 211 13 210 14 209 16 207 17 206 18 205 20 204 20 203 22 201 24 199 25 198 27 195 30 193 32 190 35 187 37 186 39 183 42 181 43 180 45 179 46 177 48 176 48 175 50 173 51 173 51 172 53 170 54 169 55 168 56 167 57 166 58 164 60 163 60 162 62 161 63 161 62 161 63 161 63 161 63 161 62 162 62 162 62 162 61 163 61 162 62 162 62 162 62 162 62 162 62 162 62 162 62 162 62 162 62 162 62 162 62 162 62 161 62 162 62 162 61 163 60 164 60 163 60 164 59 165 58 165 52 1 5 166 49 175 48 175 47 177 46 178 46 177 46 178 45 179 45 179 44 179 45 179 45 179 45 179 45 178 46 178 46 178 46 178 46 178 46 178 47 177 47 177 47 177 48 176 48 176 48 176 49 175 49 175 49 175 50 174 50 174 51 173 51 174 51 173 51 173 51 173 51 173 52 172 52 173 51 173 52 172 52 172 53 171 54 171 54 170 56 168 58 166 61 164 63 161 64 160 66 159 66 158 67 157 68 157 68 156 69 155 69 156 69 155 70 155 69 155 70 155 70 155 69 156 69 156 68 157 68 157 67 158 67 158 67 158 66 159 66 158 66 159 66 158 43 2 21 159 41 5 20 158 41 6 19 159 40 7 19 158 39 8 20 157 39 9 19 158 37 11 19 157 37 11 19 157 37 12 19 157 36 13 18 157 36 13 19 156 36 14 18 156 36 15 17 157 36 14 17 157 36 15 17 157 35 15 17 157 35 16 16 158 34 16 17 157 35 16 16 158 34 16 17 157 34 17 16 158 33 17 17 157 33 18 16 157 34 17 17 157 33 18 16 157 33 19 15 158 32 19 16 157 32 19 16 157 31 21 16 156 31 21 16 156 30 23 15 156 30 24 14 156 29 26 13 157 28 26 13 157 27 29 10 158 27 30 9 158 27 31 6 160 26 198 26 198 25 200 24 200 24 206 18 208 15 210 14 210 14 211 13 211 12 212 12 212 12 211 12 212 12 212 11 214 10 214 9 215 8 217 6 219 3 3240
137 11 211 14 210 15 154 5 49 16 151 10 47 17 149 12 45 19 147 15 42 21 146 16 41 21 145 18 40 22 144 18 39 23 143 20 38 24 142 21 36 25 141 22 36 26 140 23 34 27 140 23 34 27 139 25 32 29 138 26 31 29 138 27 29 31 136 33 22 33 136 36 17 36 135 38 13 38 134 41 9 41 133 42 5 44 133 91 132 92 132 93 131 93 131 93 130 95 129 95 129 95 129 95 129 95 129 96 128 96 128 96 128 97 127 97 127 98 126 99 125 100 123 102 122 102 122 103 121 103 121 104 119 105 119 105 119 106 117 107 117 108 116 108 115 110 114 111 112 112 112 113 110 114 110 115 108 117 107 117 106 119 105 120 104 120 103 121 103 122 101 124 99 125 99 126 98 126 97 128 96 128 96 128 95 129 95 129 95 129 95 129 94 130 94 131 92 132 92 132 92 132 91 133 91 133 91 133 90 134 90 135 89 135 88 136 88 136 88 136 87 137 87 137 86 138 86 139 84 140 84 140 84 140 83 141 83 141 83 142 82 142 81 143 81 143 82 142 82 142 82 143 81 143 81 143 81 143 81 143 82 142 82 142 82 142 83 141 83 142 82 142 82 142 82 142 81 143 81 143 81 143 82 142 82 142 82 142 82 141 83 141 83 141 83 141 83 141 83 140 84 140 84 139 85 139 85 139 85 139 85 138 86 138 86 137 87 137 87 137 86 138 86 137 87 137 87 137 86 138 86 137 87 137 87 137 87 137 87 137 87 137 87 137 87 137 88 136 88 136 88 136 89 135 89 134 90 134 90 134 90 134 90 134 90 133 91 133 91 133 92 131 93 131 94 129 95 129 96 128 96 127 98 126 98 125 99 125 100 123 101 123 101 122 102 121 103 121 103 120 104 120 104 119 105 119 105 118 106 118 107 116 108 115 109 111 113 108 116 106 119 104 120 103 122 102 124 99 127 96 130 93 131 92 133 91 134 89 135 88 137 86 139 84 140 84 141 82 143 80 147 77 151 72 153 70 156 67 158 64 161 63 162 60 166 57 168 54 171 51 174 49 175 49 175 48 176 48 177 4 2 41 177 4 2 41 177 3 3 40 185 39 186 38 92
105 35 188 37 186 38 186 38 185 39 185 40 87 2 94 41 84 8 91 41 83 11 88 42 82 14 86 42 82 15 85 42 82 17 82 44 81 19 79 45 81 21 77 45 81 22 75 46 81 24 73 46 81 26 70 47 81 27 69 47 81 29 66 48 81 30 64 49 81 31 63 49 81 33 60 50 81 34 59 50 81 36 56 51 81 37 55 51 81 38 53 51 82 39 52 51 82 41 49 52 82 42 48 52 82 43 46 53 82 44 44 54 82 45 43 54 82 46 37 59 82 47 26 69 82 48 22 72 82 49 18 75 82 50 14 78 82 52 9 81 82 142 82 142 82 142 83 141 83 141 84 140 85 139 85 139 86 138 86 138 87 137 87 137 88 135 89 135 90 133 92 132 92 131 93 131 94 129 95 129 95 128 96 128 97 127 97 127 97 127 98 126 98 126 99 125 100 125 99 126 99 125 100 126 99 126 99 126 99 126 99 127 98 127 98 127 98 126 99 126 99 126 99 126 99 126 99 126 100 125 100 124 100 125 100 125 100 124 100 125 100 124 100 125 99 125 100 124 100 125 99 126 98 126 98 127 97 128 97 128 96 129 95 131 93 132 92 132 92 133 92 133 91 134 90 134 90 135 89 136 88 136 88 137 88 137 87 137 87 138 86 138 86 139 86 138 86 139 85 139 85 139 85 140 84 140 85 139 85 139 85 140 84 140 84 140 84 140 84 140 84 141 84 140 84 140 84 140 84 140 84 140 84 141 83 141 84 140 84 140 84 140 84 140 84 141 83 141 83 140 85 139 85 139 85 139 85 139 85 139 86 137 87 137 87 137 87 137 88 136 88 136 89 134 90 134 90 134 90 133 91 133 91 133 91 133 91 132 92 132 91 133 91 132 92 131 92 132 92 131 93 129 94 129 94 127 97 121 102 119 104 118 106 117 106 117 106 116 107 116 107 115 108 113 110 112 111 112 110 112 112 111 112 111 113 110 113 109 115 108 116 106 118 105 120 102 122 101 124 98 127 96 129 94 131 92 134 89 138 85 144 79 148 75 152 71 156 67 162 61 165 58 166 57 168 55 170 54 170 53 172 51 173 50 174 49 176 46 179 44 181 41 184 38 188 35 191 31 196 26 201 6 1262
10251 13 207 27 194 36 186 39 183 42 94 11 75 45 91 17 69 47 88 23 65 47 72 1 13 28 61 44 74 47 58 41 77 51 54 41 77 53 51 43 77 55 48 43 78 57 45 44 78 60 39 46 80 76 18 50 81 143 82 141 83 141 84 140 84 140 84 139 86 138 86 138 86 137 87 137 88 136 88 135 89 135 90 134 90 134 91 132 93 131 93 131 94 129 96 128 96 128 97 127 97 126 99 125 99 124 100 124 101 123 101 123 101 122 103 121 103 121 104 120 104 119 106 118 106 118 107 117 108 116 109 114 111 113 112 112 113 111 115 109 118 106 121 103 123 101 125 99 126 98 126 99 126 98 126 99 125 99 125 100 124 101 123 101 123 102 122 102 121 104 120 104 120 104 119 105 119 105 118 106 117 107 117 107 116 108 115 109 114 110 113 111 112 112 112 112 111 114 110 114 109 115 109 115 108 116 108 116 107 117 106 118 106 118 105 119 105 119 104 120 103 121 102 122 101 123 100 123 100 124 98 125 98 126 96 127 96 127 96 127 96 127 96 127 96 126 97 125 98 124 100 121 102 119 105 114 109 113 110 113 111 112 111 113 111 113 111 113 110 114 110 114 110 114 109 116 108 116 107 117 107 116 108 116 107 117 107 118 105 119 105 119 105 119 105 119 104 120 104 121 102 122 102 122 102 122 101 124 100 124 100 124 99 125 99 125 98 126 98 126 98 126 97 127 97 127 96 128 96 128 95 129 94 130 93 131 93 131 93 131 92 131 93 131 93 131 92 132 92 131 92 132 92 131 92 131 93 131 92 131 93 129 94 129 95 129 94 129 95 128 96 128 96 127 96 127 97 127 98 126 98 125 76
13078 17 204 24 197 29 193 32 189 36 187 38 185 39 183 42 182 42 181 44 179 46 178 47 177 49 175 51 172 55 169 57 167 59 165 61 163 63 162 63 161 64 160 65 159 66 157 68 156 69 155 69 154 71 153 72 151 73 151 74 149 76 148 77 35 3 108 79 32 8 105 79 31 10 103 81 31 10 102 82 31 9 102 83 33 5 102 86 138 88 136 90 134 91 133 92 132 93 131 94 129 95 129 95 129 95 129 95 129 96 128 96 129 95 129 95 129 95 129 95 129 95 129 95 129 96 129 95 129 95 129 96 128 96 128 97 127 97 127 98 126 98 126 99 126 98 126 99 125 100 124 100 124 101 123 101 124 101 123 101 123 102 122 102 122 103 121 103 121 104 120 104 120 105 119 105 119 106 118 107 117 107 117 108 116 108 116 21 8 80 116 19 10 79 116 18 12 79 115 18 12 80 114 18 12 80 114 18 12 81 114 17 13 80 114 17 13 80 114 17 13 81 114 16 13 82 113 16 13 82 113 16 13 83 113 15 13 83 113 15 13 84 113 14 13 84 113 14 13 85 112 14 13 85 112 14 13 85 113 13 13 85 113 13 12 66 5 15 113 13 12 55 18 13 113 14 11 54 20 12 113 14 11 53 21 11 114 14 11 52 23 10 114 14 11 52 24 9 115 14 9 52 26 7 116 14 10 51 27 1 121 14 10 50 150 14 10 50 150 14 10 49 151 14 10 49 151 14 10 49 151 14 11 30 1 17 151 14 11 30 1 16 152 14 11 30 1 16 152 14 11 30 1 16 152 14 11 30 1 16 152 13 12 47 152 13 12 47 152 13 12 47 151 14 11 48 150 15 11 48 150 15 11 48 149 16 10 50 147 17 10 50 146 17 11 50 145 18 10 51 144 19 10 51 143 20 9 51 144 20 9 51 144 20 8 52 144 19 9 32 4 15 145 19 9 24 17 8 148 18 10 18 179 16 13 14 185 11 16 11 192 3 22 4 5047
7930 12 210 17 205 21 202 23 200 26 197 28 195 30 193 32 192 33 190 34 190 35 188 36 188 37 187 37 186 39 185 39 185 40 184 41 183 41 183 42 182 43 180 46 178 48 176 50 174 51 173 53 170 55 169 56 168 58 166 59 164 61 163 62 162 64 159 66 158 68 155 71 153 72 151 75 149 76 147 79 145 80 144 82 141 84 140 85 138 87 137 88 136 89 134 91 133 92 132 92 132 93 131 93 131 93 131 93 130 94 130 94 130 94 130 94 130 94 130 94 130 95 129 95 129 95 130 94 130 94 130 95 129 95 129 96 128 96 128 96 129 96 128 96 128 96 128 97 127 97 128 96 128 97 127 97 127 97 127 98 126 98 126 98 126 99 125 99 125 100 124 100 124 100 125 99 125 99 125 100 124 22 3 75 125 20 5 74 125 20 6 73 125 19 7 73 125 19 7 73 126 17 8 73 126 17 8 73 126 17 9 72 127 16 9 72 127 16 9 72 127 16 9 72 128 15 10 70 129 15 10 70 130 14 10 70 130 14 10 70 130 14 10 69 131 14 10 69 131 14 11 67 132 14 11 67 132 14 11 66 134 14 10 65 135 14 11 64 135 14 11 63 136 14 11 63 136 14 11 62 138 13 11 62 138 13 11 62 138 14 11 60 139 14 11 60 139 14 12 59 139 14 12 58 141 13 13 57 141 13 13 57 141 13 13 57 141 13 14 57 140 14 14 63 133 14 14 29 1 37 129 14 15 25 7 36 127 14 15 24 9 36 126 14 16 23 10 37 124 14 17 21 11 38 123 13 18 21 12 38 123 12 18 20 13 39 122 12 19 19 13 39 122 12 19 19 13 40 122 10 20 19 14 39 122 9 21 19 14 40 123 6 23 18 14 40 126 1 25 18 15 40 151 18 15 40 151 19 14 41 150 19 14 41 151 18 14 41 151 18 14 41 151 18 14 41 152 17 15 40 152 18 14 40 153 17 14 40 153 17 15 39 154 17 14 38 155 17 15 36 157 17 15 33 159 17 17 18 173 16 208 17 207 17 208 17 207 17 208 17 207 18 206 18 207 17 207 18 206 18 207 17 208 16 209 15 210 14 212 11 216 6 4344
786 3 218 10 212 13 209 17 203 23 196 29 192 34 188 39 183 42 179 47 174 51 170 55 167 58 164 61 162 64 159 66 157 68 156 68 155 70 154 71 152 73 150 74 150 75 148 77 146 78 146 79 145 80 143 81 143 82 141 83 141 83 141 84 139 85 139 86 138 86 138 86 137 88 136 88 136 88 136 89 134 90 134 90 133 92 132 92 131 93 131 93 130 95 128 96 127 97 126 98 125 99 124 101 122 102 121 103 120 104 119 106 118 106 117 107 117 107 117 108 116 108 116 109 115 110 114 110 114 111 113 111 113 112 112 112 112 113 111 113 111 114 110 114 110 114 110 114 110 114 110 114 110 115 109 115 109 115 109 115 109 115 109 115 109 115 109 115 108 116 108 116 108 116 108 116 108 116 108 116 107 118 106 118 106 118 106 119 105 119 105 120 104 120 104 120 104 121 102 122 102 122 101 124 100 124 100 124 99 126 98 126 98 126 97 127 97 127 96 128 95 129 95 130 93 131 92 132 91 133 90 135 89 135 88 137 87 138 85 140 84 141 83 141 83 142 82 142 82 142 81 144 80 144 80 144 80 144 80 144 80 144 80 144 80 144 80 144 79 146 78 146 78 146 78 146 78 146 78 146 78 147 77 147 77 147 78 147 77 147 77 147 77 147 77 147 76 148 76 148 76 148 76 148 76 148 76 148 76 148 76 148 76 148 76 147 77 147 77 146 78 146 78 145 79 119 12 13 81 115 18 9 82 114 25 1 85 111 114 108 118 104 121 102 124 99 128 96 132 91 135 89 138 85 145 79 147 76 150 74 153 70 157 67 158 66 159 64 161 63 162 61 164 59 166 55 170 52 173 45 180 42 183 40 186 38 188 35 191 33 194 30 195 28 197 27 198 26 198 26 198 25 199 25 199 25 199 24 200 24 201 23 201 22 202 22 203 20 204 19 205 18 207 16 208 15 210 12 213 9 216 6 219 3 1688
1873 6 216 10 214 12 211 14 210 15 209 16 208 17 207 18 206 19 205 20 43 6 155 21 39 10 154 22 36 13 154 22 32 17 153 24 28 19 153 39 11 21 154 70 154 70 154 70 154 70 155 69 155 68 156 68 157 67 157 66 158 66 159 64 160 63 162 62 162 61 164 60 164 59 166 57 167 57 168 55 169 54 170 54 170 53 171 53 171 52 173 51 173 51 173 51 173 51 172 52 172 52 172 53 171 53 171 54 170 55 169 55 169 56 168 56 168 56 168 56 168 56 168 56 168 56 168 56 168 55 168 56 168 55 169 54 170 54 170 54 170 54 169 55 169 55 169 56 167 57 167 58 166 59 164 60 164 61 163 62 162 63 161 64 160 65 158 67 157 68 156 69 155 70 154 71 153 71 153 72 152 73 151 73 151 74 150 74 150 75 149 76 149 76 148 77 147 78 146 80 144 81 143 82 143 82 142 82 142 83 141 83 142 82 142 82 142 82 142 82 142 81 143 80 143 45 13 21 145 43 19 4 5 2 151 42 181 43 181 43 181 44 180 44 180 46 178 47 177 49 176 54 170 57 167 59 165 60 164 61 163 62 162 62 161 63 161 63 161 63 161 63 161 63 160 64 160 64 159 65 159 65 158 66 158 66 157 67 157 67 156 68 156 68 156 68 156 68 156 67 157 67 157 67 157 67 158 66 158 65 159 65 159 65 160 64 160 64 160 63 161 63 160 63 161 63 161 63 161 62 162 62 162 62 162 62 163 60 164 60 164 61 163 61 163 61 163 61 163 62 162 62 162 62 162 62 162 62 162 62 162 62 162 62 162 62 162 62 161 62 162 62 162 62 163 61 163 61 163 61 163 61 163 60 164 60 164 60 164 59 165 59 165 59 165 58 166 58 166 58 166 57 167 57 166 58 166 27 1 29 167 24 7 26 167 24 8 25 166 24 10 25 165 24 10 25 165 24 11 24 164 25 11 25 163 24 12 25 162 25 13 24 162 25 13 24 162 24 15 24 161 24 15 24 160 25 16 22 161 24 17 22 161 24 17 22 161 23 19 21 161 23 20 20 161 22 22 19 162 21 23 17 163 21 24 16 163 20 26 14 165 19 27 12 89
60 107 115 110 114 110 114 111 113 111 112 113 112 112 112 112 112 113 111 113 111 114 110 114 111 113 111 114 111 113 111 113 112 113 111 113 112 112 112 113 111 113 112 112 112 112 112 113 111 113 112 112 112 112 112 113 111 113 111 113 112 112 112 113 111 113 111 113 112 112 112 112 113 112 112 112 112 112 113 112 112 112 112 112 112 112 112 112 112 112 112 112 112 112 112 112 112 112 112 112 112 112 112 112 112 113 110 114 110 114 110 114 110 114 109 115 109 115 108 116 108 117 107 117 106 118 106 118 106 118 105 119 105 119 104 120 104 120 104 120 103 121 103 120 103 121 103 121 103 121 102 121 103 23 2 96 102 23 5 94 102 22 6 94 102 21 8 92 102 22 9 91 102 21 10 91 102 21 10 91 101 21 12 90 101 21 12 90 101 20 14 89 100 20 15 89 100 20 16 88 100 19 17 88 99 19 19 87 99 18 20 87 98 19 21 86 98 18 22 85 98 18 23 85 98 18 24 84 97 18 26 83 96 19 26 83 95 19 28 82 94 20 29 81 91 22 31 80 90 22 33 79 88 23 35 78 87 24 36 77 87 23 39 75 87 22 41 74 87 21 43 73 87 20 45 72 88 17 47 72 89 12 52 71 154 69 156 68 157 67 159 65 164 59 170 53 176 48 187 36 192 32 195 28 197 27 198 26 198 25 199 25 198 25 199 25 199 25 199 25 199 25 199 24 200 24 200 24 200 23 201 23 202 21 204 18 207 14 211 11 214 9 216 7 218 5 220 3 5968 11 210 14 209 16 206 18 205 19 204 19 205 19 204 20 203 20 204 20 203 20 204 19 204 19 205 19 205 18 205 18 206 17 207 16 208 15 209 14 210 14 209 14 210 14 210 14 210 13 211 13 211 13 211 12 213 11 213 11 213 11 213 11 214 10 215 8 216 8 217 6 220 4 4631
289 3 219 7 215 10 213 12 212 13 210 15 208 17 207 17 207 18 205 19 205 20 203 21 203 22 202 22 202 23 201 23 200 25 199 25 199 26 198 26 198 27 197 27 196 29 195 29 195 30 194 30 194 31 193 31 192 33 191 34 190 36 188 38 185 42 182 45 179 47 177 49 174 51 173 53 171 55 168 57 167 59 165 60 35 7 122 62 29 13 119 65 23 18 118 66 19 22 116 70 12 26 116 73 3 32 115 110 113 111 113 111 112 112 112 112 112 112 111 112 112 112 112 112 112 112 112 112 112 111 112 112 112 111 113 111 113 110 113 111 113 110 114 110 114 109 115 108 116 107 117 107 117 106 118 105 118 105 119 105 119 104 120 104 120 103 121 103 121 104 119 106 118 110 114 116 108 130 94 133 90 136 88 138 85 140 82 144 71 154 66 159 60 166 56 169 54 171 52 173 51 175 49 176 47 178 46 179 45 179 45 180 43 182 42 183 41 184 39 186 38 186 38 187 37 187 37 188 36 189 35 189 35 189 36 189 35 189 35 190 35 189 36 189 35 24 5 160 36 20 9 160 36 18 10 160 37 15 13 160 37 13 14 161 37 10 16 161 39 6 18 162 62 162 62 163 61 163 61 164 60 164 60 165 59 165 59 166 58 166 58 166 58 167 57 167 57 167 57 168 56 168 57 167 57 168 56 168 56 169 55 169 56 168 56 169 55 169 56 168 56 168 56 169 55 169 56 169 55 169 55 169 55 169 56 169 55 169 55 169 55 170 54 170 55 169 55 169 55 169 55 170 54 170 55 169 55 170 54 170 54 171 54 170 54 170 55 170 54 170 54 170 55 169 55 169 56 168 56 168 57 167 58 166 58 166 59 165 60 164 61 163 62 162 63 161 64 160 65 159 67 157 68 156 69 155 70 154 71 153 71 153 72 152 73 151 74 150 75 149 75 149 76 148 77 147 78 146 79 145 80 144 80 144 81 143 82 142 82 142 83 140 85 139 86 138 86 137 88 136 89 134 90 134 91 132 92 132 92 132 93 130 94 130 94 130 95 129 95 128 97 127 6
3507 2 220 6 217 8 215 9 214 10 160 5 49 10 159 7 47 11 158 9 46 12 156 11 44 13 156 11 44 13 156 11 43 14 156 12 42 14 155 13 41 15 155 13 40 15 156 13 40 15 156 14 38 16 156 14 37 17 156 14 36 18 156 15 34 19 156 15 33 19 157 16 31 20 157 16 30 21 157 16 29 22 157 17 27 22 158 17 26 23 159 17 24 24 159 18 22 25 159 19 19 26 160 20 17 27 160 23 13 28 160 28 5 30 160 64 160 63 161 63 160 63 161 63 160 64 158 66 157 66 157 67 156 68 155 69 154 69 154 70 152 72 151 73 151 72 151 73 150 73 151 73 150 73 151 73 151 73 151 72 152 72 152 73 151 73 151 73 150 75 149 75 148 77 145 79 144 81 140 84 138 87 135 89 134 91 131 94 129 95 128 97 127 98 125 100 124 101 123 102 122 103 121 104 120 104 120 105 120 105 119 106 119 105 119 106 118 107 118 106 119 106 119 105 121 104 122 103 124 100 127 98 129 96 129 95 129 96 127 97 127 98 125 99 124 101 123 101 122 103 121 104 119 105 119 106 118 106 117 108 116 108 116 108 116 109 116 108 116 108 116 109 116 108 116 109 116 108 116 108 117 12 8 88 118 8 11 87 138 87 138 86 138 87 137 87 137 88 136 88 136 88 136 89 135 90 134 90 134 90 134 91 134 90 134 90 134 90 134 90 135 90 134 90 134 90 134 90 134 90 133 91 133 91 132 92 131 93 131 93 131 93 130 94 129 95 129 96 127 97 127 97 127 97 127 97 126 98 126 99 125 99 125 99 125 99 125 100 124 100 124 100 124 100 124 101 122 102 122 102 122 102 122 102 122 102 122 102 122 102 122 102 122 102 121 103 121 103 121 103 121 103 121 103 120 104 120 81 4 20 119 69 8 1 8 19 119 68 19 18 119 67 20 18 119 67 21 18 118 66 23 17 117 66 24 17 117 65 26 16 117 65 27 16 116 64 29 15 116 64 29 15 115 64 31 14 115 64 31 15 114 64 32 14 114 64 32 14 113 65 32 14 113 18 8 39 32 14 113 16 11 38 32 15 112 14 14 37 33 14 112 14 14 37 33 15 111 13 16 36 33 15 111 13 16 37 32 15 110 13 18 35 33 16 109 13 18 35 34 15 109 13 19 33 35 16 108 12 20 33 35 17 106 13 20 32 36 17 106 13 20 20 3 8 37 17 105 14 21 18 49 18 104 14 21 17 51 17 104 14 21 16 52 17 104 13 22 16 52 17 104 13 23 15 52 18 103 13 23 14 54 16 28
103 6 216 9 215 9 215 10 213 11 213 11 213 11 213 12 212 12 212 12 211 13 211 13 211 13 211 13 211 14 209 16 13 5 190 39 185 43 181 47 177 51 172 54 170 55 169 56 168 57 167 58 166 60 164 62 161 67 157 71 153 73 151 74 150 75 149 75 148 77 147 77 147 77 146 79 145 79 145 80 143 82 142 83 140 84 139 86 138 87 136 89 135 89 134 91 133 91 132 93 131 94 129 95 129 96 127 98 126 98 125 100 124 100 123 102 121 103 120 104 119 106 117 107 116 108 115 110 114 110 113 111 113 112 111 113 111 113 110 115 109 115 109 115 109 115 109 115 109 115 109 115 109 116 108 115 109 115 109 115 109 115 109 115 108 115 109 114 110 113 111 112 112 111 113 111 113 110 114 109 115 109 115 109 115 109 115 109 115 110 114 110 114 110 114 111 113 111 114 111 113 111 113 112 112 112 112 113 111 113 111 113 111 113 111 113 111 114 110 114 111 113 111 113 111 112 112 112 112 112 113 110 114 110 115 108 116 107 118 104 120 103 121 101 124 99 125 99 125 99 125 99 125 99 124 100 124 100 124 101 122 102 122 102 121 103 121 104 120 104 119 105 119 105 119 105 119 106 118 106 118 106 118 106 117 107 117 107 117 107 117 107 117 107 117 107 117 107 117 107 117 107 117 107 117 107 117 107 117 107 117 107 117 107 117 107 117 107 117 107 117 106 118 106 119 105 119 105 119 104 120 104 120 104 121 102 122 102 122 101 124 100 124 99 126 98 126 97 128 95 129 95 130 93 132 90 134 89 136 87 138 84 140 82 143 79 145 78 147 76 149 74 151 73 153 70 155 68 157 67 159 64 161 62 163 61 163 61 164 60 164 60 164 60 164 60 164 60 163 61 163 61 163 62 162 62 161 64 160 64 160 64 160 64 160 64 160 64 161 63 161 60 164 58 166 57 167 28 6 22 25 3 141 26 10 18 22 11 137 25 14 12 23 15 136 23 49 17 135 22 49 20 134 20 51 20 134 17 55 18 135 14 60 16 135 12 63 14 136 10 65 13 137 8 67 12 139 3 72 8 35
1740 6 213 13 208 17 76 3 126 20 73 9 119 23 72 13 114 25 72 15 109 29 71 17 104 32 70 20 100 34 70 22 96 36 70 24 91 39 70 26 64 11 10 43 70 28 57 69 70 30 50 74 70 32 21 101 70 37 3 114 71 153 71 152 72 152 72 152 72 152 73 151 73 150 74 150 74 150 74 150 75 148 76 148 76 148 76 148 77 146 78 146 78 146 79 144 80 144 81 143 81 143 82 142 82 142 82 142 83 141 83 141 83 141 83 141 84 140 84 139 85 139 85 139 86 138 86 138 86 138 86 138 87 137 87 137 87 137 87 137 87 138 86 138 86 139 85 140 83 142 82 142 81 144 79 145 78 147 76 148 76 149 74 150 74 150 73 152 72 152 72 152 72 152 71 153 71 154 70 154 70 154 70 154 70 154 70 154 70 154 70 154 69 155 69 155 69 155 69 155 68 156 68 156 68 156 69 155 69 155 69 155 69 155 69 155 69 155 69 154 71 153 71 153 71 153 71 153 71 153 71 153 71 154 70 154 70 153 72 152 72 152 73 151 73 151 74 150 74 150 74 150 75 149 75 149 75 149 76 149 75 149 75 149 76 149 75 149 75 149 75 150 74 150 74 150 74 151 72 152 72 152 72 153 71 153 70 154 70 155 69 155 69 155 69 155 69 156 67 157 67 157 67 157 67 158 66 158 66 158 66 158 66 159 64 160 64 160 64 160 63 161 63 162 61 163 60 164 59 165 58 167 56 168 55 169 54 170 53 171 52 173 50 174 49 175 49 175 48 176 47 177 47 177 46 178 45 179 45 179 44 180 43 181 42 182 42 182 41 183 40 184 39 185 39 185 38 186 37 187 37 187 36 189 34 189 34 191 33 191 32 192 32 192 32 192 32 192 32 192 31 193 31 193 30 194 30 194 29 195 28 196 27 197 27 197 26 198 26 198 26 198 26 198 26 198 26 198 26 198 26 198 26 198 26 198 26 198 26 198 26 198 26 198 26 198 26 198 26 198 26 198 26 198 26 198 26 198 26 198 26 197 27
2135 29 190 44 178 51 144 19 5 59 128 98 120 106 116 110 110 117 105 120 101 124 99 126 96 129 93 132 91 134 89 136 86 139 83 142 80 145 78 147 76 149 73 152 72 152 71 154 69 156 67 157 66 159 65 159 64 161 63 161 62 163 61 163 60 164 60 165 58 166 58 166 58 166 58 166 58 166 57 168 56 168 56 168 55 170 54 170 54 171 52 172 52 172 52 172 52 173 51 173 50 174 50 175 49 175 49 175 49 176 48 176 48 176 48 176 48 177 47 177 47 177 47 177 47 177 47 177 47 177 47 177 47 177 48 176 48 177 47 177 47 177 47 177 47 177 47 176 48 176 48 176 48 176 47 177 47 178 47 177 47 177 47 177 47 177 47 177 47 177 47 177 47 177 47 177 48 177 47 177 47 177 47 177 48 176 48 176 48 176 49 176 48 176 48 176 49 175 49 175 49 175 50 174 50 174 50 174 50 174 50 174 50 174 50 174 50 175 49 175 49 175 49 175 49 175 49 175 48 176 48 176 48 176 48 176 47 177 47 177 47 177 47 177 46 178 46 177 47 177 46 177 47 177 47 176 48 176 48 175 49 175 48 176 48 175 49 175 49 174 50 174 50 174 50 173 51 173 51 173 51 173 51 173 51 172 52 172 52 172 52 172 52 171 53 171 53 171 53 171 53 170 54 170 54 170 53 171 53 171 53 171 53 171 53 171 53 172 52 172 52 172 52 173 51 173 51 173 52 172 52 173 51 173 52 172 52 172 53 171 54 170 55 169 55 169 56 168 56 168 56 168 56 168 56 168 57 167 57 167 57 167 57 166 58 166 59 164 60 163 61 162 62 97 4 61 63 88 14 58 64 86 17 55 66 84 20 53 68 83 20 52 69 82 22 49 72 81 22 48 73 81 23 42 79 79 25 39 82 78 25 35 87 26 12 39 27 31 91 17 20 38 29 17 7 4 94 11 25 36 31 3 6 4 145 35 192 30 199 3 6 1 6 7 3250
10000 10 212 19 168 7 28 26 157 22 14 35 150 76 145 81 142 83 139 86 136 89 133 92 131 93 129 96 127 98 124 101 121 104 118 107 115 110 112 112 111 114 108 116 107 117 107 117 106 119 105 119 105 119 106 117 108 116 109 115 109 115 110 115 109 115 109 115 109 115 110 115 109 115 109 114 109 115 109 115 109 115 109 114 110 114 110 113 111 113 110 114 110 113 110 113 111 113 111 112 112 111 113 111 113 110 114 110 114 110 114 109 115 109 115 109 115 108 116 108 116 108 116 107 117 107 117 107 117 106 119 105 119 105 119 106 118 106 118 106 119 105 119 105 119 105 119 105 119 105 118 106 118 106 117 107 117 107 116 108 116 107 117 106 118 105 119 104 119 104 120 104 120 103 121 102 121 103 121 103 121 102 122 102 122 101 122 102 122 101 123 100 124 99 125 97 127 96 128 95 129 95 130 93 131 93 131 93 131 93 131 93 132 92 132 92 132 92 133 91 133 91 134 90 135 89 136 87 139 85 141 82 144 80 146 78 147 55 5 16 149 51 9 15 149 48 13 13 150 47 15 11 151 47 17 3 158 45 179 45 178 45 179 44 180 43 181 42 182 41 183 39 185 38 186 36 188 21 203 20 205 18 206 17 207 16 209 15 209 15 209 15 209 15 210 13 211 13 213 10 216 6 8194
11 161 62 163 60 165 58 166 57 168 56 168 56 169 54 170 54 171 53 171 52 172 52 172 52 172 51 173 51 173 51 173 51 174 50 174 49 176 48 176 47 179 45 183 40 186 38 186 38 187 36 188 36 189 35 190 34 192 32 193 31 194 30 195 29 196 28 197 27 199 25 201 23 202 22 202 22 203 21 203 21 203 21 203 21 204 20 204 20 204 20 205 19 204 20 204 20 204 20 204 20 204 20 203 21 203 21 203 21 203 21 202 22 202 22 201 23 201 23 200 25 199 25 199 27 196 29 194 31 192 32 192 32 191 33 191 33 190 34 190 34 189 34 189 35 188 35 188 36 188 35 188 35 188 36 187 37 186 37 186 38 185 39 184 40 184 40 183 41 183 41 183 41 183 41 183 41 184 40 184 40 184 40 184 40 184 40 185 39 185 39 185 39 185 39 185 39 185 39 186 38 186 38 186 38 186 38 186 38 186 38 186 38 186 38 185 39 185 39 185 39 185 39 185 39 184 40 183 41 183 41 182 42 181 43 181 43 181 43 180 44 180 44 180 44 179 45 179 45 178 46 178 46 178 46 178 46 178 46 178 46 177 47 177 47 177 47 175 49 173 51 173 51 172 52 172 52 171 53 171 53 170 54 170 54 170 54 171 53 172 52 174 50 174 50 175 49 176 48 176 48 177 47 179 45 182 42 193 31 198 26 200 24 203 21 204 20 205 19 206 18 207 17 208 16 209 15 211 13 212 12 214 10 215 9 216 8 216 8 217 7 217 7 218 6 218 6 219 5 220 4 221 3 222 2 223 1 223 1 4752 24 198 28 195 29 195 30 195 29 195 29 195 29 196 28 196 27 197 27 197 27 197 28 196 28 196 28 195 30 194 31 191 34 189 36 186 39 183 42 180 44 177 48 168 57 163 61 141
7043 33 185 45 176 51 170 56 166 60 163 63 159 67 156 71 151 75 144 81 140 85 136 88 134 91 132 92 131 93 130 95 128 96 128 96 127 98 126 98 126 99 124 100 124 101 123 101 123 101 122 103 121 103 121 103 121 104 119 105 119 106 118 106 117 108 116 109 114 111 113 113 111 114 109 117 107 117 107 118 105 120 104 121 102 122 101 124 100 124 99 126 97 127 96 129 94 130 93 131 92 133 90 134 89 136 88 137 86 139 85 140 83 142 81 144 79 146 77 148 75 150 74 152 71 154 70 156 67 158 66 159 64 161 63 162 62 163 60 157 4 3 60 156 68 156 68 155 69 154 69 155 69 154 70 154 70 153 72 152 72 151 73 151 74 149 75 148 76 147 77 146 79 143 81 141 84 137 87 135 90 133 92 132 93 131 94 129 95 129 96 128 96 128 97 128 97 127 97 127 97 128 97 127 97 127 98 126 98 127 97 127 98 126 98 126 98 127 97 127 97 126 98 126 98 126 98 126 97 127 97 127 97 127 96 128 95 129 94 130 93 131 92 132 91 133 90 134 90 134 89 135 89 135 88 136 87 137 86 138 86 138 85 139 84 141 82 142 81 143 80 144 79 146 76 149 75 149 74 151 72 153 70 155 68 156 67 158 65 160 63 161 63 162 61 163 61 163 60 165 59 165 59 165 58 167 57 167 57 167 56 169 55 169 54 170 54 171 52 172 49 176 47 178 45 179 44 181 43 182 41 184 39 186 38 187 36 188 36 189 34 191 33 191 31 194 29 196 28 197 27 199 24 201 23 202 22 203 21 204 20 205 19 205 19 206 18 206 18 206 18 206 18 206 18 205 19 203 21 202 22 201 23 200 24 200 24 198 26
10879 7 214 20 202 24 199 27 197 27 196 29 194 30 194 30 193 32 192 32 191 33 190 34 190 35 188 36 187 37 186 39 185 39 184 40 183 41 182 42 181 43 180 44 179 45 179 45 178 46 177 47 177 47 176 48 176 48 176 48 176 48 175 49 175 49 175 49 175 49 175 49 175 49 175 49 174 51 173 51 173 51 173 51 173 51 173 51 173 51 173 51 173 51 172 53 171 53 171 53 171 53 171 53 170 54 170 54 170 54 170 54 171 53 171 53 171 53 171 53 171 54 170 54 169 55 169 55 169 55 169 55 169 55 169 55 169 55 169 55 169 56 168 56 168 56 168 56 168 56 168 56 168 56 168 56 167 57 167 57 166 57 167 57 166 58 165 59 164 60 163 61 162 62 160 64 158 66 156 67 155 69 154 70 154 70 154 70 154 69 155 69 156 68 157 66 158 66 159 65 160 64 161 62 163 61 163 61 164 60 164 60 164 60 164 60 164 60 165 59 165 59 165 60 164 60 164 61 164 60 165 59 166 59 166 58 168 57 171 53 173 51 174 51 176 48 178 46 180 44 181 43 181 43 181 43 182 18 4 19 183 16 7 18 183 14 10 17 184 13 10 17 184 12 12 15 186 10 13 15 188 7 15 14 191 2 18 12 212 12 214 9 217 4 8363
5741 5 217 9 214 12 212 13 210 15 208 16 207 18 205 19 205 19 204 21 203 21 202 22 201 23 155 3 43 23 154 6 40 24 153 9 37 25 152 11 36 25 152 12 34 26 152 13 32 27 152 15 28 29 153 15 26 30 153 16 23 32 153 18 18 35 153 20 12 39 153 24 3 44 154 70 154 70 154 70 154 70 154 70 154 70 154 70 154 70 155 69 155 69 155 69 155 69 155 69 155 70 153 71 153 71 153 71 152 72 152 73 151 73 150 74 150 75 149 75 149 75 148 77 147 77 147 77 147 77 147 78 146 78 146 78 146 78 146 79 145 79 145 79 145 80 144 80 144 80 144 81 143 81 143 82 142 82 142 83 140 84 140 85 138 86 137 87 136 89 133 91 132 93 129 95 128 97 125 99 124 100 122 103 120 104 118 106 117 107 117 108 115 109 114 111 113 111 113 111 113 112 111 113 111 113 111 113 111 114 110 114 110 114 109 115 109 116 108 116 108 116 108 116 108 115 109 115 109 115 109 114 110 114 110 114 110 113 111 113 111 113 111 113 111 113 111 113 111 113 112 111 113 111 113 111 114 110 115 109 116 108 117 107 118 106 119 105 120 103 122 102 124 100 126 97 129 95 130 94 130 94 131 92 133 91 134 89 136 88 137 86 140 83 144 79 148 76 152 71 156 68 158 65 163 61 165 59 167 57 168 56 169 55 170 53 172 52 173 51 174 50 175 48 177 47 179 44 182 41 186 35 193 17 9940
56 11 212 14 210 15 208 17 207 18 206 18 205 20 204 21 203 22 202 22 202 23 201 24 200 25 199 25 199 26 198 26 198 27 197 28 196 28 196 29 195 29 194 31 193 31 193 32 192 33 191 33 191 34 190 34 190 35 189 35 189 36 188 36 72 9 107 37 66 16 105 37 62 22 103 38 58 25 103 40 54 28 102 58 34 30 102 61 29 32 102 64 23 36 101 66 19 38 101 68 15 40 101 71 10 42 100 124 100 123 101 123 101 123 101 123 101 122 102 122 102 121 103 121 103 120 104 120 105 118 106 118 106 117 107 117 107 116 108 116 108 115 109 114 110 114 111 112 112 111 113 111 113 110 115 109 115 108 116 108 116 107 117 107 49 3 65 107 43 14 60 108 38 21 57 109 35 25 55 110 31 28 55 111 28 31 53 113 24 34 53 115 21 35 53 116 17 38 52 119 10 43 52 172 52 172 51 173 51 173 50 174 50 173 51 173 50 171 53 169 54 164 60 160 63 159 65 157 67 156 67 155 69 154 69 154 70 152 71 153 71 152 71 153 71 153 71 153 71 153 71 153 71 153 71 154 70 154 69 155 69 155 69 155 69 155 68 156 68 156 68 157 66 158 65 159 65 159 64 160 63 160 63 161 62 162 61 163 60 164 59 164 59 165 58 166 57 166 57 167 56 167 56 167 56 140 1 26 56 135 15 16 57 134 22 7 59 134 89 132 91 131 92 129 94 128 95 127 96 125 99 122 101 122 102 121 102 121 103 121 103 120 104 120 103 121 103 121 103 121 103 120 104 120 104 120 104 120 104 120 104 119 105 119 105 118 106 118 106 117 107 116 108 114 110 112 112 111 113 108 116 106 118 104 119 102 122 100 123 99 124 98 125 97 126 96 127 95 128 94 130 93 130 92 132 90 134 88 136 87 137 85 138 85 139 84 140 83 141 43 6 33 143 41 12 27 144 40 18 17 149 39 186 38 187 36 189 35 191 32 196 27 206 17 214 8 6459
2280 6 216 10 42 5 166 12 36 12 163 14 30 18 162 15 27 21 160 17 24 23 160 18 23 24 159 19 21 25 158 22 17 28 157 29 7 31 157 67 156 68 155 69 154 70 153 71 152 73 151 73 150 74 149 75 149 76 147 77 147 78 145 79 145 80 143 81 143 81 143 82 141 83 141 83 141 83 141 84 140 84 139 85 139 86 138 86 138 86 138 87 138 86 138 86 138 87 137 87 137 87 137 87 137 87 137 87 137 87 136 88 136 88 136 88 136 88 136 88 136 89 135 89 135 89 135 89 135 89 135 89 135 89 135 89 135 89 135 89 135 90 134 91 133 93 132 93 131 95 129 97 127 98 127 99 125 100 125 100 125 100 124 102 123 102 122 103 121 104 120 105 120 105 119 106 118 106 118 107 117 108 117 108 116 108 116 109 115 109 116 109 115 109 115 110 114 110 114 111 114 110 114 111 114 110 114 111 114 110 114 110 115 110 114 110 114 110 115 110 114 110 114 110 115 110 114 110 114 111 113 111 113 112 112 112 112 113 112 113 111 113 111 114 110 114 111 114 110 115 109 115 109 115 109 116 108 116 109 115 109 115 109 116 109 115 109 115 109 115 110 115 109 115 109 115 109 116 108 116 109 115 109 115 109 115 109 115 109 115 109 116 108 116 109 115 109 115 109 115 110 114 110 114 110 114 31 19 60 114 30 23 57 115 28 26 56 114 26 29 55 116 22 33 53 172 52 174 50 175 50 175 49 176 48 177 47 177 47 177 47 177 46 178 46 178 46 178 46 178 46 178 46 178 46 178 46 178 46 178 46 178 47 177 47 177 47 177 47 176 49 175 49 174 50 173 52 171 53 170 54 170 54 169 55 167 57 165 59 162 62 158 66 153 71 143 80 139 85 137 87 134 90 132 91 130 94 127 97 124 100 121 103 118 105 117 107 116 108 115 109 115 109 114 111 113 111 113 111 112 113 76 7 27 114 68 18 23 116 60 28 18 120 53 38 11 136 36 192 17 212 8 1487
2095 3 218 8 215 11 211 15 208 18 205 23 200 28 194 35 23 7 150 47 16 15 144 52 9 22 139 58 1 28 136 90 133 92 130 95 127 97 125 100 122 102 122 103 120 104 119 106 118 107 116 109 115 111 113 113 110 117 107 119 104 121 102 124 100 126 97 128 96 130 93 133 90 136 87 139 84 142 80 145 78 147 77 147 76 149 74 151 72 152 72 152 71 154 70 154 70 154 69 155 69 155 69 156 67 157 67 157 66 159 65 159 64 160 64 161 62 162 62 162 62 163 60 164 60 164 60 164 59 165 59 165 58 166 58 166 57 167 56 168 55 169 55 170 53 171 52 172 51 173 50 174 49 175 48 176 47 177 47 178 45 179 45 179 45 179 45 179 44 180 44 181 43 181 43 181 43 181 43 181 43 181 43 181 43 181 44 179 45 179 45 179 45 178 45 178 46 177 47 176 48 176 48 175 49 175 49 175 49 176 48 176 48 177 48 177 47 177 47 178 46 179 45 180 45 179 45 180 44 180 45 180 44 180 45 179 45 180 45 179 45 180 45 179 45 179 46 178 46 178 47 177 48 176 48 176 49 175 49 175 50 175 50 174 50 174 50 174 51 174 50 174 51 173 51 173 52 173 51 173 52 173 52 172 53 171 53 171 54 170 55 170 56 168 58 166 61 163 63 161 66 159 68 156 69 155 70 154 70 154 70 154 71 153 71 119 1 33 71 117 5 30 73 116 5 30 73 115 7 29 73 115 7 28 75 114 7 28 75 114 7 27 76 115 6 26 78 115 5 25 79 117 3 24 81 142 82 140 85 136 88 130 94 126 99 124 100 123 102 122 102 121 104 120 104 119 105 119 105 119 106 118 106 118 106 118 106 118 106 118 105 119 105 119 105 119 104 120 104 119 105 119 105 119 105 119 104 119 105 119 105 118 106 118 106 117 107 39 2 48 3 25 107 37 7 41 10 20 109 35 12 34 15 17 112 34 14 19 29 15 113 33 19 11 34 11 116 32 66 8 118 31 68 6 119 30 69 5 121 28 71 2 123 28 197 25 199 24 202 20 205 17 209 13 1496
1144 7 215 11 213 13 210 15 209 17 206 19 205 20 204 21 203 22 202 23 201 24 200 24 200 25 198 26 198 27 197 27 197 28 196 29 75 5 115 29 72 11 112 30 68 16 110 31 65 19 109 31 64 20 109 32 61 22 109 33 59 23 109 34 57 24 110 34 54 26 110 58 29 27 110 63 22 28 111 66 16 31 111 69 8 36 111 113 111 112 112 112 112 112 113 110 114 110 114 110 114 109 116 108 116 108 116 107 117 107 117 106 118 106 118 105 119 105 119 104 120 103 121 103 122 101 123 100 124 100 125 98 126 97 128 96 128 95 130 94 130 93 131 93 132 91 133 91 133 90 134 89 134 90 134 89 135 88 136 86 138 85 139 84 140 83 141 83 141 82 142 82 142 81 144 80 144 79 145 79 145 79 145 79 145 79 145 79 145 79 145 79 145 79 145 79 145 79 145 79 145 79 145 79 145 79 145 78 146 78 146 78 146 78 147 77 147 77 147 77 147 77 147 77 147 78 146 78 146 79 144 80 144 81 142 82 140 85 138 86 137 88 136 88 135 89 135 90 133 91 133 91 133 91 133 27 8 56 132 27 13 51 133 27 15 49 132 27 17 46 134 28 16 45 134 29 15 45 134 30 15 45 134 31 14 46 133 31 13 47 134 31 11 48 135 30 11 49 136 30 8 50 137 31 5 51 138 87 138 86 139 85 139 85 139 85 140 85 139 85 139 85 139 86 138 86 138 87 137 88 136 89 136 89 135 91 133 92 132 99 125 109 14 25 76 152 72 157 67 161 63 163 60 166 58 167 56 170 53 172 50 175 44 181 31 194 26 198 26 198 26 198 26 198 26 198 26 197 27 197 27 197 27 196 28 196 28 196 28 196 28 196 28 194 30 192 32 190 34 189 35 187 37 186 38 185 39 183 41 182 42 181 43 180 44 179 45 178 46 177 47 176 48 174 50 172 52 170 54 168 56 165 59 163 61 162 62 160 64 159 65 157 67 156 68 154 70 153 71 151 73 149 75 148 76 147 77 142 82 140 84 131 93 125 99 118 106 115 109 109 115 106 118 103 122 100 129 92 150 72 155 68 159 63 164 4 6 49 175 48 177 47 178 45 134
118 37 185 40 184 41 182 42 182 43 180 45 179 46 177 47 177 48 175 49 175 50 174 50 173 51 172 53 169 55 158 66 151 74 145 79 141 83 137 87 135 89 133 92 131 93 129 95 128 97 126 98 125 99 124 100 124 100 123 101 123 101 123 101 122 102 122 102 122 101 123 101 122 102 122 102 122 102 121 103 121 104 120 104 119 105 119 105 119 105 119 105 118 106 118 106 118 105 119 105 119 105 119 105 118 106 118 106 118 105 118 106 118 106 118 105 119 105 119 105 119 105 119 105 119 105 119 105 119 105 119 105 119 105 119 105 119 106 118 106 118 107 117 107 118 107 117 107 117 108 117 107 117 107 117 108 117 107 117 108 117 107 117 107 117 108 117 107 117 107 117 107 118 107 117 107 117 107 117 107 117 107 117 107 117 107 117 107 117 107 117 107 117 107 117 107 116 108 116 108 116 108 116 107 117 107 117 107 117 106 118 106 118 106 117 107 117 106 118 106 118 106 118 105 120 104 120 104 120 104 120 104 120 104 120 103 122 102 122 102 122 102 122 102 122 102 122 102 122 102 122 102 122 102 122 101 124 100 124 100 124 100 124 100 124 100 124 100 124 100 125 99 125 99 125 99 126 98 126 98 126 98 126 98 127 97 127 97 127 97 127 97 127 97 128 96 128 96 129 95 129 95 130 94 130 94 131 93 131 93 132 92 132 92 133 91 133 90 134 90 134 90 134 90 134 89 135 89 136 88 136 88 136 88 136 87 138 86 138 86 138 86 138 85 140 84 140 84 140 83 141 82 142 82 142 81 144 79 145 79 145 36 1 41 146 35 4 39 147 34 4 39 147 33 6 37 148 33 6 37 148 33 7 36 149 32 7 36 149 32 7 36 149 32 7 36 149 32 7 36 149 32 7 36 149 32 7 36 149 32 7 36 149 32 7 35 150 32 7 35 150 32 7 35 150 32 7 35 150 32 7 34 151 32 7 34 151 32 6 35 151 31 7 34 152 31 7 34 152 31 7 33 153 31 7 33 153 30 9 32 153 30 9 31 154 29 10 31 154 28 11 30 155 26 13 26 159 23 16 24 161 22 17 24 161 21 18 23 161 22 18 23 161 21 19 22 162 20 20 22 162 20 21 20 163 20 21 19 164 20 21 19 164 19 22 18 166 18 23 17 166 18 23 17 166 17 25 15 168 16 26 14 169 14 28 11 89
13712 8 209 21 198 32 188 39 178 48 170 57 164 63 158 68 153 72 150 76 146 79 142 84 138 87 136 90 134 91 133 92 132 94 130 95 129 97 127 100 124 102 122 104 120 106 118 107 117 108 116 109 115 110 114 111 113 112 112 113 111 114 110 115 109 116 108 117 107 119 105 121 103 123 101 125 99 127 97 129 95 132 92 134 90 135 89 137 87 137 87 138 86 138 86 138 86 138 86 138 86 137 87 137 87 137 87 137 87 136 88 136 88 135 89 135 89 134 90 133 91 133 91 132 92 132 92 131 93 131 93 131 93 131 93 130 94 130 94 130 94 130 94 130 96 128 98 126 101 123 103 121 106 118 109 115 112 112 115 109 119 105 122 102 126 98 128 96 130 94 132 93 133 91 134 90 135 89 136 88 136 88 137 88 137 87 137 87 138 86 139 85 140 83 143 80 145 78 148 75 151 72 154 69 158 65 161 61 164 60 166 57 169 54 171 52 175 47 180 36 192 29 202 19 211 10 11323
2755 8 214 11 212 13 210 14 210 15 209 15 209 16 208 16 207 17 207 17 207 17 207 17 207 17 207 17 207 17 206 18 175 7 24 18 174 10 22 17 174 12 21 17 173 14 19 18 173 15 18 18 172 17 16 19 172 17 16 19 172 17 16 19 172 18 14 20 172 18 14 20 173 17 13 21 173 18 12 21 173 18 12 21 174 17 12 21 174 17 12 22 173 18 11 22 174 17 11 23 174 16 11 24 174 16 9 25 174 17 7 28 173 16 6 30 173 17 2 33 173 52 172 53 172 53 171 54 171 54 170 54 171 53 171 54 171 53 171 54 170 54 171 53 171 53 171 53 171 53 171 53 171 53 171 53 171 53 171 53 171 53 171 53 171 52 172 52 172 52 173 50 174 50 174 49 175 49 176 48 176 47 177 47 52 7 119 46 50 15 113 46 49 20 110 45 48 24 107 45 47 28 104 46 45 32 102 45 45 35 99 45 45 37 98 45 44 38 97 45 43 41 96 45 42 42 95 45 41 45 93 46 38 48 93 45 36 52 91 47 33 54 90 48 30 57 89 49 25 62 89 50 22 64 88 53 17 67 87 139 85 142 82 144 80 145 79 147 77 151 73 153 72 153 71 154 70 154 70 154 70 154 70 154 70 153 71 153 71 153 71 152 72 152 72 151 72 152 72 152 72 151 73 151 72 151 73 150 74 150 73 150 74 149 75 147 77 126 7 11 80 118 106 114 110 110 113 108 116 106 118 104 120 102 122 100 124 99 124 98 126 96 128 95 129 93 131 92 132 91 133 90 133 90 134 89 135 88 136 88 136 87 137 86 138 86 138 85 139 84 140 83 141 83 141 81 144 78 146 76 150 70 155 15 5 13 2 31 164 1 14 11 4 29 181 10 5 27 184 7 7 25 188 2 9 25 200 23 201 23 202 22 203 21 204 21 203 21 204 20 204 20 205 20 204 20 205 19 205 19 205 20 204 20 205 19 204 20 204 20 204 20 202 22 201 23 199 25 197 27 195 29 194 29 195 29 194 29 194 30 194 29 195 28 195 28 196 27 197 26 198 24 199 24 200 22 202 20 205 17 207 14 211 10 215 6 4169
15716 10 210 21 106 5 90 26 99 14 83 31 94 18 79 34 92 20 77 37 88 22 75 40 81 29 73 42 71 39 71 44 66 44 69 46 62 47 69 48 55 53 67 50 47 60 66 52 34 73 64 55 27 78 63 58 19 85 61 61 12 90 60 165 59 165 58 167 56 168 55 169 55 170 53 171 53 171 53 171 52 172 52 173 51 173 51 173 50 174 50 174 50 174 50 174 50 174 50 175 49 176 48 176 48 177 47 177 47 178 46 178 46 178 46 178 47 177 47 177 47 177 47 176 48 176 49 174 50 173 51 173 51 171 53 170 54 169 55 168 56 168 56 168 56 168 56 167 57 167 57 166 58 158 2 5 59 157 67 156 68 156 68 156 69 154 70 154 70 153 71 153 72 151 73 151 73 150 74 150 74 149 75 149 75 148 76 148 76 148 76 148 76 148 76 148 76 149 75 150 74 151 73 152 72 152 72 153 72 153 71 110 5 39 70 107 11 37 69 105 15 35 69 104 18 34 68 103 20 34 67 102 23 32 67 72 2 27 26 31 67 65 11 23 30 29 66 61 17 20 33 28 66 57 22 16 36 28 66 54 26 11 41 27 67 10 7 33 81 26 89 26 85 25 93 18 91 22 205 19 208 16 210 13 214 9 10578
5474 25 191 38 182 46 176 50 172 54 168 58 164 61 162 63 160 66 156 69 154 72 151 75 148 79 144 82 142 83 140 85 139 85 138 87 137 87 136 89 134 90 134 90 133 92 132 92 132 92 131 94 130 94 130 94 130 95 128 97 127 97 127 98 126 99 125 99 125 100 124 101 123 101 123 102 121 104 120 104 120 105 118 106 118 107 117 107 116 109 115 109 115 109 115 110 114 110 114 110 114 110 114 110 114 111 113 111 113 111 113 111 113 110 114 110 114 110 115 109 115 109 115 109 116 108 116 108 116 108 116 108 116 108 116 108 117 107 117 107 117 106 118 106 117 107 117 106 118 106 117 107 117 106 118 105 119 104 119 104 120 103 121 101 123 101 123 100 124 100 123 101 124 99 125 99 125 11 1 87 127 5 6 86 139 85 139 85 139 84 139 75 2 7 140 74 150 73 150 74 149 74 150 74 149 75 148 76 148 76 147 77 146 78 145 79 145 80 143 81 142 82 142 83 140 84 140 85 138 86 138 87 136 89 135 89 135 90 133 92 132 92 132 93 131 93 131 94 130 95 128 96 128 97 126 98 126 98 126 99 124 100 124 101 122 102 122 103 121 103 120 105 119 105 119 106 117 107 117 108 116 109 115 109 114 111 113 111 113 112 112 112 111 114 110 114 110 115 108 117 106 118 106 119 104 120 103 122 102 122 101 123 101 124 100 124 99 125 99 126 98 126 98 126 98 126 98 126 98 127 96 128 96 128 96 128 95 129 95 130 94 130 93 131 93 131 92 132 92 132 92 132 92 132 92 132 91 133 91 133 91 133 90 133 91 133 91 133 91 133 91 133 90 134 90 134 90 134 90 134 90 134 90 134 90 134 90 134 90 134 90 134 90 133 91 133 91 133 91 133 91 133 91 133 92 131 53
3241 5 31 15 166 18 17 26 145 81 142 84 138 87 136 89 135 89 134 91 133 92 131 93 131 94 129 95 129 96 128 96 128 96 128 97 126 98 126 98 126 98 126 98 125 99 125 100 124 100 123 101 122 102 121 103 120 104 119 105 118 106 117 107 116 108 115 109 115 109 114 110 114 110 113 111 112 112 112 112 111 113 110 114 109 116 107 117 104 120 102 122 101 124 99 125 98 126 96 129 94 130 93 131 92 132 90 134 80 144 79 145 78 146 77 147 75 149 74 150 72 152 71 153 70 154 69 155 69 155 68 156 68 156 68 156 68 156 68 156 69 155 70 154 71 152 74 150 76 147 80 144 91 132 94 130 96 127 98 125 100 123 102 121 103 121 104 119 105 118 106 117 107 117 107 116 108 116 108 116 108 116 107 116 108 116 107 117 107 117 107 116 107 117 107 116 107 117 107 117 106 118 106 117 107 117 106 118 106 118 106 117 107 117 107 117 107 117 107 117 107 116 108 116 108 116 108 116 108 116 108 116 109 116 108 116 108 116 109 115 110 114 111 113 111 113 112 113 111 113 111 113 111 113 111 113 111 113 111 113 111 114 110 114 110 114 110 114 110 114 109 114 111 113 111 113 111 113 111 113 111 113 111 112 112 112 112 112 113 111 113 110 114 110 114 110 114 110 115 108 116 108 116 108 117 107 117 106 119 105 119 105 120 104 121 102 123 101 125 98 129 95 131 92 133 33 8 49 135 30 14 45 136 28 20 39 138 25 27 33 142 19 32 30 195 28 198 25 200 22 203 17 209 10 217 2 8830
17059 14 206 21 201 24 198 27 196 29 193 32 190 35 188 37 185 40 181 44 177 47 175 50 173 52 171 53 171 54 169 55 169 56 168 56 168 57 168 56 168 57 167 57 168 56 168 57 167 57 168 56 168 57 168 56 168 56 169 55 169 56 169 55 170 54 171 54 171 53 173 51 174 51 174 50 174 51 173 51 173 51 173 52 172 52 172 53 172 53 171 54 171 55 170 56 168 58 167 58 166 60 165 60 165 61 164 62 162 65 160 69 155 116 108 120 104 123 101 125 99 127 97 128 96 129 95 131 93 132 92 133 91 135 89 136 50 5 33 137 46 10 31 139 42 13 30 143 2 10 24 15 30 158 19 18 29 162 11 22 29 195 29 195 29 195 29 195 29 195 29 195 29 194 30 194 30 190 34 186 38 150 7 27 40 149 11 22 42 149 14 18 44 147 17 14 46 147 23 6 49 146 79 145 80 144 81 143 82 142 82 142 83 141 83 141 84 140 84 139 86 138 87 137 87 137 88 135 90 134 90 133 92 132 92 132 93 130 94 130 95 129 95 129 95 37 9 83 96 34 17 77 96 33 28 67 97 31 45 51 97 31 47 50 96 30 50 48 96 30 51 47 96 29 53 47 95 28 54 47 95 27 56 47 94 25 59 46 94 18 67 45 94 15 71 44 95 12 74 43 96 9 77 42 97 5 81 41 183 41 184 39 186 38 186 38 187 36 188 36 188 36 188 35 189 35 189 35 188 36 188 36 187 36 187 21 2 14 185 21 6 11 185 20 9 10 184 20 13 5 185 20 203 20 204 19 206 17 209 14 78
735 6 215 13 209 17 206 22 201 34 189 42 181 46 177 49 174 53 171 54 169 56 167 59 164 61 162 64 159 66 157 68 155 71 153 73 150 77 146 83 140 91 133 99 124 103 120 107 117 109 114 112 112 114 109 116 108 118 105 120 104 122 102 123 100 125 99 126 98 128 96 129 95 130 94 131 93 131 92 133 91 133 91 134 89 135 89 135 89 135 88 136 88 136 88 136 87 137 87 137 87 137 87 138 86 138 85 139 85 139 86 138 86 139 85 139 85 139 84 140 84 140 84 141 83 141 83 141 83 142 82 142 82 143 81 143 81 143 81 144 80 144 80 144 80 144 80 145 79 145 79 145 79 145 79 146 78 146 78 146 78 146 78 146 78 146 78 146 78 146 78 146 78 146 79 145 79 144 80 144 80 143 81 142 82 141 83 140 85 139 85 138 86 138 86 138 86 138 87 137 87 137 87 137 87 136 88 135 89 135 89 134 91 133 91 133 91 132 92 132 92 132 92 131 94 130 94 130 94 129 95 129 95 129 96 128 96 128 96 128 97 127 97 127 97 127 97 127 97 127 98 126 98 126 98 126 98 126 98 25 2 99 98 24 5 97 98 23 6 97 98 23 6 97 98 23 7 96 98 23 7 96 98 23 7 96 98 22 8 95 99 22 9 94 99 22 9 95 98 22 9 95 97 23 9 95 97 23 9 95 97 23 9 95 97 23 9 95 97 23 9 94 98 23 9 94 98 23 10 93 98 23 10 92 99 23 10 92 99 24 8 93 99 24 8 92 100 25 7 92 100 25 7 92 100 26 6 92 100 26 6 92 99 27 7 91 99 27 7 91 100 25 8 91 100 25 8 90 102 24 8 90 103 22 9 46 1 43 104 20 10 45 3 42 106 17 11 44 4 42 108 15 12 43 5 41 109 12 14 43 5 41 111 8 16 42 7 40 135 42 7 40 135 42 7 40 135 41 9 39 135 41 9 39 135 41 9 39 136 39 11 38 136 39 11 38 136 39 11 38 136 39 12 37 136 38 13 37 137 37 13 36 138 37 13 36 138 36 14 36 138 36 15 35 138 36 15 35 139 35 15 35 139 35 15 35 139 35 16 34 139 35 16 34 139 35 16 35 138 34 17 35 138 34 18 34 138 34 18 35 137 34 18 35 137 34 19 35 136 34 19 35 136 34 20 35 135 34 20 36 134 34 20 36 134 33 22 36 133 33 22 37 132 33 22 38 130 34 23 38 129 33 24 38 129 33 25 38 127 34 25 38 127 33 26 38 126 34 27 38 125 34 27 38 125 34 27 38 125 34 28 38 123 35 28 38 123 35 28 38 123 35 28 38 123 35 29 37 122 36 29 38 121 36 30 37 121 36 30 37 121 36 31 36 121 36 32 35 121 36 33 34 122 35 33 34 122 35 34 32 123 35 35 31 123 34 36 30 53
5873 5 217 9 214 11 212 13 211 14 209 16 208 17 51 3 153 18 48 7 151 18 45 10 151 19 42 12 151 20 39 14 151 20 38 15 151 21 36 16 152 21 33 18 152 21 32 18 153 22 29 20 153 23 27 20 154 24 25 21 154 26 21 23 154 69 155 69 155 69 155 68 156 68 156 68 157 66 158 66 158 66 158 66 158 66 158 65 159 65 159 65 159 66 158 66 157 67 157 67 157 67 157 67 157 67 156 68 156 68 156 69 155 69 155 75 149 80 144 87 137 92 132 97 127 100 124 103 121 105 119 107 117 109 115 110 114 112 112 113 111 114 110 116 108 117 107 118 106 119 105 120 104 121 103 121 103 122 101 123 101 124 100 124 100 125 99 126 98 126 98 127 97 127 98 127 97 127 97 128 97 127 97 128 96 128 97 128 96 128 97 128 96 128 96 128 97 127 97 128 96 128 97 127 97 128 96 128 96 128 97 127 97 127 97 128 95 129 95 129 95 129 95 130 94 130 94 130 94 130 94 130 94 130 94 130 95 129 95 129 95 129 95 129 95 129 95 129 95 129 96 128 96 129 95 129 95 129 95 129 95 129 95 129 95 129 96 128 96 128 96 128 97 127 97 127 98 126 98 126 99 125 101 123 102 121 106 118 109 115 111 113 111 113 112 112 112 112 112 111 114 110 114 110 114 110 114 110 114 110 114 110 114 110 114 110 114 110 113 111 112 112 110 113 108 116 97 127 96 127 96 128 96 128 95 128 96 128 95 128 96 127 96 128 96 127 96 127 97 127 97 126 98 126 98 125 99 124 101 122 103 120 105 118 108 114 111 112 114 109 116 106 119 104 122 100 125 97 128 94 132 89 137 82 144 77 149 69 159 51 176 42 189 11 3269
11734 18 3 11 188 41 180 50 172 56 167 60 162 64 159 67 156 70 153 73 150 75 147 78 145 80 138 87 132 93 129 96 127 98 125 100 124 101 122 102 122 103 120 105 120 104 120 105 119 105 119 106 119 105 120 105 120 104 121 104 120 104 121 104 120 104 119 106 118 107 116 109 115 110 113 112 111 113 110 115 108 116 107 118 105 119 104 120 103 121 103 121 102 123 100 124 99 125 99 126 97 127 97 127 96 129 95 129 94 131 93 132 92 132 91 134 90 134 90 135 88 137 87 137 87 138 86 138 86 139 85 139 85 140 84 140 84 141 83 141 83 142 82 142 82 143 82 142 82 142 82 143 82 142 82 142 83 142 82 142 83 142 82 142 83 141 84 140 84 140 85 139 86 138 87 137 88 136 89 135 89 135 90 134 90 133 92 132 92 132 92 132 92 131 94 130 94 129 95 128 97 126 99 124 101 122 104 119 107 116 109 114 111 111 113 110 114 108 116 106 118 104 120 101 123 99 125 98 126 96 128 95 128 95 129 93 131 92 132 90 133 90 134 88 136 87 137 86 138 85 139 85 139 85 139 85 139 85 138 86 138 86 138 85 139 85 138 86 138 87 136 88 136 88 135 89 134 90 132 92 131 93 130 94 128 96 127 97 126 98 125 99 123 101 123 100 123 101 122 102 121 103 121 103 120 104 119 104 119 105 119 105 118 105 119 105 118 106 118 105 119 104 119 102 122 99 125 98 125 98 126 98 126 97 127 97 127 96 128 95 129 95 129 94 130 92 99
7314 15 204 23 197 29 192 34 188 39 184 44 178 56 166 63 159 69 153 74 148 78 142 85 136 89 133 92 130 95 127 97 126 98 124 100 123 101 122 103 120 104 119 105 119 105 118 106 117 108 116 108 116 108 116 108 116 108 116 108 116 108 116 108 116 108 116 108 116 108 116 108 116 108 116 109 115 109 115 109 115 109 115 109 114 111 113 111 113 111 112 112 112 112 112 112 112 112 112 112 113 111 114 110 114 110 114 109 115 109 115 109 115 109 115 109 115 109 115 109 116 108 116 109 115 109 115 109 116 109 116 108 116 109 116 108 117 107 117 108 117 107 117 107 117 107 116 108 115 110 113 111 111 113 110 114 109 114 108 116 104 119 103 121 101 122 100 123 100 123 100 123 100 123 99 124 99 124 99 125 98 125 98 126 97 127 96 128 95 129 94 130 94 130 93 131 92 131 92 132 91 132 91 132 91 133 91 133 90 134 89 134 89 135 88 136 87 137 86 138 85 139 83 142 82 143 80 145 78 147 77 148 75 150 73 152 71 153 70 155 66 158 62 163 55 169 51 173 48 176 45 179 41 183 36 188 30 194 28 196 27 197 25 199 24 200 22 202 21 202 20 204 18 205 18 206 18 205 19 205 19 204 20 204 20 203 21 203 21 203 21 202 22 68 3 131 22 65 20 116 24 50 2 2 32 114 24 30 57 113 28 16 68 71 5 36 112 33 7 28 9 35 112 32 11 22 13 34 113 29 16 16 16 35 112 27 23 8 19 35 112 26 51 35 113 24 52 35 113 22 54 35 114 19 57 34 114 15 61 34 115 7 68 34 191 33 191 33 191 33 192 32 192 32 193 31 193 31 194 30 195 28 197 27 198 25 199 25 200 23 201 23 202 21 203 21 204 19 205 18 207 17 209 14 212 10 217 4 2050
157 16 207 18 206 19 204 21 203 22 201 23 201 24 199 26 198 27 196 29 195 30 193 32 192 33 190 35 189 36 187 38 186 39 184 42 182 44 179 46 178 47 176 49 175 50 173 52 172 53 170 55 169 56 99 8 60 58 95 16 54 60 93 19 51 62 91 22 49 63 89 24 47 64 89 27 44 65 88 30 41 66 87 35 36 66 86 43 29 67 85 46 26 68 84 47 25 68 84 48 24 69 84 48 23 70 83 49 21 71 83 49 19 73 83 50 15 77 83 49 12 80 83 50 7 84 83 51 4 85 84 140 84 140 84 140 84 140 84 140 84 141 83 141 84 140 84 141 83 142 82 142 82 143 82 143 81 144 80 145 79 146 78 147 78 147 77 147 77 149 75 150 74 150 74 151 73 151 73 151 73 151 73 151 74 150 74 150 74 150 75 149 75 149 75 149 75 149 76 148 76 148 76 148 75 149 75 149 75 149 75 149 75 149 75 149 75 149 75 149 75 149 75 149 75 149 75 149 75 149 75 149 75 149 74 150 74 150 74 150 74 150 74 150 74 150 73 151 73 151 73 151 72 152 72 152 72 152 71 153 71 153 71 153 71 153 71 153 70 154 70 154 70 154 70 154 69 155 69 155 69 155 69 155 69 155 69 155 68 156 68 156 68 156 68 156 68 156 68 156 67 157 67 157 67 157 66 158 66 158 65 159 65 159 65 159 64 160 64 160 63 161 62 162 61 163 60 164 59 165 58 166 57 167 56 168 55 169 53 171 53 171 52 172 52 172 51 173 51 173 50 174 50 174 50 174 51 173 51 173 51 173 52 172 53 171 54 170 55 169 56 168 57 167 57 167 57 167 58 166 61 163 62 162 62 162 62 162 62 162 62 162 62 162 62 162 62 162 62 162 62 162 62 162 63 161 62 162 62 162 62 162 61 163 60 164 60 164 59 165 59 165 59 165 59 165 59 165 59 165 59 165 59 165 59 165 59 165 60 164 60 164 60 164 61 163 61 163 62 162 64 160 65 158 67 157 68 9 4 143 69 6 6 143 69 5 8 142 68 5 10 141 83 141 84 19 2 119 84 18 7 115 85 15 10 114 86 13 11 114 87 10 13 114 88 8 15 112 90 5 17 110 115 108 117 107 118 105 6
11053 14 208 19 203 23 200 27 197 34 189 37 186 40 183 42 181 45 179 46 177 48 175 50 174 52 172 53 11 3 156 56 5 10 153 72 151 75 149 75 149 76 148 76 148 77 146 78 146 78 146 77 147 77 147 77 147 77 146 77 147 76 148 18 3 55 147 18 7 51 148 17 10 48 149 17 12 44 150 17 14 42 151 16 15 41 151 16 17 39 151 17 17 39 151 16 19 37 151 17 19 37 150 18 19 37 150 17 21 36 150 17 21 37 149 17 21 37 149 16 22 37 149 16 22 38 148 15 23 38 148 13 25 39 148 10 28 38 149 7 30 39 185 39 186 39 185 39 186 39 186 38 188 36 190 35 191 33 192 33 192 32 193 31 194 31 194 30 195 30 195 29 196 29 197 27 198 9 4 13 212 13 212 13 212 12 213 12 212 12 213 12 212 12 213 11 213 12 213 11 213 11 214 10 214 9 217 7 218 4 20913
22915 14 207 20 201 25 196 30 188 37 184 41 180 45 178 47 175 50 173 52 171 54 169 56 167 58 165 60 164 61 162 63 160 65 158 67 157 68 155 69 154 71 152 73 150 75 149 75 148 77 147 78 145 80 144 81 143 83 141 113 111 125 99 128 96 131 93 133 91 136 88 137 87 139 85 140 85 140 84 141 84 141 84 73 4 64 84 70 7 64 83 69 9 64 84 65 12 64 84 63 13 65 84 61 14 65 87 57 16 65 88 54 17 66 89 51 18 67 89 48 20 68 89 46 21 68 90 44 23 68 90 42 24 68 92 39 25 69 92 37 25 70 94 34 26 71 106 20 27 71 108 16 29 71 109 14 31 70 111 10 33 71 112 5 36 71 153 71 154 71 153 71 153 72 152 72 152 73 151 73 152 72 152 73 151 73 151 73 151 74 150 74 150 74 149 75 149 75 148 76 147 77 103 10 33 78 87 30 27 80 85 35 22 82 83 40 17 84 82 45 4 92 81 143 80 143 80 143 80 142 80 143 80 142 81 142 81 142 80 142 81 142 81 142 81 142 82 37 3 101 82 33 12 96 83 30 17 93 83 28 22 91 83 26 27 87 83 25 33 83 83 24 37 79 84 22 41 77 84 21 44 75 84 20 48 71 85 19 50 70 85 18 53 67 86 17 55 66 86 17 56 65 87 15 58 63 89 12 60 63 91 9 62 61 163 61 163 60 165 59 165 58 166 57 168 55 169 54 171 53 63
6425 2 215 21 197 31 191 36 186 40 183 44 179 46 177 49 174 51 172 53 171 54 169 57 167 59 164 61 163 63 160 65 159 67 157 68 156 69 155 70 153 71 153 72 152 73 151 74 150 74 149 76 148 77 147 78 145 80 144 80 144 81 143 82 142 83 141 84 139 86 138 87 137 88 136 89 134 90 134 91 132 92 132 93 130 95 128 96 121 104 115 109 111 114 108 117 105 120 103 122 100 126 96 128 95 129 93 132 90 134 89 135 87 137 85 139 83 141 82 142 81 143 80 144 79 145 78 146 77 147 76 148 75 149 75 149 74 150 74 150 73 151 72 152 72 152 71 153 70 154 70 154 69 155 68 156 68 156 67 157 65 159 62 162 44 180 40 184 36 188 34 190 32 192 31 193 29 195 28 196 27 197 25 199 24 200 23 201 22 202 20 204 18 206 16 208 14 210 12 212 11 213 10 214 9 215 7 217 6 218 6 218 5 219 4 220 4 220 3 221 3 221 2 222 1 222 2 222 2 222 2 222 2 221 3 220 4 220 4 220 5 219 6 218 6 218 6 218 7 217 7 217 7 217 8 215 10 214 10 43 13 42 4 112 11 36 27 29 11 110 12 32 71 108 14 27 76 106 16 23 81 103 18 19 85 99 22 14 89 39 2 55 27 7 96 35 7 50 133 34 8 46 138 32 8 44 142 30 8 42 145 29 7 41 148 28 6 41 150 28 4 40 153 28 2 39 155 68 157 65 159 62 163 60 164 59 165 58 166 57 167 56 168 54 170 51 174 48 176 44 180 40 184 34 191 26 198 23 202 20 205 16 209 11 215 3 7254
12423 3 2 2 199 35 186 41 182 44 179 46 178 46 178 47 177 47 177 47 176 49 175 49 175 49 175 49 175 49 175 49 175 50 174 50 174 50 173 51 173 51 173 51 174 50 174 49 175 49 175 49 176 48 176 48 177 46 179 45 180 43 182 42 183 40 184 40 184 40 185 39 185 40 184 40 184 40 184 41 183 41 182 42 182 43 181 43 181 44 179 45 179 46 177 47 177 47 176 49 174 50 173 52 172 52 171 53 170 55 169 55 168 57 167 57 166 58 166 59 165 59 164 60 164 61 163 61 163 61 162 63 161 63 161 63 161 63 161 64 160 64 160 64 160 64 160 64 160 64 161 63 161 63 161 63 161 63 161 64 160 64 161 63 161 63 161 63 162 62 162 63 161 63 162 62 162 62 162 62 162 62 163 61 163 62 162 62 162 63 162 62 162 63 161 64 160 65 159 66 158 66 158 66 158 67 157 67 157 67 157 68 156 68 156 68 156 68 157 68 156 68 156 68 156 68 156 69 155 69 156 68 156 68 156 68 157 67 157 67 157 67 158 66 158 66 158 66 159 66 158 67 157 69 155 73 151 75 149 21 1 54 148 20 4 51 149 19 6 49 149 20 6 48 150 19 8 46 150 20 8 46 150 20 8 46 149 21 8 17 5 23 150 21 8 16 7 22 149 22 8 16 8 21 149 22 7 17 9 20 148 23 7 17 10 19 148 24 6 16 12 18 148 24 6 16 13 16 149 24 5 17 15 13 150 24 5 17 18 5 155 24 4 18 178 24 4 18 179 23 4 18 179 24 2 19 180 23 2 19 180 22 3 19 181 21 3 19 182 19 4 19 183 15 7 19 186 8 11 19 206 17 207 17 208 16 209 14 211 11 216 5 2121
122 3 218 8 215 10 214 10 213 11 212 12 212 12 211 12 212 12 211 13 211 12 211 13 211 13 210 14 210 14 210 14 209 15 209 15 209 15 209 15 208 16 208 16 208 16 208 16 208 16 207 18 206 18 205 19 204 20 202 22 198 26 196 29 192 33 189 36 186 40 182 43 180 45 177 48 175 50 174 51 172 53 170 55 168 56 168 57 166 59 164 60 164 61 162 62 161 64 160 64 159 66 158 67 156 68 155 70 154 71 152 72 152 73 150 74 149 76 148 76 147 78 145 79 144 80 142 83 138 86 132 92 121 104 118 106 117 107 116 108 115 110 113 111 113 111 113 111 112 113 111 113 111 114 109 115 109 116 108 116 108 117 107 117 107 117 107 117 107 118 106 118 106 118 106 119 105 119 105 120 104 120 104 120 104 121 103 122 102 122 103 122 102 122 102 123 102 122 102 122 103 121 104 121 105 119 106 118 107 117 108 116 109 115 110 114 110 114 110 114 110 114 109 115 109 115 109 115 108 116 108 116 108 116 107 117 107 118 106 118 106 118 106 118 105 119 105 119 105 119 105 120 104 120 103 121 103 121 103 121 103 121 103 121 103 121 102 122 102 122 102 122 102 122 101 123 101 123 101 123 101 122 102 122 102 121 103 120 104 118 106 117 106 117 107 116 108 115 109 115 109 114 110 114 110 114 110 113 111 113 111 113 111 113 111 113 111 113 111 113 111 113 111 113 111 114 110 114 111 113 111 113 111 113 111 113 111 113 112 112 112 112 112 112 113 111 113 111 113 111 113 111 114 109 115 109 116 108 116 108 116 108 117 106 118 106 119 105 120 103 121 103 122 102 123 100 124 100 125 99 126 98 127 52 13 32 129 45 19 31 131 41 23 29 132 37 27 28 133 34 30 27 134 32 31 27 135 30 32 27 136 28 33 27 137 27 33 27 137 27 34 26 138 26 34 26 139 25 34 25 141 24 34 25 142 23 34 25 142 23 34 25 143 22 34 25 144 21 34 25 145 21 33 24 146 21 33 24 147 20 33 24 147 20 33 24 147 21 32 23 148 21 32 23 149 20 32 23 149 20 32 23 149 21 31 23 149 21 31 22 150 21 32 21 150 21 32 21 150 22 31 21 150 22 31 21 150 22 32 19 152 20 33 19 76
7786 11 201 2 7 18 194 37 185 42 180 46 177 48 175 50 173 52 171 53 170 55 168 56 168 57 166 58 165 59 165 60 163 61 161 63 160 64 159 66 157 67 156 68 155 69 154 70 153 72 151 73 98 7 45 74 94 13 41 76 91 18 37 79 87 22 34 81 84 26 31 83 80 32 27 85 75 39 23 87 58 60 17 89 56 66 10 92 55 168 55 169 55 169 54 170 52 172 50 174 45 179 40 184 36 188 34 190 33 191 32 192 31 194 30 194 30 194 30 194 30 194 30 194 30 194 30 194 30 194 30 194 30 194 30 194 30 194 30 194 30 193 31 193 31 193 31 192 31 193 31 192 32 191 33 191 33 190 34 189 35 187 36 187 37 186 38 185 39 184 40 184 40 183 41 182 42 182 42 181 43 181 43 180 44 180 44 179 46 178 46 177 47 177 48 175 49 175 49 174 51 172 52 171 54 170 54 169 56 167 57 166 58 165 59 164 61 162 62 161 63 160 65 158 66 157 67 156 69 155 69 154 70 153 72 151 73 150 74 149 75 147 77 143 81 140 84 137 88 135 89 134 90 69 3 61 91 66 13 53 92 64 19 49 92 63 28 41 92 62 32 38 93 60 35 36 93 59 37 35 94 56 40 34 94 55 41 34 95 50 46 33 95 48 48 33 96 45 50 33 96 41 55 32 97 37 59 31 97 34 62 31 98 32 64 30 99 29 67 29 99 28 69 28 100 26 71 27 100 26 71 28 100 24 73 27 100 24 74 26 101 22 76 26 100 22 76 27 100 21 77 27 99 21 77 28 99 19 79 30 96 19 79 31 96 18 79 33 95 17 79 34 94 18 79 34 94 17 79 34 94 18 78 35 94 18 78 34 94 20 77 33 94 23 74 33 95 24 74 30 96 25 75 28 97 25 77 24 98 26 80 19 99 26 86 10 103 25 199 25 200 24 200 24 201 23 201 22 203 20 206 17 210 12 5541
22098 5 218 8 215 14 8 15 186 39 185 39 185 39 185 39 185 39 185 38 186 37 187 37 187 36 188 36 189 35 189 34 190 34 190 34 190 34 190 34 190 34 190 33 191 33 191 33 191 33 191 33 191 33 191 33 191 32 192 32 192 32 192 32 191 33 191 32 191 33 191 33 190 34 189 34 188 36 187 37 186 38 185 39 183 41 182 42 181 43 180 43 180 44 179 45 179 44 179 45 179 45 178 46 178 46 177 47 177 47 177 47 176 48 176 48 175 49 175 49 174 50 174 50 174 50 173 51 172 52 172 52 171 53 170 54 169 55 168 56 166 57 166 58 165 59 165 58 165 59 165 59 165 58 165 59 165 59 165 59 165 59 164 60 164 60 164 60 163 61 163 61 163 61 162 62 162 62 162 62 162 62 162 62 162 62 162 62 162 62 162 62 162 63 161 63 161 63 161 63 161 64 160 64 161 63 161 64 160 64 160 65 160 64 160 64 161 62 162 43 7 12 163 16 8 17 11 7 166 12 12 15 187 8 14 15 210 13 211 12 213 10 216 7 2317
1835 4 218 9 214 11 213 13 210 15 209 15 209 16 207 18 206 19 205 19 205 20 204 21 203 22 202 22 202 23 202 23 201 24 200 25 199 26 198 27 197 29 195 31 193 35 189 39 184 46 178 50 174 53 32 5 134 57 24 11 132 61 17 15 131 65 10 19 129 95 129 95 129 95 129 95 128 96 128 96 127 97 127 97 126 97 127 96 127 97 127 96 127 97 127 96 128 96 127 96 128 96 128 95 128 96 128 96 128 95 128 96 128 96 128 95 129 95 129 95 129 94 130 94 130 94 130 93 131 93 131 93 131 93 131 94 130 94 130 95 130 107 117 115 109 118 106 121 103 123 101 124 100 126 98 127 96 130 94 131 93 132 92 133 91 134 90 135 89 136 89 136 88 137 87 137 87 138 85 140 84 140 84 141 83 142 82 143 81 143 81 144 80 144 79 146 78 147 77 147 77 148 76 148 76 148 76 149 75 149 75 150 74 150 74 151 73 151 73 151 73 152 72 152 73 151 73 151 73 151 74 151 73 151 73 151 73 151 74 150 74 150 74 151 73 151 74 150 74 150 74 150 75 149 75 150 74 150 75 149 75 149 76 148 76 148 76 149 75 149 75 149 76 148 76 148 76 148 76 148 77 147 77 148 76 148 77 147 77 147 77 148 77 147 77 147 77 147 78 146 78 146 78 146 79 145 79 146 78 146 79 145 79 145 79 145 79 146 79 145 79 145 79 145 80 145 79 145 79 145 79 146 79 145 79 145 79 145 80 144 80 145 79 145 80 144 80 144 80 145 79 145 79 145 80 145 79 145 79 145 79 145 79 145 79 145 80 144 80 143 81 143 81 143 82 142 82 141 83 141 84 140 84 140 85 139 85 139 85 139 85 139 86 138 86 138 86 138 86 138 86 138 86 138 86 138 86 137 87 137 87 135 89 133 91 132 92 130 94 129 95 127 96 127 97 125 99 124 100 124 100 123 101 122 102 122 102 121 104 26 4 90 51
15981 13 193 41 182 55 168 59 164 62 162 63 161 64 160 64 160 65 159 65 159 65 159 65 159 65 160 64 160 64 54 12 95 63 51 19 91 63 49 23 90 61 48 27 88 61 47 29 88 60 46 31 88 59 45 33 88 58 44 35 88 56 44 36 88 56 44 37 88 55 43 38 88 55 42 39 89 54 41 41 88 55 39 42 89 54 37 44 89 54 33 49 88 55 30 51 88 57 24 55 88 58 20 59 87 137 87 138 86 138 86 139 85 140 84 140 84 141 83 142 82 143 81 144 80 144 80 145 79 146 78 147 77 147 77 148 76 148 76 148 76 149 75 149 76 148 76 148 76 148 76 148 76 148 77 147 77 147 77 147 77 147 78 146 78 146 78 146 79 145 79 145 80 144 80 144 80 144 81 143 81 143 81 143 82 142 82 142 83 141 83 141 83 141 84 140 84 140 84 139 86 138 86 138 86 138 86 138 87 137 87 92 5 40 87 90 9 38 88 87 12 37 88 84 16 36 89 81 19 35 90 78 22 34 90 75 26 33 91 71 30 32 92 66 34 33 92 61 39 32 93 58 42 31 94 55 45 30 96 51 48 30 96 49 50 29 97 46 53 29 98 43 55 28 99 40 58 28 100 37 59 29 100 34 62 29 100 31 65 29 99 28 68 31 97 26 71 30 97 24 73 31 96 23 75 30 96 23 75 30 96 22 76 30 96 22 76 30 96 21 77 30 95 22 77 30 95 21 79 29 95 21 79 29 95 20 80 29 95 20 80 29 94 20 80 30 94 20 80 30 94 19 81 30 94 19 81 30 93 19 82 30 93 19 81 31 92 20 81 31 92 19 81 32 92 19 81 32 91 20 81 31 92 19 81 32 92 19 81 32 91 20 81 32 91 20 81 31 92 19 82 31 91 20 82 31 90 21 83 30 89 21 85 29 89 21 87 27 88 22 89 26 86 22 91 25 85 23 92 24 84 24 92 24 83 24 93 24 82 24 95 22 82 24 96 22 82 23 98 20 82 24 99 18 82 24 101 16 83 23 104 13 84 23 107 5 89 23 201 22 202 22 124
508 12 209 25 196 37 185 56 167 61 161 65 157 70 152 74 147 79 143 83 140 86 136 90 133 93 131 94 129 97 126 100 123 103 121 104 119 106 117 108 116 109 114 110 114 110 113 111 113 111 112 112 112 112 112 112 112 111 113 111 112 111 113 111 114 109 115 109 115 108 117 107 120 103 126 97 128 96 128 95 129 95 129 94 130 94 130 94 129 94 129 95 128 97 126 98 125 99 125 99 124 101 122 102 122 103 121 103 120 105 119 105 119 106 118 106 118 106 119 106 118 106 118 107 117 107 117 108 116 108 116 108 116 109 116 108 116 108 116 109 115 109 115 110 115 109 115 110 115 110 115 109 116 109 116 108 116 109 116 109 116 108 116 109 116 108 116 109 115 109 115 109 115 110 114 110 114 111 112 112 112 113 110 114 110 114 110 115 108 116 108 116 107 117 107 118 105 119 105 119 104 121 103 121 103 122 101 124 100 125 99 126 97 128 96 128 96 129 95 130 93 132 92 132 92 133 91 134 90 134 90 135 89 135 89 136 88 137 87 137 87 138 86 138 86 138 86 139 85 139 85 139 84 141 83 141 83 141 83 142 82 142 82 142 82 142 82 143 81 143 81 143 80 145 79 146 78 147 77 148 75 151 73 153 71 157 67 160 64 163 61 166 57 170 54 173 51 176 48 177 47 178 46 179 45 179 45 180 44 180 44 181 43 181 43 182 42 182 42 182 42 183 41 183 41 183 41 183 41 183 41 184 40 184 40 184 40 184 40 184 40 185 38 186 38 186 38 186 38 186 38 186 37 187 37 187 37 187 37 187 37 187 36 188 36 188 36 188 36 188 36 188 36 188 36 188 36 188 36 188 36 188 36 188 36 188 36 188 36 188 36 188 36 188 36 188 36 188 36 188 36 188 36 188 35 189 35 189 35 190 34 191 33 192 32 193 31 195 29 196 28 196 28 197 27 197 27 197 27 197 27 197 27 197 27 197 27 197 27 197 27 196 29 194 6
103 79 142 84 139 86 137 88 135 89 134 91 132 93 131 93 130 94 130 94 130 94 130 94 130 94 129 95 129 96 128 96 128 96 127 97 127 97 127 97 127 97 127 96 128 96 127 97 127 96 128 95 128 94 129 94 129 95 128 96 125 98 123 101 121 103 120 104 119 105 118 106 117 107 116 108 115 109 113 111 112 112 111 113 110 114 109 115 108 116 108 116 107 118 105 119 104 120 104 120 103 122 101 123 100 124 100 125 99 125 98 126 98 127 97 127 97 127 96 129 95 129 95 130 94 130 93 131 93 132 92 132 92 133 91 133 90 134 90 135 89 135 89 136 88 136 88 136 88 136 88 137 87 137 87 137 87 138 86 138 86 138 86 138 86 138 86 139 85 139 85 139 85 139 85 139 85 140 84 140 84 140 84 140 84 140 84 140 84 140 84 140 84 140 84 140 83 141 83 142 82 142 82 142 82 143 81 143 81 143 81 143 81 143 81 143 81 143 81 143 58 5 17 145 55 11 13 145 55 14 10 144 56 16 7 145 56 18 5 145 56 168 57 167 57 167 57 167 58 166 58 166 59 165 60 136 1 27 60 134 4 26 61 131 7 25 62 129 8 25 63 127 9 25 65 124 11 24 68 120 12 23 71 116 14 23 82 104 15 23 84 100 17 23 85 98 18 23 85 96 21 21 87 94 22 21 88 91 24 21 88 90 25 21 89 87 27 21 89 86 28 21 90 84 29 21 90 84 29 21 91 82 30 21 91 82 30 21 91 83 29 20 93 82 29 20 93 83 28 20 93 51 5 28 27 20 94 49 8 27 27 19 94 48 11 26 26 19 94 47 14 25 25 19 95 46 16 24 24 19 95 45 18 24 23 19 95 43 20 25 22 19 96 41 22 25 21 19 96 40 24 26 19 19 96 39 25 27 18 19 97 38 25 28 18 18 97 38 26 27 18 19 96 38 26 28 17 19 96 37 27 28 17 19 96 37 28 27 17 19 97 36 28 27 17 19 97 36 29 26 17 19 97 36 29 26 17 20 96 37 28 26 17 20 96 37 29 25 17 20 96 37 29 25 18 20 95 37 30 23 19 20 95 37 30 23 19 21 94 37 31 22 19 22 92 38 32 20 21 22 91 38 34 18 21 23 91 37 36 15 22 24 90 37 40 11 22 25 89 37 42 8 24 25 89 36 43 5 26 26 88 36 74 27 87 36 74 28 87 35 74 28 87 36 74 28 87 35 74 29 87 34 75 28 88 33 75 29 95 25 76 28 96 24 76 28 97 23 77 27 97 23 77 28 96 24 77 27 96 24 78 26 96 24 79 24 97 24 80 23 97 24 81 21 98 24 82 19 99 24 85 14 101 24 200 24 200 24 201 23 201 23 201 23 201 23 201 23 201 23 201 23 201 23 200 24 200 24 200 24 200 24 200 24 200 24 200 24 200 24 200 24 200 25 198 26 198 26 198 26 198 26 198 26 198 26 198 26 198 26 199 24 116
9047 5 216 9 213 12 198 2 9 16 193 32 190 35 188 37 186 39 184 40 183 42 182 42 181 43 180 45 178 46 177 47 177 48 175 49 175 49 175 50 173 52 172 53 171 55 169 59 165 63 161 84 140 89 135 92 132 94 130 96 129 96 128 98 126 99 125 100 124 100 125 100 124 101 123 102 123 102 122 103 121 103 121 104 121 104 120 105 119 105 119 106 119 106 118 106 118 107 118 106 118 107 117 107 117 108 117 107 117 107 117 108 117 107 117 107 117 108 116 108 116 109 115 109 114 111 113 112 113 112 112 114 110 115 109 117 107 119 106 119 105 120 105 120 104 121 103 122 103 122 102 123 102 123 101 123 101 124 101 123 101 48 6 70 100 47 9 68 101 45 11 33 6 29 100 44 13 31 10 26 100 43 15 30 12 24 101 41 16 29 15 22 101 41 17 28 18 19 101 41 18 27 20 17 101 40 19 27 22 15 102 39 20 26 24 13 102 39 21 25 25 11 103 39 21 25 28 6 105 39 22 24 139 39 23 23 139 38 24 22 141 37 25 21 141 37 26 20 141 37 26 20 141 37 26 20 141 37 27 19 142 36 27 18 143 35 28 18 143 35 28 18 143 35 28 18 143 34 29 17 144 34 29 17 144 34 29 17 144 33 30 16 146 32 30 16 146 31 31 15 147 31 30 16 147 31 30 15 148 30 31 15 149 29 31 14 150 28 32 14 150 28 32 13 151 27 33 12 152 26 35 10 153 25 37 8 154 24 40 4 156 22 202 21 203 20 204 19 205 18 206 18 206 17 206 17 207 17 207 16 208 15 210 13 213 9 217 4 11568
6855 5 214 16 206 20 202 24 198 27 196 29 194 30 192 33 189 35 187 38 183 41 181 43 179 45 177 48 174 50 173 51 172 53 170 54 169 55 168 57 166 58 165 60 163 61 163 61 162 63 161 63 160 64 160 65 158 66 158 66 158 66 157 67 157 67 156 69 155 69 155 69 154 70 154 70 153 71 153 71 152 72 152 73 150 74 150 74 149 75 148 76 146 79 144 80 142 83 140 84 139 86 137 87 136 89 134 90 133 91 132 92 130 94 129 95 127 97 125 99 123 100 123 101 122 102 121 102 121 103 120 104 120 104 119 105 119 105 119 105 119 105 119 106 118 106 119 105 119 105 119 106 118 106 118 106 118 106 118 106 118 105 119 105 119 104 120 104 120 103 122 101 123 82 4 14 124 81 7 10 126 81 9 5 129 80 144 80 144 80 144 80 144 79 145 79 145 79 145 78 146 78 146 77 147 77 147 77 148 76 148 76 148 76 148 76 148 76 148 76 148 76 149 75 149 75 149 75 149 76 148 76 148 77 147 77 147 78 146 79 145 80 144 81 143 81 144 81 143 81 143 81 143 81 144 80 144 80 145 79 145 79 145 79 146 78 146 78 146 77 148 76 148 75 149 75 149 74 150 73 151 73 151 72 152 72 152 71 153 71 153 70 154 70 154 69 155 69 155 69 155 68 156 68 156 24 3 13 5 23 156 22 24 22 156 21 26 20 157 20 27 20 157 20 27 20 157 20 27 20 157 19 28 20 157 19 28 19 157 19 29 19 157 19 29 19 156 20 29 19 156 20 29 19 155 20 30 18 155 21 30 18 155 20 32 17 154 21 32 16 154 22 32 15 155 21 34 13 155 22 35 10 157 21 37 7 158 22 202 21 203 21 203 20 204 20 204 19 206 17 207 16 209 13 213 9 3511
54 6 217 9 214 11 213 12 211 15 209 16 208 18 206 19 204 21 203 22 202 23 201 24 199 27 197 28 196 29 194 31 193 32 192 34 189 36 188 37 187 38 111 5 69 41 106 9 68 51 93 13 67 55 86 16 67 59 79 20 66 61 75 22 65 64 71 24 65 66 67 26 65 68 63 28 65 70 59 30 65 72 54 33 64 77 48 34 65 83 36 40 65 88 11 60 64 160 64 160 63 161 62 162 62 162 61 164 59 165 59 165 58 166 58 166 57 167 57 167 57 167 56 168 55 168 56 167 56 167 56 168 55 168 55 168 54 169 53 170 52 171 52 171 52 171 52 171 51 172 51 172 51 172 51 173 50 173 50 174 49 175 48 176 48 176 47 177 47 177 47 176 47 177 47 176 48 175 48 176 48 175 49 175 48 176 48 176 48 176 48 177 46 178 46 179 45 180 44 181 43 181 43 182 41 183 41 183 40 184 40 185 38 186 37 187 36 189 33 191 33 191 32 193 31 193 31 194 30 195 29 195 29 196 28 197 27 197 27 197 27 198 26 198 26 198 26 198 26 198 26 198 26 198 26 198 26 198 26 198 26 198 26 198 26 197 27 197 27 197 27 197 27 197 27 197 27 197 27 197 27 197 27 197 27 197 27 197 27 198 26 198 26 198 26 198 26 197 27 194 30 192 32 191 33 190 34 190 34 189 35 189 35 189 35 189 35 190 34 191 33 191 33 192 32 193 31 193 31 194 30 195 29 195 29 196 28 197 27 197 27 197 27 198 26 198 26 198 26 198 26 199 25 199 25 171 4 24 25 170 7 22 25 170 9 19 26 170 12 15 27 170 14 13 27 169 17 12 26 169 18 11 26 168 21 8 27 167 23 5 29 167 25 3 29 167 25 3 29 166 27 2 29 165 28 3 28 164 30 2 28 163 31 2 28 163 61 162 62 162 62 162 62 163 61 163 61 164 60 165 59 165 59 166 58 166 58 167 57 166 58 166 58 166 58 166 58 166 58 166 58 166 58 167 57 167 57 168 56 170 54 172 52 173 51 174 50 174 50 174 50 173 51 170 54 168 56 167 57 165 59 164 60 163 61 162 62 161 63 160 64 159 65 159 65 158 66 157 67 155 69 151 73 149 75 147 77
10865 18 202 25 197 30 192 35 187 39 184 42 181 45 178 49 173 53 170 55 168 57 165 60 162 63 159 66 157 68 154 71 152 74 149 76 147 78 146 79 144 81 143 81 143 82 141 83 141 84 140 84 140 84 140 85 139 85 139 86 137 87 137 87 137 88 136 88 136 89 135 89 134 91 133 91 133 91 133 92 131 93 131 94 130 94 130 95 129 95 128 96 128 96 127 98 126 98 124 100 123 101 122 102 121 103 119 105 118 106 117 107 115 109 114 109 113 111 112 112 111 113 110 113 110 114 109 115 108 115 107 117 106 118 105 118 105 119 103 121 102 122 101 123 101 123 100 124 100 124 99 124 100 123 100 124 100 124 99 126 97 127 97 127 96 128 96 128 95 128 96 128 95 128 96 126 97 113 4 8 99 112 111 112 112 112 112 112 111 113 111 112 112 112 111 113 111 113 111 113 110 114 110 114 109 115 108 116 107 118 104 120 103 122 101 123 101 123 100 124 100 124 99 125 99 125 98 126 98 126 97 127 97 127 96 128 95 129 94 131 91 133 90 134 88 136 86 138 86 139 84 140 83 111 4 26 82 111 5 26 82 110 7 25 81 110 8 26 80 21 1 87 10 25 80 16 9 84 10 26 79 13 13 82 11 26 79 10 17 81 11 27 106 79 13 26 106 78 14 27 107 76 14 27 108 74 16 26 110 72 17 26 110 71 17 26 111 70 18 26 111 69 19 25 112 69 18 27 110 69 19 27 110 68 19 29 108 69 19 29 108 69 18 29 108 70 17 29 108 71 16 30 106 73 16 29 106 74 15 29 106 75 13 30 106 30 3 42 13 30 105 30 6 41 12 30 105 29 8 40 12 29 105 29 10 39 11 30 105 28 11 40 10 30 105 27 13 39 9 30 105 27 14 40 7 30 106 27 15 40 5 30 107 26 16 41 3 30 109 24 17 73 110 23 19 70 112 22 20 69 114 20 21 68 116 18 22 38 2 27 118 16 23 37 4 24 121 14 25 35 5 23 124 10 27 33 7 22 126 7 29 32 8 21 164 30 10 18 166 30 11 15 168 30 11 14 169 30 11 12 171 30 12 10 172 30 12 9 174 29 13 7 84
339 5 205 26 194 33 188 39 182 44 178 48 174 53 168 58 164 62 161 66 156 70 153 75 147 78 144 81 141 84 138 86 137 88 135 91 131 94 129 97 126 100 123 104 119 108 115 112 111 116 107 121 102 124 99 128 95 132 91 137 85 142 79 148 69 156 65 160 63 162 60 165 58 167 55 170 53 172 51 174 49 175 48 176 47 178 46 178 45 179 45 179 45 180 43 181 43 181 43 182 42 182 42 182 42 183 40 184 40 184 40 184 40 184 40 184 40 185 39 185 38 186 38 186 38 186 38 186 38 186 37 187 37 187 37 187 37 187 37 187 37 187 37 187 36 188 36 189 35 189 35 189 35 190 33 191 33 192 32 192 32 193 31 194 29 195 29 196 27 197 27 198 26 198 26 199 24 200 24 201 23 201 23 201 23 201 23 202 22 202 22 202 22 202 22 202 22 202 22 202 22 202 22 202 22 202 22 202 22 201 22 202 22 202 22 202 22 202 22 202 22 201 23 201 23 201 23 201 23 200 24 200 24 200 24 200 24 200 24 199 25 198 26 198 26 197 27 197 27 197 27 196 29 195 29 194 31 193 31 192 33 191 33 190 34 190 35 188 36 188 37 187 37 187 38 186 38 186 39 8 5 136 5 30 42 2 13 131 8 28 58 129 10 28 58 127 11 28 59 126 12 27 59 126 12 27 60 125 13 25 62 124 13 25 62 124 14 23 64 123 14 22 66 123 14 19 69 122 14 18 71 122 14 17 71 122 14 16 72 123 13 16 73 122 14 14 74 122 14 13 74 123 14 12 75 123 15 10 76 123 15 8 77 124 16 6 78 124 16 5 79 124 16 4 79 124 17 4 71 132 18 2 63 141 18 2 60 144 18 2 57 147 18 2 53 151 18 2 48 156 18 2 44 159 18 3 40 163 18 3 35 167 19 2 33 76 12 82 19 1 34 74 16 79 55 72 18 78 56 71 20 77 55 71 21 76 56 70 21 77 56 68 23 76 57 67 23 77 57 66 24 76 58 65 24 77 58 64 25 76 59 64 24 77 59 63 25 77 59 62 26 76 60 62 25 77 60 62 25 77 60 62 24 77 61 61 25 77 61 61 25 77 61 61 25 76 62 60 25 77 62 60 25 76 63 59 26 76 63 59 26 75 64 59 26 75 64 58 27 74 65 58 26 75 65 58 26 74 66 58 26 74 66 58 26 73 67 57 27 73 67 57 27 72 68 57 27 71 69 57 27 71 69 57 28 69 70 56 29 68 71 56 29 67 72 55 30 67 72 54 32 65 73 51 35 64 74 48 38 63 75 41 46 61 77 30 56 60 78 27 59 58 83 22 62 55 87 18 64 51 94 8 71 48 177 45 179 42 183 38 187 29 104
133 20 203 23 200 25 198 27 196 29 195 31 192 33 190 34 190 35 188 37 187 38 186 39 184 40 184 41 183 42 91 3 87 43 88 11 82 44 86 14 80 44 86 16 78 45 84 18 76 47 83 20 74 47 83 21 73 48 82 23 71 48 82 24 69 50 81 25 68 50 82 26 66 51 81 27 65 51 81 28 64 52 80 29 62 53 81 29 61 54 80 30 60 54 80 32 58 55 80 32 57 55 80 33 55 56 80 34 54 56 81 35 52 57 80 37 50 57 81 37 49 57 81 39 46 59 81 40 44 59 81 43 41 59 82 44 38 61 81 48 34 61 81 50 31 62 82 52 27 64 81 55 23 65 82 61 14 67 82 143 82 142 82 143 82 143 81 143 81 144 81 144 80 145 80 145 79 145 79 146 79 146 78 147 78 146 78 147 78 146 78 147 78 146 78 146 78 147 78 146 78 146 78 146 78 147 78 146 78 146 78 146 78 146 78 146 78 146 78 146 78 146 78 146 78 146 78 146 78 147 77 147 77 147 77 147 77 147 77 147 77 147 77 147 77 147 77 147 77 147 77 147 77 147 77 147 77 147 77 147 76 148 76 148 76 148 76 149 75 149 75 149 74 150 74 150 74 150 74 150 74 150 73 151 73 151 73 152 72 152 71 153 71 153 71 153 71 153 71 154 70 154 70 154 70 154 70 154 70 155 69 155 69 155 69 155 69 155 70 155 69 155 69 155 69 155 70 154 70 155 69 155 69 155 69 155 69 156 69 155 69 155 69 155 69 155 70 155 69 155 69 155 69 155 69 155 69 156 69 155 69 155 69 155 69 155 69 156 68 156 67 157 67 157 67 157 66 158 66 159 64 160 64 160 64 160 64 160 64 160 64 160 65 159 65 159 66 158 67 157 68 156 69 156 68 156 69 155 69 155 70 155 69 155 69 155 70 155 69 155 69 155 70 155 69 155 69 155 69 156 69 155 69 156 68 156 68 156 68 157 67 157 67 157 67 158 66 158 66 158 66 159 65 159 65 160 63 161 63 161 63 162 61 163 61 163 60 165 56 168 52 172 48 176 45 180 40 184 37 187 34 190 32 193 28 196 26 198 24 201 22 202 20 204 19 206 17 207 15 210 13 211 13 211 12 212 12 213 11 212 12 212 1
61 13 208 17 206 19 203 23 198 27 195 31 190 37 185 42 181 47 175 54 169 60 163 70 152 82 141 86 137 89 134 92 131 95 128 99 124 102 121 105 118 107 116 110 113 112 111 114 109 116 108 118 105 120 103 122 102 122 101 124 100 125 98 127 97 127 96 129 95 131 93 132 91 137 87 140 84 142 82 144 80 146 78 148 76 149 75 150 7 9 58 167 57 167 58 166 59 165 60 164 62 162 62 162 63 161 63 161 63 161 63 161 63 162 62 162 62 162 61 163 61 163 61 163 61 163 60 165 59 165 59 166 58 166 58 167 57 168 56 169 55 170 54 171 53 172 52 173 51 174 50 174 50 175 49 176 47 177 47 178 46 179 45 179 45 180 44 180 45 180 44 180 44 181 43 181 43 182 42 182 42 183 41 183 41 184 40 184 40 184 40 185 38 186 38 187 37 187 37 187 37 188 36 188 36 189 35 189 34 190 34 190 34 191 33 191 33 191 33 191 33 191 33 191 33 191 33 191 33 191 33 191 33 191 33 192 32 192 32 192 32 192 33 191 33 191 33 191 33 191 33 191 34 190 34 191 33 191 33 191 34 190 34 190 35 189 35 189 36 188 36 188 37 187 38 186 39 184 41 183 41 183 42 182 42 182 42 182 42 182 43 181 43 180 44 180 45 179 45 179 46 178 46 177 47 177 48 176 48 176 48 175 50 174 50 174 51 172 52 172 52 171 53 170 55 169 55 92 4 37 1 35 55 91 5 35 4 33 56 90 4 36 4 34 56 90 3 36 5 34 56 30 13 85 6 34 56 24 22 28 9 44 6 35 56 25 26 18 15 41 7 36 55 28 31 7 19 40 8 36 55 29 57 38 9 36 55 31 56 36 10 36 54 33 55 35 11 36 54 34 54 34 15 33 54 36 51 34 18 31 55 36 50 34 19 30 55 38 47 34 20 30 55 39 45 35 21 29 56 40 43 35 22 27 57 41 41 36 22 27 57 42 40 35 24 25 59 42 38 36 26 23 59 43 37 36 27 21 60 43 37 36 29 18 61 43 38 34 31 15 64 42 38 34 32 12 66 41 40 33 33 9 68 40 41 32 37 3 72 39 41 32 113 38 41 32 113 37 43 30 115 36 42 31 115 36 42 31 116 35 42 30 118 34 42 30 118 35 41 30 119 34 40 31 120 33 40 30 121 33 40 30 121 33 40 30 122 32 39 30 123 32 39 30 122 34 38 30 122 34 38 29 123 34 37 30 122 35 37 29 123 35 37 29 122 36 36 30 122 36 36 29 122 36 37 29 122 36 37 28 123 36 37 28 123 36 37 27 124 35 38 27 123 36 38 27 123 36 38 26 124 36 38 26 124 36 38 26 124 36 38 26 125 35 38 26 125 35 37 27 125 34 39 26 125 34 39 25 127 33 39 25 81
4095 4 219 7 216 10 213 11 212 13 140 1 70 13 136 8 66 15 133 11 65 15 131 13 64 16 129 16 63 17 127 17 63 17 126 18 62 18 125 19 62 19 123 20 62 19 123 19 62 21 121 20 62 21 121 19 63 22 119 20 62 24 22 8 87 20 63 25 17 14 85 20 63 28 10 19 83 21 62 59 81 21 63 59 80 22 63 59 78 24 62 60 76 26 62 60 74 27 63 60 73 28 62 61 71 29 63 60 69 31 63 61 66 32 65 61 35 18 11 32 66 61 24 72 66 62 21 74 66 63 17 76 68 63 13 79 68 64 10 81 68 65 8 82 69 154 69 153 71 152 72 150 74 149 75 148 76 147 77 146 78 145 79 144 80 144 79 144 80 144 80 144 79 146 77 147 76 148 75 149 74 151 71 154 68 156 67 157 65 160 63 161 62 162 61 164 59 165 58 166 58 166 57 167 57 167 56 169 55 169 55 169 54 170 54 169 54 170 54 170 53 171 53 170 54 170 53 171 53 170 54 170 54 169 55 169 55 169 55 169 55 168 57 167 58 166 58 165 61 163 62 161 65 158 69 154 72 150 75 148 77 146 79 143 83 140 89 134 94 129 99 123 102 119 107 115 111 109 116 105 121 100 125 96 128 94 131 91 134 82 142 78 147 75 150 73 152 71 156 67 159 65 160 63 163 61 164 60 165 58 168 55 171 53 175 48 180 44 184 39 187 37 188 35 190 33 191 33 191 32 192 31 193 31 193 30 195 28 196 27 197 27 197 26 198 26 198 25 199 24 201 23 201 22 203 20 204 19 206 17 209 11 13777
8901 4 218 9 213 13 209 17 205 21 200 26 194 32 189 36 184 40 181 44 116 9 54 46 113 13 50 48 112 15 47 51 109 19 43 53 109 19 39 57 108 21 35 60 106 24 18 76 105 26 15 78 104 28 11 81 103 30 8 83 103 32 3 86 102 122 102 122 102 123 101 123 100 124 100 124 99 126 98 126 98 126 97 128 96 128 95 130 94 130 93 132 92 132 92 134 89 136 88 137 87 138 86 139 84 141 83 142 81 144 80 145 79 145 79 146 77 147 77 147 77 148 76 148 76 148 75 149 75 150 74 150 74 150 73 151 73 151 73 151 73 151 72 153 71 153 71 153 71 153 70 154 70 154 70 153 71 153 71 153 71 152 72 151 73 150 73 138 86 136 88 135 89 133 91 132 92 130 94 129 95 127 97 126 99 123 101 122 102 122 102 121 103 120 104 120 104 119 106 117 107 116 108 115 109 114 110 113 112 112 112 111 112 111 113 110 114 110 114 109 115 108 116 107 116 106 118 105 119 103 120 102 122 100 124 97 127 94 129 93 131 91 133 89 134 89 135 88 136 87 136 86 138 85 138 86 138 85 138 85 139 84 139 84 140 83 140 83 140 83 141 82 141 83 140 28 7 48 141 25 17 40 141 25 20 38 141 24 21 37 142 23 22 36 142 24 22 35 143 23 22 35 144 23 22 34 146 21 22 34 147 21 22 32 149 20 22 32 151 18 22 32 152 18 21 31 156 14 22 31 192 30 193 30 192 30 192 31 192 30 193 30 194 29 195 28 196 27 197 26 198 25 199 24 201 23 201 22 202 21 203 21 204 18 206 16 209 13 213 9 5740
12361 11 211 25 197 46 177 49 173 53 170 55 168 57 166 59 163 63 160 65 157 68 155 71 152 73 150 76 147 78 145 80 143 82 142 82 141 84 140 84 140 84 139 86 138 86 138 86 138 86 138 86 138 86 138 86 139 85 139 85 140 84 140 83 142 82 142 82 143 81 144 81 143 84 141 85 139 87 25 8 105 87 19 23 95 88 15 48 74 88 10 56 70 157 67 160 64 162 63 163 61 164 60 165 59 167 57 168 56 169 55 170 54 170 54 171 53 171 53 172 52 173 51 173 51 174 50 175 48 176 48 177 46 179 45 180 44 181 42 183 41 184 39 186 38 187 37 188 35 190 34 190 34 191 32 193 31 193 31 194 30 195 29 195 29 196 28 197 27 197 27 198 26 198 26 198 26 199 25 199 25 199 25 199 25 200 23 201 23 201 23 201 23 201 23 202 22 202 21 203 21 203 21 203 21 203 20 204 20 203 21 203 21 202 22 201 23 201 23 200 24 198 25 196 28 192 32 190 34 188 35 188 36 187 36 68 4 114 38 66 7 19 7 86 38 66 9 15 11 83 40 65 11 12 13 80 43 64 13 9 15 76 47 63 17 3 18 69 53 64 38 62 60 63 39 58 64 62 39 56 67 60 40 54 69 60 41 50 73 59 41 45 79 58 41 33 92 57 42 27 98 56 44 21 102 56 46 16 106 55 50 5 114 54 170 53 170 53 171 52 172 51 173 51 172 51 173 51 173 50 173 50 174 49 175 49 175 48 176 47 177 45 179 43 181 41 184 34 190 31 195 27 199 23 215 4 4001
7546 11 209 24 197 28 192 33 183 42 165 60 160 64 157 67 155 69 153 71 151 73 150 74 149 75 149 75 149 75 149 75 150 74 150 73 152 72 152 72 153 71 154 70 154 70 155 69 155 68 156 68 156 68 156 67 157 67 157 67 156 67 157 67 156 68 155 68 155 69 153 71 150 74 147 77 144 79 143 81 141 83 139 85 138 86 136 88 134 90 133 91 131 93 130 93 129 95 128 96 126 97 126 98 124 100 122 101 122 102 120 103 120 104 119 105 117 107 116 108 115 109 114 109 114 110 114 110 113 111 113 111 112 112 112 112 111 113 111 113 110 114 110 114 109 115 109 115 108 115 109 115 109 115 108 116 108 115 108 116 108 115 108 116 108 115 109 114 109 113 111 110 114 107 117 105 118 105 119 104 120 104 120 103 121 103 120 103 121 102 122 101 123 100 123 101 123 100 124 99 125 98 126 97 127 97 127 96 128 96 128 95 129 95 129 95 129 94 130 94 130 94 130 93 131 93 131 93 131 93 131 93 132 92 132 91 133 91 133 91 134 90 134 90 134 90 134 90 135 88 136 88 136 88 137 87 137 87 138 86 138 86 139 86 139 64 1 20 139 63 4 18 140 61 5 19 139 61 5 19 140 59 7 19 140 58 7 19 141 56 9 19 141 55 9 19 142 54 9 19 144 52 9 20 145 50 9 20 148 47 9 20 151 44 10 19 153 43 9 19 155 42 9 18 156 42 8 18 157 43 7 16 160 41 8 15 161 41 9 12 163 41 10 8 165 42 183 41 184 41 183 41 184 41 184 40 184 40 185 39 185 39 186 37 187 37 188 35 189 34 191 31 194 27 198 17 208 14 212 8 4830
4578 13 209 20 200 28 194 33 188 40 182 45 177 50 172 55 168 59 163 63 160 66 157 68 155 69 154 71 153 73 150 75 148 77 147 78 145 80 144 81 142 82 142 83 140 85 139 86 138 87 136 88 136 89 135 89 134 91 133 91 133 92 132 92 131 94 130 94 130 95 128 96 128 96 128 96 128 96 127 98 126 98 126 98 126 98 126 98 126 98 126 98 125 99 125 99 125 99 125 99 125 99 125 99 125 99 124 100 124 100 124 100 124 100 124 100 124 100 124 101 123 101 123 101 123 101 123 100 124 100 124 100 124 100 124 100 124 100 124 100 125 98 126 98 126 98 126 97 127 97 127 97 127 97 127 97 127 97 127 97 127 97 127 97 128 96 128 96 128 96 128 96 128 96 128 96 128 96 128 96 129 96 128 96 128 96 128 96 128 96 128 96 129 95 129 95 129 95 129 94 130 94 131 93 131 92 132 92 132 91 133 91 134 89 134 89 135 88 136 87 137 86 138 85 139 83 140 82 142 78 146 76 148 75 149 74 150 73 152 72 152 71 153 39 2 30 153 38 4 29 153 36 7 27 154 34 9 27 154 31 13 26 154 29 15 26 154 27 18 25 154 26 19 25 154 25 20 24 155 24 21 24 155 24 22 23 155 23 23 23 155 23 23 23 155 22 25 22 155 22 25 22 155 22 25 22 155 22 25 23 155 21 25 23 155 21 25 23 155 21 25 23 155 21 25 23 155 21 25 23 155 21 25 23 155 21 25 23 155 21 25 23 155 21 25 23 155 20 26 24 154 20 26 24 154 20 26 24 154 20 26 24 153 21 26 25 152 21 26 25 152 21 26 25 151 22 26 25 151 23 25 25 151 23 25 25 151 23 25 25 150 24 25 25 150 24 25 25 150 24 25 25 150 24 25 25 149 24 26 25 149 24 27 24 150 22 28 24 150 21 29 25 150 19 31 24 150 18 32 24 151 16 34 23 153 12 36 24 156 3 41 24 201 24 201 23 201 23 201 24 200 24 200 25 200 25 199 25 199 26 198 27 197 28 196 28 196 29 195 30 194 31 193 31 194 30 194 30 195 29 196 28 196 27 198 25 200 23 202 21 204 19 206 16 210 12 218 2 1206
5034 6 212 25 194 40 181 47 173 53 169 58 163 66 156 73 148 79 141 85 135 91 131 95 126 99 124 102 120 105 117 109 114 112 110 116 107 118 105 120 103 122 100 125 98 127 96 129 94 131 91 134 89 136 86 138 85 140 83 142 81 144 79 145 78 147 76 149 74 151 72 153 70 154 69 156 67 158 65 159 63 162 59 166 53 171 49 175 46 179 42 182 38 186 35 189 32 192 31 193 30 194 30 194 30 194 30 194 30 194 30 194 30 194 30 194 30 194 30 194 30 193 31 193 31 192 32 192 32 192 32 192 32 191 33 191 33 190 34 190 34 189 35 189 35 188 36 188 36 187 37 186 38 185 39 184 40 183 41 182 42 181 43 180 44 179 45 178 46 177 47 177 47 176 48 176 48 176 48 175 49 175 49 175 49 174 50 174 50 174 50 173 51 173 51 172 52 171 53 163 61 163 61 163 61 163 61 163 61 163 61 163 61 163 61 163 61 163 61 163 61 163 61 163 61 164 60 164 60 164 60 165 59 166 58 166 58 167 57 167 57 168 56 169 55 169 55 170 54 171 53 171 53 172 52 173 51 173 51 174 50 175 49 177 47 178 46 180 44 181 43 182 42 183 41 185 39 186 38 187 37 188 36 189 35 190 34 191 33 192 32 193 31 194 30 195 29 196 28 196 28 197 27 198 26 198 26 199 25 201 23 202 22 203 21 205 20 204 21 204 22 203 22 115 9 79 24 109 14 78 39 90 19 77 40 84 24 78 39 77 32 77 39 71 38 77 40 25 11 31 41 78 39 21 28 16 42 79 39 14 35 14 44 79 39 10 39 14 43 79 41 5 42 14 44 78 88 15 43 78 88 16 42 77 89 17 41 45 4 23 95 17 40 44 7 19 97 17 41 42 9 17 109 7 41 40 12 15 111 5 42 38 14 13 114 2 44 36 16 10 163 33 21 4 168 30 198 24 209 12 4084
11718 10 189 2 7 3 2 26 183 46 177 49 174 51 173 53 171 55 168 58 166 60 164 61 162 64 160 65 158 67 157 68 155 71 153 72 152 74 149 76 148 79 145 81 143 84 139 87 137 91 22 1 110 126 97 136 88 141 83 145 78 150 74 157 67 158 66 160 63 162 62 163 61 163 61 164 60 164 60 164 60 165 60 164 60 164 60 165 59 165 59 165 60 164 60 165 59 165 59 165 60 165 59 165 59 166 58 166 58 167 57 168 57 167 57 168 56 170 54 171 54 172 52 173 51 173 52 173 51 173 52 173 51 173 52 172 52 172 52 172 53 171 53 170 54 170 54 169 55 169 56 167 57 165 59 164 61 160 64 133 7 13 72 129 95 126 99 116 108 111 113 108 117 104 120 101 122 97 126 94 116 5 6 52 23 17 117 63 33 8 118 62 160 23 3 37 160 23 7 33 160 21 14 28 160 17 21 26 159 17 23 24 160 16 25 23 159 16 26 22 160 15 28 20 161 14 30 18 162 12 34 15 163 11 36 13 165 7 41 5 219 4 15833
344 9 213 13 207 18 198 26 197 28 195 30 193 31 193 31 192 33 190 34 189 35 188 36 188 35 188 36 188 35 189 35 189 34 189 35 189 34 190 34 190 33 190 34 189 35 189 35 188 36 187 37 187 37 186 39 151 6 27 41 144 17 20 44 139 24 14 48 135 91 8 7 115 113 109 116 106 119 103 122 101 124 99 126 97 127 95 129 94 131 91 133 89 135 88 136 88 136 87 137 86 138 86 138 85 139 85 138 85 139 85 138 86 137 86 138 86 137 87 137 86 137 87 137 88 136 88 135 89 135 89 135 89 135 90 134 90 135 88 136 88 136 88 136 88 137 87 137 86 139 85 139 85 140 84 140 84 141 83 141 83 142 83 142 82 142 82 143 81 143 80 145 79 146 78 147 77 148 76 149 75 150 74 151 73 152 72 153 71 154 70 155 69 156 68 157 67 158 66 159 65 159 65 160 64 161 63 161 63 162 62 162 62 163 61 163 61 164 59 165 59 166 58 166 58 167 57 167 56 169 55 169 55 170 54 170 54 170 53 172 52 172 52 172 52 173 51 173 50 174 50 174 50 174 50 175 49 175 48 176 48 176 48 176 48 177 47 177 47 177 46 178 46 178 46 178 46 179 45 179 44 180 44 180 44 180 44 180 44 180 44 180 44 180 44 180 44 181 43 181 43 182 42 182 42 182 42 183 41 183 41 183 42 183 41 183 41 183 41 183 41 184 40 184 40 184 40 185 39 185 39 186 38 186 39 185 39 186 38 186 38 187 38 126 4 56 38 121 14 52 37 106 33 48 37 103 40 45 36 100 46 43 36 95 52 42 35 90 59 41 34 86 64 42 32 84 66 44 31 81 69 45 29 79 72 47 26 77 74 49 24 75 77 50 23 71 80 51 22 68 84 51 21 66 86 52 20 64 89 52 20 61 91 52 20 60 92 52 20 58 95 51 20 57 96 51 20 56 98 50 20 55 99 51 19 54 101 50 19 53 102 50 19 52 104 49 19 51 105 49 19 51 106 48 20 49 108 47 20 49 108 47 20 48 110 46 21 47 110 46 21 47 111 45 22 45 112 45 22 45 112 45 23 43 113 45 23 42 115 44 23 42 115 44 24 40 116 44 24 39 118 43 25 37 120 42 25 36 121 42 26 34 123 41 26 33 124 41 27 30 127 39 28 29 128 39 29 27 130 38 30 25 131 38 31 23 132 38 31 23 132 38 32 21 133 38 33 20 133 38 33 19 134 38 34 18 135 37 35 16 136 37 37 12 140 7 9 16 4
4419 7 216 9 214 11 212 12 212 12 211 14 210 14 209 15 209 15 174 7 27 16 173 10 25 16 172 13 22 17 172 14 21 17 171 17 18 18 171 18 17 18 171 19 15 20 170 21 12 21 170 23 7 24 170 54 170 54 171 53 171 53 171 53 171 53 172 52 172 52 172 52 172 52 173 51 173 52 172 52 173 51 173 51 174 51 173 51 174 50 174 50 174 50 174 50 175 49 175 49 175 50 175 49 175 49 175 49 175 50 174 51 173 52 172 54 169 56 168 57 167 58 165 60 164 60 163 62 161 63 160 65 158 66 157 67 156 68 155 69 154 70 152 72 150 74 147 62 3 12 143 65 5 11 141 67 6 9 139 69 9 6 138 71 10 4 136 74 148 76 145 79 143 81 141 83 139 85 138 86 137 87 135 89 134 90 133 91 132 92 131 93 130 94 129 95 128 96 127 97 127 96 127 97 126 98 126 98 125 98 126 98 125 99 124 100 124 99 124 100 124 100 123 101 123 100 123 101 123 101 122 102 122 101 122 102 122 102 121 102 122 102 121 103 121 102 122 102 122 102 121 102 122 102 122 102 121 102 122 102 122 102 122 101 122 102 122 102 122 101 123 101 122 102 122 102 122 102 122 102 122 102 121 103 121 103 121 103 121 103 120 104 120 104 120 104 120 104 120 104 120 104 119 105 119 105 119 105 119 106 118 106 118 106 118 106 118 106 118 106 118 77 4 26 117 76 6 25 117 76 7 24 117 76 8 23 117 75 9 24 116 75 10 23 116 75 11 22 116 74 12 23 115 74 13 22 115 74 14 21 115 73 15 21 115 73 16 21 114 73 16 21 114 73 17 20 114 72 19 20 113 72 19 20 112 73 19 20 112 73 20 20 110 74 21 19 109 75 21 19 107 77 21 20 103 81 21 20 69 21 6 89 19 21 59 127 18 22 54 132 16 23 52 134 15 24 50 136 15 24 49 137 14 25 48 138 14 25 47 138 14 25 47 138 14 26 46 138 15 25 46 138 15 25 46 138 16 24 46 138 17 23 48 135 19 21 57 3 3 16 53 51 23 17 174 7 4795
9312 12 206 24 196 33 186 43 178 50 171 57 165 62 159 66 157 69 153 72 151 74 148 77 146 79 144 81 141 84 139 86 137 88 135 90 133 92 130 95 128 97 126 99 123 101 122 103 120 105 118 107 117 108 115 109 114 111 113 111 112 113 110 114 110 114 109 115 108 117 107 117 106 118 105 118 106 118 105 119 105 119 104 120 104 120 103 121 103 121 102 122 101 123 101 123 100 124 100 124 99 125 99 125 99 125 98 126 98 126 98 126 98 127 97 127 97 127 97 127 98 126 98 126 98 126 98 126 98 126 99 125 99 125 100 124 101 123 103 121 104 120 106 118 107 117 108 116 110 114 112 112 113 111 115 109 115 109 116 108 117 107 117 107 118 106 119 104 121 103 121 102 123 100 124 99 126 97 127 97 128 96 128 95 130 94 130 94 131 93 131 93 136 88 137 87 137 87 137 87 137 87 137 87 137 88 136 88 136 89 135 89 135 90 134 90 134 91 133 92 132 93 131 94 130 95 129 96 128 97 127 97 127 98 126 99 125 99 125 100 124 101 123 101 122 103 121 103 121 103 121 103 121 103 121 103 121 103 121 103 121 103 121 103 121 103 121 102 122 102 122 102 121 103 121 102 122 102 121 103 121 103 120 104 120 104 119 96 3 6 119 95 4 6 118 96 4 6 118 96 4 6 117 97 4 6 117 97 4 6 117 97 4 6 117 96 5 6 117 96 5 7 116 96 5 7 116 96 4 9 115 96 4 9 116 95 4 9 116 95 4 10 115 80 10 5 4 10 115 78 12 4 5 10 116 75 15 3 4 11 116 74 16 3 4 11 116 73 17 3 3 12 116 71 19 2 4 12 116 70 20 2 4 12 116 68 22 2 4 12 117 66 22 3 3 12 118 63 25 2 4 12 118 49 39 2 3 13 118 47 41 2 3 13 118 45 42 4 1 14 118 45 42 3 1 15 118 44 43 2 2 15 118 44 48 14 118 43 49 7 1 6 118 43 48 8 2 5 118 44 47 7 3 5 119 43 47 7 4 4 119 43 47 7 3 5 119 43 47 6 4 5 119 43 47 6 5 4 119 43 47 5 8 2 119 43 47 4 131 41 50 1 37
4576 17 204 27 195 33 190 37 186 40 183 43 179 47 176 49 174 51 172 53 170 55 168 57 166 59 164 61 162 64 159 66 156 83 139 90 132 102 120 118 103 125 95 131 90 137 84 142 79 147 73 152 64 161 58 167 52 44 4 125 49 43 8 125 47 41 11 125 47 39 14 125 45 37 17 125 45 34 20 125 46 27 26 125 48 17 34 125 99 125 99 125 99 125 100 124 100 124 100 123 101 123 101 123 101 122 103 121 103 121 103 120 104 119 105 117 107 115 109 114 110 22 4 87 112 19 7 85 113 19 8 83 114 18 9 83 114 17 11 81 115 16 12 81 115 16 12 81 115 15 13 80 117 14 13 80 117 13 15 78 118 13 15 78 119 12 15 77 120 12 15 77 120 12 15 76 121 11 16 76 121 11 17 75 121 11 17 75 121 11 17 74 122 11 17 75 121 11 18 74 121 11 18 74 121 12 17 74 121 12 18 73 121 12 18 73 120 13 18 73 120 13 19 73 119 13 19 73 119 13 19 73 119 13 20 72 119 13 20 72 119 13 21 71 119 13 21 71 119 13 21 71 119 13 22 70 120 12 22 70 120 11 23 71 120 10 23 71 120 9 24 71 121 7 26 70 123 4 27 70 154 71 153 71 153 71 153 71 153 71 154 70 154 70 154 70 154 70 154 70 154 70 154 70 154 70 154 70 154 70 154 69 155 69 155 69 155 69 155 68 156 68 156 68 156 67 157 67 157 66 158 66 158 65 160 64 160 63 161 63 161 62 162 62 162 61 163 24 10 27 163 22 15 24 163 21 18 21 164 20 20 20 164 19 21 20 164 19 22 19 165 17 23 18 166 17 23 18 166 16 25 17 166 16 25 17 166 16 25 17 166 16 25 16 167 16 25 16 167 16 25 16 167 16 25 16 167 16 25 15 168 16 25 15 168 16 25 15 168 16 25 15 168 16 25 15 168 16 25 15 169 15 24 16 169 15 24 16 169 15 24 16 169 15 24 15 170 15 24 15 171 14 24 15 171 14 24 15 171 14 24 15 171 14 24 15 171 14 24 15 171 14 24 15 171 15 23 16 170 15 23 16 170 15 23 16 170 15 23 16 170 15 23 17 169 15 23 17 169 15 23 18 168 15 23 18 168 16 22 18 167 17 22 18 167 17 23 18 166 17 23 18 166 17 23 18 166 17 23 18 165 18 23 18 165 18 24 17 165 18 24 17 165 18 25 17 164 18 25 16 165 18 26 15 165 17 27 15 165 17 28 13 166 17 30 11 166 17 31 8 168 17 208 15 209 15 210 13 211 12 214 9 216 7 3672
6142 5 215 15 37 3 168 34 10 15 164 62 161 65 158 67 157 68 155 70 154 70 154 71 152 73 151 73 151 73 151 73 151 73 151 72 153 70 154 69 156 67 157 66 158 65 160 63 161 62 162 62 162 61 163 61 163 61 163 60 164 60 164 60 163 61 163 61 163 61 163 61 163 61 163 61 163 61 163 61 163 61 163 61 164 60 164 60 164 60 165 58 166 58 166 58 166 58 166 57 168 56 168 56 168 56 168 55 169 55 169 55 168 56 168 55 168 56 167 57 167 57 166 58 163 61 160 65 158 66 156 68 153 71 152 16 8 49 150 16 12 46 149 16 15 44 149 16 17 43 148 16 18 42 147 17 19 41 147 16 21 40 146 15 24 40 144 15 26 39 143 15 27 39 142 13 31 38 141 12 33 38 140 11 35 38 139 12 35 38 139 11 36 39 137 12 35 40 136 12 34 42 135 14 32 43 134 15 30 46 132 17 28 47 131 20 9 9 2 1 2 50 130 94 129 95 128 97 127 97 126 98 125 99 124 100 123 101 123 101 122 102 121 102 121 103 121 103 120 104 120 103 120 104 119 104 120 104 119 104 120 104 119 105 119 104 119 105 118 106 117 106 117 106 118 106 117 107 116 107 116 108 115 109 114 109 115 109 114 109 114 110 113 111 113 111 112 111 112 112 111 113 110 114 109 115 108 116 107 116 108 116 107 117 107 116 107 117 107 117 106 117 107 117 106 118 106 117 106 118 106 118 105 119 105 118 106 118 105 119 105 119 105 118 105 119 105 119 105 119 105 119 105 118 105 119 105 119 105 96 3 20 105 95 4 19 106 94 6 18 105 94 7 18 105 94 7 17 106 93 8 17 106 92 9 17 106 92 9 17 106 91 10 17 107 90 10 17 107 89 11 17 107 89 11 16 108 89 11 16 108 89 11 16 108 90 11 16 107 90 11 16 107 91 10 16 107 42 3 46 10 16 107 40 9 43 9 16 107 40 10 43 8 17 106 39 12 42 8 17 106 39 13 42 7 18 105 39 13 42 7 20 102 40 13 43 6 22 100 40 14 42 6 24 98 40 14 43 5 26 95 41 15 42 4 28 94 41 15 75 92 42 15 76 90 43 15 76 89 44 15 77 86 46 16 76 84 47 17 76 81 50 17 76 80 50 18 76 80 49 19 76 80 48 20 75 81 47 21 75 81 46 23 72 83 44 25 70 85 43 26 49 4 15 87 42 28 47 6 13 88 40 30 45 10 10 89
15285 7 212 18 204 25 196 33 190 37 185 42 181 45 178 48 175 50 174 51 172 53 170 55 168 57 26 10 131 58 21 18 126 60 18 22 124 61 15 25 122 63 12 29 120 64 10 31 119 65 8 34 116 67 5 37 115 111 113 112 112 113 110 115 109 116 108 116 108 117 107 117 107 118 106 119 105 119 105 120 104 120 104 121 103 121 104 121 103 121 103 122 103 121 103 121 103 122 103 121 103 121 104 120 104 120 105 119 105 33 3 83 106 30 6 82 106 29 7 82 106 29 8 80 107 28 10 79 107 27 11 79 107 25 14 78 107 24 15 78 107 23 17 77 107 23 17 76 107 23 19 75 107 23 19 75 107 22 21 74 107 22 21 74 107 21 23 72 108 21 23 71 109 20 25 70 110 18 26 68 112 18 27 66 113 17 29 64 114 17 30 62 116 15 31 61 118 14 32 60 118 12 35 58 120 10 37 57 122 5 41 56 169 54 171 53 172 52 173 51 173 50 175 49 175 48 176 48 176 48 177 46 178 46 178 45 179 45 180 43 181 42 183 41 183 40 185 39 185 38 187 36 189 34 190 33 192 32 193 30 195 29 195 29 196 28 197 27 197 27 197 27 198 26 198 26 199 25 199 25 200 24 200 24 201 22 202 22 203 20 206 17 209 10 9734
2676 7 215 11 174 4 34 13 171 8 31 15 169 11 28 17 168 12 27 17 167 14 25 18 167 15 24 18 167 16 22 19 167 16 21 20 167 17 20 20 167 18 18 21 167 19 16 22 168 19 15 22 168 19 14 23 168 20 12 24 168 20 11 25 168 21 8 27 168 23 5 28 168 56 169 55 169 55 169 55 170 54 170 54 170 54 170 54 170 53 171 53 172 52 172 51 173 50 175 48 176 48 176 47 178 45 179 45 180 43 181 43 182 41 183 41 184 40 184 39 186 38 186 38 187 37 187 36 189 35 190 34 190 34 191 33 192 32 193 31 194 31 194 30 195 29 195 29 195 29 195 29 195 29 194 30 194 31 192 32 191 33 189 35 187 37 184 40 181 43 178 46 175 49 172 52 169 55 166 58 164 60 161 63 157 67 152 72 148 76 146 78 144 80 142 82 140 84 139 85 138 87 135 89 134 90 133 91 132 92 131 93 130 94 129 95 128 96 127 96 127 97 127 97 126 98 125 99 124 99 125 99 124 100 124 99 124 100 123 100 124 100 123 100 124 100 123 101 123 100 123 101 123 100 123 101 123 100 123 101 123 100 123 101 123 100 123 101 123 100 123 101 123 100 123 101 123 100 124 100 123 100 124 100 123 100 124 100 124 99 124 100 124 99 125 99 124 99 125 99 125 99 124 99 125 99 125 99 125 99 124 100 124 100 124 100 124 100 124 100 124 101 122 77 3 22 122 75 7 20 122 74 8 21 121 73 10 20 121 72 11 20 121 71 13 19 121 71 13 19 121 70 15 18 121 70 15 18 122 68 16 18 122 68 16 18 121 69 16 18 121 69 16 18 121 69 17 17 121 69 17 17 121 68 18 17 121 68 18 17 121 68 18 17 120 69 18 17 120 68 19 16 121 68 20 15 120 68 21 15 120 68 21 15 119 68 22 15 118 68 23 15 117 68 24 15 116 68 25 16 114 69 25 16 113 69 26 16 111 70 27 16 110 70 28 16 108 71 30 15 106 73 30 15 103 75 31 15 100 78 32 14 97 80 33 14 93 84 34 14 86 90 34 14 81 95 35 13 66 113 3 13 16 15 59 135 15 16 52 142 14 17 48 146 13 17 48 66 15 65 13 18 47 62 20 65 12 18 49 58 23 64 12 18 53 51 26 64 13 17 57 41 33 63 13 16 64 28 41 62 13 14 137 60 14 10 143 56 16 7 148 53 18 3 154 24 5 19 216 7 3411
11477 2 221 6 217 9 215 11 213 12 213 14 210 16 208 19 206 21 203 23 201 25 200 26 198 27 198 28 52 6 138 29 48 11 137 29 45 14 136 31 41 16 136 32 38 18 137 33 34 21 136 37 27 24 136 44 18 26 136 52 6 30 137 87 137 87 137 86 139 85 139 85 140 84 140 84 140 84 140 84 21 6 114 83 16 16 109 83 13 22 106 84 9 27 105 85 5 31 103 122 103 122 102 124 101 124 100 125 99 126 98 127 97 127 97 128 96 129 94 131 93 131 92 133 91 133 91 134 90 134 89 136 88 136 88 136 88 137 87 137 87 137 87 138 86 138 86 138 86 139 85 139 85 139 85 140 84 140 84 141 84 140 84 141 84 140 85 140 84 140 85 139 85 139 86 139 85 139 85 139 86 139 85 139 85 139 85 139 85 139 85 139 85 139 86 138 86 137 87 137 87 137 88 136 88 135 90 134 90 134 91 132 92 132 93 130 95 129 95 128 97 127 99 124 102 121 105 119 104 20 3 96 98 25 6 95 97 25 8 94 97 25 8 93 97 26 8 93 96 28 6 94 95 128 95 129 94 130 93 130 94 130 93 130 94 130 93 131 93 130 94 130 94 129 95 129 95 90 8 30 97 88 13 26 97 87 15 24 100 85 16 23 102 82 17 22 105 79 19 20 107 78 19 20 109 75 20 19 112 73 19 20 115 70 19 19 118 68 19 19 121 65 19 18 124 63 18 18 127 61 18 18 129 59 18 17 132 57 17 18 134 55 17 18 135 54 16 18 138 52 16 18 139 50 16 19 141 48 16 18 145 45 15 19 148 41 14 21 152 37 13 22 154 35 12 23 157 32 12 23 159 30 12 23 160 29 13 22 162 27 13 22 164 26 12 23 165 25 11 23 167 24 9 24 169 23 4 28 173 19 2 29 177 15 4 28 180 7 10 26 201 23 204 19 208 15 212 10 218 4 3186
5752 13 208 26 195 35 186 40 181 44 177 48 170 55 155 69 148 77 141 83 137 87 133 91 130 95 127 97 121 103 120 104 119 105 117 107 114 110 111 113 109 115 107 117 105 119 103 121 101 123 99 124 98 126 97 127 96 128 94 130 92 131 91 133 90 133 90 134 89 135 88 136 88 136 88 136 88 136 87 136 88 136 88 136 88 136 88 136 88 136 88 136 88 136 87 137 87 137 87 137 87 137 87 137 87 137 88 136 88 136 88 136 88 136 88 135 90 134 90 134 91 132 92 132 94 129 100 124 105 119 107 116 108 116 109 114 110 114 109 114 110 114 110 114 110 113 110 114 110 113 110 114 110 114 109 114 109 115 108 116 107 116 107 117 105 119 104 119 103 121 101 123 100 123 99 125 98 125 98 126 96 128 95 128 95 129 93 130 92 132 91 133 89 134 90 134 89 135 88 135 89 135 88 136 87 136 87 137 86 138 86 137 86 138 85 139 84 139 85 139 84 140 84 140 83 140 83 141 83 141 82 141 82 142 81 143 81 143 80 144 79 144 79 145 78 146 77 147 76 147 76 148 75 149 74 150 72 151 72 152 71 153 70 153 69 155 67 157 66 158 66 157 67 157 67 157 67 156 68 156 68 156 68 155 69 155 69 155 69 154 70 154 70 153 71 153 71 153 71 152 72 151 73 151 73 150 74 150 74 149 75 149 75 148 76 148 76 147 77 147 77 147 77 146 78 146 78 146 78 146 78 146 78 146 78 146 78 146 78 146 78 146 78 146 78 147 77 147 77 147 77 147 77 148 76 148 76 148 76 149 75 149 75 150 74 150 74 151 73 151 73 151 73 151 73 151 73 151 73 151 73 151 73 151 73 151 73 150 74 150 74 150 74 149 75 149 75 149 75
14277 8 212 15 207 19 204 21 201 25 198 26 198 27 196 29 195 29 195 29 194 30 194 31 193 31 193 31 192 32 192 32 192 31 193 31 193 31 193 31 193 30 194 30 194 30 195 28 196 28 195 29 195 28 196 28 196 28 196 28 196 28 195 29 195 29 194 30 194 31 193 31 193 31 192 32 192 32 191 34 190 34 190 34 190 34 190 34 190 34 190 34 190 34 190 34 190 34 190 34 189 35 189 35 189 35 189 35 189 35 189 35 189 35 189 35 189 35 189 35 189 35 189 35 189 36 187 37 187 37 187 37 187 37 187 37 187 38 186 38 186 38 186 38 186 38 186 38 186 39 185 39 185 39 185 39 185 39 185 39 185 39 185 39 185 39 185 39 185 39 185 39 184 40 184 40 184 39 184 40 184 40 184 40 184 40 184 12 7 21 185 9 14 16 185 8 19 12 186 6 22 9 187 5 25 6 189 3 222 1 13739
73 80 143 83 141 83 140 84 140 85 138 86 138 87 137 87 137 87 137 88 136 88 136 88 136 89 135 89 135 89 135 89 135 89 135 89 136 88 136 87 137 87 138 85 139 84 140 82 142 81 143 80 144 80 144 79 145 78 146 78 146 77 147 77 147 76 148 76 148 76 148 76 148 76 148 76 148 76 148 76 148 77 147 77 147 78 146 79 145 80 144 83 141 92 132 97 128 99 125 102 122 103 122 104 120 105 119 106 118 107 118 107 117 108 116 109 116 109 115 109 115 110 115 110 114 111 113 111 113 112 112 113 112 113 111 114 110 115 108 117 107 117 107 118 105 120 104 121 102 122 102 123 100 125 99 125 99 126 98 126 97 128 96 128 96 129 95 129 95 129 95 130 93 131 93 131 93 132 92 132 91 133 91 134 90 134 90 134 90 135 89 135 89 135 89 136 88 136 88 136 87 138 86 138 86 138 86 138 86 138 86 139 85 139 85 139 84 140 84 141 83 141 83 141 83 141 84 140 84 140 84 140 84 141 83 141 83 108 11 22 83 108 12 21 83 108 14 19 83 107 15 19 84 106 16 18 84 106 17 17 84 106 18 16 84 106 18 17 83 106 19 16 83 106 19 16 83 106 20 15 83 106 20 15 83 106 20 15 83 106 21 14 83 106 21 14 82 107 21 15 81 108 20 15 81 27 4 77 21 14 81 26 6 76 21 14 81 25 9 74 21 14 81 25 10 73 21 14 81 24 12 72 21 14 81 24 13 72 20 15 80 24 14 71 20 15 80 24 16 40 2 27 20 15 80 24 17 38 4 27 19 15 80 23 20 35 6 26 19 15 80 23 22 33 6 26 19 15 80 23 24 31 7 25 19 16 79 22 30 25 8 25 19 16 79 22 33 22 8 25 19 16 79 22 35 20 9 24 19 16 79 22 36 20 8 24 19 16 79 21 38 18 10 24 18 16 79 21 38 18 10 24 18 17 78 21 39 17 10 24 18 17 78 21 39 17 11 23 18 17 78 21 39 17 11 23 17 18 78 20 40 16 12 23 17 18 78 20 41 15 13 22 17 18 77 20 42 15 13 22 17 18 77 20 43 13 15 21 17 18 77 20 43 12 16 21 17 18 77 19 46 8 18 21 18 16 78 19 72 21 19 15 78 18 74 20 20 13 78 18 75 20 21 10 80 18 75 20 24 5 82 17 77 19 111 17 77 19 111 17 77 19 111 16 78 19 110 17 78 19 110 17 79 18 110 17 79 18 110 17 79 18 110 17 79 18 109 17 80 18 109 17 81 17 109 17 81 17 109 17 81 17 109 17 81 18 107 18 81 18 107 17 82 18 107 17 82 18 107 17 82 18 107 17 82 18 106 18 83 17 106 18 83 17 106 18 83 18 104 19 83 18 104 19 83 18 103 20 83 19 102 20 83 19 101 20 85 18 101 20 85 19 99 21 85 19 99 21 85 20 97 22 85 20 97 22 85 20 96 23 85 21 95 22 86 22 93 23 86 22 93 23 87 21 92 23 88 22 91 23 88 23 90 23 88 23 89 23 90 23 88 23 90 23 88 23 90 24 87 22 91 24 87 22 91 25 86 21 93 24 86 20 94 24 87 18 96 23 87 16 101 21 87 13 104 20 89 9 108 18 92 3 112 17 207 17 208 16 208 16 209 15 210 14 210 13 212 12 31
7985 3 219 6 217 7 215 9 179 5 30 10 177 9 26 12 177 10 24 13 177 12 20 15 176 15 15 18 176 18 8 22 176 48 176 48 176 48 176 48 176 48 176 48 175 49 175 49 175 49 175 49 175 49 174 50 174 51 172 52 171 54 165 59 158 66 155 70 152 72 149 75 146 79 142 82 140 84 139 86 137 87 136 89 134 90 133 92 132 92 131 93 131 94 129 95 129 95 128 96 128 96 127 98 126 98 125 99 125 100 123 101 123 101 122 103 121 103 120 104 120 104 119 105 119 105 118 106 118 106 118 106 117 107 116 108 116 108 115 109 115 109 114 110 114 110 114 110 113 111 113 111 113 111 112 112 112 112 112 111 112 112 112 112 111 113 110 113 111 113 110 113 111 112 111 113 111 112 112 111 113 110 114 109 115 109 115 108 116 107 117 106 118 105 119 104 121 102 122 101 123 100 125 98 126 98 127 96 128 96 127 96 128 95 129 95 129 94 130 94 130 93 131 93 132 91 133 91 133 90 134 90 134 90 134 90 134 90 134 90 134 90 133 90 134 91 133 91 132 92 132 92 132 93 131 94 130 95 129 96 128 98 126 100 124 102 123 105 119 110 115 113 111 116 109 116 108 117 108 117 107 117 108 117 108 116 110 114 112 112 114 110 117 107 119 104 122 102 124 99 128 96 130 93 134 89 137 86 142 81 145 78 150 71 156 64 165 52 178 39 206 10 7710
10028 9 210 20 195 34 183 45 173 54 166 60 161 65 156 69 153 73 150 75 148 77 145 80 143 81 142 83 140 85 139 85 138 87 136 88 135 90 133 91 131 94 129 95 128 97 126 99 124 100 123 102 122 103 120 104 120 105 119 106 118 106 117 108 115 111 113 111 112 113 110 114 109 115 108 116 106 118 104 120 103 121 101 123 99 125 97 127 95 129 93 131 90 134 88 136 86 138 84 140 83 141 81 143 78 146 76 148 75 149 74 150 73 151 72 152 72 152 71 153 71 153 71 153 71 153 71 153 71 153 71 153 71 153 71 153 71 153 72 152 72 152 73 151 73 151 73 151 73 151 74 150 74 150 74 150 74 150 75 149 75 149 76 148 76 148 77 147 77 147 78 146 78 146 79 145 80 144 81 143 82 142 83 141 85 139 87 137 90 134 93 131 94 130 95 129 95 129 95 129 96 128 96 128 97 127 97 127 97 127 98 126 98 126 98 126 99 125 100 124 101 123 102 122 103 121 105 119 108 116 126 98 133 91 133 91 134 90 134 90 134 90 134 90 134 90 134 90 134 90 134 90 134 90 135 89 135 89 135 89 135 89 135 89 135 89 136 88 136 88 136 88 136 88 136 88 136 88 136 88 137 87 137 86 138 86 138 85 139 84 140 83 141 82 143 73 1 6 144 70 6 3 145 69 156 67 157 66 158 66 159 64 161 62 162 61 163 60 165 58 166 57 167 55 170 52 173 50 174 32 4 12 177 29 12 2 183 26 199 24 200 24 201 23 201 23 201 23 202 23 201 23 201 23 201 23 202 22 202 21 203 21 204 20 204 19 206 17 54
9283 4 219 7 216 11 213 14 210 16 208 22 202 26 6 15 177 53 171 57 168 58 166 60 164 62 163 63 161 64 161 64 160 64 160 65 160 65 159 65 159 66 159 65 159 66 157 67 157 68 156 68 156 69 154 70 154 70 153 72 152 72 151 74 150 74 149 75 149 75 148 76 148 76 147 77 146 78 145 79 140 84 135 89 129 95 127 97 124 100 121 103 119 105 117 108 114 110 113 111 111 113 110 115 108 116 106 118 105 120 102 122 101 123 99 125 98 126 97 127 96 129 95 129 94 130 93 131 92 132 92 132 91 134 90 134 89 135 89 135 89 135 88 136 88 136 88 136 87 137 87 137 87 137 87 137 87 137 87 137 86 138 86 137 87 137 87 137 86 138 86 138 86 138 86 98 2 38 86 97 4 37 86 96 5 37 86 96 6 36 86 97 5 36 86 97 6 35 86 97 6 35 86 97 7 34 86 97 7 34 86 97 7 34 86 97 8 33 86 97 8 33 86 97 8 33 86 96 9 33 86 96 9 34 85 95 10 34 85 94 11 34 85 93 12 34 85 92 13 33 86 92 14 31 87 92 14 31 86 93 14 30 87 92 16 28 88 92 16 26 90 92 17 24 90 93 18 21 92 93 20 17 94 93 22 13 95 94 24 8 98 94 130 94 129 94 129 95 129 95 128 96 127 97 125 99 124 100 122 101 121 102 121 103 120 59 4 41 119 59 7 38 120 57 10 37 119 57 12 36 119 56 13 36 119 55 15 35 119 55 16 34 119 55 17 33 120 54 17 33 120 55 17 32 121 55 16 32 122 54 17 31 123 54 16 31 124 53 17 29 126 53 16 29 127 52 16 29 129 50 16 29 132 48 14 30 143 37 13 30 149 32 13 30 152 29 12 31 153 28 12 31 155 1 4 21 12 30 163 19 12 30 164 18 13 28 167 16 14 27 169 14 15 26 170 12 19 22 173 9 24 18 174 6 27 16 211 13 213 10 216 7 218 5 5036
6155 13 206 23 198 29 192 35 187 41 181 51 171 56 166 59 164 62 160 65 158 68 154 71 150 75 147 79 144 81 142 83 140 85 138 87 136 89 134 90 134 91 132 93 130 94 129 96 127 98 126 99 124 101 122 103 121 104 119 106 117 108 116 109 114 111 112 113 110 114 110 115 108 116 108 117 106 118 106 118 105 120 104 120 103 121 102 122 102 122 101 122 102 122 102 122 101 122 102 122 102 121 103 121 103 120 104 120 104 120 104 119 106 117 108 116 108 115 110 114 111 112 113 110 115 108 125 98 127 96 129 94 130 93 132 91 133 90 134 89 135 89 135 88 136 88 136 89 135 89 135 90 135 90 134 91 132 93 131 95 129 96 128 97 128 97 127 98 125 100 124 101 123 101 123 102 121 104 120 105 118 106 117 108 116 109 114 110 112 113 110 114 109 116 107 117 106 119 104 120 103 122 101 123 100 125 99 125 98 127 96 128 95 130 94 130 93 131 93 132 91 133 90 134 89 136 87 137 85 140 83 141 81 143 79 145 78 147 76 148 75 149 74 150 73 151 72 152 71 153 71 153 71 153 71 153 72 152 73 151 73 151 74 150 75 148 76 147 78 145 80 141 83 139 86 135 89 134 91 131 93 130 94 129 95 129 95 128 97 127 99 124 102 122 105 118 110 114 113 110 116 108 117 106 119 104 121 102 122 101 124 98 126 96 128 95 129 93 131 92 132 92 132 90 134 89 134 53 7 28 135 52 10 15 146 51 13 11 148 50 16 7 149 50 19 3 150 51 172 50 172 50 173 50 174 49 174 49 175 47 176 47 177 47 176 46 177 42 181 41 182 40 184 39 184 38 186 36 188 34 190 30 194 25 200 18 206 14 210 11 214 8 218 3 1292
2342 7 211 23 197 36 185 50 171 60 162 66 155 72 148 78 142 84 137 88 134 91 132 93 130 95 128 97 127 98 125 100 124 102 122 103 120 105 119 107 117 108 116 110 113 114 110 117 107 121 102 124 100 127 97 128 95 131 93 132 92 133 91 134 89 136 88 137 87 138 86 138 85 140 84 141 83 142 81 143 81 143 81 144 79 145 79 145 79 145 78 147 77 147 77 147 77 148 75 149 75 149 75 149 75 149 75 150 74 150 74 150 74 151 73 151 73 151 73 151 74 150 74 150 74 151 73 151 73 151 73 151 73 152 72 152 72 152 72 152 72 152 72 152 72 118 2 32 72 118 3 31 72 117 5 30 72 117 5 29 73 116 7 27 74 116 8 25 75 116 10 23 75 116 11 20 76 116 14 17 77 116 20 10 78 116 107 117 107 116 108 116 107 117 107 117 106 118 106 117 107 117 106 118 106 117 107 117 107 116 108 115 108 116 108 115 109 115 109 114 110 114 110 114 110 114 110 114 109 115 109 115 109 115 109 115 109 116 108 116 108 116 108 117 107 117 107 118 107 117 107 117 107 117 107 117 108 116 108 117 107 117 108 116 108 116 109 115 109 116 109 115 110 114 111 113 111 114 111 113 111 114 111 113 112 113 112 112 112 112 113 112 112 112 112 112 112 113 111 113 111 113 110 115 109 115 109 115 108 117 107 117 107 117 106 118 106 119 105 119 105 119 105 119 104 120 104 121 103 121 103 121 103 121 103 121 103 121 103 121 103 121 103 121 103 121 103 120 104 120 104 120 104 120 104 120 104 120 104 120 104 119 105 119 105 119 105 119 105 119 105 119 105 118 106 118 106 118 106 117 107 117 107 117 107 117 107 116 108 116 108 116 108 116 108 116 109 114 110 114 110 114 111 113 111 112 113 111 113 111 114 109 115 109 115 108 117 106 118 106 118 105 120 103 121 102 122 102 122 101 123 100 124 99 125 98 127 97 127 96 128 95 129 95 129 95 130 93 67
94 10 212 13 211 14 210 14 210 15 209 17 206 19 205 20 204 20 204 21 203 22 101 5 96 23 97 9 95 23 95 12 94 24 92 16 92 25 89 18 92 25 88 19 92 26 86 20 92 27 84 21 92 27 82 23 92 28 80 23 93 28 79 23 94 29 77 24 94 29 75 25 95 30 73 26 95 31 71 26 96 31 70 27 96 32 67 29 96 33 65 29 97 34 62 31 97 34 61 31 98 35 59 31 99 36 56 33 99 37 53 34 100 39 50 35 101 41 10 5 30 36 102 60 24 37 103 66 15 40 103 120 104 120 105 118 106 118 106 117 107 117 107 116 108 116 108 116 108 115 109 115 108 115 109 115 109 115 109 115 109 114 110 114 110 114 110 114 110 114 109 115 109 115 109 115 109 115 108 116 108 116 108 116 108 117 107 118 105 122 5 3 94 134 90 135 89 135 89 135 88 136 88 136 88 136 88 136 87 137 87 137 87 137 87 137 87 137 87 137 87 137 87 137 87 137 87 137 87 137 87 137 87 137 87 137 87 137 87 137 87 137 87 137 86 138 86 138 86 138 85 139 85 139 85 139 85 139 85 139 85 139 86 138 86 138 86 138 85 139 85 139 85 139 85 139 85 139 84 140 84 140 83 141 83 141 83 141 83 141 83 141 83 141 83 141 84 140 85 139 85 139 86 138 86 138 87 137 88 136 90 134 90 134 91 133 92 132 92 132 92 132 92 132 92 132 92 132 92 132 92 132 93 131 93 131 93 131 92 132 93 131 93 131 93 131 93 131 93 131 93 131 93 131 93 131 93 131 93 131 93 131 92 132 92 132 92 132 92 132 92 132 92 132 92 132 92 132 93 131 93 131 94 130 95 129 96 128 97 127 97 127 98 126 99 125 99 125 100 124 101 123 101 123 101 123 102 122 103 121 103 121 103 121 104 120 104 120 104 120 105 119 105 119 105 119 106 118 106 117 107 116 109 113 111 112 113 110 114 109 115 108 117 106 118 105 119 104 120 103 122 101 123 100 124 100 124 99 125 98 126 98 126 97 127 97 128 95 129 95 130 94 130 94 131 92 132 92 133 91 134 89 135 89 136 87 137 87 138 85 139 84 140 83 141 82 143 81 143 80 144 79 146 78 146 77 28
28 76 147 79 144 80 143 82 142 82 141 84 139 86 137 88 136 89 135 90 133 92 132 93 131 96 127 99 125 102 122 104 120 105 119 106 118 107 117 107 117 108 116 108 115 109 115 110 114 110 113 111 113 111 112 113 110 114 110 114 109 115 109 116 107 117 107 117 107 118 105 119 105 119 105 120 104 120 103 122 102 122 102 122 102 123 79 6 16 124 74 11 15 126 67 18 13 128 62 21 13 131 55 25 12 134 48 30 12 137 39 37 11 140 32 41 11 213 11 213 10 214 10 214 10 214 10 214 10 214 10 214 9 215 9 215 9 215 9 215 8 216 8 216 8 216 8 216 8 216 8 216 8 216 7 217 7 217 7 217 7 217 7 217 7 217 7 217 6 218 6 218 6 218 6 218 6 218 6 218 6 218 6 218 6 218 6 218 6 218 6 218 6 218 6 218 6 218 5 219 5 219 5 219 5 219 5 219 5 219 5 219 5 219 5 219 5 219 5 219 5 219 5 219 4 220 4 220 4 220 4 220 4 220 4 220 4 220 3 221 3 221 2 222 1 223 1 271 7 215 11 212 14 209 29 195 32 191 34 190 36 188 36 188 37 186 38 186 38 186 38 185 39 185 39 185 38 186 38 185 39 185 39 184 40 184 40 183 41 183 41 182 42 182 43 9 5 166 44 8 9 163 44 7 11 161 45 6 12 160 46 5 14 159 46 4 15 124 1 33 47 4 15 124 1 32 48 3 16 120 5 31 50 2 16 117 8 30 69 113 14 27 70 111 18 23 71 111 20 20 72 110 24 15 74 110 28 9 65 1 7 113 102 4 1 116 103 119 105 116 109 109 118 100 126 97 128 95 128 95 129 95 129 95 128 96 127 96 127 97 126 98 125 99 124 100 123 55 2 43 123 55 4 42 121 57 4 42 120 58 4 42 119 59 3 43 118 25 4 32 2 43 117 25 6 76 117 24 7 75 117 24 9 74 116 24 10 74 116 23 12 73 115 24 12 73 115 23 13 73 114 23 15 72 114 22 16 72 114 21 18 71 113 22 18 71 113 21 20 70 113 20 21 70 113 20 22 68 114 19 23 68 114 19 23 68 115 17 24 68 116 16 24 67 118 14 25 67 120 11 26 67 122 8 27 66 126 3 29 66 157 66 158 66 157 67 156 68 154 69 154 70 154 70 154 70 154 70 154 70 155 69 156 68 156 68 157 67 158 66 158 12 11 43 159 5 17 43 160 1 20 43 181 43 181 43 181 43 180 44 180 44 181 43 181 43 182 41 49
7235 9 212 15 208 19 203 24 199 29 194 33 190 36 188 38 185 41 182 43 180 46 178 48 175 52 170 56 163 64 158 68 154 74 148 79 144 83 141 84 139 87 137 88 135 91 133 94 33 10 87 96 25 32 70 99 19 42 64 101 15 47 61 105 7 53 59 167 58 167 57 168 56 170 55 170 54 171 54 170 55 170 54 170 55 169 56 169 56 168 57 168 57 168 57 167 59 166 59 165 60 165 60 164 61 163 62 163 62 162 62 162 63 161 64 161 64 160 64 160 65 159 65 159 66 158 66 158 66 158 67 158 67 157 67 157 68 156 68 156 69 155 70 154 70 154 71 153 72 152 72 152 73 151 74 150 74 150 75 148 76 148 77 147 78 146 78 146 79 145 80 144 81 143 82 142 83 141 84 140 84 140 85 138 86 138 86 138 87 137 88 136 88 135 90 133 91 133 92 131 93 131 94 129 95 129 96 127 97 127 98 126 98 125 100 124 100 124 101 123 102 121 103 121 104 120 105 119 106 118 107 67 9 41 108 65 14 37 109 63 18 35 109 61 21 33 110 59 23 32 111 57 25 31 111 57 26 31 111 55 27 31 111 54 29 30 112 53 29 30 112 52 31 30 111 51 32 30 111 51 33 29 111 50 35 29 111 49 35 29 111 49 35 29 111 48 37 29 110 48 37 29 110 48 37 29 111 46 38 30 110 46 38 30 110 46 38 30 110 45 39 30 110 45 39 30 110 44 40 30 110 44 40 30 110 44 39 30 111 43 40 30 111 42 41 29 112 42 41 29 112 41 41 29 113 40 42 28 114 40 42 26 116 39 43 24 118 39 42 22 121 39 42 19 123 39 43 18 124 39 42 19 124 38 43 18 125 37 44 18 125 37 44 18 125 35 45 18 126 34 46 18 125 33 47 19 125 21 59 19 125 20 60 18 126 19 61 18 125 20 61 18 124 20 62 18 123 21 63 16 123 21 66 14 121 23 68 11 114 31 71 7 114 31 192 32 191 33 191 32 191 33 191 32 192 32 192 32 192 31 194 30 194 29 196 28 197 26 200 22 208 14 3253
1019 5 32 8 177 10 26 13 174 13 22 16 173 15 18 18 173 22 6 23 173 50 173 51 173 50 174 49 176 47 177 47 177 46 178 46 178 46 178 45 179 45 179 45 179 45 179 44 180 44 180 44 179 45 179 44 179 45 178 46 176 48 175 49 173 50 173 51 172 52 171 53 170 53 169 55 167 57 164 59 161 63 158 66 155 68 154 70 151 73 148 75 147 77 145 79 143 81 142 82 141 83 140 83 140 84 139 85 138 86 138 86 137 87 137 87 136 88 136 88 135 89 135 89 135 88 136 88 136 88 135 89 135 89 135 89 135 88 135 89 135 89 135 88 136 88 136 87 136 88 136 87 137 86 138 86 138 85 139 85 139 84 140 84 140 83 141 82 142 81 143 81 143 80 144 79 145 79 145 78 146 78 146 77 147 77 147 76 148 76 148 76 148 75 149 75 149 75 149 74 150 74 150 74 150 73 152 72 152 72 152 72 152 73 151 73 151 73 151 73 152 72 152 72 152 73 151 73 151 73 151 74 150 74 150 75 149 75 149 75 149 76 148 76 148 76 147 77 147 77 146 79 145 79 144 81 142 82 141 84 139 86 137 89 134 91 132 93 129 96 127 98 124 102 120 108 114 124 99 134 88 142 80 147 75 151 71 154 68 157 65 160 62 163 60 165 57 167 56 42 5 122 55 39 10 120 55 37 14 119 54 35 18 117 54 33 21 116 54 32 23 116 53 31 25 115 53 30 27 114 53 29 29 113 53 28 31 113 52 26 34 112 51 26 36 111 51 25 38 110 51 23 41 109 50 23 43 109 49 22 45 108 49 21 47 107 49 20 49 106 48 20 50 106 48 19 51 106 47 20 52 105 47 19 53 106 45 19 54 106 45 19 54 106 45 18 55 106 44 19 55 106 44 18 56 106 44 18 56 106 44 17 57 106 44 16 58 106 43 17 58 106 43 17 59 105 43 16 60 105 43 16 60 105 43 15 61 105 42 16 62 105 41 16 62 105 41 16 62 105 41 16 62 105 41 16 62 105 41 16 63 104 41 15 63 105 41 15 63 105 41 15 63 105 41 15 62 106 41 16 61 106 41 16 61 107 40 16 18 3 39 108 40 16 17 4 39 108 40 17 15 6 37 109 40 17 15 6 36 110 40 18 13 7 36 110 40 19 12 7 35 111 41 18 11 9 34 111 41 19 9 10 33 112 41 20 7 11 33 112 42 20 5 12 32 113 42 22 2 13 32 113 43 36 32 114 43 35 32 114 43 35 31 115 44 34 31 115 45 33 31 115 46 31 32 115 47 30 31 116 48 28 32 116 49 26 33 116 50 25 32 117 52 22 33 117 54 20 32 119 56 17 31 120 58 14 32 120 60 12 31 121 62 9 32 121 63 8 32 120 66 4 36 118 17
2256 4 217 9 215 11 42 3 167 13 39 7 164 15 35 12 162 16 33 15 160 17 30 17 160 18 28 18 159 20 26 20 158 20 24 22 158 21 22 23 158 22 20 24 158 24 16 26 158 26 12 28 158 29 7 30 158 66 158 65 159 65 159 65 159 65 159 65 159 65 160 64 160 63 161 63 161 63 161 63 161 62 162 62 162 62 162 62 162 61 163 61 163 61 163 60 164 60 164 60 164 60 164 59 165 59 165 59 165 59 165 59 164 60 165 59 165 59 165 59 165 60 165 59 165 59 165 60 165 59 165 59 165 60 164 60 165 59 165 59 165 59 165 59 165 60 165 59 165 59 165 59 165 59 165 60 164 60 164 60 164 61 163 61 163 62 162 64 159 68 156 70 154 72 152 73 151 74 150 75 149 75 149 76 148 77 147 78 146 79 145 83 141 85 139 86 138 87 137 88 136 89 135 91 133 93 131 97 127 100 124 102 122 104 120 105 120 105 119 107 117 109 115 111 114 111 113 113 111 114 110 116 108 118 106 119 105 120 104 122 103 122 102 123 101 124 100 125 99 126 98 127 97 128 96 129 95 130 95 130 94 132 92 133 91 135 89 137 88 137 87 138 86 139 85 140 84 141 83 141 82 143 81 143 81 144 80 144 80 145 79 145 79 145 79 146 78 147 77 148 76 149 75 150 74 151 74 150 74 151 74 151 73 152 72 153 71 154 70 155 69 157 68 158 66 161 63 166 58 171 53 175 49 182 42 43 13 132 36 41 20 131 32 39 24 32 10 93 26 38 34 17 21 90 24 37 80 85 22 36 101 65 22 36 103 63 22 34 109 59 22 33 114 56 21 32 118 53 21 30 125 48 21 29 132 41 22 28 146 28 22 28 148 26 22 27 152 22 23 27 154 18 25 26 158 13 27 26 198 25 198 26 198 26 198 25 198 26 198 26 197 26 198 26 197 26 197 27 196 27 197 27 196 27 196 28 196 28 196 27 196 28 196 27 197 27 196 28 196 27 197 27 196 28 195 29 195 28 195 29 194 29 194 30 194 29 194 29 195 29 194 29 195 29 194 29 194 29 194 29 195 28 196 27 197 27 198 25 199 25 200 23 198
12039 7 212 16 206 20 185 7 8 25 182 42 180 45 177 47 176 48 175 49 174 50 174 50 173 51 173 51 173 51 82 7 84 51 81 10 82 50 81 13 80 50 80 15 79 50 80 16 78 50 80 17 77 50 79 19 76 50 79 20 75 50 79 21 74 50 79 21 74 51 79 21 73 51 79 22 72 51 79 23 70 52 79 25 68 53 79 26 22 7 37 53 79 28 14 26 22 56 78 30 9 36 13 58 79 145 79 145 79 146 78 146 79 145 79 145 79 144 81 143 81 143 81 142 83 141 83 140 85 139 87 136 91 132 95 129 99 124 103 120 106 118 106 117 108 116 108 116 108 116 108 116 108 116 108 116 108 115 109 115 109 115 109 114 110 114 110 113 111 113 111 112 112 111 114 110 114 109 116 107 117 107 118 105 119 104 121 102 122 101 123 100 125 99 125 98 126 98 126 98 127 97 127 97 127 98 126 99 125 99 125 100 124 100 124 100 124 100 124 100 124 100 124 62 8 30 124 60 11 29 124 58 15 27 124 57 17 26 125 55 19 25 125 54 21 24 126 52 22 23 128 50 24 22 129 46 28 20 132 39 35 17 136 15 9 8 40 13 146 2 15595
2437 5 216 10 212 13 210 14 209 16 206 18 205 19 56 13 37 8 90 20 53 21 30 12 87 21 51 25 28 14 85 21 49 30 24 17 82 22 47 33 23 18 80 23 46 36 20 21 77 24 45 38 19 22 74 26 44 40 18 23 72 27 43 42 17 24 70 28 43 42 17 25 68 29 42 44 16 26 66 30 42 44 16 27 65 30 41 46 15 28 63 31 41 22 3 21 15 29 61 32 40 20 10 18 14 30 59 32 41 18 14 16 14 30 59 32 41 17 17 15 13 31 57 33 40 17 19 14 14 31 55 34 40 17 20 13 14 32 54 34 40 17 22 11 14 33 52 35 40 17 22 11 14 34 50 36 39 17 24 10 14 35 48 37 39 17 25 10 13 36 47 36 40 17 25 9 14 37 45 37 40 17 26 8 14 37 43 39 40 17 26 8 15 37 32 49 40 17 27 7 15 38 20 60 40 17 27 7 15 40 10 67 41 17 28 6 15 117 41 18 27 6 15 117 41 18 27 6 15 116 42 19 25 7 15 116 42 20 23 8 15 116 42 22 21 9 14 115 43 27 15 10 15 114 43 53 14 114 43 53 14 113 43 54 14 113 43 55 14 112 42 56 14 111 43 56 14 111 42 58 13 111 42 59 12 110 42 61 11 110 42 62 10 110 41 65 8 110 41 67 5 110 41 183 41 182 42 182 41 182 42 181 42 181 43 180 44 179 44 179 45 178 46 177 46 177 47 177 47 176 47 177 47 177 47 177 47 177 46 177 47 177 47 177 46 178 46 178 46 178 45 179 45 179 45 178 46 178 46 178 46 178 46 177 46 178 46 177 47 177 47 176 48 176 48 175 49 175 49 175 48 175 49 175 49 174 49 175 49 175 48 176 47 177 47 176 47 177 47 177 47 177 47 177 47 176 48 176 48 176 48 34 4 138 48 32 7 137 48 30 9 136 49 29 10 136 49 28 11 136 49 27 13 14 4 116 50 26 14 13 6 115 50 25 15 12 9 113 50 24 16 12 9 113 50 23 17 11 11 111 51 22 18 11 12 110 51 21 19 11 13 109 51 20 20 11 13 109 51 19 21 11 14 108 51 19 21 11 15 107 51 18 22 11 15 106 52 17 23 11 16 105 52 16 24 12 16 104 52 15 25 12 17 103 52 14 26 12 17 103 52 14 26 13 17 102 52 13 27 13 18 100 53 12 28 14 17 100 53 12 28 14 18 99 53 11 29 15 17 98 54 11 29 16 17 97 54 10 30 16 17 97 54 10 30 17 17 96 54 9 31 17 17 96 54 9 32 17 17 94 55 9 32 17 18 93 55 9 32 18 17 93 55 8 34 17 18 91 56 8 35 16 19 90 56 8 36 14 21 89 56 8 37 13 22 87 57 8 39 9 26 85 57 8 43 2 30 84 57 8 76 82 58 8 77 81 58 8 78 79 59 9 77 79 59 9 78 77 60 9 79 75 61 9 79 75 61 10 79 73 62 10 80 72 62 10 80 71 63 10 81 69 64 11 81 68 64 11 81 67 65 11 82 66 65 11 83 64 66 10 84 64 66 10 85 63 66 9 87 61 67 9 88 60 68 7 89 60 165 58 166 58 167 57 167 57 168 55 169 20 6 29 169 19 10 25 170 18 12 24 171 17 13 23 171 17 14 21 172 16 15 21 172 16 16 20 172 16 16 19 174 15 16 19 174 15 16 18 175 15 16 18 175 15 16 17 176 15 16 17 176 15 16 17 177 14 16 17 177 15 15 16 178 15 15 16 178 15 15 16 179 14 15 16 179 14 15 15 180 15 14 15 180 15 14 15 180 15 14 15 180 16 13 15 180 16 13 15 180 16 13 16 179 16 13 16 179 16 13 16 179 16 14 16 178 16 14 16 178 16 14 17 177 17 13 18 176 17 14 17 176 17 14 18 175 17 14 19 174 17 14 20 173 17 15 20 172 17 15 20 172 17 15 21 171 17 16 20 170 18 16 20 171 17 16 20 171 17 17 19 67
3854 7 213 14 209 17 206 20 203 22 201 25 199 26 198 27 196 29 195 30 194 31 137 3 53 32 133 6 53 33 130 8 52 35 127 11 51 36 123 14 51 37 120 17 50 38 118 18 50 39 115 20 50 40 112 23 49 41 110 24 49 42 107 26 49 43 105 27 49 44 103 28 49 45 100 30 49 46 97 32 49 47 95 33 49 48 93 34 49 49 90 35 50 50 88 36 50 51 85 38 50 52 82 39 51 53 79 41 51 54 76 43 51 55 69 49 51 56 61 56 52 56 52 63 53 57 45 69 53 58 38 75 53 59 31 80 54 61 17 92 55 64 5 100 55 169 55 168 56 168 56 168 57 167 57 167 57 166 58 166 59 165 59 165 59 165 59 165 59 165 60 164 60 164 60 164 61 163 61 163 61 163 61 163 61 163 62 162 62 162 62 161 63 161 63 161 63 160 65 159 65 159 65 159 65 158 66 158 66 158 66 158 66 158 67 157 67 158 66 158 67 157 67 158 67 157 67 158 66 158 67 157 67 158 66 158 66 158 67 157 67 158 66 158 66 158 66 158 66 159 64 160 64 160 64 161 63 161 62 162 62 162 62 163 60 164 60 164 59 165 58 166 58 166 57 166 58 166 57 167 56 168 56 168 56 168 55 169 54 170 54 170 54 170 54 170 54 169 55 169 55 170 54 170 54 170 54 170 54 170 53 171 53 171 53 171 53 171 52 172 49 175 46 177 45 8 1 170 44 7 4 169 43 7 5 169 41 8 6 168 41 7 8 168 40 7 9 167 40 7 10 166 40 8 9 167 39 9 9 166 40 9 9 166 39 12 5 168 38 15 1 169 38 186 37 187 36 188 36 189 34 190 33 191 32 192 32 192 31 193 30 194 29 195 29 195 28 196 28 197 26 198 26 198 25 200 24 200 24 200 23 202 22 203 21 203 20 205 19 205 19 206 17 207 17 207 17 207 17 208 15 209 15 209 15 210 14 210 13 212 12 212 12 213 11 213 11 214 9 215 9 215 9 216 8 216 8 217 7 217 7 218 6 218 6 219 5 219 5 219 5 220 4 220 4 221 3 221 3 222 2 222 2 222 2 222 2 222 2 222 2 222 2 222 2 222 2 223 1 221 3
10822 13 208 19 204 23 200 28 195 44 179 47 177 49 174 51 172 53 171 54 169 56 168 56 167 58 166 58 166 59 164 60 164 60 164 61 163 61 163 62 162 62 162 63 160 64 160 65 158 66 157 68 154 71 152 72 152 72 151 74 150 74 150 74 150 75 149 75 149 75 148 76 148 76 148 77 147 77 146 78 146 78 145 80 144 80 144 81 142 82 142 84 139 86 138 88 136 89 134 91 133 92 131 94 130 94 130 95 129 95 128 96 128 96 128 96 128 96 127 97 127 96 128 96 128 96 128 96 127 97 127 97 127 96 128 96 128 95 128 96 128 95 129 95 129 94 130 92 132 91 133 91 133 90 134 89 135 89 135 88 136 88 136 88 136 88 136 87 137 87 137 87 137 87 137 86 138 86 138 86 138 85 139 85 139 85 139 85 139 85 139 84 140 84 140 84 140 84 140 84 140 84 140 83 141 83 141 82 143 81 143 81 143 80 144 79 146 78 146 76 148 74 150 71 153 69 155 67 158 65 159 64 160 63 161 62 162 61 164 59 165 59 166 57 167 57 168 55 169 55 170 54 171 52 172 52 173 50 174 48 177 35 1 10 178 31 194 29 195 28 197 26 200 24 203 20 208 16 209 14 211 13 213 9 218 4 7768
6138 9 213 13 210 15 208 17 206 18 205 20 204 21 202 22 202 23 200 24 200 24 199 25 198 26 198 26 197 28 195 29 194 30 193 31 192 32 190 34 188 37 185 40 26 1 155 50 13 9 151 74 149 77 146 79 144 81 143 82 142 83 140 86 138 87 137 89 135 90 134 91 132 94 130 95 129 96 128 97 127 97 127 98 126 98 126 99 125 99 125 99 125 99 124 100 124 100 124 100 124 100 123 100 124 100 124 100 124 100 124 100 124 99 125 98 126 97 126 96 128 93 131 90 134 88 136 87 136 88 135 89 134 90 134 90 133 91 132 92 131 93 130 94 130 94 129 95 129 96 127 97 127 97 127 97 126 98 126 98 126 98 126 98 126 99 124 100 124 100 124 101 123 101 124 100 124 101 123 102 122 102 123 102 122 102 123 102 122 103 122 103 121 104 121 104 120 104 121 104 122 103 130 94 133 92 137 87 138 87 138 86 139 86 138 86 139 86 138 86 139 86 138 86 139 86 138 86 139 85 139 86 139 85 138 87 137 87 137 88 135 89 135 90 134 90 134 91 132 92 132 92 132 93 130 94 130 94 130 95 129 95 129 95 128 96 128 97 127 97 127 97 126 98 126 98 126 98 126 99 125 99 125 99 124 100 124 100 124 100 124 101 122 102 122 102 122 102 122 102 122 102 122 102 122 102 122 102 122 103 121 103 121 103 121 103 121 103 121 103 121 103 121 103 121 104 120 104 120 104 120 104 120 104 120 103 121 102 122 99 125 53 3 11 157 43 182 35 190 20 207 8 5515
42 136 85 143 80 145 77 149 74 151 71 155 67 158 64 161 62 163 60 165 58 167 56 168 56 169 53 171 52 173 50 175 48 176 46 179 44 181 43 181 42 183 40 185 38 186 37 187 36 189 34 190 33 192 31 194 29 196 27 198 25 200 23 202 21 205 18 207 16 209 14 211 13 212 12 213 10 215 9 215 9 216 8 217 7 218 6 218 6 219 5 220 4 220 4 221 3 222 2 223 1 223 1 6943 1 223 1 222 2 221 3 220 4 220 4 219 5 219 5 219 5 218 6 218 6 217 7 216 8 216 8 215 9 214 10 213 11 213 11 212 12 211 13 210 14 208 16 207 17 206 18 205 19 204 20 203 21 202 22 202 22 201 23 201 23 201 23 201 23 201 23 201 23 201 23 202 22 202 22 202 22 203 21 204 20 204 20 205 19 206 18 206 18 206 18 207 17 207 17 207 17 207 17 207 17 207 17 207 17 207 17 206 18 206 18 206 18 206 18 206 18 206 18 206 18 206 18 206 18 206 18 206 18 206 18 206 18 206 18 206 18 206 18 206 18 206 18 206 18 206 18 206 18 206 18 206 18 206 18 207 17 207 17 208 16 209 15 210 14 211 13 211 13 212 12 212 12 213 11 213 11 213 11 213 11 213 11 213 11 213 11 212 12 211 13 211 13 209 15 208 16 206 18 204 20 202 22 201 23 201 23 201 23 200 24 201 23 201 23 201 23 201 23 201 23 201 23 201 23 201 23 201 23 201 23 201 23 201 23 201 23 201 23 201 23 200 24 199 25 199 25 198 26 197 27 197 27 196 28 196 28 195 29 195 29 194 30 194 30 193 31 193 31 193 31 192 32 192 32 192 32 192 32 192 32 192 32 191 33
7376 5 216 11 209 19 202 25 195 29 192 33 64 12 113 35 60 31 96 37 55 41 89 39 50 48 85 41 44 56 81 43 38 64 78 44 35 68 75 46 33 71 73 47 32 73 70 49 30 76 68 50 29 78 65 52 28 79 64 53 26 82 62 54 25 84 60 55 23 86 58 57 22 88 56 58 20 90 55 59 18 93 53 60 15 96 52 61 13 99 50 62 12 100 49 63 10 102 48 64 9 104 46 65 8 105 45 66 7 107 43 67 7 107 42 68 6 109 41 68 5 110 40 69 5 111 38 70 5 111 37 71 5 112 36 71 4 114 34 72 4 115 33 72 4 115 32 73 4 116 30 74 4 117 29 74 4 118 27 75 4 118 26 76 4 119 24 77 4 120 22 78 4 120 21 79 3 122 20 79 3 123 18 80 3 123 17 81 3 124 15 82 3 124 15 82 3 125 13 83 2 126 11 85 1 128 9 86 1 129 6 88 1 1567 1 223 1 223 1 223 3 221 4 220 5 219 7 217 10 214 10 214 11 213 11 213 11 213 10 214 9 215 8 216 7 217 7 217 7 217 7 217 7 217 7 217 7 217 7 217 8 216 8 216 8 216 8 216 8 216 8 216 8 216 8 216 8 216 8 216 7 217 7 217 6 218 6 218 5 219 5 219 4 220 4 220 3 221 3 221 2 222 1 223 1 223 1 223 1 223 1 223 1 223 2 222 2 222 2 222 2 222 3 221 3 221 4 220 5 219 6 218 7 217 8 216 9 215 9 215 10 214 10 214 11 213 13 211 14 210 17 207 21 203 25 199 26 198 27 197 27 197 28 196 28 196 29 195 29 195 29 195 29 195 29 195 29 195 29 195 29 195 29 195 29 195 29 195 29 195 29 195 29 195 30 194 30 194 31 193 32 192 33 191 35 189 37 187 42 182 43 181 44 180 44 180 44 180 44 180 44 180 44 180 44 180 45 159 6 13 46 157 11 10 46 156 14 8 47 154 16 7 47 154 17 6 47 153 19 5 47 152 21 4 48 151 22 2 49 151 73 150 74 150 74 150 75 149 75 148 76 148 77 147 77 147 77 147 77 147 77 147 77 147 77 147 77 146 29
18697 7 214 13 209 16 207 19 204 20 203 22 74 11 35 11 70 23 72 23 24 14 67 25 70 29 18 17 64 26 69 33 15 19 61 27 68 35 14 21 58 29 66 37 12 24 55 30 66 37 12 25 53 32 64 38 12 28 49 33 64 38 12 30 45 35 64 38 12 32 42 37 63 38 12 34 38 39 63 38 12 59 8 44 62 39 12 111 62 39 12 111 62 39 13 110 62 39 13 111 62 38 13 111 62 38 13 111 62 38 13 111 62 38 13 111 62 38 13 111 62 38 13 111 62 38 13 111 62 38 14 110 63 37 14 110 63 37 15 109 63 37 16 109 62 37 16 109 62 37 17 108 62 37 18 107 62 37 19 106 62 37 20 105 62 37 20 105 62 37 21 104 61 38 22 103 61 38 22 103 61 38 22 103 60 39 23 102 59 40 23 102 59 40 23 101 59 41 23 101 58 42 23 101 56 44 23 101 55 45 23 101 52 48 23 101 49 51 23 101 47 53 23 101 44 56 23 101 42 58 23 102 39 60 23 103 36 62 23 104 33 64 23 105 30 66 23 106 28 67 22 107 27 68 22 108 24 70 22 110 21 71 22 111 19 72 22 112 16 74 22 113 14 75 22 115 11 76 22 116 9 77 22 117 6 79 22 202 22 202 21 203 21 203 21 203 20 204 20 204 19 205 18 206 17 207 16 208 15 209 14 210 13 211 12 212 11 213 11 213 10 214 10 214 9 215 9 215 9 215 9 215 9 215 9 215 9 215 9 215 9 215 9 215 10 214 10 214 10 214 10 214 11 213 11 213 12 212 12 212 13 211 13 211 14 210 15 209 16 208 17 207 18 206 19 205 20 204 22 202 27 197 40 184 42 182 43 181 44 180 45 179 46 178 46 178 47 177 47 177 47 177 47 177 48 176 48 176 48 176 48 176 49 175 49 175 49 175 49 175 50 174 50 174 50 174 50 174 50 174 51 147 5 21
2718 7 65 8 142 12 60 11 141 13 57 14 139 16 54 15 139 17 51 18 138 18 49 19 138 19 47 20 137 21 44 22 137 22 42 23 137 23 40 24 137 24 38 25 137 24 37 26 137 25 35 27 138 25 33 27 139 26 31 28 139 27 30 28 139 29 27 29 139 32 23 30 140 37 15 31 141 83 142 82 143 80 145 79 146 78 146 77 148 76 148 75 150 74 150 73 151 73 152 71 154 70 154 69 156 68 157 66 159 65 160 63 162 61 164 58 167 54 170 52 173 50 174 50 175 48 176 48 177 47 177 47 177 47 178 46 178 46 178 45 180 44 180 44 180 44 181 42 182 42 182 42 183 41 183 41 184 40 184 40 184 40 185 39 185 41 183 45 180 47 177 50 174 54 171 58 166 62 162 65 159 70 154 74 150 79 145 85 138 89 135 92 132 94 130 97 127 99 124 102 122 104 120 105 119 107 117 108 116 109 115 110 114 111 113 114 110 116 108 118 106 119 105 120 104 122 103 122 102 123 101 124 100 125 100 125 100 125 101 124 101 124 101 124 101 124 101 124 100 125 100 125 99 126 99 125 99 126 98 127 97 127 98 127 97 128 96 128 97 128 97 127 97 127 98 127 98 126 99 125 99 125 100 125 100 124 101 123 102 122 104 120 106 118 108 116 110 114 111 114 111 113 112 112 113 110 114 36 8 66 115 30 14 65 115 27 18 64 115 25 21 63 115 24 22 63 116 23 23 63 115 22 24 63 115 22 24 62 116 22 24 62 117 20 25 62 117 20 24 63 117 20 24 62 118 20 23 63 118 20 23 62 119 19 23 63 119 19 23 62 120 19 23 60 122 19 23 59 123 19 24 56 125 19 25 53 127 19 27 49 129 19 32 40 133 18 35 36 134 19 36 32 137 19 37 29 139 19 37 28 140 19 38 26 140 20 39 23 142 19 41 21 142 20 42 19 142 21 45 14 143 22 49 8 144 22 201 22 201 23 200 23 201 23 201 22 202 22 202 21 204 19 206 17 209 14 212 11 7744
4502 8 215 10 214 12 211 14 210 15 209 16 148 7 54 16 145 10 53 18 141 13 52 19 138 15 52 21 134 18 52 22 131 19 52 24 127 21 52 26 124 22 53 27 120 24 53 29 117 25 53 31 113 26 55 32 110 27 55 34 107 28 56 35 103 29 57 37 100 30 57 39 96 31 59 40 92 33 59 43 31 13 43 34 60 46 24 21 37 36 61 94 31 38 61 97 22 43 62 162 63 160 64 160 64 159 66 158 66 158 66 157 68 156 68 156 68 155 70 154 70 153 71 153 72 152 72 151 73 151 73 150 75 149 75 149 75 148 76 148 76 148 77 146 78 146 78 146 78 145 79 145 80 144 80 144 80 143 82 142 82 142 83 141 83 140 85 138 87 137 87 136 89 134 90 133 92 132 92 132 92 132 92 132 92 132 92 132 92 132 93 131 93 131 93 131 93 131 93 131 93 130 94 130 94 130 94 130 94 129 95 129 96 128 96 127 97 127 97 127 97 126 98 126 98 126 98 126 98 126 98 126 98 126 98 126 98 126 98 126 98 126 98 126 98 126 98 126 98 126 99 125 99 125 99 125 99 125 99 125 99 126 98 126 98 126 98 126 98 127 97 127 97 127 97 128 96 128 96 128 96 129 95 129 94 131 93 132 92 132 91 134 90 135 88 138 86 139 84 141 83 142 81 144 79 146 77 148 76 150 73 151 72 153 70 155 68 157 65 160 63 162 60 165 57 167 56 169 53 172 50 174 48 177 47 177 49 176 54 171 60 164 65 160 74 151 86 139 94 130 116 110 119 106 149 77 156 71 165 64 167 62 177 51 177 47 179 46 179 45 180 44 181 43 181 43 181 43 182 42 182 42 182 42 183 41 184 39 188 36 203 21 208 12 6725
11953 6 214 14 208 19 203 25 198 30 193 36 61 8 118 41 53 15 114 48 40 24 111 58 26 30 109 116 107 117 106 119 104 120 103 122 101 123 101 124 99 125 98 126 98 126 97 128 96 128 95 129 95 129 95 129 95 129 95 129 94 130 94 130 94 129 95 129 95 129 95 129 95 129 95 129 95 130 94 130 94 131 93 131 93 131 93 132 92 132 92 133 91 133 91 133 91 134 90 134 90 134 91 133 91 134 90 134 90 134 90 134 90 134 90 134 90 134 90 134 91 133 91 133 91 133 91 133 91 133 91 133 91 133 91 133 92 132 92 133 91 133 91 133 91 133 91 133 91 133 91 133 92 132 92 132 92 132 93 130 94 130 95 129 96 128 97 126 98 126 100 124 101 122 104 120 106 118 107 116 109 114 111 112 113 111 114 109 115 108 117 106 119 104 121 102 122 102 124 99 126 98 128 96 130 94 130 94 131 93 132 92 132 92 133 91 133 91 134 91 134 38 5 47 134 36 8 46 135 34 10 45 136 32 12 44 136 31 13 44 137 30 13 44 138 28 15 43 138 28 15 43 139 26 16 43 141 24 17 42 142 22 18 41 145 19 20 40 149 12 23 40 185 39 185 39 186 37 187 37 188 35 189 35 190 34 190 33 192 32 192 32 193 30 194 30 195 29 195 28 197 27 197 26 199 24 201 23 202 21 204 19 207 15 210 12 215 7 6554
520 5 217 9 39 2 172 12 37 5 169 15 35 6 168 17 33 7 166 19 32 8 165 20 31 8 164 22 30 8 164 23 30 7 164 24 29 7 164 25 29 6 164 25 30 4 165 26 198 27 197 27 197 28 196 28 196 29 194 30 194 31 193 31 193 32 192 32 192 33 191 34 190 34 18 4 168 35 15 7 167 36 12 11 165 37 9 15 162 63 161 64 160 65 159 65 159 65 159 66 158 65 159 65 159 65 160 64 160 65 159 66 35 11 112 67 31 18 109 68 25 25 106 70 21 29 104 72 16 33 103 73 12 37 103 76 4 41 103 121 103 121 103 121 103 121 104 120 104 120 104 119 106 118 106 118 106 117 107 117 108 115 109 115 109 114 110 113 111 113 111 112 112 111 113 111 113 110 114 109 115 108 116 108 115 108 116 107 117 106 118 105 119 104 120 103 121 102 122 101 123 100 124 100 124 99 126 98 126 97 127 97 127 97 127 97 127 96 128 96 128 96 129 94 130 94 130 94 130 94 130 94 130 94 130 94 130 94 130 94 130 94 131 93 131 93 131 93 131 94 130 94 130 94 130 95 129 95 129 96 128 97 126 98 126 98 126 99 125 99 125 100 123 101 123 101 123 102 122 102 122 102 121 104 120 104 120 104 120 104 120 104 120 104 120 105 119 105 119 105 119 105 119 105 119 105 119 105 120 104 120 105 119 105 119 105 119 105 119 105 119 105 119 105 118 106 118 106 118 106 118 105 118 106 118 106 118 105 119 105 119 105 119 104 120 103 121 103 121 102 123 100 124 99 126 97 127 97 128 95 130 93 132 92 132 91 134 90 135 89 135 88 137 87 138 86 138 85 140 84 140 84 141 83 141 83 141 82 143 81 143 33 7 41 143 32 17 31 145 30 19 30 145 29 20 29 147 28 20 28 148 27 22 24 152 26 22 22 154 25 22 22 156 24 22 21 157 24 22 20 159 23 22 20 159 23 22 19 161 22 21 20 161 22 21 19 163 20 22 19 163 21 20 20 163 21 20 20 164 20 20 19 165 20 19 20 165 20 19 20 166 19 19 20 166 19 19 20 166 19 19 19 167 20 17 20 168 19 17 20 168 19 17 20 168 20 15 20 169 20 15 20 168 21 14 21 168 21 14 21 168 22 13 21 168 22 12 22 167 23 12 21 168 23 12 21 168 23 12 21 168 23 12 21 168 23 12 21 167 24 12 21 167 24 13 19 169 23 13 19 169 22 15 18 169 22 16 17 169 22 17 16 169 22 17 16 170 21 18 14 171 20 19 14 172 19 20 13 172 19 20 13 173 17 22 11 84
6434 16 205 21 202 34 188 37 186 39 184 41 181 44 178 48 175 51 172 53 171 54 169 56 168 57 166 59 151 6 2 65 149 74 149 75 148 76 148 76 147 77 147 77 146 77 146 77 146 77 146 76 147 76 146 78 144 80 142 82 140 85 79 11 48 86 76 21 39 88 73 34 26 91 70 41 12 101 69 155 67 157 66 159 63 161 61 163 61 163 61 164 59 165 59 165 59 165 58 166 57 167 56 168 55 169 55 169 54 170 53 171 52 173 50 174 49 175 48 176 48 176 47 177 47 178 47 177 47 178 46 179 44 181 3 7 33 192 32 194 30 194 30 194 30 194 29 193 31 192 32 192 31 192 31 192 31 193 29 194 28 196 27 197 26 198 25 199 23 200 24 199 24 199 24 200 23 201 23 202 21 203 21 203 21 203 20 133 4 67 20 132 7 64 21 131 9 62 21 132 10 59 23 131 13 56 24 131 15 52 26 131 16 50 27 130 18 49 27 130 18 48 27 131 19 46 29 129 21 43 31 129 22 41 32 129 22 40 33 129 23 38 34 129 24 36 35 128 25 36 35 128 26 34 36 128 27 33 37 127 28 31 38 127 29 30 38 127 30 28 40 126 31 27 40 126 31 27 41 125 32 26 41 125 32 25 42 125 33 24 43 124 34 23 43 124 35 21 45 123 35 21 45 123 36 20 46 122 36 19 47 122 37 18 48 121 37 17 49 121 37 17 50 120 37 16 52 118 38 15 53 118 38 14 55 116 39 12 57 115 40 12 58 113 41 11 59 112 42 10 60 111 43 10 61 109 44 10 61 108 44 10 62 107 45 10 63 104 47 10 63 103 47 11 63 101 49 11 63 99 51 11 64 96 52 12 64 95 53 12 64 93 55 12 65 91 56 12 65 90 57 13 65 88 57 14 66 86 58 13 67 86 58 13 68 85 59 12 69 84 59 12 70 82 60 12 70 82 61 10 72 81 62 9 73 79 64 7 74 79 65 5 76 78 147 76 148 76 148 76 148 76 148 76 148 76 148 76 147 77 147 77 147 77 147 76 147 77 147 77 146 25 3 50 146 23 8 46 146 23 11 44 145 23 14 41 145 23 17 39 143 24 20 36 142 26 22 33 140 28 24 30 140 30 24 29 139 31 26 27 139 31 27 27 138 32 27 27 138 31 28 27 137 31 29 27 137 30 30 26 138 30 29 27 138 29 30 26 139 27 32 26 139 26 33 26 140 24 34 26 141 21 35 26 143 18 37 26 144 14 40 25 148 8 42 25 199 24 200 24 199 24 200 23 201 23 201 22 203 20 137
20 17 206 19 204 21 203 22 202 23 201 24 200 26 88 10 100 28 84 15 97 29 81 20 94 30 78 23 93 32 75 24 93 33 72 26 93 34 69 28 93 36 65 29 94 36 64 30 94 37 61 31 95 38 59 32 96 37 57 34 96 38 55 34 97 39 53 34 98 40 50 36 98 41 47 37 99 43 42 39 100 48 35 40 101 57 20 46 101 66 2 54 103 121 103 121 103 121 103 120 104 120 104 120 104 120 104 120 103 121 103 120 104 120 105 120 104 120 104 120 104 121 103 122 103 122 102 123 101 124 101 124 100 125 99 126 98 127 98 127 97 128 97 129 96 129 96 128 98 127 98 127 98 126 99 126 98 127 97 128 97 127 97 128 96 128 96 128 97 127 97 127 97 128 96 128 96 128 96 128 97 127 97 127 97 127 98 127 97 127 97 127 97 128 97 127 97 127 97 127 98 126 98 126 98 126 98 126 98 126 99 125 99 125 99 125 99 125 99 124 99 125 99 125 98 125 95 128 94 130 92 131 91 133 90 133 90 134 89 135 89 134 89 135 89 134 89 135 88 135 89 135 88 135 89 135 89 134 89 135 89 134 90 134 90 133 91 133 91 133 91 132 91 132 92 131 93 129 94 129 95 129 95 128 96 128 96 127 97 127 97 127 97 126 98 126 98 126 98 125 99 125 99 124 100 124 100 124 101 122 102 122 102 122 103 121 103 120 104 120 104 120 105 119 105 119 106 118 107 116 109 115 110 114 111 113 112 111 113 111 114 110 115 109 115 109 116 108 116 108 117 107 117 107 117 106 119 105 120 104 120 103 122 102 123 101 123 100 125 99 126 98 126 98 127 96 130 94 132 92 135 88 138 85 141 82 144 79 147 76 150 73 153 70 156 66 160 10 9 44 183 39 188 35 190 33 192 31 194 30 196 27 198 25 200 22 204 19 206 17 209 13 214 8 7509
1394 2 219 8 215 11 213 12 211 14 210 15 209 15 208 17 207 18 206 19 205 20 204 21 202 23 201 24 200 25 199 26 94 4 100 27 88 11 98 28 84 15 98 28 80 18 98 29 76 22 97 31 72 24 97 33 68 26 97 33 67 27 97 34 64 29 97 35 62 30 97 35 60 32 97 36 58 33 97 38 55 34 97 40 51 36 97 42 48 37 97 43 46 38 97 44 43 40 98 46 38 42 98 55 27 44 98 66 13 47 98 126 98 125 99 125 99 125 99 125 99 125 100 124 100 124 100 123 101 123 100 124 100 124 100 124 100 124 99 124 100 124 99 125 99 125 99 124 99 125 98 126 97 126 97 127 97 127 96 128 95 129 94 130 94 129 94 130 94 130 93 131 93 131 92 132 92 133 91 133 90 134 90 134 89 135 89 135 88 136 88 136 87 137 87 137 87 137 87 137 86 139 85 139 85 139 85 139 85 139 85 139 84 140 84 140 84 141 83 141 83 142 82 143 81 144 80 145 79 147 77 148 76 150 74 151 73 152 72 154 70 155 69 155 69 156 68 157 67 158 66 159 65 159 65 160 64 161 63 162 62 162 63 162 62 162 63 162 62 162 62 163 61 164 61 163 61 164 60 166 58 177 48 185 39 190 34 192 33 192 32 192 32 192 32 192 33 191 33 191 33 191 33 191 34 190 34 190 35 189 35 189 35 189 36 188 36 188 36 188 36 188 37 187 37 187 37 187 37 187 38 186 38 186 38 186 38 186 38 186 38 186 39 185 39 185 40 184 40 184 41 183 41 183 41 183 42 182 42 182 42 182 43 181 43 181 43 181 43 181 43 181 43 181 43 181 43 181 43 181 43 181 43 181 43 181 43 181 43 181 42 182 42 182 42 182 42 182 42 182 42 182 42 182 43 181 43 181 43 181 43 181 43 181 43 181 43 181 43 181 43 181 43 181 43 181 43 181 44 180 44 180 44 180 44 180 44 180 44 180 44 180 45 179 45 179 45 179 46 178 46 178 46 178 47 177 47 177 47 177 48 176 48 176 48 176 48 176 49 175 49 175 49 175 50 174
6391 7 50 7 159 10 46 10 157 12 43 13 156 13 40 15 156 15 36 17 155 18 13 38 155 20 8 42 155 69 155 69 155 68 156 68 157 67 157 67 158 66 159 65 159 64 161 63 161 63 161 63 162 62 162 61 163 61 164 59 165 58 166 57 168 55 170 53 171 52 173 51 173 51 173 50 174 50 175 48 176 47 177 46 178 46 178 46 178 45 178 46 178 46 176 48 175 48 175 49 174 51 173 51 172 52 172 52 171 53 170 53 171 53 170 54 169 55 168 56 168 57 166 58 165 59 164 60 163 61 162 62 161 62 160 64 159 65 157 67 156 68 155 69 154 70 153 70 154 70 153 71 152 72 151 72 152 72 151 73 150 74 150 74 149 75 149 75 148 76 147 77 147 77 146 78 145 79 145 79 145 79 144 80 144 80 143 81 143 81 142 82 142 82 141 82 142 82 141 82 142 82 142 82 141 82 142 82 142 82 141 82 142 82 141 83 141 83 140 83 140 84 139 85 137 87 136 87 137 87 118 3 15 87 117 7 12 88 116 9 11 87 116 11 9 88 116 11 9 88 115 13 7 88 116 13 6 89 116 14 4 90 116 108 115 108 116 108 116 107 117 107 117 107 116 108 116 108 116 108 116 107 117 107 117 106 118 106 117 107 117 107 117 107 117 106 118 106 117 107 117 107 117 107 116 108 116 108 115 108 114 110 113 110 113 111 112 112 111 113 110 114 109 115 108 115 108 116 107 117 107 117 106 118 106 118 106 118 106 118 106 118 106 118 106 17 5 96 106 15 10 93 106 13 14 91 106 12 16 90 107 10 18 89 108 8 21 87 109 6 24 85 141 83 142 82 144 80 145 80 144 81 144 80 146 79 148 76 153 72 155 69 158 66 161 64 164 18 4 38 187 37 188 35 190 33 193 28 199 15 3218
3278 5 217 9 213 13 211 14 209 16 208 18 206 19 59 9 136 21 56 11 136 22 54 12 136 23 51 14 136 24 49 15 136 25 47 16 136 26 44 18 136 27 42 19 136 28 40 20 136 30 37 21 136 31 34 23 136 35 28 25 136 51 9 28 136 88 136 88 136 88 136 88 136 88 136 88 136 88 136 88 136 88 136 88 135 89 135 89 135 89 135 89 135 89 135 89 135 89 135 89 135 89 135 89 134 90 134 90 133 91 133 91 132 92 131 93 131 93 130 94 129 95 128 96 126 98 125 99 124 100 123 101 122 102 121 103 121 103 120 104 119 105 119 105 118 106 118 106 117 107 117 107 117 107 116 108 116 108 116 108 115 109 115 109 115 109 114 110 114 110 113 111 113 111 112 112 111 113 111 112 111 111 112 110 111 110 109 113 105 116 104 118 103 119 102 120 101 122 99 124 99 124 98 125 97 126 96 127 95 129 92 132 88 136 70 154 66 158 59 165 56 168 53 171 49 175 28 9 4 183 26 198 25 199 25 199 25 200 24 200 24 200 24 201 23 201 23 201 23 202 22 202 22 203 21 203 21 203 21 204 20 204 20 204 20 204 20 205 19 205 19 205 19 205 19 206 18 206 18 206 18 206 18 206 18 206 18 206 18 206 18 206 18 206 18 206 18 206 18 206 18 206 18 206 18 206 18 206 18 206 18 207 17 207 17 207 17 207 17 207 17 207 17 208 16 208 16 208 16 208 16 208 16 208 16 207 17 207 17 207 17 207 17 206 18 206 18 206 18 205 19 205 19 205 19 205 19 205 19 205 19 205 19 205 19 205 21 203 24 200 26 198 31 193 36 188 41 183 47 177 52 172 63 161 68 156 73 151 80 144 90 134 98 126 103 121 109 115 114 110 121 103 125 99 128 96 130 94 133 91 135 89 138 86 141 83 144 79 148 76 153 71 160 64 171 53 177 46 182 42 186 37 192 31 199 23 218 2 1149
8869 7 216 12 211 16 208 21 203 28 195 36 5 8 175 51 173 52 171 53 171 54 169 55 169 55 168 56 168 56 126 25 16 57 116 43 6 58 114 110 110 113 109 115 106 117 105 119 103 121 100 123 99 125 98 126 96 127 95 129 94 130 92 132 91 133 88 136 85 138 84 140 81 143 79 145 78 146 77 147 76 148 75 149 74 150 73 151 72 152 71 152 72 152 71 153 70 154 70 154 69 155 68 156 67 157 67 157 66 158 65 159 64 160 64 160 63 161 62 162 62 163 60 164 60 164 59 165 59 164 60 164 59 150 7 7 60 40 6 101 12 4 61 37 15 92 79 37 20 86 81 36 25 80 83 36 27 76 85 35 35 67 87 35 41 59 89 35 53 45 91 35 63 31 95 35 189 36 188 36 188 36 188 36 188 37 187 37 187 38 186 38 186 39 185 40 184 40 184 41 183 41 184 41 183 41 183 41 183 41 183 42 183 41 183 41 183 41 182 43 181 43 181 43 181 44 180 44 180 44 180 44 180 44 180 45 179 45 179 45 179 45 179 45 179 45 180 45 179 45 179 45 180 44 180 43 182 42 182 42 182 42 183 41 183 41 183 41 184 40 184 40 184 40 184 40 185 39 185 39 185 39 186 38 186 38 186 38 187 37 187 36 188 36 188 36 189 34 190 34 190 34 191 33 191 33 191 33 192 32 192 32 193 31 193 31 194 30 194 30 195 29 195 29 195 30 195 29 195 29 196 28 196 28 196 28 196 28 197 27 197 27 198 25 199 25 200 24 200 23 202 22 202 21 204 19 206 17 207 16 209 14 212 11 214 9 3762
7934 8 211 16 206 20 202 25 197 32 191 41 182 61 161 68 156 70 153 73 151 75 148 77 147 78 146 78 147 78 147 78 146 79 147 77 148 77 148 76 149 76 149 75 150 75 150 74 150 75 150 74 150 74 150 74 150 74 150 73 151 73 151 72 152 72 152 72 152 71 153 71 153 70 154 64 1 5 155 61 163 61 163 60 164 60 164 59 165 59 165 58 166 58 166 58 167 57 167 57 167 57 167 57 167 57 167 57 167 57 167 58 16 6 144 59 9 17 139 60 3 25 136 90 134 91 133 92 132 93 131 94 130 95 129 96 128 96 128 97 127 97 127 97 127 98 126 98 126 98 126 99 125 99 125 99 125 99 124 101 123 101 123 101 123 101 122 102 122 102 121 103 120 104 107 117 103 122 100 124 99 125 98 126 97 127 97 127 97 127 97 127 97 127 97 127 98 125 100 124 101 123 105 119 115 109 116 107 117 107 117 106 118 106 118 105 119 104 120 103 121 103 122 101 123 101 122 101 123 101 123 100 124 100 123 100 124 99 124 99 124 99 123 100 123 100 122 100 122 101 120 103 120 102 121 102 121 102 121 102 121 102 121 102 121 101 123 100 123 99 124 98 125 97 126 41 7 48 128 35 16 44 128 31 23 41 128 27 30 39 126 27 33 37 126 26 36 36 124 27 38 35 123 26 40 35 121 27 41 35 120 28 41 35 118 29 43 33 118 29 44 33 116 31 43 34 115 31 44 34 114 31 44 35 114 31 43 36 113 31 42 38 112 31 41 40 112 30 39 43 111 30 36 47 110 30 34 51 109 29 30 56 109 28 27 60 109 26 25 63 110 25 24 65 110 24 23 67 110 23 23 68 111 21 22 69 113 19 22 70 115 15 23 70 120 5 28 70 153 67 156 65 158 62 161 60 163 58 165 55 168 51 172 48 174 41 182 35 188 33 189 33 190 33 189 34 189 35 188 35 188 35 188 35 188 35 189 34 190 31 193 29 195 28 196 28 196 27 142
6145 5 213 18 194 38 183 63 159 68 155 71 151 75 148 78 145 80 142 83 139 86 137 89 133 92 131 94 129 97 125 100 123 103 121 105 118 107 116 109 114 111 112 113 110 115 109 116 107 118 105 120 103 123 101 124 99 127 96 130 94 132 91 135 88 138 85 140 83 142 81 144 80 144 79 145 78 146 78 146 77 147 77 148 75 149 75 149 74 150 73 151 73 151 72 152 71 153 71 153 70 154 70 154 69 155 69 154 69 155 69 154 69 154 70 154 69 155 69 155 69 155 68 156 68 156 68 155 69 155 69 154 70 153 71 153 71 153 71 153 71 153 71 154 70 154 70 154 70 154 70 154 70 154 70 154 69 155 69 154 69 155 69 154 70 154 69 154 70 154 69 155 69 155 69 155 69 155 69 155 69 155 69 155 69 155 69 156 68 156 68 156 68 156 69 155 69 155 69 155 69 156 68 156 68 156 68 156 68 156 68 157 67 157 67 157 67 157 67 157 67 157 67 157 67 157 66 158 66 158 66 158 66 158 66 158 66 158 66 158 66 158 66 158 66 158 66 158 66 158 66 158 65 159 65 160 64 160 64 160 63 161 63 161 63 161 62 162 62 163 61 163 61 163 60 164 60 164 60 164 60 165 58 166 58 166 58 166 58 166 57 167 57 167 57 167 57 167 57 168 56 168 56 168 56 168 56 168 56 169 54 170 54 170 54 170 54 171 53 171 53 171 53 172 52 172 52 172 52 173 50 174 50 174 50 175 49 175 49 175 49 175 49 175 49 175 49 175 49 175 49 175 49 175 49 175 49 175 49 175 49 175 49 175 49 175 49 176 48 176 48 176 48 176 48 176 48 176 48 176 48 176 48 176 48 176 49 175 49 175 49 175 50 173 33
2789 12 209 19 202 24 198 28 194 34 188 38 185 41 182 43 180 46 177 50 173 53 170 56 167 58 165 60 164 60 163 62 161 63 161 64 159 66 158 67 156 69 155 71 152 72 152 73 150 75 149 75 148 76 148 77 146 78 145 79 145 79 144 80 144 81 142 82 142 82 141 83 141 83 140 84 140 84 140 84 139 85 139 85 139 85 138 87 137 87 137 87 137 88 136 88 135 89 135 90 134 90 134 91 132 92 132 92 132 93 131 93 131 94 130 94 130 94 130 95 128 96 128 96 128 97 127 97 127 97 127 97 126 99 125 99 125 99 125 100 124 100 124 100 124 100 124 100 124 100 124 100 124 101 123 101 123 101 123 101 123 101 123 101 123 101 123 101 123 101 123 101 123 101 123 101 123 101 123 101 123 101 123 101 124 100 124 100 124 100 124 100 124 100 124 100 124 100 125 99 125 99 126 98 126 98 126 97 128 96 128 96 128 96 129 95 129 94 131 93 131 93 132 92 132 91 134 90 134 90 135 88 137 87 137 86 139 85 139 84 141 82 142 82 142 81 144 79 145 78 147 76 148 76 148 75 150 74 150 73 152 71 153 71 154 70 154 69 156 68 156 68 157 67 157 67 157 67 157 67 158 66 158 65 159 65 159 65 159 65 159 64 160 63 162 62 162 61 163 60 164 59 165 58 166 58 167 56 168 56 168 56 168 55 170 54 170 54 170 53 171 53 171 53 172 51 173 51 173 51 173 51 173 51 173 51 173 50 175 49 175 49 175 49 175 49 175 49 175 49 176 48 176 48 176 48 176 47 177 47 178 45 179 45 180 43 182 40 184 38 187 31 194 28 197 26 198 25 199 25 200 24 200 24 200 23 202 22 202 22 203 20 204 20 205 18 208 14 215 7 2800
2091 6 216 10 213 12 211 15 31 7 170 16 30 8 169 18 28 10 167 19 27 11 167 20 25 12 166 21 24 13 166 21 23 14 165 23 22 14 165 23 21 15 165 23 20 16 165 24 18 17 165 24 17 18 165 25 15 19 165 26 13 19 166 28 9 21 166 58 166 58 166 58 166 57 167 57 167 57 167 56 168 56 168 56 168 55 169 55 169 55 168 56 168 56 168 56 168 56 168 56 169 55 169 55 169 55 169 55 169 55 168 56 168 56 168 56 168 56 168 57 166 58 166 58 165 59 165 60 164 60 164 61 162 62 162 63 161 64 160 64 160 65 159 66 157 68 156 69 155 69 154 71 153 72 152 72 152 73 151 74 149 76 148 77 147 81 143 86 137 94 130 96 128 97 127 98 126 100 123 102 122 103 120 104 120 105 119 106 118 107 116 109 115 109 115 110 113 112 112 112 111 114 109 116 107 118 106 118 106 119 105 119 105 120 104 120 104 120 104 121 103 121 103 121 103 121 103 121 103 121 103 121 103 121 102 122 102 122 102 123 101 123 101 123 100 124 100 125 99 126 98 127 97 128 96 33 2 95 94 32 4 95 92 33 4 95 92 34 2 97 91 133 91 134 90 134 90 134 90 134 89 135 89 135 89 135 89 135 89 134 89 135 89 134 90 107 5 22 90 105 8 21 89 105 9 20 90 104 11 19 90 103 12 19 89 101 16 17 90 97 21 16 90 96 23 14 91 95 25 12 91 96 27 8 93 27 7 61 129 26 10 59 129 25 13 57 129 25 14 56 129 24 17 54 129 23 20 52 129 23 23 10 9 30 130 22 42 30 130 22 43 29 130 22 43 28 131 22 43 27 133 22 42 27 133 22 41 27 135 22 40 26 136 22 40 25 137 23 38 25 139 22 37 26 139 23 36 25 141 22 35 25 142 22 35 24 144 22 33 24 145 22 32 24 147 21 32 23 148 21 31 24 148 21 31 23 150 21 29 24 150 21 29 23 151 21 29 23 151 21 28 23 153 20 28 23 153 20 28 22 154 20 28 22 154 21 27 22 154 21 27 21 155 21 27 21 155 21 26 21 155 22 26 21 155 23 25 20 156 23 25 20 156 23 24 21 155 24 24 21 155 24 23 21 156 24 23 21 155 25 22 22 155 26 21 22 155 26 21 22 155 26 20 23 155 26 20 23 155 26 20 23 155 26 19 24 155 26 19 24 155 26 18 25 155 26 18 25 155 26 17 26 155 26 17 26 155 26 16 27 156 24 17 27 156 24 17 26 157 24 17 26 157 24 17 26 157 23 18 26 157 22 20 24 158 20 22 24 159 17 24 24 159 15 27 22 161 12 30 21 162 9 32 20 164 5 36 18 206 17 208 15 209 14 211 12 212 10 215 8 216 7 218 5 220 2 122
7262 6 39 13 163 12 34 18 158 16 30 22 154 19 27 25 152 22 21 30 149 76 111 8 28 78 106 17 23 78 100 29 16 79 96 39 9 79 95 128 94 128 94 128 94 129 94 130 93 130 93 130 93 131 93 130 93 131 93 130 93 130 93 129 95 128 95 128 96 127 96 128 96 127 97 127 96 127 97 127 97 127 97 127 97 127 97 127 97 127 98 126 98 125 100 124 100 82 1 41 101 80 3 39 103 78 5 38 103 78 6 36 105 77 6 36 106 76 6 35 109 74 7 34 110 73 7 34 111 72 7 33 114 71 6 33 116 69 5 33 120 67 4 32 124 64 5 30 127 62 6 28 136 52 8 27 145 42 11 24 158 27 15 22 202 20 205 17 207 16 208 15 210 13 211 12 212 11 213 11 37 5 170 12 36 8 168 12 36 10 166 14 34 13 163 15 32 17 160 18 29 19 158 20 26 21 157 23 22 23 156 31 12 27 154 71 153 72 152 72 153 72 152 73 151 73 151 74 151 73 151 74 150 75 149 75 150 75 149 75 149 76 148 76 147 78 146 78 146 79 144 80 144 80 144 81 142 82 141 83 141 84 139 85 138 86 137 88 135 89 134 90 134 90 133 92 132 92 131 93 130 95 129 95 128 96 127 97 126 99 123 101 120 45 3 56 117 46 7 54 113 49 9 54 110 50 10 54 109 51 11 53 108 51 12 53 107 51 13 54 106 50 14 54 105 51 14 54 105 50 15 54 106 48 16 55 105 48 16 55 107 45 17 55 110 41 18 55 112 39 18 55 115 35 19 55 116 33 21 54 117 31 22 54 118 29 24 53 118 28 25 53 119 25 28 51 120 24 29 50 121 23 31 47 123 23 31 45 126 21 33 42 128 20 34 40 130 19 35 38 133 17 36 36 136 15 37 35 138 13 36 35 141 10 24 49 144 4 26 49 174 49 175 48 175 48 176 47 177 46 179 44 180 42 182 41 184 39 186 37 187 36 189 34 190 33 192 30 195 18 209 6 7473
1555 6 216 10 213 12 211 13 211 14 209 16 207 18 206 18 205 20 204 20 203 21 203 21 158 3 41 22 156 8 37 23 155 11 35 23 154 14 32 24 153 16 30 25 153 17 27 27 153 19 19 33 153 21 12 38 153 23 6 42 153 70 154 70 154 70 155 69 155 69 155 69 155 68 156 68 157 67 157 67 158 67 157 67 158 67 157 67 158 66 158 66 159 65 159 65 160 64 160 64 161 63 161 63 162 62 162 62 162 62 162 62 163 61 163 61 163 61 163 61 163 60 164 60 164 59 165 59 165 58 167 57 167 57 167 56 168 56 168 56 168 56 168 56 167 57 167 56 167 57 167 57 166 58 165 59 164 60 163 61 161 64 158 66 155 69 152 72 150 74 147 78 144 80 141 83 138 87 135 90 131 93 129 96 126 98 124 100 123 101 121 103 119 105 118 106 117 107 115 109 114 110 113 111 111 113 110 114 109 115 108 116 107 117 106 118 105 119 104 120 103 121 102 122 101 122 101 123 100 123 100 124 99 124 100 123 100 124 99 124 99 125 98 125 99 125 98 125 98 126 97 126 98 125 98 126 97 126 98 125 98 125 98 126 98 125 98 125 99 124 99 125 98 125 99 124 99 124 100 123 100 123 101 122 101 123 101 122 101 122 102 122 102 121 102 121 103 121 103 120 103 121 103 121 102 121 103 121 103 121 103 121 103 120 104 120 103 121 103 121 103 121 103 121 103 121 102 122 102 122 102 122 102 121 102 122 102 122 48 23 30 123 44 29 27 124 41 34 25 124 39 36 24 125 37 39 22 126 36 40 21 126 36 41 20 127 35 42 18 129 35 43 15 131 34 44 13 133 34 47 5 138 34 190 34 190 34 190 34 190 34 161 2 27 34 160 4 26 34 160 5 25 35 159 6 25 35 158 7 24 36 157 7 24 38 155 8 24 39 152 9 24 43 148 10 23 48 142 11 24 52 137 12 24 56 131 13 25 65 119 15 26 70 110 19 26 83 89 26 27 96 73 29 27 98 70 29 27 100 67 30 28 100 66 31 27 101 65 31 28 102 63 32 27 103 62 32 28 105 59 33 27 109 55 33 28 115 47 35 27 122 39 36 28 130 29 37 28 141 13 43 27 197 27 198 26 199 25 200 23 202 22 204 19 209 13 1812
14200 6 216 10 212 13 210 15 208 17 206 18 205 20 31 2 171 20 28 7 168 22 25 10 166 24 22 12 166 24 21 14 164 27 17 16 164 30 11 19 163 61 163 61 162 61 162 62 162 62 161 63 160 64 159 65 159 64 159 65 159 65 158 66 157 67 157 67 156 68 156 68 155 69 154 71 153 71 152 72 151 74 149 75 149 75 148 77 146 78 146 79 144 80 143 83 141 84 139 88 136 93 131 98 125 102 122 106 118 110 114 114 109 117 107 118 106 119 105 120 104 121 103 121 103 121 103 122 102 122 102 122 102 123 101 123 101 123 101 124 99 125 99 126 98 127 97 127 97 128 96 129 95 130 93 132 92 133 91 133 91 134 90 135 89 136 88 136 88 137 87 138 86 138 86 139 85 139 85 140 84 140 84 141 83 141 83 142 82 142 82 143 81 143 82 143 81 144 80 144 80 144 81 142 82 141 84 138 86 136 89 132 92 128 96 124 101 117 108 111 114 103 122 96 130 90 134 80 145 68 156 66 159 61 163 58 166 56 167 55 169 53 172 51 173 50 176 47 180 43 184 38 192 30 207 12 9080
124 19 204 21 202 23 140 8 53 23 138 13 49 24 138 15 46 26 136 18 44 26 136 19 43 26 136 21 40 27 136 22 39 28 135 23 37 29 135 24 36 29 135 25 35 29 135 26 33 30 135 27 32 31 134 28 31 31 134 28 30 32 134 29 29 32 134 29 29 32 134 30 27 33 134 30 27 33 134 31 26 33 134 32 24 34 134 32 24 34 134 33 23 34 134 34 21 35 134 34 21 35 134 35 20 35 134 36 18 36 134 36 18 36 134 37 17 36 134 37 16 37 134 38 15 37 133 39 14 38 133 40 12 39 133 41 8 42 133 43 2 46 133 92 133 91 133 90 134 90 134 90 134 90 134 90 134 90 134 90 134 89 136 88 136 87 137 87 137 87 137 86 138 86 139 85 139 84 140 84 140 83 142 82 142 82 142 82 141 83 141 83 141 84 140 84 139 85 138 86 138 86 137 87 136 88 136 88 135 89 135 89 134 90 134 89 135 89 134 90 134 89 135 89 134 90 134 91 133 91 133 91 133 91 133 91 133 91 132 92 132 92 132 92 132 92 132 91 133 91 133 91 133 90 134 90 134 90 134 89 135 89 135 89 135 89 135 89 136 87 137 87 137 87 138 85 139 85 139 85 140 84 140 83 141 83 142 82 142 82 143 81 143 81 144 80 145 79 145 79 146 78 146 78 147 77 148 76 149 76 148 76 149 76 148 77 148 3 2 71 148 2 4 71 148 1 5 71 154 70 156 69 157 67 159 65 160 65 160 66 148 2 11 25 3 18 3 16 145 3 13 15 13 14 5 17 145 2 14 11 17 10 7 20 161 3 40 25 198 28 195 15 1 14 193 15 3 13 192 16 4 13 190 17 4 13 189 18 4 13 148 2 2 6 30 19 5 13 146 12 27 20 6 12 118 3 26 12 26 21 6 12 118 4 25 13 24 22 6 12 119 5 22 14 22 24 6 11 120 6 20 17 12 31 8 10 120 8 17 21 3 37 15 1 123 8 14 62 140 10 10 64 140 13 4 66 141 44 3 36 24 2 116 39 12 31 24 3 115 37 17 27 24 5 114 35 22 24 24 6 113 34 25 22 24 8 111 33 27 21 23 10 110 33 28 20 23 11 109 32 29 20 23 14 106 31 31 18 24 17 103 30 32 18 24 19 101 29 34 17 24 21 99 27 36 17 24 23 98 24 39 17 23 24 97 22 41 17 23 25 96 21 42 17 23 25 97 20 42 17 23 25 97 20 43 16 23 25 97 19 44 16 23 25 98 18 44 17 22 25 98 18 44 17 23 23 99 18 45 16 24 22 100 17 45 17 26 18 101 17 45 17 29 14 103 16 46 17 36 5 104 17 45 17 145 17 45 18 144 17 45 19 144 16 45 19 144 17 45 19 143 17 45 20 142 17 45 21 142 17 44 22 141 17 45 22 140 17 45 23 139 17 45 24 138 17 46 23 138 18 45 24 137 18 46 23 137 18 47 22 137 18 48 21 137 18 50 18 137 19 53 14 138 19 55 11 139 19 204 20 204 20 203 21 203 21 202 22 201 23 201 23 200 23 201 23 200 24 200 23 200 24 200 24 200 23 201 23 201 22 202 22 202 21 204 19 205 18 207 16 209 14 213 8 1050
4632 5 216 11 211 15 207 18 205 20 49 5 149 21 46 9 147 23 43 12 145 25 39 15 144 26 35 19 143 28 31 22 143 28 28 25 142 30 26 25 143 31 23 27 142 33 20 28 143 34 17 30 142 36 14 31 143 37 10 33 143 40 5 36 143 80 143 81 143 80 143 80 144 79 144 80 143 80 143 81 143 80 143 81 143 81 142 82 142 81 142 82 142 82 142 82 141 83 141 83 141 83 141 83 140 83 141 83 141 83 140 84 140 84 140 84 140 84 139 85 139 85 139 86 137 87 137 87 136 89 135 89 134 90 134 91 132 92 131 93 130 94 129 96 127 97 126 98 124 100 123 101 121 103 119 105 118 106 116 108 115 109 114 110 113 111 112 112 111 112 111 113 110 114 109 115 108 116 107 116 107 117 107 117 106 118 105 119 104 120 103 121 103 121 102 122 102 122 101 123 100 124 100 123 100 124 100 124 99 124 99 124 100 123 100 123 100 123 99 124 99 123 99 123 100 123 99 123 99 123 99 124 99 123 99 123 99 123 99 124 99 124 98 126 97 126 96 128 95 129 93 131 92 131 91 133 90 134 89 135 89 135 88 136 87 137 87 137 86 138 85 139 84 140 83 141 83 141 82 142 81 143 80 144 80 144 79 145 78 146 77 147 77 147 76 148 75 148 75 149 74 150 74 150 73 150 73 151 72 151 73 151 72 151 72 152 72 151 72 152 72 151 72 151 72 152 72 151 72 151 72 152 72 151 72 151 73 151 72 151 73 151 72 151 72 152 72 151 72 151 72 152 72 151 72 152 71 152 72 152 71 153 70 153 71 153 70 154 69 154 70 154 69 155 68 155 69 155 68 156 67 156 68 156 67 157 67 157 66 157 66 158 65 159 64 160 65 158 67 157 70 154 74 149 79 145 83 141 93 131 97 127 102 122 106 117 113 111 118 107 122 102 126 98 132 92 137 88 139 86 140 84 142 83 144 79 63
1490 5 218 7 216 9 214 10 213 11 212 13 210 14 209 15 209 15 208 16 207 17 206 18 205 19 205 19 204 20 203 20 204 20 203 21 202 22 201 23 200 24 199 25 198 26 197 27 195 29 194 30 191 33 188 36 184 40 181 43 178 47 175 49 173 51 171 54 168 57 166 59 160 66 155 71 151 75 148 77 146 79 145 80 143 81 143 82 141 83 141 83 141 83 140 85 139 85 139 85 138 86 138 86 137 87 137 88 135 89 135 89 134 91 133 91 133 91 132 93 130 94 130 95 128 96 128 96 128 96 127 98 126 98 125 99 125 99 124 100 124 100 123 101 123 101 123 101 122 102 122 102 121 103 121 103 121 103 121 103 120 105 119 105 119 105 118 107 117 108 116 109 115 110 114 110 114 112 111 114 110 115 109 116 108 118 106 119 105 121 103 123 101 126 98 129 95 131 93 134 90 137 87 139 85 139 85 139 85 138 86 137 87 137 88 135 89 135 88 136 88 136 88 135 89 135 89 134 90 134 90 133 91 132 92 131 93 130 94 129 95 128 96 127 97 125 99 123 101 122 103 119 105 117 107 115 109 114 110 112 112 111 114 108 116 106 118 105 120 102 122 100 124 99 126 97 127 96 128 96 129 94 130 94 130 93 132 92 132 92 132 91 134 90 134 90 135 88 136 88 137 87 138 86 138 85 140 84 141 83 141 83 142 82 143 81 144 80 145 42 13 23 148 37 18 21 149 32 23 20 150 29 26 19 151 26 29 19 150 25 30 19 151 23 32 18 151 23 32 18 152 21 33 18 152 21 34 17 153 20 34 17 153 20 34 18 153 19 35 17 153 19 35 17 153 19 35 17 154 18 35 17 154 17 37 16 155 16 37 17 154 16 37 17 154 16 37 17 154 16 37 17 154 16 38 16 153 17 38 16 153 17 38 16 152 18 38 16 152 18 38 16 151 18 40 15 150 19 40 15 150 19 41 13 150 20 41 13 149 20 43 12 149 20 44 10 149 21 45 9 149 21 46 7 149 21 203 21 203 20 204 20 204 19 205 18 206 18 206 17 207 16 208 16 209 13 211 12 213 9 217 5 2593
18539 5 217 9 30 4 180 12 25 9 178 13 22 12 177 14 20 14 176 15 17 16 176 16 15 17 176 18 11 19 176 48 176 48 176 48 176 48 176 48 176 48 177 46 178 46 178 46 178 46 179 44 180 44 180 44 180 43 181 43 182 41 183 41 183 41 182 42 182 42 181 42 182 42 180 44 178 45 145 15 16 48 134 90 121 103 98 10 5 110 95 129 91 133 88 136 86 138 83 141 81 143 79 145 78 146 77 147 76 148 75 149 74 150 74 150 73 151 72 152 71 153 70 154 69 155 68 156 67 157 66 157 66 158 65 159 64 160 62 161 61 163 57 166 54 169 50 173 46 178 36 187 34 190 33 190 33 191 32 192 32 192 31 193 31 193 31 193 31 193 31 90 43 60 31 86 52 55 32 25 9 48 64 46 32 21 14 43 79 35 33 17 18 39 90 26 35 14 20 37 99 19 37 10 23 35 104 13 73 33 192 32 193 30 197 25 12466
9920 17 204 24 198 28 195 31 191 34 189 37 187 38 185 40 183 42 181 44 180 45 178 46 178 47 176 48 176 49 174 51 172 52 171 54 170 54 169 56 168 56 167 58 166 59 165 59 164 62 162 63 161 64 160 65 159 66 157 67 157 68 156 69 155 70 154 72 152 75 148 81 143 84 140 86 137 88 136 90 133 92 132 93 131 94 129 96 128 97 127 98 126 99 125 100 124 101 123 102 122 103 121 104 120 105 119 106 118 107 117 107 117 108 116 109 115 110 114 110 114 111 113 112 112 112 112 113 111 113 111 113 111 114 109 115 109 115 109 115 109 116 107 117 107 118 106 118 105 119 105 120 104 120 104 121 102 122 102 123 101 124 100 124 100 125 99 126 99 126 99 126 99 126 98 126 99 126 99 125 99 125 100 124 100 124 101 124 100 124 100 124 101 123 102 122 104 121 105 119 107 116 109 115 110 114 110 114 111 112 112 112 112 112 113 111 113 111 113 111 113 111 113 111 113 111 113 110 114 110 114 109 115 109 115 108 116 108 116 108 116 107 117 106 117 107 117 107 117 106 118 106 117 107 117 106 118 33 5 68 117 32 8 67 117 31 10 65 117 29 13 65 117 28 15 64 116 28 16 64 116 27 17 64 116 26 18 38 1 25 115 27 18 31 11 23 114 26 19 29 13 23 114 26 19 28 14 23 114 26 19 28 14 23 114 26 19 27 15 23 113 27 19 27 15 23 113 27 19 27 15 24 112 27 19 27 15 24 112 27 19 27 15 24 111 28 19 27 15 25 111 27 19 27 15 25 111 27 19 27 15 25 112 26 19 27 15 26 112 25 19 26 17 25 112 25 19 26 17 25 112 24 20 26 17 25 113 23 20 26 18 24 113 23 19 27 21 20 115 22 19 27 31 6 120 20 20 27 159 17 21 26 165 10 23 26 198 26 198 26 197 27 197 26 198 26 198 25 200 24 200 23 201 23 202 22 203 20 206 18 208 15 212 11 216 7 220 3 1458
10614 5 217 9 214 11 213 12 212 13 56 7 147 15 53 10 146 16 51 12 145 17 49 13 145 18 47 15 144 18 47 15 144 19 45 16 144 20 43 17 144 20 43 17 144 21 41 18 144 21 41 18 144 22 39 19 144 22 39 19 144 23 37 20 144 24 36 20 144 25 34 20 145 26 32 21 145 27 30 22 145 28 28 23 145 30 25 24 145 33 19 26 146 40 6 32 146 78 146 78 146 78 146 77 147 77 147 77 147 77 147 76 149 75 149 75 150 73 151 73 151 73 152 72 153 70 154 70 155 68 156 68 157 66 159 64 160 64 161 62 162 62 162 61 163 61 164 60 164 60 164 59 165 59 165 59 165 59 165 59 165 59 165 59 165 59 165 59 165 59 165 59 165 59 165 59 165 59 165 59 166 58 166 58 166 58 166 58 166 57 167 57 167 57 167 57 167 57 167 57 167 57 167 57 167 57 167 57 167 57 166 58 166 58 166 58 166 58 166 58 166 58 166 58 166 58 165 59 165 59 165 58 165 59 165 59 164 60 163 61 162 62 162 61 162 62 162 62 161 63 161 63 161 63 161 63 160 64 160 64 160 65 158 66 158 66 158 66 158 67 156 68 156 68 156 68 155 70 154 70 154 70 153 71 153 71 152 73 151 73 150 74 150 74 149 75 149 75 149 75 148 76 148 76 147 77 147 77 147 77 146 78 146 78 146 78 145 79 145 79 145 79 144 80 144 80 144 80 144 80 144 80 144 80 144 80 145 79 145 79 145 79 145 79 145 80 144 80 144 80 143 81 142 83 141 83 140 84 139 85 138 86 137 87 136 88 135 90 133 91 132 92 132 92 131 93 131 93 131 93 131 93 131 92 132 92 132 92 132 91 133 91 133 90 135 89 135 50 4 34 74
18033 28 194 31 192 34 188 37 187 38 185 40 183 42 181 44 179 46 178 47 176 48 175 50 174 50 173 52 172 52 171 53 171 54 170 54 169 55 169 55 169 55 168 57 167 57 167 57 167 58 166 58 166 58 165 59 165 59 165 59 165 59 165 59 165 59 164 60 164 60 164 60 164 60 164 60 164 60 164 60 165 59 165 58 166 58 166 58 166 58 167 57 167 57 167 57 167 57 168 56 168 56 168 56 169 55 169 55 169 55 169 55 170 54 170 54 170 54 170 54 171 15 6 32 171 14 8 31 171 13 9 31 171 13 9 31 171 12 11 30 171 12 11 29 172 12 11 29 172 12 12 28 172 11 13 27 173 11 14 26 173 10 17 24 173 10 17 23 174 9 19 22 174 9 20 21 175 8 20 20 176 8 21 19 176 7 22 19 175 8 22 18 176 8 23 17 176 8 23 16 177 8 23 16 177 8 23 15 178 8 23 14 179 8 23 13 180 8 24 12 180 8 24 12 179 9 24 11 180 9 24 11 180 9 24 11 180 8 25 11 180 8 25 12 178 8 26 12 178 8 26 12 178 8 26 12 178 7 28 11 178 7 28 11 179 4 30 11 213 11 213 11 213 11 213 11 213 11 213 11 213 11 213 11 214 9 215 8 216 7 219 2 7924
104 5 217 9 215 10 213 12 212 14 209 16 208 18 206 19 57 4 144 21 51 10 142 23 47 13 141 25 43 16 141 27 38 19 140 40 23 21 140 45 16 23 140 84 140 84 141 83 141 83 141 83 141 82 142 82 142 82 143 80 144 80 144 79 145 79 145 79 145 78 145 79 145 79 145 78 146 78 145 79 145 79 144 80 144 79 145 79 144 80 144 81 142 82 142 82 142 82 141 83 141 84 140 84 139 85 139 86 137 87 137 87 136 88 136 88 135 89 134 90 134 90 133 91 132 92 132 92 131 92 131 93 130 94 130 94 129 95 128 95 128 96 127 97 125 99 124 99 123 101 122 101 121 103 120 104 119 104 118 106 117 107 116 107 115 109 114 110 113 110 112 112 111 113 110 114 109 114 109 115 108 116 107 117 106 118 105 119 105 119 104 120 103 121 102 122 101 123 100 124 100 124 99 125 98 126 98 126 97 127 97 127 96 127 97 127 96 128 96 128 95 128 96 128 95 129 95 128 95 129 95 129 94 129 94 130 94 129 94 130 94 130 93 130 93 131 93 131 92 131 93 131 92 131 92 132 92 131 92 132 92 131 92 132 91 133 91 132 91 133 91 133 90 133 91 133 90 133 91 133 90 133 91 133 91 132 91 133 91 132 92 132 91 132 92 132 92 131 93 131 92 131 93 131 93 131 93 130 94 130 94 130 94 129 94 130 94 130 94 129 95 129 95 129 95 128 96 128 96 127 97 127 97 127 97 126 99 125 99 124 100 124 100 124 100 123 101 123 101 123 101 122 103 121 103 121 103 120 104 120 105 119 105 119 105 118 106 118 106 117 107 117 107 116 108 116 108 116 108 116 108 116 108 116 108 117 107 117 107 117 107 118 106 118 106 118 106 118 106 118 106 118 106 117 108 116 109 46 6 62 113 39 12 60 121 27 17 58 167 55 169 54 171 52 172 52 172 51 174 50 174 50 174 50 175 49 175 50 175 49 175 49 176 48 176 48 177 48 177 47 177 47 178 46 178 46 179 45 180 44 181 43 181 42 183 41 184 39 88
4568 2 215 19 202 27 194 34 188 37 185 41 182 43 179 46 177 48 175 50 173 52 170 55 168 57 166 59 164 60 162 63 160 64 160 65 158 66 157 68 156 68 156 68 156 67 157 67 157 66 158 65 159 64 160 63 161 63 161 63 162 62 162 62 162 62 30 20 113 61 27 25 111 61 23 31 110 61 19 36 108 61 17 43 104 60 16 49 99 61 13 52 99 60 12 55 97 61 10 56 98 65 3 59 97 127 98 126 99 126 99 125 100 124 102 3 3 116 110 114 111 114 111 113 112 112 112 113 112 112 112 112 112 112 112 112 113 111 113 111 113 111 113 111 113 111 113 111 113 111 114 110 114 110 114 110 113 111 113 110 114 110 114 110 113 111 113 111 113 110 114 110 113 111 113 111 113 111 113 111 113 111 113 111 113 110 114 110 114 110 114 110 114 110 114 110 114 110 114 110 114 110 114 110 114 109 116 108 116 108 116 108 116 108 117 107 117 106 118 106 118 106 118 106 118 106 119 105 119 105 119 105 119 105 120 105 119 105 120 104 120 104 121 104 120 104 120 104 120 50 3 51 121 47 7 49 121 46 9 48 121 18 3 24 10 49 120 18 4 23 11 48 120 17 6 22 12 24 7 16 120 17 6 22 12 23 9 15 120 17 7 21 13 22 10 14 120 16 8 20 14 21 11 14 120 16 9 19 14 21 12 13 120 17 8 19 15 20 12 14 119 17 8 19 16 19 13 13 120 16 8 19 17 19 12 13 120 16 9 18 18 18 12 14 119 16 9 18 18 18 12 14 119 15 11 17 19 17 13 13 119 15 11 17 19 17 13 13 119 15 11 17 19 18 12 13 119 15 11 17 20 17 12 13 119 15 11 17 20 17 12 14 118 15 11 17 20 17 12 14 119 14 11 17 20 17 12 14 119 14 12 16 20 17 12 14 119 13 13 16 19 17 14 13 119 13 13 16 19 17 14 13 119 13 13 16 19 17 14 13 120 12 13 16 19 17 14 13 120 12 13 16 19 17 14 13 120 12 13 16 18 17 16 12 120 12 13 16 18 17 16 12 120 12 13 15 19 17 16 12 120 11 14 15 19 17 17 11 120 11 14 15 19 16 18 11 120 10 15 15 19 16 18 11 120 10 15 15 19 16 18 11 120 10 15 15 19 15 20 9 121 10 15 15 18 16 20 9 121 10 15 15 18 16 20 8 122 10 15 15 18 16 21 6 123 10 15 15 17 16 24 3 124 10 15 15 17 16 151 10 15 15 17 16 151 10 15 15 17 15 153 8 16 15 16 16 153 8 16 15 17 14 154 8 16 15 17 13 155 7 16 16 17 11 157 7 16 16 19 6 161 6 16 16 186 6 16 16 186 6 16 16 187 5 16 16 188 4 15 17 188 4 15 17 189 3 15 18 205 19 205 19 189 2 13 20 189 3 12 20 204 20 204 20 204 20 204 20 204 20 204 20 204 20 204 19 206 18 206 18 206 18 206 18 206 18 206 17 207 17 208 15 209 14 211 12 216 5 3015
6834 6 201 27 185 42 176 51 160 67 154 72 149 77 145 81 141 86 136 92 130 98 125 102 120 106 116 109 112 113 109 115 107 118 104 121 101 124 99 125 98 127 95 130 93 132 91 134 89 136 8 9 70 157 65 162 61 164 59 166 57 168 55 169 54 171 52 172 50 175 48 176 47 178 44 180 43 182 40 184 39 185 37 188 35 189 34 191 32 193 30 194 30 195 28 197 27 197 27 198 26 198 27 197 27 197 27 198 27 197 27 197 27 198 27 197 27 198 26 198 26 199 26 199 25 199 26 199 25 200 24 201 24 201 23 201 23 202 23 202 22 202 22 203 22 202 22 203 21 204 21 203 21 204 21 203 21 204 21 203 21 204 21 203 21 204 21 203 21 204 21 203 21 204 20 205 20 204 20 205 20 204 20 204 20 205 20 204 20 204 21 203 21 203 21 203 22 202 22 202 23 201 23 201 23 201 24 200 24 200 24 200 25 199 25 199 25 199 26 198 26 198 26 198 26 198 27 197 27 197 27 197 27 197 28 196 28 196 28 196 28 196 28 196 29 195 29 195 29 195 29 194 30 194 31 193 31 174 11 5 34 173 52 172 52 171 53 171 54 170 54 170 55 169 56 168 57 167 58 166 59 165 62 162 65 159 71 21 6 125 76 15 10 123 78 11 13 121 81 7 16 119 107 117 109 113 116 107 127 3 10 84 143 80 146 77 149 75 152 71 155 69 157 66 160 64 161 63 163 60 167 42 2 12 179 28 8 9 183 22 12 6 185 18 208 13 212 8 217 5 6561
83 12 211 14 209 15 209 16 207 18 206 18 206 19 30 2 173 20 27 6 170 21 25 8 170 22 23 10 169 22 21 12 168 24 19 13 168 25 17 14 168 26 14 17 167 28 10 19 166 58 166 58 165 59 165 59 165 59 164 60 164 60 164 60 163 61 163 61 162 63 161 63 160 64 160 64 159 65 159 66 157 67 157 67 156 68 155 69 155 70 153 71 153 71 152 72 152 72 152 72 151 74 150 74 150 74 149 76 148 76 148 76 147 77 147 77 147 77 146 78 146 78 145 79 145 80 143 81 143 81 142 82 141 83 141 83 140 84 140 84 139 85 138 86 138 87 136 88 135 89 134 90 134 90 133 91 132 92 132 92 131 92 132 92 131 93 131 93 130 93 131 93 131 93 130 94 130 94 130 94 129 95 129 95 129 96 127 97 127 97 127 98 125 100 124 100 123 102 121 103 121 104 119 105 119 106 117 107 117 108 116 108 115 109 115 109 115 110 114 110 114 110 114 110 114 110 114 110 114 110 115 110 114 110 114 110 113 112 112 112 112 112 111 113 111 114 109 115 108 116 107 117 107 117 106 118 105 120 103 121 102 122 101 123 100 124 99 125 98 125 98 126 96 127 96 128 94 129 94 129 29 12 52 131 25 20 47 132 21 27 42 135 15 35 37 140 6 43 33 193 29 197 24 201 21 205 17 208 15 211 13 212 12 213 11 214 10 214 10 215 9 215 9 215 9 215 9 216 8 216 8 217 7 217 7 218 6 219 5 220 4 221 3 222 2 223 1 223 1 223 1 222 2 221 3 198 9 12 5 197 13 7 7 196 28 196 28 195 29 194 30 192 32 191 33 189 35 188 36 186 38 185 39 183 41 176 48 171 53 170 54 168 56 167 57 166 58 165 59 164 60 163 61 162 62 162 62 161 63 161 63 161 63 161 63 161 63 160 64 160 64 161 63 161 63 161 63 161 63 161 63 161 63 161 63 161 63 161 63 161 64 160 67 157 71 153 75 148 81 143 85 21 11 106 91 14 15 102 98 6 20 98 127 77 10 7 131 73 152 70 156 66 159 64 163 59 167 56 170 54 171 52 172 51 174 50 175 48 103
782 8 215 11 212 14 209 16 208 17 206 19 205 20 204 21 59 9 135 22 55 13 134 23 52 16 133 24 49 18 133 25 46 20 133 26 44 22 132 26 42 24 132 27 40 25 132 28 38 26 132 28 37 27 132 29 34 29 132 30 32 29 133 30 31 30 133 31 29 31 133 32 27 32 133 33 25 33 134 36 19 34 135 46 6 37 135 89 135 88 136 88 136 88 136 87 137 87 137 86 88 1 49 86 85 8 45 85 86 11 42 85 85 13 41 84 86 14 40 84 85 16 39 84 85 16 40 82 85 17 40 82 51 9 24 19 39 82 49 14 20 20 39 82 49 16 17 21 39 81 49 19 9 27 39 81 49 55 39 81 49 55 39 80 50 55 39 80 50 56 38 80 50 56 38 79 51 56 38 79 51 56 38 79 51 56 38 79 51 57 37 79 51 57 37 79 51 58 36 79 51 58 36 79 51 59 34 80 51 59 34 80 52 58 34 80 52 58 34 80 51 60 33 80 51 60 33 80 51 60 32 81 51 60 32 81 51 60 32 80 52 60 32 80 52 60 32 80 52 60 31 81 53 58 32 81 53 57 32 83 53 56 32 83 54 54 33 83 55 51 35 84 55 48 37 85 54 46 38 87 54 42 41 97 44 40 43 98 43 38 45 100 42 33 49 103 39 27 55 105 37 25 57 115 28 21 60 117 26 19 62 120 24 16 64 120 24 13 66 122 24 9 69 122 25 6 71 122 26 2 73 123 100 124 99 125 98 126 97 127 96 128 96 128 95 129 94 130 94 130 93 131 93 131 93 131 93 131 93 131 93 131 93 131 93 131 93 131 93 131 93 131 93 131 92 132 92 132 92 132 92 132 92 132 92 132 92 132 92 132 93 131 93 131 93 131 93 131 93 131 93 131 94 130 94 130 94 130 94 130 94 130 95 129 95 129 95 129 95 129 96 128 96 128 96 128 97 127 97 127 98 126 98 126 98 126 99 125 99 125 99 125 100 124 100 124 101 123 101 123 101 123 102 122 102 122 102 122 102 122 103 121 103 121 103 121 104 120 104 120 104 120 104 120 105 119 105 119 105 119 106 118 106 118 106 118 107 117 107 117 107 117 108 116 108 116 109 115 109 115 109 115 110 114 110 114 110 114 111 113 111 113 112 112 112 112 112 112 113 111 113 110 114 110 115 107 117 106 118 105 119 104 120 104 120 103 121 103 121 103 121 103 122 101 123 101 123 101 123 102 122 43 5 54 122 40 18 44 123 38 24 39 123 37 27 37 123 36 28 38 123 35 29 37 123 35 30 36 124 34 30 37 123 34 30 37 123 34 31 36 124 32 32 37 123 32 32 36 124 32 33 35 125 31 33 35 125 30 34 35 125 30 34 35 125 30 34 35 125 30 34 35 125 30 34 35 125 30 34 36 124 30 34 36 124 29 36 34 126 28 36 34 126 28 36 34 5
15979 11 205 21 199 27 194 31 191 34 187 39 184 41 182 44 179 46 177 48 176 50 173 52 172 53 170 55 169 56 167 57 167 58 166 58 165 60 163 61 162 62 161 64 159 65 157 67 156 68 155 69 155 69 154 70 154 70 154 70 154 70 153 71 153 71 152 73 151 73 150 74 150 75 149 75 148 77 146 79 145 80 142 82 142 83 140 85 138 87 136 89 134 91 132 92 132 93 131 94 129 96 128 96 127 98 126 98 125 100 124 100 123 101 122 102 121 104 119 105 118 106 117 107 116 108 116 108 115 108 116 108 116 108 115 109 115 108 116 108 115 109 115 108 116 108 116 107 117 107 117 106 117 106 118 105 119 104 119 104 120 103 121 103 120 104 120 103 120 104 120 103 121 103 120 104 120 104 119 104 120 104 120 103 120 102 122 101 122 99 125 95 128 90 133 90 133 90 133 91 133 90 133 91 133 91 133 91 133 91 133 91 133 91 133 90 134 90 134 90 134 90 134 90 134 90 134 90 134 89 135 89 135 89 135 89 135 89 135 89 135 89 135 89 135 89 135 89 135 89 135 89 135 89 135 89 135 88 136 88 136 88 136 88 136 88 136 88 136 88 136 88 136 89 135 89 135 89 135 89 135 89 135 89 135 90 134 90 134 90 134 90 134 90 134 91 133 90 134 90 134 90 134 90 134 90 134
5990 12 209 18 203 25 196 30 192 34 189 37 186 40 183 42 181 44 179 45 179 46 177 48 175 50 173 52 171 54 168 56 165 60 162 63 160 65 157 67 156 69 155 70 153 71 153 71 152 73 151 73 150 74 150 75 149 75 148 76 148 76 148 76 147 77 147 77 146 78 146 79 144 80 144 80 143 81 143 81 142 82 142 82 142 82 141 83 141 83 141 82 142 82 141 83 141 83 141 83 141 83 140 84 139 85 138 86 137 87 133 91 130 94 128 97 125 99 122 102 120 104 117 107 114 110 111 113 96 128 89 135 84 140 82 142 79 145 78 146 76 148 74 150 72 153 70 154 68 156 66 158 64 160 62 163 59 165 57 167 54 170 53 171 51 173 50 175 48 176 46 178 45 179 44 181 42 182 40 184 40 184 39 185 38 187 36 188 36 188 35 189 35 189 34 190 34 190 33 191 33 191 32 192 32 191 33 163 2 26 33 161 6 24 32 161 8 22 33 161 10 20 33 160 13 17 33 160 15 15 33 160 18 10 35 160 23 1 39 161 61 162 58 165 54 170 51 172 51 172 51 173 51 171 53 170 55 168 59 164 62 160 68 155 73 149 77 146 79 144 81 141 84 139 86 137 88 136 89 134 91 132 94 129 96 128 97 82 9 35 100 78 14 31 102 77 15 30 103 75 17 28 105 73 18 27 107 72 18 27 109 70 18 26 112 67 19 25 117 63 19 25 120 60 19 24 123 57 20 24 124 56 20 23 127 53 21 22 129 52 21 22 130 50 22 22 132 47 23 22 133 45 24 22 134 43 25 23 134 41 26 24 135 39 26 26 135 37 25 29 137 34 24 30 138 32 24 32 137 32 23 32 137 33 22 33 137 33 21 33 137 34 20 33 137 34 21 32 138 34 21 30 139 34 22 28 141 32 25 25 142 32 28 21 144 30 35 13 148 26 200 22 208 10 6181
4600 17 202 24 196 30 192 33 189 37 186 39 183 43 179 47 175 53 170 56 166 60 162 65 158 68 154 76 147 82 140 86 136 89 134 92 130 95 127 99 124 101 122 103 120 105 119 105 118 107 117 107 117 107 117 108 116 108 116 109 115 109 115 109 115 110 114 110 114 110 114 111 113 111 113 111 113 112 112 112 111 113 111 113 111 114 109 115 109 115 109 116 108 116 108 116 108 116 109 115 109 116 108 116 109 115 109 115 110 114 110 114 111 113 111 113 112 112 112 112 113 111 113 111 114 110 114 109 115 109 116 108 116 107 117 107 117 107 117 107 118 105 119 105 119 104 120 104 120 103 121 101 123 100 124 98 127 96 128 95 129 94 130 94 130 94 130 93 131 93 131 93 131 93 131 93 132 92 132 92 132 92 132 92 132 91 133 91 133 91 133 91 133 91 133 91 133 90 135 89 135 89 135 89 135 88 136 88 137 87 137 86 138 86 138 85 139 85 139 84 140 84 140 83 141 83 141 82 142 82 142 82 142 82 142 81 143 81 143 81 143 81 143 81 143 80 144 80 144 80 144 79 145 79 145 79 145 78 146 78 146 78 146 77 147 77 147 77 147 77 147 77 147 76 148 76 148 76 148 76 148 76 148 75 149 75 149 75 149 75 149 75 149 75 149 74 150 74 151 73 151 34 1 38 151 32 4 36 152 32 4 36 152 31 6 35 152 31 7 34 153 29 8 34 153 29 9 32 154 29 9 32 154 29 9 31 155 29 9 31 156 27 10 31 156 27 10 30 157 27 10 30 157 27 10 29 158 27 10 29 158 27 10 29 159 26 9 29 160 27 8 29 160 27 8 29 160 27 7 29 161 27 7 29 161 28 5 30 161 28 4 31 161 62 162 62 162 62 162 61 163 61 163 61 163 60 164 60 163 60 164 60 165 59 165 58 166 58 166 28 2 27 168 25 5 26 168 24 7 24 170 22 9 22 172 19 13 19 174 16 17 16 178 11 21 12 215 7 2322
117 9 213 12 212 13 210 14 210 15 208 17 207 17 207 18 205 19 205 20 204 20 203 21 203 21 203 22 202 22 202 22 202 22 202 22 201 24 200 24 200 24 200 24 199 26 198 26 198 26 198 26 155 10 33 26 154 14 30 27 152 17 27 28 152 19 25 28 152 21 22 29 152 23 19 30 152 25 15 32 152 28 9 35 152 72 152 72 152 72 152 72 152 72 153 71 153 71 154 69 155 69 156 68 157 66 158 66 159 65 160 64 161 63 162 61 163 61 164 60 165 59 166 58 167 57 167 57 168 57 169 55 170 54 171 53 172 52 174 50 176 48 178 46 180 45 180 44 181 43 182 43 182 42 183 41 183 42 183 42 182 42 182 43 181 44 181 43 180 45 179 46 178 46 177 48 174 50 172 53 169 55 167 58 164 60 163 61 161 64 159 65 158 67 156 68 156 68 155 70 153 71 152 72 152 73 150 74 150 74 149 75 149 75 148 77 147 77 146 78 146 78 145 79 145 80 143 81 143 81 142 82 142 82 141 83 140 84 140 85 139 85 138 86 138 86 137 86 138 86 138 86 137 87 137 87 137 86 137 87 137 87 137 87 137 86 138 86 138 86 138 86 138 85 138 86 138 86 138 86 138 86 138 85 139 85 140 84 140 84 140 84 139 85 139 85 139 85 139 84 140 84 139 85 139 85 139 84 140 84 140 84 140 84 141 83 141 82 143 81 143 81 143 81 144 79 145 79 145 79 145 79 145 78 146 78 146 78 146 77 147 77 146 78 146 78 146 78 146 77 147 77 148 76 148 76 148 75 149 75 149 75 149 75 149 75 149 75 149 74 150 74 151 73 151 73 151 73 152 71 153 71 153 71 153 71 154 70 154 70 154 70 155 69 155 70 154 70 153 72 152 74 149 79 144 82 142 83 140 85 139 86 138 86 138 87 137 87 137 87 137 87 137 87 138 86 138 86 139 85 141 82 157 65 163 59 167 53 173 47 179 39 187 33 2336
5747 3 217 9 214 11 212 13 210 14 209 16 207 17 206 18 206 18 205 19 204 20 203 21 202 22 201 23 199 26 195 29 193 32 189 35 187 38 184 42 181 44 179 47 176 49 174 51 172 53 170 54 170 55 168 57 166 58 166 59 164 61 162 63 161 63 160 65 159 66 158 67 156 70 154 73 151 76 148 81 143 84 140 85 139 86 137 88 136 89 135 89 135 90 134 90 133 91 133 91 133 90 133 91 132 91 133 91 132 91 132 91 133 90 133 89 134 89 135 87 136 87 136 87 137 86 137 86 137 87 136 87 137 86 137 87 136 87 137 87 136 87 136 87 137 87 136 87 137 87 136 87 137 87 136 88 136 88 135 89 135 89 134 90 134 91 132 92 132 93 131 94 129 96 128 96 128 97 127 98 125 99 125 100 124 101 123 102 121 103 121 65 8 31 120 63 11 31 119 61 14 31 118 45 31 10 3 18 117 41 38 2 11 15 117 38 55 15 115 35 60 14 115 33 64 12 114 33 67 9 114 33 70 7 113 33 74 2 114 33 190 33 190 33 190 34 188 35 187 36 185 39 182 41 181 42 178 45 177 47 175 48 174 50 172 52 171 53 170 54 169 55 168 55 168 56 167 57 166 58 165 59 165 60 163 61 162 63 160 65 158 66 157 68 155 69 154 71 152 73 149 75 148 77 146 79 144 81 142 90 133 94 130 96 127 101 123 111 113 121 102 132 61 4 27 136 55 7 26 140 50 9 25 142 47 11 25 147 41 11 25 156 31 12 25 161 26 12 26 162 23 13 27 162 22 13 28 163 19 14 31 163 15 16 38 157 11 17 40 158 8 18 41 159 3 21 41 183 41 183 41 183 41 182 42 180 44 179 45 177 47 176 48 175 49 173 51 171 54 168 57 144 2 18 61 141 5 15 66 138 6 12 71 134 8 10 73 132 11 3 79 131 94 129 95 128 96 127 97 126 98 124 100 124 100 123 101 122 102 122 102 122 102 121 103 120 104 120 103 120 104 120 104 119 105 119 105 119 105 118 107 117 55
115 19 202 23 200 25 198 27 195 29 192 32 189 35 186 38 183 41 178 46 175 49 113 12 28 9 9 54 108 24 14 78 105 30 8 81 103 121 102 121 102 122 101 123 101 123 100 124 99 125 99 125 99 125 99 125 99 125 99 126 98 126 99 126 98 126 99 125 99 125 100 124 101 124 100 124 101 123 102 122 102 122 102 122 103 121 103 121 103 121 104 120 104 120 104 120 105 120 104 120 105 119 105 119 106 119 105 119 106 118 107 118 106 118 107 117 107 117 108 117 107 117 108 116 108 116 109 115 110 115 109 115 110 114 110 114 110 115 109 115 110 114 110 114 110 115 109 115 109 115 109 114 110 114 110 114 110 114 110 114 110 114 110 114 110 114 110 114 110 114 110 113 112 112 112 111 113 111 114 109 115 109 115 109 115 108 117 107 117 107 117 107 118 106 118 106 118 106 119 105 119 105 120 104 121 103 122 102 123 102 123 101 123 102 123 102 122 103 122 103 121 104 120 105 119 106 118 107 117 107 117 107 117 107 117 108 116 108 116 108 116 109 115 109 114 111 113 111 113 112 112 113 111 113 110 115 109 115 109 116 108 116 108 117 106 118 106 119 105 119 104 121 103 121 102 122 102 123 100 124 99 126 98 126 98 127 97 127 97 127 97 128 95 129 95 130 94 130 94 131 93 131 93 132 92 132 92 133 91 133 91 133 91 134 90 135 89 136 88 137 87 138 86 139 85 141 83 142 82 143 80 144 80 144 80 143 80 144 80 144 80 144 80 144 80 144 80 144 80 145 79 145 79 146 78 147 77 148 75 149 75 150 74 151 73 151 73 152 72 153 71 154 70 155 69 156 68 157 67 158 66 159 65 160 65 160 64 161 63 161 63 162 62 164 60 165 60 167 57 170 54 175 49 176 48 177 47 177 47 178 46 178 46 178 46 179 45 179 44 180 44 181 43 181 43 182 42 183 41 183 40 185 39 185 39 186 38 186 38 186 38 186 38 186 39 185 40 184 41 183 41 183 42 181 44 179 7
2465 7 216 9 49 4 162 11 45 8 160 12 42 10 160 13 40 12 159 14 38 13 159 16 35 14 159 17 33 15 159 18 30 17 159 20 27 18 159 28 17 20 159 65 159 64 160 64 160 64 160 64 160 63 161 63 161 63 161 62 162 62 162 62 162 62 162 61 164 60 164 59 166 58 167 56 169 55 170 53 171 52 173 50 174 49 175 48 177 47 177 46 178 45 180 44 180 44 180 44 180 43 181 43 181 43 181 43 181 43 181 44 180 44 180 45 179 45 179 47 178 48 176 50 174 52 172 55 170 56 168 58 166 60 165 62 7 13 19 5 118 111 113 116 109 121 103 127 97 134 90 138 87 140 84 143 81 146 78 148 76 150 75 150 74 152 72 154 70 155 69 157 67 158 66 159 65 160 65 160 64 161 63 162 62 164 60 165 59 166 58 167 57 168 57 168 56 169 55 169 55 170 54 171 53 172 52 172 52 173 51 173 52 173 51 174 50 174 50 175 49 175 49 175 50 175 49 175 49 176 48 176 49 175 49 176 49 176 48 176 49 176 48 177 48 177 47 178 47 178 46 180 45 183 41 188 37 197 27 198 27 198 26 198 27 197 27 197 28 196 28 196 29 195 29 195 30 194 30 194 30 194 30 152 3 39 31 147 9 37 31 146 12 35 31 144 15 34 32 142 17 33 32 141 19 31 33 141 21 28 34 69 15 57 24 22 38 64 25 50 35 9 41 54 37 49 84 53 39 48 85 51 40 49 87 48 41 48 92 42 43 48 95 38 44 47 96 36 45 48 96 35 46 48 96 34 47 48 95 34 47 48 95 34 48 48 87 41 49 48 85 42 50 47 85 42 51 47 84 42 52 46 83 43 53 45 83 43 54 45 82 43 55 44 82 43 56 43 82 43 56 43 82 43 57 42 81 18 2 24 58 41 81 18 3 23 59 41 80 17 4 23 59 41 80 17 5 21 60 41 80 17 5 21 61 40 80 17 6 20 61 40 80 17 6 20 62 39 80 17 6 20 62 39 80 17 6 20 62 39 80 16 8 19 62 39 80 16 8 19 62 40 79 16 8 19 62 40 79 16 8 19 62 40 79 16 8 19 62 40 79 16 8 19 62 41 78 15 10 18 61 41 79 15 10 18 61 41 79 15 10 18 60 42 79 15 10 18 60 41 80 15 10 18 60 40 81 15 10 18 59 40 82 15 10 18 58 39 84 15 10 18 58 29 94 15 10 18 56 29 96 15 11 17 55 29 97 15 11 17 54 29 98 15 11 17 53 29 99 15 10 18 52 29 99 16 10 18 51 29 100 16 10 18 50 30 99 17 10 18 49 30 99 18 9 18 50 29 98 20 8 19 49 30 96 23 5 21 49 29 95 51 49 28 95 52 49 28 94 53 49 27 95 52 51 25 96 52 52 23 97 52 57 16 100 51 66 1 106 50 175 22 1 25 178 17 6 22 183 10 11 19 207 15 1942
9489 5 217 8 198 5 13 9 195 8 11 10 195 9 9 12 193 11 7 13 193 12 6 13 192 16 1 16 191 33 190 34 190 34 190 35 189 35 189 35 189 35 189 36 188 36 188 37 187 37 187 38 186 38 185 39 185 40 184 40 184 40 184 40 184 40 184 41 183 41 183 41 38 1 144 41 35 6 142 41 33 9 141 42 30 12 141 41 29 13 141 42 27 15 140 43 25 16 140 44 23 17 140 45 21 18 141 46 19 18 141 48 16 19 141 51 12 19 143 52 6 23 143 81 143 81 143 81 144 80 144 80 144 80 145 79 145 79 145 79 145 79 145 80 144 80 144 80 144 81 143 81 143 81 143 82 142 82 142 82 142 82 142 82 142 83 141 83 141 84 140 84 140 85 139 85 139 85 140 85 139 85 140 84 140 85 140 84 140 84 141 83 142 82 143 81 143 81 144 80 146 79 147 77 149 75 151 73 152 72 153 71 154 70 154 70 155 69 157 67 161 63 162 63 162 62 151 1 10 62 149 4 10 61 148 5 10 61 148 5 10 38 3 20 148 5 11 37 5 18 148 5 11 36 6 18 148 5 11 36 7 17 148 4 13 35 7 17 148 4 13 35 8 15 150 3 13 35 8 15 150 3 13 35 8 15 150 3 13 16 6 13 8 15 151 1 14 14 10 10 10 14 166 13 12 8 11 14 166 13 13 6 12 14 166 13 15 1 16 13 166 12 33 13 166 12 33 13 166 12 34 11 166 13 34 11 166 13 34 11 166 13 34 11 166 13 34 11 166 13 35 10 166 12 36 10 166 12 36 10 166 12 36 10 165 13 36 9 166 13 36 9 167 12 37 8 167 11 38 7 168 11 39 5 170 9 216 7 218 5 11999
9082 14 207 22 200 36 185 41 182 43 180 45 179 47 176 49 175 51 174 51 173 54 170 56 169 57 167 58 167 58 166 59 166 59 165 59 165 60 164 60 164 61 163 62 162 64 159 67 157 70 153 74 149 77 146 79 145 80 143 82 141 83 140 84 139 85 138 86 137 87 136 88 136 88 135 89 134 89 134 90 133 91 133 91 132 91 132 92 132 92 131 92 131 92 131 92 131 91 132 91 132 90 133 87 136 87 136 87 137 86 137 79 145 76 148 74 149 72 151 68 156 67 157 66 157 66 158 65 158 65 159 64 159 65 159 64 159 64 160 64 159 65 158 66 157 67 156 68 155 69 153 72 151 73 150 74 149 76 147 77 146 79 144 80 143 82 141 83 140 85 138 87 136 88 135 89 134 90 133 91 132 93 130 94 129 95 128 96 127 97 126 98 125 99 125 99 124 100 123 101 123 101 122 102 121 103 120 104 119 104 119 105 118 106 117 107 116 107 117 107 116 108 116 108 115 108 116 108 115 109 115 109 114 110 114 109 114 110 114 110 114 110 113 111 113 111 112 112 112 112 111 113 111 112 111 113 110 114 109 115 108 116 107 117 106 118 105 119 105 118 105 119 104 120 103 121 103 120 103 121 102 122 102 122 101 123 101 122 101 123 101 123 100 101 2 21 100 100 4 20 100 98 7 19 99 98 8 19 99 97 9 19 98 97 10 19 98 96 11 19 97 96 12 19 97 96 12 19 97 95 13 19 96 96 13 19 96 96 13 19 96 96 13 19 95 97 14 18 95 97 14 17 96 97 14 17 96 96 15 17 95 97 15 17 95 50 7 17 2 21 15 17 95 48 10 14 5 20 15 16 96 27 9 10 13 12 7 19 15 16 97 24 12 8 15 10 9 18 15 16 97 23 14 7 17 7 11 16 17 15 97 15 24 4 20 3 14 15 17 15 98 10 71 12 18 15 100 5 75 10 19 15 181 6 22 15 209 14 210 14 211 13 211 13 212 12 212 12 213 11 213 10 214 10 215 9 216 7 84
506 6 216 11 212 15 207 19 205 21 202 23 200 26 198 27 197 28 196 29 194 31 193 32 192 34 190 35 107 6 76 36 102 12 74 38 98 14 74 40 94 17 73 42 90 19 73 43 87 21 73 44 84 23 73 44 82 25 73 45 79 27 73 46 77 28 73 47 75 29 73 48 72 30 74 49 68 33 74 50 64 35 75 51 61 37 75 52 55 42 75 52 53 43 77 52 46 49 77 53 43 51 77 86 7 54 77 146 78 146 78 146 78 145 79 145 79 144 79 145 79 145 79 144 80 144 80 143 81 143 81 143 82 141 83 141 83 140 84 139 86 138 86 137 87 136 88 136 88 136 87 136 88 136 88 136 88 135 89 135 89 135 89 135 89 135 89 134 90 134 90 134 90 134 90 133 91 133 91 133 91 133 91 133 91 133 91 133 91 133 91 133 91 133 91 133 91 133 91 133 91 133 91 133 91 133 91 133 91 133 91 133 91 133 91 133 91 133 91 133 91 133 91 133 91 133 91 134 90 134 90 134 90 134 90 135 89 135 88 136 88 137 86 138 86 139 85 139 85 140 84 140 84 140 83 142 82 142 81 143 81 144 79 145 79 145 78 147 77 147 76 148 75 150 73 151 72 153 70 154 58 167 55 169 54 171 52 172 51 174 50 174 49 175 48 177 47 177 46 178 45 179 44 180 44 181 42 182 42 182 42 182 43 181 44 180 45 179 54 171 55 169 55 169 55 169 56 167 57 167 57 167 57 167 57 168 56 168 56 168 56 168 56 168 55 169 55 169 55 169 55 169 55 169 54 170 54 170 54 170 54 170 54 170 54 170 54 170 54 170 54 170 53 171 53 171 53 171 53 171 53 171 53 170 54 170 54 170 54 170 54 170 53 171 53 171 53 171 53 170 54 170 54 170 53 171 53 171 53 171 52 172 52 172 51 172 51 173 51 173 50 173 51 173 50 174 50 173 51 173 50 174 50 174 50 173 50 174 50 174 50 174 49 175 49 174 50 174 49 175 48 176 48 176 47 177 46 179 44 180 43 181 42 183 40 184 39 186 37 187 36 188 35 190 34 190 34 190 34 190 34 190 35 189 27
5459 6 216 11 213 13 210 15 209 17 207 19 205 20 204 22 202 23 202 24 200 25 200 25 199 27 198 28 196 30 195 30 195 31 193 32 193 32 192 34 191 34 191 34 191 36 188 38 187 41 112 10 61 45 103 18 59 48 97 23 56 51 93 27 53 53 91 31 49 55 88 44 37 58 85 48 33 60 82 52 30 62 80 54 28 64 77 57 25 68 74 59 23 70 72 60 21 72 71 62 18 74 69 64 17 74 69 65 14 77 68 66 12 78 67 68 9 81 66 69 5 84 66 71 1 86 66 159 65 159 65 160 64 160 64 161 63 162 62 162 62 163 60 165 59 166 58 167 57 167 57 168 56 168 56 169 55 170 54 170 55 170 54 171 53 171 54 171 53 171 53 172 52 172 53 172 52 172 52 173 52 172 52 173 51 173 52 172 52 173 52 172 52 172 53 171 53 172 53 171 54 170 54 170 55 169 55 170 55 169 56 168 58 166 60 164 61 163 62 39 4 119 63 37 6 118 63 35 9 117 63 34 10 117 64 32 12 117 64 30 13 117 64 29 15 116 65 26 18 115 66 24 19 115 66 21 23 114 66 20 24 114 67 17 26 114 67 16 27 114 67 14 29 114 67 14 30 113 67 13 31 113 68 12 31 112 69 12 31 112 69 12 31 112 70 11 31 112 70 11 31 112 71 10 32 111 71 10 32 111 71 11 31 111 71 11 32 109 73 10 32 109 73 11 31 109 73 11 32 108 73 11 33 21 4 81 74 11 33 19 7 80 74 11 33 18 9 79 74 11 33 17 11 78 74 11 33 16 12 77 74 12 33 15 14 76 74 12 33 14 15 76 74 12 33 14 15 75 75 12 33 13 16 75 75 11 34 12 18 73 75 12 35 11 18 73 75 11 37 9 19 73 76 10 38 7 20 72 77 9 40 3 23 72 77 7 68 71 81 2 70 71 153 70 154 70 154 69 155 69 155 69 156 67 157 67 157 66 158 66 158 66 159 64 160 64 160 63 161 63 161 62 163 61 163 60 165 59 166 57 168 56 168 55 170 54 171 52 174 49 176 47 178 45 179 16 1 28 180 12 7 24 182 8 11 22 203 21 204 19 206 18 207 16 208 16 208 15 209 15 209 15 209 15 210 13 211 13 211 13 211 13 212 12 212 11 213 11 214 10 214 10 214 10 214 9 215 9 215 9 215 9 214 10 214 10 213 10 213 11 213 11 212 12 211 13 210 14 209 15 208 16 207 17 207 16 208 16 209 14 71
84 35 181 46 159 6 4 57 152 73 145 82 139 89 132 94 129 98 124 105 118 110 112 114 109 116 108 117 106 119 104 121 102 123 101 124 99 126 97 127 97 128 96 128 95 129 95 130 94 130 93 130 94 130 94 130 94 129 95 130 94 130 94 130 94 130 93 131 93 125 2 4 94 123 5 1 95 122 102 122 102 122 102 122 102 122 102 121 104 121 103 121 104 119 105 119 106 118 107 117 110 114 114 110 115 110 114 110 114 110 113 111 113 112 112 112 111 113 111 113 110 115 109 115 108 116 107 118 106 119 104 120 103 122 102 122 101 123 101 124 99 125 98 127 97 127 97 128 95 130 94 130 94 131 92 132 92 133 91 133 91 133 90 134 90 134 90 134 90 134 90 134 90 134 90 134 90 135 89 135 89 135 89 135 89 135 89 135 89 135 89 135 89 135 90 134 90 134 91 133 91 134 91 133 92 132 93 131 94 130 96 128 97 128 96 128 97 127 97 127 98 126 98 127 97 127 97 91 4 32 97 87 10 30 97 83 16 28 97 80 20 27 97 78 23 26 97 75 26 25 98 70 32 24 98 63 39 24 98 61 41 24 98 59 43 24 98 58 44 24 98 57 45 24 97 57 46 24 96 57 47 24 94 58 48 25 91 59 49 25 88 61 50 27 83 63 51 29 79 64 52 31 76 65 52 32 73 67 52 33 71 68 52 34 69 70 16 12 22 35 68 72 9 20 20 35 67 74 5 25 17 36 66 108 12 39 64 113 4 43 63 161 63 161 62 162 62 161 62 162 62 162 62 162 62 161 63 161 62 161 63 160 64 159 65 158 66 153 71 149 75 144 80 140 84 138 87 137 87 136 89 134 91 132 95 5 3 121 112 111 118 105 127 96 131 92 135 89 148 75 156 67 162 61 170 52 178 45 183 39 188 35 192 30 197 24 205 15 214 3 10861
93 33 190 35 188 37 186 40 183 42 181 45 178 47 177 48 175 50 173 52 171 53 170 55 168 57 166 59 164 61 163 63 160 64 159 66 158 67 157 67 156 68 156 69 155 69 155 69 155 69 155 69 155 69 155 70 155 69 155 69 155 69 155 69 155 69 155 69 155 69 155 69 155 69 155 69 155 70 154 70 154 70 154 70 153 72 152 72 152 72 151 73 150 74 150 75 148 76 148 76 147 77 147 77 146 78 146 78 145 79 145 80 143 81 142 82 142 82 141 83 141 84 139 85 139 85 138 86 138 86 137 88 136 88 135 89 135 90 134 90 133 91 133 91 133 92 132 92 131 94 130 94 130 95 129 96 128 25 3 68 128 24 5 68 127 24 6 68 126 24 7 44 3 20 126 24 8 42 4 21 125 24 8 42 5 21 124 24 8 41 6 21 124 23 9 41 6 21 125 22 10 40 7 21 124 22 10 40 7 21 124 22 10 40 7 20 125 22 10 40 7 20 125 22 10 40 6 21 125 22 10 40 6 21 125 22 10 40 6 21 125 22 11 39 5 22 125 22 11 40 4 22 126 22 10 40 4 22 126 22 10 40 3 23 126 22 9 42 2 22 127 22 9 42 1 23 127 22 9 66 127 22 8 67 127 22 8 66 128 23 7 66 128 23 6 67 128 23 6 67 128 23 6 67 128 23 5 67 129 23 5 67 129 24 4 67 129 24 3 68 129 24 3 67 129 25 3 67 129 26 2 67 129 26 2 68 128 26 2 68 128 96 128 95 129 95 128 95 129 95 129 95 128 96 128 96 127 97 126 98 125 99 124 100 124 100 123 102 122 102 121 103 121 103 121 103 120 105 119 105 119 68 1 36 119 67 4 34 118 66 7 32 119 64 10 31 119 52 22 31 119 46 28 31 119 46 28 31 119 47 27 31 119 47 27 31 119 47 27 31 118 48 26 32 118 48 26 32 118 49 25 32 118 49 24 33 118 50 23 33 118 50 22 34 118 51 21 34 119 50 20 35 119 51 18 36 119 52 16 37 119 53 14 38 120 53 12 39 120 54 10 40 120 55 9 40 120 57 7 40 120 59 4 41 120 104 120 104 120 104 120 104 120 105 119 105 119 105 119 105 119 106 117 107 117 108 116 108 116 109 115 109 115 109 115 110 113 111 113 111 113 111 113 111 113 112 112 112 112 112 112 112 112 113 111 113 111 113 111 113 112 112 112 112 112 112 113 111 113 111 114 110 114 110 115 108 116 108 116 107 117 107 118 50 3 52 119 47 9 48 120 46 11 46 122 44 12 24 3 18 124 42 14 22 8 12 127 40 15 21 14 2 134 38 15 21 167 20 17 20 168 18 18 20 169 17 18 20 170 15 19 20 170 14 20 20 171 13 20 20 171 12 22 19 172 10 23 19 173 7 25 19 205 19 205 19 206 18 206 18 206 18 207 17 207 17 208 15 89
2564 8 213 17 205 22 201 27 38 10 148 42 18 21 142 83 139 87 136 90 133 92 131 94 129 96 127 97 127 98 125 99 125 100 124 101 122 102 122 103 121 104 119 106 118 107 117 109 115 111 112 114 110 115 109 117 106 119 105 130 93 135 89 141 82 145 78 147 77 147 76 148 75 149 74 150 73 151 73 151 72 152 72 152 71 153 71 153 70 154 69 155 68 156 67 157 66 158 66 158 65 159 64 160 63 161 62 162 61 163 61 163 60 164 60 164 59 165 58 166 58 166 57 167 57 167 57 167 56 168 56 168 56 168 55 169 55 169 54 170 54 170 54 170 53 171 53 171 53 171 52 172 52 172 51 173 51 173 51 173 51 173 50 174 50 174 50 174 49 175 49 175 48 176 48 176 48 176 48 176 48 176 48 176 48 176 48 176 47 177 47 177 47 177 47 177 47 177 47 177 46 178 46 178 46 178 46 178 46 178 46 178 46 178 46 178 46 178 46 178 46 178 46 178 46 178 46 178 46 178 46 178 47 177 47 177 47 177 47 177 47 177 47 177 47 177 47 177 47 177 48 176 48 176 48 176 48 176 49 175 49 175 50 174 51 173 51 173 52 172 52 172 53 171 53 171 54 170 54 170 55 169 55 169 55 169 56 168 56 168 56 168 57 167 57 167 57 167 58 166 58 166 59 165 59 165 59 165 59 165 59 165 60 164 60 164 60 164 60 164 60 164 61 163 61 163 61 163 62 162 62 162 63 161 64 160 65 159 66 158 66 158 67 157 67 157 68 156 68 156 69 155 69 155 70 154 70 154 70 154 71 153 71 153 71 153 71 153 71 153 71 153 72 152 72 152 72 152 73 151 74 150 75 149 75 149 76 148 76 148 77 147 77 147 78 146 79 145 80 144 80 144 81 143 82 142 83 141 84 140 85 139 86 138 87 137 90 134 92 132 93 131 94 130 94 130 94 129 97 127 1
14929 11 210 18 203 23 198 28 192 33 188 37 184 41 182 43 179 46 177 48 175 49 175 50 173 52 171 53 170 55 168 57 167 57 166 59 165 59 165 60 163 61 163 61 162 63 160 64 159 66 143 81 116 109 113 111 112 112 110 115 107 117 106 118 104 121 102 122 100 125 97 127 94 130 92 133 90 134 89 136 88 136 87 137 87 138 85 139 85 139 85 140 84 140 84 140 83 141 83 141 83 141 83 141 82 142 82 142 82 142 82 142 82 143 81 143 81 143 81 143 81 143 81 143 81 143 81 144 80 144 80 144 80 144 80 145 79 145 79 146 78 146 78 146 78 146 78 146 78 146 78 147 77 147 77 147 77 147 76 148 76 148 76 149 75 149 75 149 75 149 75 149 74 150 74 150 74 150 74 150 74 150 73 151 73 151 73 151 73 151 73 151 73 151 73 151 73 151 72 152 72 152 72 152 72 152 72 153 71 153 71 153 71 153 71 154 70 154 71 17 11 125 74 9 24 118 110 114 118 107 123 102 126 99 127 98 127 98 127 98 127 99 126 99 126 99 125 99 126 99 125 100 125 100 124 101 124 100 124 101 123 102 123 102 122 102 122 104 120 105 119 106 118 106 118 106 117 108 116 108 116 108 115 109 115 109 101 1 13 109 100 2 13 109 115 108 120 67 21 16 122 3 7 32 3 15 29 12 135 25 15 5 35 7 139 16 2320
21853 12 210 17 204 22 200 26 197 28 195 31 191 34 189 37 186 39 184 41 182 43 180 45 178 46 177 48 175 50 173 51 172 53 170 54 169 56 167 57 166 59 148 5 11 60 146 10 7 62 144 80 144 80 144 81 143 81 143 81 143 81 143 82 142 82 142 82 142 82 142 82 142 83 141 83 142 83 141 83 141 83 142 83 141 83 141 84 141 83 141 83 142 83 141 83 141 84 141 83 141 83 111 6 24 84 107 10 23 84 103 15 22 84 100 18 23 84 96 21 23 84 92 25 23 84 82 35 23 84 68 49 24 83 65 52 24 83 64 52 25 83 63 52 26 83 63 51 27 83 63 50 28 83 63 49 29 83 63 47 30 84 63 45 32 84 64 42 33 85 65 39 34 86 67 33 38 86 70 26 41 88 73 16 47 88 79 4 53 87 136 88 136 88 136 88 136 87 137 87 138 85 139 85 140 84 140 83 142 82 143 81 145 78 150 74 157 67 161 62 163 61 164 59 166 58 167 56 168 55 170 54 170 53 172 51 173 51 174 49 176 47 179 44 187 36 197 26 202 20 5895
5726 11 206 20 201 25 196 30 190 36 185 41 182 43 180 46 177 48 175 51 172 53 171 54 169 56 167 58 166 59 164 61 162 63 160 64 159 65 159 66 157 67 156 69 155 69 154 70 153 72 152 72 152 73 150 74 150 75 148 76 148 76 148 77 146 78 146 78 146 78 146 79 144 80 144 80 144 80 144 81 142 82 142 82 141 83 141 83 140 84 140 85 138 86 138 86 138 86 138 86 137 87 137 87 136 89 135 89 134 90 133 91 132 92 131 93 130 95 128 96 127 97 127 98 125 99 124 100 123 101 122 103 121 104 119 105 118 107 116 109 115 110 113 112 111 113 111 114 110 115 108 116 108 117 107 117 107 118 105 119 105 120 104 121 103 121 103 122 102 122 102 122 102 123 101 123 102 122 102 122 102 122 102 122 103 121 103 121 104 120 104 120 104 120 105 119 105 119 105 119 106 118 106 118 107 117 107 117 108 115 109 115 109 115 110 114 110 114 110 113 112 112 112 111 113 110 114 109 115 108 116 107 117 107 117 107 118 105 119 105 119 105 120 104 120 104 121 103 121 103 122 102 122 102 123 102 122 102 123 101 123 101 123 101 123 101 123 102 123 101 123 101 123 102 123 101 123 101 123 101 124 100 124 101 124 100 124 100 124 100 124 100 124 101 124 100 124 100 124 101 123 101 123 101 123 101 123 101 123 102 122 102 122 102 122 102 123 101 123 101 123 45 4 52 123 44 7 50 123 44 9 48 123 44 9 47 124 44 10 46 124 44 11 45 124 44 12 43 124 46 12 42 124 46 13 40 125 46 15 38 124 47 18 34 125 47 21 30 125 48 23 27 126 48 25 23 128 48 27 20 129 48 29 16 131 48 33 8 135 48 176 48 176 47 178 45 180 43 182 40 186 34 192 18 3254
31 12 54 17 140 14 52 19 138 15 52 19 137 17 50 21 136 17 50 21 136 18 48 23 135 19 47 24 133 21 46 24 133 22 44 26 132 23 42 28 131 24 41 28 131 25 39 29 132 25 37 31 131 27 33 33 131 28 29 37 130 30 9 55 129 96 128 97 127 98 125 100 124 102 122 103 120 105 119 106 118 107 117 107 116 109 115 109 115 110 114 111 112 112 112 113 111 113 110 115 109 116 108 116 107 118 106 118 106 119 105 119 29 3 73 120 27 5 73 120 25 7 72 121 24 8 71 122 22 9 72 123 19 11 71 126 14 14 70 130 5 19 70 155 69 156 68 157 67 159 9 4 52 175 49 176 48 177 47 179 45 180 44 181 43 182 42 182 42 183 41 184 40 185 39 185 39 186 38 186 38 187 37 187 38 186 38 186 38 186 39 185 39 186 38 187 37 188 37 188 36 189 35 190 34 191 33 192 32 193 31 193 32 192 32 192 32 192 32 192 32 192 33 191 33 191 33 190 34 190 34 190 34 189 35 189 35 188 37 186 38 185 40 183 41 182 43 180 46 177 48 175 51 172 52 171 54 169 55 168 57 167 57 166 58 165 60 163 61 163 62 161 63 160 64 158 66 156 67 156 68 155 68 155 69 155 69 154 69 155 69 154 69 154 70 154 69 154 70 154 69 155 69 154 70 154 69 155 68 157 67 157 66 158 65 159 64 160 63 161 62 162 61 163 59 165 58 166 58 166 57 167 56 168 55 169 55 169 54 170 53 171 53 171 52 171 53 171 52 172 52 172 52 172 52 172 52 171 53 171 53 171 53 170 53 170 54 170 54 169 55 168 55 168 56 167 56 167 57 166 57 167 57 166 57 167 57 166 57 166 57 167 57 166 57 167 56 168 55 169 55 169 54 170 54 169 55 169 55 169 55 169 54 170 54 170 54 170 54 170 55 170 54 171 53 171 53 171 54 170 54 170 55 169 55 169 56 168 56 167 57 167 57 167 58 165 59 165 59 165 59 164 60 164 60 164 60 163 61 163 61 163 61 163 61 162 62 162 61 163 61 163 60 164 60 164 59 165 59 164 60 164 60 163 62 162 63 160 66 157 68 155 70 153 72 151 74 149 61
6599 6 215 10 212 13 209 16 207 18 204 20 203 21 202 23 200 24 199 25 142 5 52 25 140 10 48 26 140 11 46 27 139 13 44 28 139 15 41 29 139 17 36 32 139 18 33 34 139 20 28 37 139 23 18 44 139 26 12 47 18 3 118 29 4 52 13 12 114 85 12 14 114 84 11 17 112 85 9 19 112 84 8 21 111 85 6 23 110 85 5 25 110 85 4 26 109 85 3 29 108 85 1 31 107 119 106 119 105 120 104 122 102 123 102 124 100 126 98 129 95 134 90 139 85 143 81 148 76 150 74 153 71 156 68 161 63 164 60 168 56 178 46 179 45 180 43 182 42 182 42 183 41 184 40 184 39 186 38 186 38 186 38 187 36 188 36 188 36 189 35 189 34 191 33 192 32 192 32 192 31 194 30 194 30 194 29 195 29 195 29 195 28 196 28 196 28 196 28 196 28 196 27 197 27 197 27 197 27 197 27 197 27 197 28 196 28 196 28 196 28 196 28 196 28 196 28 196 28 196 28 196 28 196 28 196 28 196 28 196 29 195 29 195 29 195 29 195 30 194 30 194 31 193 32 192 32 192 33 191 34 190 34 190 35 189 35 189 36 188 37 187 38 186 38 186 39 185 40 184 41 183 42 182 43 181 43 181 44 180 45 179 46 178 47 177 48 176 49 175 49 175 50 174 52 172 53 171 54 170 56 96 3 69 57 92 8 67 59 89 10 66 61 86 12 65 63 83 13 42 7 16 64 81 14 41 10 14 66 79 14 40 13 12 68 76 15 39 15 10 73 71 15 39 17 9 76 67 16 38 20 7 78 65 15 38 106 64 15 38 109 62 13 39 111 61 11 40 114 59 9 41 117 58 7 41 120 58 3 42 123 100 125 98 128 15 2 78 133 8 5 77 148 75 149 74 150 73 151 72 153 70 154 69 155 68 156 67 157 66 158 65 159 63 161 62 162 61 163 59 165 57 167 56 168 54 170 53 171 52 172 51 173 50 174 49 175 48 176 47 177 45 178 43 181 37 187 32 191 32 192 30 194 29 195 28 195 28 196 27 197 26 197 27 197 26 198 26 198 25 199 25 200 23 94
5748 7 216 11 212 14 209 16 207 18 206 19 53 8 144 21 49 10 144 22 47 11 143 24 44 13 143 25 41 15 143 25 40 16 143 26 37 18 143 26 35 20 143 27 33 21 143 28 30 23 143 28 29 24 143 29 26 26 143 31 23 27 143 32 20 29 143 36 10 35 143 81 143 81 143 81 143 81 143 81 143 80 144 80 144 80 143 81 143 81 143 81 142 82 142 82 141 84 139 85 138 86 137 87 137 87 136 88 134 90 98 1 19 106 92 132 88 136 85 139 83 141 81 143 79 145 77 147 75 149 74 150 73 151 71 153 69 155 68 156 66 158 64 160 60 164 59 165 58 166 58 166 57 167 57 167 56 168 56 168 55 169 54 170 54 170 53 171 52 172 52 172 51 173 51 173 51 173 50 174 50 174 49 175 49 175 48 176 48 176 47 177 47 177 46 177 47 177 46 178 45 179 45 177 46 177 47 176 47 177 47 176 47 177 20 2 24 179 6 23 13 182 6 218 5 219 5 219 5 220 4 220 4 221 3 222 2 223 1 223 1 223 1 223 1 223 1 223 1 223 1 223 1 223 1 223 1 223 1 223 1 223 1 223 1 223 1 223 1 222 2 222 2 221 3 221 3 220 4 220 4 220 5 218 7 217 9 215 11 212 14 210 16 208 17 206 20 204 22 201 25 15 8 176 29 5 17 173 52 171 54 170 55 168 57 167 57 167 57 166 59 165 59 165 59 165 59 165 59 165 60 164 60 164 60 164 60 164 60 164 61 163 61 164 60 164 60 164 61 163 61 162 62 162 62 162 63 161 63 160 64 160 64 160 64 160 65 159 65 158 66 158 66 158 66 158 67 157 67 156 68 156 68 156 68 155 70 154 70 43 4 107 70 41 11 53 3 45 71 39 15 47 10 42 71 38 18 44 13 40 72 36 21 42 13 40 72 35 23 40 15 38 74 32 25 40 16 37 74 31 27 38 17 37 75 29 28 39 16 36 76 27 30 39 17 35 77 22 35 38 17 34 79 13 43 38 18 33 81 7 47 38 18 33 136 37 18 33 136 37 18 32 137 37 18 32 138 36 18 32 138 35 19 32 138 35 19 32 139 34 18 32 140 34 18 32 140 34 18 32 141 33 18 32 141 32 19 31 143 31 20 30 22
121 13 210 15 209 15 208 16 208 17 206 19 205 19 204 21 203 23 201 25 198 29 11 4 180 45 179 46 177 48 176 48 175 49 175 49 174 49 175 48 175 48 176 47 176 48 175 48 174 49 173 50 173 51 171 52 171 52 171 53 170 53 169 55 168 55 168 56 167 57 166 57 166 58 165 59 164 59 164 60 162 62 158 65 152 72 148 76 145 78 144 80 142 81 141 82 141 82 140 83 140 82 141 82 140 82 141 82 141 82 141 82 141 83 140 83 140 84 139 85 139 84 139 85 138 86 137 86 137 87 136 88 136 87 136 88 135 89 135 89 134 89 135 89 134 89 134 90 134 89 134 90 134 90 134 89 134 90 134 89 135 89 134 89 135 89 135 88 135 89 135 89 135 89 135 88 136 88 136 88 136 88 136 88 136 88 136 87 137 87 137 87 137 87 137 87 137 87 137 87 138 86 138 86 138 86 139 86 138 86 138 86 139 85 140 85 140 85 140 56 8 20 141 51 14 19 143 44 19 18 147 36 25 17 161 17 31 15 211 13 214 10 216 7 24289
91 15 52 13 143 17 50 15 142 18 48 16 141 19 46 18 141 20 44 20 140 21 41 22 140 22 38 24 140 23 35 26 140 24 32 28 140 25 29 30 140 27 26 31 140 30 22 32 140 43 7 33 141 83 142 82 142 82 142 82 142 81 144 80 144 80 144 79 146 78 146 77 147 77 147 77 147 77 147 77 147 76 148 76 148 76 148 76 148 76 148 75 148 76 148 76 148 75 149 75 148 76 148 76 148 76 147 77 147 77 147 78 145 79 145 79 145 79 144 80 144 80 144 80 144 81 142 82 142 82 142 82 142 82 142 82 142 82 142 82 142 82 141 82 142 82 142 82 142 82 142 82 141 83 141 83 141 83 141 83 141 83 140 83 141 83 140 84 140 84 139 84 140 84 139 85 138 85 138 86 138 86 137 87 136 88 136 88 135 89 135 89 134 91 132 92 132 93 130 94 130 94 129 96 127 97 127 98 125 99 125 99 124 101 123 101 122 102 122 102 121 104 120 104 120 104 119 106 118 106 118 106 118 107 117 107 116 108 116 109 115 109 115 110 114 110 114 110 114 111 113 111 113 111 113 112 112 112 111 113 111 113 111 114 110 114 109 115 109 115 109 115 108 116 108 117 106 118 106 118 106 118 105 119 105 119 105 119 105 119 105 119 105 119 105 119 105 119 105 119 105 119 105 119 105 120 104 120 104 120 104 120 104 120 105 120 104 120 104 120 104 121 103 121 103 122 102 123 101 124 100 124 100 125 99 125 98 126 98 126 98 126 98 127 96 128 96 128 96 129 95 130 94 131 93 132 92 141 83 142 82 143 81 144 80 144 81 144 80 144 80 145 79 145 79 146 79 145 79 146 78 147 77 147 78 146 78 147 77 147 77 147 78 146 78 146 79 145 79 145 80 144 80 144 81 143 82 142 82 141 84 140 84 140 85 138 87 137 88 135 90 134 91 132 93 131 95 129 96 127 99 125 100 123 103 121 105 118 108 115 112 112 114 109 116 107 118 106 119 104 120 103 121 102 123 100 124 100 124 99 126 97 127 96 129 95 129 94 131 92 132 92 132 91 36
1876 6 201 3 12 10 197 8 8 12 195 12 3 15 194 31 193 32 191 35 19 9 161 36 15 13 160 37 12 16 159 38 10 17 160 38 7 20 159 40 2 23 159 66 158 66 159 65 159 65 159 65 160 65 159 65 159 66 159 65 159 66 158 68 156 72 153 90 134 92 132 93 131 94 130 95 130 94 130 94 130 95 130 94 130 94 130 94 131 93 131 93 131 93 132 91 133 91 133 91 133 91 134 90 134 90 135 89 135 88 136 88 137 87 137 87 137 87 137 87 138 85 139 85 140 84 140 84 141 83 142 81 143 81 144 80 144 79 145 79 145 78 146 78 146 77 147 76 148 76 148 75 149 75 149 74 150 74 150 74 150 73 150 74 150 74 150 73 151 73 151 73 151 73 151 72 151 73 151 73 150 73 151 73 150 73 151 72 151 72 152 71 153 70 153 69 154 67 157 65 158 65 159 65 159 65 158 66 158 67 157 67 157 68 155 70 154 71 153 72 151 74 150 76 147 78 146 79 144 81 143 81 142 83 141 83 140 84 140 85 138 86 138 86 138 86 137 88 135 89 135 89 134 90 133 91 133 92 131 93 130 94 130 94 129 95 129 95 129 95 128 96 128 96 127 97 127 97 127 97 126 99 125 99 124 100 123 101 123 100 122 102 121 103 120 104 119 105 117 107 116 108 115 109 115 110 113 111 112 112 112 113 110 114 110 114 109 115 109 115 109 116 108 116 108 116 108 116 108 115 109 115 110 114 110 113 111 113 111 113 111 113 111 112 112 112 112 112 112 111 113 111 113 111 113 111 113 111 114 110 114 110 116 108 117 107 125 99 131 93 134 89 140 83 147 77 149 74 152 41 6 23 155 37 15 15 158 34 191 31 194 28 198 23 203 18 209 11 6398
90 39 183 43 180 45 177 48 175 50 172 54 168 58 164 61 161 65 157 68 155 70 152 73 150 75 148 77 146 79 145 80 143 83 141 84 140 85 138 87 137 88 135 89 135 90 133 91 133 92 131 93 130 94 130 94 129 96 128 96 127 97 127 98 125 99 125 99 125 100 124 100 123 101 123 102 122 102 122 103 121 103 121 104 120 104 119 105 119 105 119 106 117 107 117 108 116 108 115 109 114 111 112 112 111 112 111 113 110 114 108 116 107 117 107 117 106 118 106 118 106 119 104 120 104 120 103 121 103 121 103 122 101 123 101 123 100 125 99 125 99 126 97 128 96 129 95 129 94 131 93 132 91 133 91 133 90 135 88 136 88 136 87 138 86 138 85 139 85 140 83 141 83 141 82 142 81 143 81 143 80 144 80 145 78 146 77 147 77 147 76 148 76 149 74 150 74 150 74 151 73 151 72 153 71 154 69 155 69 156 68 157 66 158 66 159 64 160 64 161 63 161 62 163 61 163 61 163 61 163 60 164 60 165 59 165 59 165 59 165 58 166 58 166 59 166 58 166 58 166 58 166 59 165 59 165 59 165 59 166 58 166 58 166 58 166 58 166 58 166 58 166 57 167 57 167 57 167 57 167 56 168 56 168 55 169 55 169 54 171 53 171 53 171 52 173 51 173 51 174 49 175 49 176 48 176 48 176 47 178 46 178 46 179 45 179 44 181 43 181 43 182 42 182 41 184 40 184 40 184 39 186 38 186 38 186 37 187 37 188 36 188 36 188 36 188 36 188 36 188 36 188 36 187 37 187 37 187 37 187 37 187 37 187 37 187 37 187 37 186 38 186 38 186 39 184 40 183 41 183 41 182 43 181 43 181 43 181 44 179 45 179 45 179 45 180 44 180 45 178 46 178 46 178 46 178 46 178 47 176 48 176 48 176 49 175 49 174 50 174 50 174 51 172 52 172 52 172 52 171 53 171 53 171 53 171 54 169 55 169 55 169 55 169 55 168 57 166 38
1908 25 197 29 192 36 186 40 181 45 177 49 171 54 167 58 163 62 159 66 156 69 153 73 149 76 147 79 144 82 141 85 138 87 137 88 135 90 133 92 131 93 131 94 129 95 129 96 127 98 126 98 125 100 124 101 122 103 120 105 119 106 117 108 116 108 115 110 114 110 113 112 112 112 111 114 109 116 108 116 107 118 105 119 105 120 103 122 101 123 101 124 99 125 99 126 97 128 95 129 95 130 93 131 93 132 91 133 90 135 89 135 88 137 87 137 86 139 85 139 85 139 84 140 84 140 84 141 82 142 82 142 82 142 81 143 81 143 81 143 80 145 79 145 79 145 78 146 78 146 78 147 76 148 76 148 76 148 76 149 74 150 74 150 74 151 73 151 72 152 72 152 72 153 71 153 70 155 69 156 68 158 66 163 61 167 57 171 53 175 49 176 48 177 46 178 46 178 46 178 46 178 46 178 46 178 46 178 46 178 45 179 45 179 46 178 46 178 46 178 47 177 47 177 48 176 49 175 50 174 51 173 52 172 53 171 54 170 56 168 57 167 58 166 58 166 58 166 58 166 57 167 56 168 56 168 56 168 55 169 55 169 54 170 54 170 54 170 54 170 53 171 53 171 52 172 52 172 52 172 52 172 51 173 51 173 50 174 50 174 50 174 49 175 49 175 49 175 49 175 49 175 49 175 49 175 49 175 48 176 48 176 48 176 48 176 47 177 46 178 45 179 44 180 44 180 43 181 42 182 42 182 41 183 41 183 40 184 40 183 41 183 41 183 41 183 41 180 44 179 45 177 47 174 50 173 51 172 53 169 55 168 56 168 55 168 56 167 57 167 57 166 57 165 59 140 8 16 60 136 13 14 61 70 2 48 8 3 19 11 63 65 8 44 108 61 11 42 111 56 15 36 120 44 26 4 8 3 3 2 136 41 184 39 187 8 2 27 199 3 3 17 211 12 215 7 220 2 3505
63 29 193 32 191 34 189 36 188 36 187 38 186 39 185 39 185 40 183 41 183 42 182 43 182 42 182 43 181 45 180 47 177 74 151 78 147 82 142 85 140 86 138 88 136 91 133 93 131 97 127 99 125 102 122 104 119 106 118 108 115 110 113 112 112 113 110 114 109 115 108 117 106 118 105 119 104 120 103 121 102 122 101 123 100 124 100 124 99 125 99 124 99 125 99 125 99 125 99 125 99 125 99 125 99 125 99 124 100 124 99 125 99 125 99 125 99 125 99 124 100 124 100 124 100 123 102 122 102 122 102 122 102 121 103 121 104 120 104 120 104 120 104 119 106 118 106 118 106 119 105 119 106 118 106 118 106 118 106 119 105 119 105 120 105 119 105 119 105 120 104 120 104 120 104 121 103 121 103 121 103 122 101 123 101 123 101 124 100 124 100 124 100 124 100 125 98 126 98 127 97 127 97 127 97 128 96 128 96 129 95 129 95 129 95 130 94 130 93 131 93 131 93 132 92 132 92 132 91 133 91 134 90 134 90 134 89 135 89 136 88 136 87 137 87 137 87 137 87 138 85 139 85 139 85 139 84 141 83 141 82 142 82 142 82 142 82 142 81 143 81 143 81 143 80 144 80 144 80 145 79 145 78 146 78 146 79 145 79 145 79 145 80 145 79 145 81 143 83 6 7 128 97 127 98 126 98 126 99 126 98 126 98 126 98 126 98 127 97 127 97 127 97 127 97 127 97 127 97 128 96 128 96 128 97 127 97 127 97 127 97 127 98 87 1 38 98 83 8 35 99 30 4 45 14 32 99 28 9 40 18 29 101 27 11 36 21 28 101 26 13 33 23 28 102 25 15 29 26 27 102 25 16 26 28 27 102 25 18 21 32 25 104 24 19 18 34 25 104 24 21 14 36 25 105 23 24 9 38 24 106 23 29 1 41 24 106 23 71 24 107 22 71 23 108 22 71 23 109 21 71 22 110 21 71 22 111 21 70 21 112 21 70 21 112 21 70 20 113 21 70 20 113 21 70 20 113 20 71 19 114 20 71 19 113 21 71 19 112 22 70 19 113 22 70 19 112 23 70 19 111 24 70 19 110 25 70 19 109 26 70 19 109 26 70 19 108 27 70 19 107 27 71 19 106 28 71 20 104 29 71 20 103 30 71 21 101 31 71 21 101 31 71 22 99 31 71 23 98 32 71 24 96 32 73 24 95 32 73 24 95 31 74 25 93 32 74 26 92 31 75 27 91 30 76 28 90 29 77 28 91 27 79 28 90 26 80 28 90 25 81 29 89 25 81 29 90 23 83 27 34
4489 16 204 23 199 29 193 34 189 39 185 42 182 45 179 49 175 57 167 60 164 63 161 66 158 69 155 73 151 76 148 78 146 80 144 82 142 84 140 86 138 87 137 88 136 89 135 90 134 92 132 93 131 94 98 4 28 95 94 9 26 96 91 12 25 98 87 15 24 99 85 16 24 100 83 17 24 101 81 18 24 102 79 19 24 103 77 20 24 105 74 21 24 106 72 22 24 107 70 23 24 108 68 24 24 109 66 24 25 110 64 25 25 112 61 26 25 113 59 26 26 115 56 27 26 117 53 28 26 119 50 28 27 121 47 29 27 123 44 30 27 125 41 30 28 126 39 31 28 128 36 31 29 130 33 32 29 133 28 34 29 136 24 34 30 139 18 37 30 142 11 40 31 193 31 193 31 193 31 192 32 192 32 192 32 192 32 192 32 192 32 193 31 193 31 193 31 193 31 194 30 195 29 195 29 196 28 197 27 197 27 198 26 199 25 199 25 200 24 200 24 201 23 201 23 202 22 203 21 203 21 204 20 205 19 206 18 207 17 208 16 209 15 210 14 211 13 213 11 215 9 217 7 219 5 221 3 223 1 5151 1 221 3 220 4 219 5 217 7 216 8 214 10 212 12 211 13 210 14 209 15 208 16 207 17 206 18 205 19 204 20 203 21 202 22 140 7 54 23 137 12 51 24 134 18 47 25 131 24 42 27 123 37 35 29 106 61 3 10 11 33 95 129 90 134 85 139 81 143 26 25 4 169 23 201 21 203 20 204 19 205 17 207 16 208 15 209 13 211 12 212 11 213 10 214 8 218 4 9402
982 34 186 52 168 59 163 64 157 70 152 74 149 77 145 80 143 82 140 86 137 88 135 90 133 93 130 96 127 98 125 101 122 103 120 105 118 107 116 109 114 111 112 113 110 115 108 117 106 119 104 120 104 121 102 123 100 125 98 127 96 129 94 130 93 132 91 134 89 136 88 137 86 138 85 140 83 142 81 144 79 146 78 147 76 149 74 151 73 152 72 153 70 155 69 155 69 156 67 157 67 158 66 158 65 160 64 160 64 160 63 162 62 162 61 164 60 164 60 165 58 166 58 166 58 167 56 168 56 168 56 169 54 170 54 170 53 172 52 172 51 173 51 174 50 174 49 175 49 176 48 176 48 176 48 177 47 177 47 177 46 178 46 178 46 178 46 178 46 179 45 179 46 178 46 178 46 177 47 177 47 177 47 177 48 175 49 175 49 174 51 173 51 172 53 170 54 170 55 168 56 168 57 166 58 166 58 165 60 164 61 162 62 162 63 160 65 158 67 156 69 154 71 152 72 151 74 149 76 147 78 145 80 143 82 142 83 141 83 141 84 140 84 140 84 140 85 139 85 140 84 140 84 140 83 142 82 142 82 142 82 143 81 143 81 143 80 145 79 145 79 145 79 145 78 147 77 147 77 147 77 147 77 147 77 148 76 148 76 148 76 148 76 148 76 148 76 148 76 148 75 149 75 149 75 150 74 150 74 151 73 151 73 151 73 151 73 151 73 151 73 151 73 151 73 151 72 152 72 152 72 152 72 152 72 151 73 151 73 151 73 151 73 151 73 151 73 151 73 151 74 150 74 150 74 150 74 150 74 150 74 150 74 150 74 150 74 150 74 150 74 149 75 149 75 149 75 149 76 148 76 147 77 147 77 147 77 147 77 146 78 146 78 146 79 145 79 145 79 145 79 144 80 144 80 144 80 143 81 143 82 142 82 142 82 141 83 141 83 141 83 140 84 140 84 140 85 139 85 138 86 138 86 138 86 137 87 137 88 136 44
6618 5 217 11 212 17 206 24 199 29 194 35 189 38 185 42 182 44 179 47 177 49 174 52 171 55 169 57 166 60 164 61 162 63 161 64 159 66 158 67 157 67 157 67 156 68 156 68 156 68 156 68 156 68 156 68 156 68 156 68 156 68 156 68 156 68 156 68 155 68 156 68 156 68 156 68 156 68 155 69 155 69 154 70 153 71 152 72 150 74 146 78 144 80 141 84 138 86 135 90 132 92 130 95 127 97 126 99 123 102 121 104 119 105 118 107 116 109 114 111 112 112 112 113 110 115 109 115 108 117 106 118 106 118 105 120 104 120 103 121 103 121 102 122 102 122 102 122 101 123 101 123 100 124 100 124 99 125 98 126 98 125 97 127 96 128 94 130 63 3 25 133 57 167 56 167 56 168 56 168 56 168 57 167 57 167 59 164 62 162 65 159 70 154 75 15 9 125 100 123 101 123 101 14 5 85 3 16 101 13 7 83 5 15 102 11 9 81 6 15 102 11 9 80 7 15 101 11 10 79 8 15 101 11 11 77 9 15 101 10 12 77 9 14 102 10 12 75 11 14 102 10 12 74 12 14 101 11 12 73 13 14 101 10 14 71 14 14 101 10 14 70 15 14 100 11 14 70 15 14 100 11 14 69 15 15 100 11 15 67 16 16 98 12 15 67 16 16 98 12 15 66 17 16 97 13 16 65 17 16 97 13 16 64 18 17 96 13 16 32 2 29 19 17 96 12 18 30 5 26 20 18 94 13 18 30 7 23 21 18 94 13 19 29 9 20 22 18 94 13 19 28 12 17 23 19 93 13 20 27 13 15 24 19 92 14 21 26 14 13 26 19 91 14 21 26 14 13 26 19 91 14 22 25 15 11 27 19 90 15 23 24 16 9 28 19 90 16 23 23 17 7 30 18 89 17 23 23 20 2 32 18 89 17 24 22 54 18 88 18 24 22 54 18 88 18 25 21 55 17 87 19 25 21 55 17 87 19 26 20 55 16 87 20 27 19 56 14 88 20 27 20 56 13 88 20 28 19 57 11 89 19 30 18 58 8 91 19 30 18 157 19 31 18 156 18 33 17 157 16 34 18 156 15 36 17 158 11 39 16 161 5 42 17 208 16 208 16 209 16 208 16 209 16 208 16 208 17 207 17 207 18 206 18 206 19 206 18 206 19 205 19 205 20 204 20 205 19 205 19 205 20 204 20 204 20 205 19 205 19 205 19 206 18 206 18 207 17 208 16 210 13 213 10 217 6 4131
92 30 191 34 190 34 190 34 102 9 78 36 100 13 75 36 100 15 73 36 100 16 72 36 100 18 70 37 99 19 69 37 99 20 67 38 99 21 66 38 99 22 65 38 99 23 63 39 99 24 62 39 99 25 61 39 99 26 59 40 99 27 58 40 99 28 57 40 99 30 54 41 99 31 53 41 99 32 51 42 99 33 49 43 99 34 46 45 99 35 44 46 99 36 42 46 100 37 40 47 100 38 37 49 100 40 34 50 100 41 31 52 100 43 27 54 100 47 21 56 100 56 9 59 100 123 101 123 101 124 100 124 100 124 100 124 100 125 99 125 99 126 98 126 98 127 97 127 98 126 98 127 97 127 98 126 99 125 99 125 99 126 99 125 99 125 99 125 100 125 99 125 99 126 98 126 98 127 97 127 98 127 97 127 97 128 96 128 97 128 96 128 96 128 97 128 96 128 96 129 95 129 95 129 95 130 94 130 94 130 94 131 93 131 93 132 92 133 91 133 91 134 91 134 91 135 12 2 75 154 71 154 70 156 69 156 68 157 67 158 66 159 65 163 61 172 52 173 51 173 51 173 51 172 52 172 52 172 52 172 52 172 53 171 53 172 6 3 43 172 5 4 43 181 43 181 43 180 43 180 44 180 44 180 45 178 47 177 49 175 50 174 50 173 52 172 53 171 54 129 5 36 54 128 7 35 55 127 8 34 56 125 9 34 57 123 10 34 58 122 10 34 59 120 10 35 59 120 10 35 60 120 8 36 61 119 7 37 62 119 4 39 63 162 64 159 70 154 73 150 77 146 79 144 81 141 84 140 85 139 87 137 89 135 91 133 92 132 94 130 95 128 98 126 100 122 104 118 108 115 113 1 8 102 126 48 5 45 129 42 9 44 131 38 10 45 134 20 9 2 14 45 136 16 27 46 139 9 30 46 178 46 179 45 182 42 184 40 185 40 184 40 185 38 186 38 186 38 186 37 188 34 190 33 193 31 194 30 196 8 4 16 197 5 7 14 200 2 8 13 202 3 4 13 203 15 209 13 211 13 212 11 213 10 215 8 10367
7246 11 211 15 207 18 205 20 203 21 202 23 200 24 200 24 199 25 199 25 198 25 199 25 199 25 198 25 199 25 198 25 199 24 199 25 198 25 199 25 199 24 199 25 199 25 198 25 199 25 198 25 199 25 199 25 198 25 198 26 197 26 198 25 198 26 197 26 198 25 198 26 197 26 198 26 197 27 197 27 196 28 196 29 194 33 191 35 189 38 185 41 183 43 180 46 178 48 175 51 172 54 170 56 167 59 164 61 162 64 160 66 157 68 42 4 109 71 39 7 106 73 37 9 104 75 36 11 29 3 70 76 34 13 24 9 67 79 32 14 21 12 65 81 31 19 14 15 63 83 30 48 61 86 30 47 59 89 29 48 56 92 28 48 53 96 27 48 51 100 25 48 49 104 23 48 48 107 20 49 48 108 19 49 47 110 17 49 48 113 12 51 47 177 47 177 47 177 47 176 47 177 46 178 45 179 44 180 43 181 43 180 44 180 44 180 44 179 46 178 48 176 50 173 53 171 55 169 58 166 61 162 64 160 65 159 65 158 67 157 67 157 67 156 69 155 69 156 68 156 69 155 69 155 69 155 69 155 69 155 69 155 69 155 69 155 69 143 3 8 69 18 1 124 7 4 70 17 3 122 82 17 4 121 82 16 6 119 83 15 9 117 82 15 11 115 83 15 11 115 83 14 12 114 83 15 12 114 83 14 13 25 5 83 84 14 13 24 9 80 83 15 13 23 12 77 84 15 13 22 14 75 84 16 13 21 16 73 85 16 13 20 18 71 85 16 15 19 19 70 85 16 15 18 20 69 85 17 15 18 21 67 86 17 16 17 21 66 86 18 16 17 22 35 2 27 87 18 16 17 23 25 12 25 88 19 16 15 24 14 24 24 88 19 16 15 25 5 32 23 89 19 18 13 63 22 89 18 22 9 64 21 91 17 95 21 91 16 96 20 93 13 98 20 94 11 99 20 96 7 101 20 205 19 206 3 2 13 212 13 211 13 210 15 209 16 209 16 208 16 209 16 210 15 210 15 210 15 210 14 211 13 212 13 212 12 213 12 213 11 215 9 217 7 220 2 6550
12604 8 215 12 212 14 210 18 206 23 200 28 196 32 192 34 190 36 188 37 187 39 185 40 185 39 185 40 184 41 183 41 183 42 183 42 182 43 181 45 179 46 178 48 176 52 172 53 171 54 170 54 170 55 169 56 168 57 167 57 166 59 163 61 158 67 153 71 150 75 148 77 146 79 144 82 142 83 141 85 139 87 137 89 135 90 135 90 135 11 1 78 137 3 10 75 150 75 151 75 153 72 154 71 153 72 152 73 150 74 149 76 148 77 146 78 146 79 145 79 144 81 143 82 143 81 143 82 142 82 142 82 143 14 7 61 143 11 12 58 145 8 17 55 177 47 179 45 179 46 179 44 180 44 180 43 181 43 181 42 182 42 182 42 183 18 2 21 185 14 5 20 23 6 158 11 6 20 23 11 154 8 9 19 23 13 154 3 12 19 26 11 168 19 30 7 168 19 33 4 169 19 205 19 205 19 206 18 206 18 207 18 207 17 209 14 211 13 212 12 213 11 214 10 214 11 213 11 213 11 212 12 212 12 212 12 212 12 212 12 212 12 212 12 212 12 212 11 213 11 213 11 213 10 215 9 216 6 12398
13322 10 206 24 197 31 190 39 184 42 180 46 177 48 174 51 171 54 168 57 165 60 162 63 159 66 156 68 154 71 152 72 151 73 150 75 148 76 148 77 146 78 146 79 145 79 145 80 143 82 142 83 141 84 140 85 139 86 138 86 138 87 137 88 136 88 136 89 135 89 135 90 134 90 134 90 134 91 133 91 134 90 134 91 133 91 133 92 132 92 133 91 133 92 132 92 133 92 132 92 132 92 133 91 133 92 133 91 133 91 133 91 133 92 133 91 133 91 133 92 133 91 133 91 134 91 134 90 134 91 134 90 134 90 134 91 133 91 133 91 133 92 132 92 133 91 133 91 132 92 132 93 131 93 131 93 130 95 129 95 128 96 127 98 125 99 124 100 123 101 113 111 111 113 110 114 109 115 108 116 108 116 107 117 107 116 108 116 108 116 108 116 107 118 106 118 106 118 106 118 106 118 106 118 106 118 106 119 105 119 106 118 106 118 106 118 107 118 106 118 106 119 106 118 106 119 106 118 106 119 106 118 107 117 108 116 110 115 112 112 130 94 130 94 131 93 131 93 131 93 132 92 132 91 133 34 2 55 133 34 3 53 135 32 4 52 136 31 6 32 5 12 138 30 7 31 157 28 9 29 159 26 11 27 162 22 13 27 164 18 16 25 167 13 20 23 173 3 26 22 203 20 206 17 209 13 214 7 5233
8773 7 215 17 204 26 194 33 187 41 181 51 172 55 167 59 165 60 163 63 160 65 159 66 83 8 67 68 77 17 62 70 71 23 60 71 68 27 58 73 64 31 56 74 61 35 54 75 59 37 53 76 56 40 52 77 54 42 51 77 53 44 50 78 52 45 49 78 51 47 48 79 49 49 47 79 49 50 45 80 48 51 45 80 48 52 44 80 47 53 44 80 47 54 43 80 46 55 44 79 46 56 43 79 46 56 44 78 46 56 45 78 44 58 44 78 44 58 45 78 42 59 45 79 40 60 45 80 36 63 46 80 31 68 45 82 23 74 45 83 17 79 45 85 7 87 45 179 46 178 46 178 46 178 46 178 46 178 47 177 47 177 48 176 50 174 51 173 51 173 52 172 53 171 54 171 54 170 54 171 54 171 54 170 54 171 54 170 54 171 53 171 54 170 55 169 55 170 55 169 55 169 56 168 57 168 56 168 56 168 57 167 57 167 57 167 57 167 57 167 58 166 58 166 58 166 58 166 59 165 59 164 60 164 60 164 60 164 60 163 61 163 61 163 61 162 62 162 62 162 63 160 64 160 64 160 65 158 67 157 67 156 69 155 70 154 71 152 72 152 73 151 74 150 75 149 76 148 76 147 78 146 78 146 79 145 79 145 80 144 80 144 80 144 80 143 81 143 81 143 81 143 81 143 81 142 82 142 82 142 82 142 83 72 7 62 83 67 13 61 83 53 28 60 83 52 30 59 83 26 1 25 30 59 83 25 3 24 30 59 83 25 4 23 31 58 83 24 6 22 31 58 83 24 6 22 31 59 82 24 6 22 31 59 82 23 8 21 32 58 82 23 8 21 32 58 82 23 8 21 32 59 81 23 9 20 33 32 1 25 80 23 10 20 33 32 2 24 80 23 10 20 33 32 2 25 79 23 10 21 33 31 3 24 79 23 10 21 33 32 2 24 78 24 10 21 33 32 2 24 78 24 10 20 35 32 1 24 78 23 12 19 35 32 1 25 76 24 12 19 36 57 76 24 12 19 36 57 75 25 14 16 37 57 74 25 17 14 37 57 74 24 20 10 39 56 75 24 69 56 75 22 71 55 76 21 72 54 77 19 74 53 79 16 76 33 5 13 81 13 79 33 10 4 87 8 82 32 192 32 191 32 192 31 192 31 193 30 193 30 193 30 194 29 194 28 195 26 198 23 201 22 202 20 204 18 206 17 208 13 214 6 2316
20721 6 214 13 209 17 205 21 200 26 197 29 193 32 190 35 188 36 187 37 187 38 185 39 185 39 184 40 184 40 183 42 181 43 180 44 175 49 173 50 172 52 172 52 171 53 170 54 170 54 170 54 169 55 169 54 170 54 169 55 169 55 169 55 168 55 169 55 169 54 170 54 169 55 169 55 169 55 168 56 168 56 167 56 168 56 167 58 166 58 165 59 165 59 165 59 164 60 164 60 164 60 164 60 163 61 163 61 163 61 163 61 163 61 162 62 162 62 162 63 161 63 161 63 161 63 161 63 161 63 161 63 161 63 161 63 161 62 162 62 162 62 162 62 162 62 162 61 163 61 163 61 163 60 164 60 164 59 165 58 165 59 165 58 166 58 166 57 167 56 168 56 168 55 169 55 170 54 170 53 171 53 171 53 171 52 172 13 3 36 172 12 5 35 172 12 5 18 2 15 173 10 7 15 6 12 174 10 7 14 7 12 174 9 8 13 9 10 176 7 10 11 10 10 177 4 13 9 12 9 195 7 14 7 198 2 18 6 219 3 6381
10806 2 218 12 210 19 205 24 199 27 197 28 196 28 196 29 195 29 195 30 194 30 194 31 193 31 193 31 193 31 194 31 69 10 114 31 68 12 113 31 68 13 112 31 67 14 112 31 67 15 112 31 66 15 112 31 66 16 112 30 66 16 112 31 65 16 112 32 64 16 113 32 62 17 113 33 61 17 114 34 58 18 114 35 57 18 115 36 54 19 115 38 51 19 116 41 47 20 116 46 34 28 116 64 10 34 117 106 118 106 118 106 118 105 119 105 119 105 119 105 119 104 120 104 120 104 121 103 121 103 121 103 122 102 123 101 123 101 124 100 125 99 126 97 127 97 127 97 127 97 128 96 128 96 129 95 129 94 130 94 131 93 131 93 131 92 132 92 132 92 132 91 133 91 133 90 134 89 135 89 135 88 136 88 136 88 135 89 135 89 134 90 134 90 133 91 132 91 132 92 132 92 131 93 131 93 130 94 130 94 129 95 129 96 127 97 127 97 126 98 126 98 126 98 125 99 125 99 124 100 124 100 123 101 123 101 122 102 121 103 120 104 120 104 119 105 119 106 118 106 117 107 117 107 117 107 117 107 118 106 118 106 118 106 119 105 119 105 120 104 120 104 120 105 120 104 120 104 120 104 120 104 121 103 121 103 121 104 120 104 120 104 120 104 120 104 120 104 120 104 120 104 120 104 120 103 120 104 120 104 120 104 119 105 119 105 119 53 2 49 120 49 9 46 119 36 1 1 22 44 120 34 27 43 120 33 28 43 120 32 29 42 120 32 31 41 120 32 31 40 121 31 32 40 121 30 34 38 122 30 34 37 123 29 35 37 124 28 35 36 125 27 35 36 128 25 35 36 129 23 36 35 133 18 38 35 137 13 39 34 189 35 189 34 190 34 190 34 190 33 190 34 190 34 190 33 191 33 191 32 192 32 193 30 194 30 194 29 195 28 197 26 199 24 200 23 202 21 92
1259 5 217 9 214 11 212 12 175 6 30 14 173 9 27 16 171 11 25 17 171 13 21 20 169 16 17 22 169 19 11 26 168 56 167 58 166 58 166 58 166 59 165 59 165 59 165 59 165 60 163 61 163 61 163 62 162 62 162 63 161 64 160 64 160 65 159 66 158 67 156 69 155 70 154 71 153 71 153 72 152 72 151 74 150 75 149 75 149 76 148 76 147 77 147 78 146 78 146 78 146 79 144 80 144 80 144 80 143 82 142 82 142 82 142 82 142 82 142 83 140 84 140 84 140 85 139 85 139 86 137 87 137 87 137 88 136 88 135 90 134 90 134 91 132 92 132 92 132 93 130 95 129 95 129 96 127 97 127 98 126 98 125 99 124 100 124 101 122 102 121 103 121 103 120 104 119 105 118 106 117 106 117 107 116 108 116 107 116 108 115 109 115 109 114 109 115 109 114 110 114 110 114 110 113 110 114 110 113 111 113 111 112 112 111 113 111 113 110 114 110 114 109 115 109 115 108 116 108 116 107 118 106 118 105 119 104 119 105 119 104 120 103 121 103 121 102 122 101 123 100 124 99 124 98 126 97 127 96 128 95 129 94 130 93 130 93 131 92 132 91 132 91 133 90 134 90 133 90 134 89 134 90 134 89 135 89 134 89 135 89 135 89 134 89 135 89 135 89 135 88 135 89 135 89 135 88 136 88 135 88 136 88 136 88 136 87 136 88 136 88 136 88 136 88 136 88 136 88 136 87 137 87 137 87 137 87 137 87 137 87 137 86 138 86 138 86 138 85 139 85 139 85 139 85 139 84 141 83 141 82 142 82 143 81 143 80 145 79 145 78 147 77 148 76 149 74 152 72 154 69 157 67 159 65 161 63 162 62 163 61 163 61 164 61 163 61 163 62 163 62 162 63 161 65 159 67 117 3 36 70 115 6 33 73 112 9 29 78 107 15 23 93 93 29 6 101 39 8 41 140 30 15 39 186 38 188 36 189 35 191 33 193 30 196 28 199 24 203 20 212 8 1429
6623 8 213 19 203 24 196 29 191 34 166 59 162 62 160 65 157 67 155 70 150 74 145 79 143 82 141 83 140 84 139 85 139 85 139 85 139 85 139 85 139 85 139 85 140 84 140 84 140 83 141 83 142 82 142 82 143 80 144 79 146 76 148 72 153 70 154 69 155 69 156 68 156 67 157 67 157 67 157 67 156 67 156 68 155 69 152 72 150 73 148 76 146 78 144 80 142 82 140 83 140 84 138 85 138 86 137 87 137 86 137 87 136 88 135 89 135 88 135 89 135 89 134 90 133 91 133 91 133 90 133 91 133 91 133 91 133 91 132 92 132 92 132 92 132 93 131 93 131 93 130 95 129 96 128 97 127 98 126 99 126 99 125 101 123 102 122 103 121 104 120 104 121 104 120 105 119 106 118 107 118 107 117 108 116 109 115 110 114 110 114 111 114 110 114 111 113 111 113 112 113 111 113 112 113 111 113 113 15 12 85 114 9 19 82 145 79 147 78 148 76 150 74 152 72 153 71 155 70 156 68 112 6 39 67 111 9 38 67 109 13 36 66 108 17 34 66 107 19 33 65 107 21 31 66 106 24 28 67 105 26 25 69 104 30 21 70 103 36 15 71 103 39 10 73 102 42 4 77 102 124 100 125 100 127 98 129 95 133 92 136 88 137 88 137 88 137 87 138 87 137 88 136 88 137 88 136 88 136 89 136 89 135 89 135 90 134 90 135 90 134 20 5 66 133 18 9 64 134 16 12 63 133 15 14 63 133 13 16 63 133 11 18 63 133 8 21 63 133 6 23 63 163 63 165 60 167 59 167 58 169 56 169 56 169 55 170 54 171 54 170 54 170 54 171 52 173 51 173 28 6 15 176 24 12 9 179 23 202 21 204 20 205 18 207 16 210 11 216 4 4330
3257 2 220 6 218 7 216 8 216 8 216 9 214 10 214 10 214 10 214 10 65 6 143 10 59 18 137 11 56 24 133 11 53 31 129 11 52 36 125 11 50 42 120 12 49 46 117 12 48 48 116 12 46 50 116 12 45 51 116 12 44 52 116 13 43 52 116 13 42 53 116 13 41 54 116 14 40 54 116 14 39 55 116 14 39 55 116 14 39 55 116 14 39 55 116 15 37 56 116 15 36 57 116 15 35 58 116 16 33 59 116 16 32 60 116 16 31 61 116 16 31 61 116 16 30 62 116 16 29 63 115 18 28 63 115 18 28 63 115 18 27 64 115 18 26 65 115 19 23 67 114 20 22 68 114 20 20 70 114 20 19 71 113 22 14 75 113 22 11 78 113 23 9 79 112 24 8 80 112 25 6 81 111 26 5 82 110 29 2 83 110 114 109 115 108 116 108 116 106 118 105 119 104 120 102 122 101 123 100 124 99 125 98 126 97 127 96 128 96 128 95 129 95 129 95 129 94 130 94 130 93 131 71 6 15 132 67 156 66 158 64 160 63 161 62 163 60 164 58 166 57 167 55 169 54 170 53 171 52 172 51 173 50 174 49 175 48 176 47 177 46 178 46 178 45 179 45 179 44 180 44 180 43 181 43 181 42 182 42 182 41 183 41 183 40 184 40 184 39 185 38 186 36 188 35 189 34 190 34 190 33 191 32 192 31 193 31 193 31 193 30 194 30 194 29 195 29 195 29 195 28 196 28 196 28 196 28 196 28 196 27 197 27 197 27 197 27 197 27 197 27 197 27 197 27 197 27 197 28 196 28 196 29 195 29 195 30 194 30 194 31 193 31 193 32 192 32 192 32 192 33 191 33 191 33 191 34 190 34 190 34 190 35 189 35 189 35 189 36 188 37 187 38 186 38 186 39 185 40 184 42 182 43 181 45 179 48 176 53 171 58 166 61 163 64 160 66 158 69 155 70 154 71 153 72 152 72 152 72 152 72 152 72 152 71 153 71 153 71 153 71 153 71 153 70 154 70 154 70 154 70 154 69 155 69 155 69 155 69 155 68 156 68 156 68 156 68 156 68 156 67 157 67 157 67 157 67 157 67 157 66 158 66 158 66 158 66 158 66 158 65 159 65 159 65 159 65 159
2340 4 217 10 213 14 209 16 208 17 206 19 205 20 203 21 203 22 202 22 201 24 200 24 200 24 167 8 25 25 165 11 22 26 165 13 20 26 164 16 15 30 163 61 164 60 164 60 164 60 165 60 164 60 165 59 165 59 166 59 165 59 166 58 166 58 167 57 167 57 168 56 168 56 169 55 169 55 170 55 169 55 170 54 171 53 172 52 172 52 173 51 173 51 173 51 173 51 174 50 174 50 174 50 174 50 174 50 174 51 173 51 173 51 173 52 173 51 173 51 173 52 172 52 172 53 171 53 172 53 172 52 172 53 173 52 173 51 173 52 173 51 174 51 175 49 176 49 175 49 176 49 175 49 175 50 174 50 174 51 173 51 173 51 173 52 172 52 172 52 172 53 171 53 171 53 171 54 170 55 169 55 168 57 167 58 166 59 165 60 164 61 163 62 162 63 161 64 160 64 160 65 159 66 158 67 158 66 158 67 157 68 156 69 155 69 156 69 155 69 155 70 154 70 155 70 154 70 154 71 153 71 153 72 152 73 151 73 152 73 151 73 151 74 150 74 150 75 149 76 148 76 148 77 148 77 147 77 147 78 146 79 145 79 145 80 144 81 144 80 144 81 143 81 143 82 142 82 143 82 142 82 142 83 141 84 141 83 141 84 140 84 140 85 139 86 139 85 139 86 138 87 137 87 137 88 137 87 137 87 137 88 136 88 136 89 136 88 136 89 135 89 135 89 135 90 135 89 135 90 134 91 133 91 133 92 132 93 131 93 131 94 130 94 130 95 129 96 128 97 126 98 126 99 123 102 96 9 2 118 89 135 33 7 33 152 30 195 28 197 27 199 25 203 21 209 15 212 12 215 9 216 8 218 6 219 5 220 4 220 4 221 3 222 2 223 1 223 1 223 1 223 1 223 1 1120 1 223 1 222 4 12 31 177 5 6 52 44 14 103 7 1 57 39 27 93 67 18 13 4 37 85 68 14 64 77 71 5 75 73 156 67 159 64 163 61 166 20 18 19 170 15 23 14 7
5627 9 212 15 208 18 205 21 148 13 41 24 143 18 39 25 139 22 37 28 135 25 36 29 132 28 35 30 130 29 35 31 127 32 34 32 125 33 34 33 123 34 34 34 120 36 34 34 119 37 34 35 117 38 34 36 114 40 34 37 112 41 34 38 110 42 34 39 108 43 34 41 105 44 34 42 103 45 35 42 101 46 35 43 99 47 35 45 96 48 35 46 93 50 36 46 91 51 36 47 89 52 36 48 87 52 37 49 85 53 37 50 83 54 38 51 80 55 38 53 77 56 38 55 20 22 31 58 38 56 15 34 21 59 40 58 10 41 14 61 40 61 3 53 3 64 40 184 40 183 41 183 42 182 42 181 43 181 43 181 44 179 45 179 45 179 45 179 46 177 47 177 47 177 47 176 49 175 49 175 50 173 51 173 52 172 52 172 53 170 54 170 54 170 55 169 55 169 55 168 56 168 56 168 56 168 56 168 56 167 57 167 57 167 58 165 59 165 59 165 59 164 61 163 61 163 61 162 62 162 62 162 62 163 61 163 61 163 61 163 61 163 60 164 60 164 60 164 60 164 59 165 59 165 59 165 59 165 59 165 59 165 59 165 59 165 58 166 58 166 58 166 58 166 57 167 57 167 56 168 53 171 46 177 32 192 29 195 28 196 28 196 28 196 28 196 28 196 28 196 28 196 28 196 28 196 28 196 28 196 28 196 28 196 28 196 28 195 29 195 29 195 29 195 29 195 29 195 29 195 29 195 29 195 29 195 29 195 29 195 29 196 28 196 28 196 28 196 28 197 27 197 27 197 27 197 27 198 26 198 26 199 25 199 25 200 24 200 24 200 24 201 23 201 23 202 22 202 22 203 21 203 21 203 21 203 21 204 20 204 20 204 20 205 19 205 19 205 19 206 18 206 18 206 18 206 18 207 17 207 17 207 17 208 16 208 16 208 16 209 15 209 15 209 15 210 14 210 14 210 14 211 13 211 13 211 13 212 12 212 12 212 12 212 12 212 12 212 12 212 12 212 12 212 12 212 12 212 12 211 13 211 13 211 13 210 14 209 15 209 15 208 16
6398 9 212 14 206 20 201 25 195 30 189 37 182 43 177 48 172 53 168 57 160 65 155 71 149 76 145 80 142 84 137 88 133 92 130 96 125 100 122 103 119 106 116 109 113 112 110 115 106 119 103 122 100 125 97 128 95 129 94 131 91 134 89 137 86 139 84 141 83 142 81 144 79 146 77 148 75 150 74 151 72 153 70 155 68 157 66 159 65 160 63 162 61 164 59 166 57 168 56 169 54 170 54 171 52 173 51 174 49 176 47 178 46 178 45 180 43 182 42 182 41 183 41 184 39 184 39 185 39 185 38 186 37 186 37 187 37 186 37 187 37 186 37 186 38 186 37 185 39 182 41 181 43 180 43 180 44 180 43 180 44 180 44 180 44 179 45 179 44 180 44 179 45 179 45 179 46 178 46 178 46 178 46 178 46 178 46 177 47 177 47 177 47 176 48 176 48 175 50 174 50 173 51 172 52 171 53 170 54 169 55 167 57 163 62 156 68 153 71 150 74 149 75 149 75 149 75 149 75 149 75 150 74 150 74 152 72 153 71 155 69 158 66 159 65 159 65 159 66 158 66 158 66 157 67 157 67 156 69 153 71 152 72 151 74 149 75 148 76 148 76 148 76 147 78 146 78 145 79 145 79 144 81 143 81 142 82 141 84 139 85 137 87 135 89 131 93 129 96 125 99 122 102 114 111 111 113 109 116 107 118 105 119 105 120 103 122 102 122 102 123 101 124 100 124 100 125 99 126 98 127 97 128 96 129 95 130 94 131 93 132 91 134 90 135 89 136 88 137 86 139 85 139 85 140 84 141 82 142 82 143 80 145 79 146 78 148 76 150 73 153 71 156 68 158 65 162 62 165 59 168 56 170 53 172 52 173 51 174 49 176 48 112
19811 16 205 22 200 25 198 27 196 29 195 30 193 32 191 34 189 36 188 37 186 39 184 41 183 42 181 44 180 45 178 47 177 48 176 48 176 49 174 52 172 53 171 54 169 55 169 56 167 59 165 60 164 62 162 64 160 65 159 66 159 66 158 67 157 68 156 69 156 69 155 70 154 71 154 70 155 70 156 68 157 68 158 66 162 62 164 61 167 57 169 55 170 55 170 54 170 54 171 53 171 53 171 53 171 53 171 53 171 53 171 53 171 53 171 53 171 53 171 53 171 52 172 52 172 52 172 52 172 52 172 52 172 52 172 52 172 52 172 52 172 52 172 52 173 51 173 51 173 52 172 52 172 52 173 51 173 51 173 51 174 50 174 50 175 49 175 49 176 48 176 48 177 47 177 47 177 47 178 46 178 46 178 45 179 45 180 44 180 44 180 44 180 18 6 20 180 17 8 19 180 16 10 18 180 15 11 17 182 14 12 16 182 14 12 16 182 14 13 15 182 14 13 15 182 14 14 14 182 14 14 14 182 14 14 15 182 13 15 14 182 13 15 14 182 13 15 14 182 13 16 13 182 13 16 13 183 12 16 13 183 12 16 13 183 12 17 12 184 11 17 12 184 11 17 12 184 11 17 12 184 11 17 12 184 11 18 11 184 11 18 11 185 11 17 12 184 11 17 12 184 11 17 12 184 11 18 11 184 11 18 11 184 11 18 12 183 11 18 12 184 10 18 12 184 10 18 12 184 10 18 12 184 10 18 12 184 10 18 12 184 10 18 12 184 10 19 11 185 8 20 10 65
71 10 175 3 35 12 173 6 32 14 171 8 31 15 169 10 29 16 169 11 28 17 168 12 27 17 168 13 26 18 167 13 25 19 167 14 24 20 166 15 23 21 165 15 23 21 165 16 22 22 165 16 20 23 165 16 20 24 164 17 19 24 165 17 18 25 164 18 16 26 164 19 15 27 164 19 14 27 164 20 12 28 165 20 11 29 164 22 8 30 165 22 6 31 165 24 3 33 164 60 165 59 165 60 164 60 165 59 165 59 165 59 165 59 165 59 166 59 165 59 165 59 165 59 165 59 165 59 165 59 165 59 165 59 165 59 165 59 165 59 165 59 165 59 164 60 164 60 163 61 162 62 162 62 162 63 160 64 160 65 159 66 158 67 157 68 156 70 154 72 152 76 148 81 143 84 140 88 136 90 134 92 132 94 130 96 128 98 126 102 122 113 111 119 105 122 102 124 101 125 99 126 98 128 96 129 96 129 95 130 95 130 95 130 96 25 2 102 97 20 7 101 98 15 11 101 103 2 18 102 123 102 122 103 122 102 122 103 121 104 121 103 121 104 120 104 121 104 120 105 119 105 119 106 119 105 119 106 118 107 117 107 117 108 117 107 117 108 116 109 116 108 116 109 115 110 115 109 115 110 115 109 115 110 115 109 115 110 115 109 115 109 116 109 115 109 116 108 116 109 116 108 116 108 117 107 117 108 117 107 118 106 118 106 119 105 119 105 120 104 120 104 120 104 121 103 121 103 121 103 121 103 121 104 121 103 121 103 121 103 121 104 120 104 120 104 120 104 120 105 119 105 119 105 120 104 120 105 119 105 119 105 119 105 120 104 120 104 120 105 119 105 119 105 119 105 119 106 119 105 119 105 119 105 119 106 118 106 118 106 118 106 118 106 118 105 119 105 119 105 119 105 119 105 118 106 118 106 118 106 117 107 117 107 116 108 115 108 116 108 115 109 115 109 115 108 115 109 115 109 115 109 115 108 116 108 117 107 117 106 118 106 119 104 121 103 122 102 124 99 129 95 131 93 132 92 133 90 135 89 135 88 137 87 138 86 139 85 140 83 143 81 144 80 145 78 147 77 148 76 149 75 150 74 151 72 153 71 154 69 156 67 157 46 10 10 159 42 183 39 186 36 189 33 192 27 74
8613 5 31 6 181 7 25 18 173 9 20 25 170 9 18 30 166 11 15 37 161 12 12 45 154 14 9 49 152 15 5 54 150 75 148 77 147 78 145 79 144 81 143 82 141 84 140 84 139 86 138 87 137 88 136 89 134 90 134 91 133 91 132 93 131 93 131 94 129 95 129 96 128 98 126 101 122 112 112 116 108 120 104 122 101 124 100 125 98 127 95 130 93 132 91 134 90 135 87 138 85 140 82 143 79 147 76 149 73 152 70 154 69 155 68 156 68 156 68 156 69 155 69 155 70 154 71 153 72 152 72 152 73 151 73 151 74 150 74 149 75 149 74 150 74 149 75 148 75 148 76 148 76 148 76 148 76 148 75 148 76 148 76 148 76 148 76 148 76 148 76 148 76 147 76 148 76 148 75 148 76 147 76 148 76 148 76 147 76 148 76 148 76 147 76 148 76 146 77 145 78 144 80 142 81 142 81 142 82 142 81 143 80 144 80 144 79 145 78 146 78 146 77 148 76 148 76 148 75 149 75 149 75 149 74 151 73 151 73 151 73 152 72 152 72 152 72 153 71 153 71 153 71 154 70 154 70 154 69 155 69 156 68 156 68 156 68 156 68 157 67 157 66 159 65 160 64 161 63 161 63 162 61 163 61 163 60 165 59 165 58 167 56 168 56 169 54 170 53 172 52 173 50 174 50 174 50 175 49 176 48 177 47 177 47 177 47 178 46 178 46 178 47 1 2 174 55 169 60 164 68 156 70 154 73 151 77 147 81 143 82 142 84 140 84 140 85 139 86 138 87 137 88 136 88 136 89 135 90 134 91 133 92 132 93 131 93 131 94 130 94 130 95 129 95 129 95 129 95 129 96 47 3 78 96 45 7 76 96 43 10 75 96 42 12 74 97 39 16 72
62 17 205 21 202 23 200 25 198 28 195 31 192 33 191 35 188 38 186 39 184 42 181 44 179 46 177 47 176 49 174 51 172 52 170 55 168 57 165 59 164 61 161 64 159 65 158 67 156 68 156 69 155 70 154 71 153 72 152 73 151 73 151 73 151 74 150 73 151 73 151 73 151 73 151 73 151 73 151 73 152 72 152 72 152 72 152 72 152 71 153 71 153 70 154 70 154 69 155 69 155 69 155 69 155 68 156 69 155 69 155 69 155 69 155 70 63 3 88 71 60 6 87 73 56 10 85 74 53 12 85 76 50 14 84 77 49 15 83 79 46 16 83 82 42 18 82 84 39 19 82 86 37 19 82 94 28 20 82 100 21 21 82 107 12 23 82 142 83 141 83 141 83 141 83 141 83 141 84 140 84 140 85 139 85 139 86 138 86 139 86 139 87 137 88 137 89 136 90 135 90 135 90 134 91 134 90 134 91 133 91 134 91 133 92 133 91 133 91 133 91 134 91 134 90 134 90 134 90 134 90 135 89 135 89 135 89 135 89 135 88 136 88 137 87 137 87 137 87 137 87 137 87 137 87 137 88 136 88 136 88 137 87 137 87 137 87 137 87 137 87 137 87 137 88 136 88 136 88 136 89 135 89 135 89 135 90 134 90 134 91 132 92 132 92 132 93 131 93 131 93 131 93 131 93 66 4 61 93 65 5 61 93 65 6 60 93 28 3 33 7 60 93 27 6 31 7 60 93 27 6 31 8 59 93 27 7 29 9 60 93 25 9 28 9 60 93 25 9 28 9 60 93 25 9 28 10 59 93 25 10 27 10 59 93 25 10 26 11 59 94 24 10 26 11 59 94 24 10 26 12 58 94 24 11 25 12 58 94 24 11 25 12 58 95 23 11 24 13 58 95 23 11 24 13 58 95 23 11 24 14 57 95 23 11 24 14 57 96 23 10 24 14 57 96 23 10 24 14 29 2 26 96 23 10 24 15 28 3 25 96 23 10 24 15 28 4 24 97 22 10 24 16 27 4 24 97 22 10 24 17 26 5 23 97 22 10 24 18 25 5 23 97 22 10 24 19 24 6 22 97 22 10 24 20 23 6 22 97 22 10 24 21 22 6 23 96 23 9 23 22 22 7 22 97 22 9 23 23 21 7 22 97 22 9 23 23 21 7 23 96 23 8 23 23 20 9 22 96 23 8 23 24 19 9 22 96 23 8 23 24 19 9 23 95 23 8 23 24 19 9 23 96 22 8 23 24 18 11 22 96 22 8 23 24 18 11 23 95 22 8 23 24 18 11 23 95 22 8 23 24 18 11 23 95 22 8 23 24 18 11 23 95 22 9 22 24 18 12 22 95 22 9 22 24 18 12 22 95 22 9 22 24 17 13 22 96 21 9 22 23 18 13 22 96 21 8 23 23 18 13 22 96 21 8 23 23 18 13 22 96 21 8 23 23 18 13 22 96 21 8 23 23 18 13 22 96 20 9 23 22 19 13 22 96 20 9 23 22 18 14 23 95 20 8 24 22 18 14 23 95 20 8 24 22 18 14 24 94 20 8 24 21 19 14 24 94 20 8 24 21 19 14 25 93 20 8 24 21 18 15 26 92 20 7 25 21 18 15 27 91 20 7 25 21 18 15 28 90 20 7 25 21 18 15 28 90 20 7 25 21 17 16 29 88 21 7 25 22 15 17 30 87 22 5 26 25 11 18 30 87 22 5 26 30 2 22 30 86 23 4 27 53 31 86 23 4 27 53 31 85 25 2 28 53 31 84 56 52 32 83 56 53 32 82 57 53 32 81 58 52 32 82 58 52 32 82 57 54 30 82 58 54 29 83 58 55 26 85 58 58 17 91 58 166 58 166 58 166 58 166 58 166 58 166 58 166 18 5 35 167 15 8 34 105
1631 9 209 19 202 23 200 26 197 28 195 31 192 34 189 37 185 41 182 44 179 47 176 49 174 52 171 54 169 56 167 59 163 62 161 65 157 70 153 73 150 76 146 79 143 83 139 86 136 88 135 90 132 92 131 93 130 94 129 95 129 96 127 97 126 98 126 98 125 100 123 101 123 101 122 102 121 103 121 104 119 105 118 106 117 108 116 108 115 110 114 110 113 111 113 112 111 113 111 113 111 114 110 114 109 115 109 115 109 114 110 114 110 114 110 114 110 114 111 114 110 114 111 113 112 112 113 112 112 113 112 113 111 121 103 124 100 127 98 129 95 133 91 136 88 139 85 140 84 142 82 143 81 145 79 146 79 148 76 150 74 151 74 152 72 153 72 154 70 156 13 7 49 159 4 18 43 184 40 188 37 190 34 193 31 195 30 197 27 198 27 198 27 198 27 197 28 197 28 196 29 195 30 194 31 192 33 191 34 190 34 190 35 189 36 188 36 187 38 186 38 186 39 186 38 186 38 186 39 186 38 187 37 188 36 190 34 190 34 191 33 191 34 190 34 190 35 189 35 189 36 188 37 187 38 186 38 186 38 186 39 185 39 185 39 185 39 185 40 184 40 184 40 184 40 184 41 183 41 183 42 182 42 182 43 181 43 181 43 181 44 180 44 180 44 180 45 179 45 179 46 178 46 178 47 176 48 176 48 172 52 170 55 165 59 163 61 162 62 161 63 160 64 160 64 159 65 158 67 157 67 156 68 156 69 154 70 154 71 152 72 151 74 36 2 111 76 32 7 109 76 30 10 46 5 56 78 28 11 46 7 53 79 27 12 45 9 51 81 25 13 45 10 49 83 24 13 44 12 48 84 22 14 44 12 47 85 21 15 44 13 45 87 19 16 43 14 44 90 16 16 44 15 42 92 13 18 44 16 38 97 9 20 44 19 31 129 45 26 21 132 45 28 14 137 44 180 44 179 45 179 44 180 44 180 43 181 42 182 42 182 41 183 41 183 40 184 40 184 39 185 39 185 38 186 38 185 38 186 37 187 36 188 36 188 35 188 35 189 35 189 34 190 34 190 33 191 33 191 32 192 32 192 31 193 31 193 30 194 30 106
16470 13 208 18 204 23 200 26 196 29 194 32 191 35 188 37 186 39 183 42 181 44 153 6 20 46 149 13 14 48 146 20 7 52 143 82 139 86 135 89 133 92 131 93 130 94 129 96 127 97 127 98 126 98 126 99 125 99 125 100 125 99 126 98 129 96 133 91 137 87 139 85 140 85 139 85 139 85 139 85 138 86 137 87 136 88 134 89 134 90 132 92 130 94 128 96 126 98 124 99 123 101 121 103 120 103 120 29 3 72 119 28 7 70 119 26 10 69 118 25 12 68 119 24 14 67 119 24 14 66 119 24 15 66 119 23 17 65 119 23 17 64 120 22 19 62 121 21 20 62 121 20 22 60 123 18 23 60 124 16 24 60 125 12 28 59 130 3 32 59 165 59 165 30 3 26 166 28 5 25 166 28 6 24 166 27 7 25 165 27 8 24 165 26 9 25 165 24 10 25 165 23 12 25 164 22 13 26 163 21 15 25 162 21 17 25 161 21 18 25 160 21 18 26 159 21 19 25 159 21 19 26 158 21 19 26 157 22 19 26 157 21 19 27 157 21 19 27 157 21 18 28 156 22 18 28 156 21 18 28 157 21 18 28 157 21 17 28 158 20 18 27 159 20 18 26 160 20 17 26 160 20 18 26 160 20 17 26 161 19 18 25 162 19 17 26 162 18 18 25 163 18 18 24 163 18 18 25 163 18 18 24 164 18 17 24 165 17 18 24 165 17 17 24 165 17 18 24 165 17 18 23 166 16 18 24 165 17 18 23 166 17 17 23 167 16 18 23 166 17 17 23 167 17 17 22 167 18 16 22 168 18 16 21 168 18 16 22 168 18 16 21 168 19 15 22 168 19 15 21 168 19 15 22 168 19 15 21 168 20 15 21 168 20 15 21 167 20 16 21 167 20 16 20 168 20 16 20 168 19 17 19 169 19 17 19 169 19 17 18 170 19 18 16 171 18 19 15 172 18 20 13 173 17 22 10 176 15 26 3 181 13 212 10 3492
3503 9 212 14 204 23 197 32 188 40 181 45 177 48 176 49 174 51 173 52 171 54 169 56 166 59 163 62 159 66 156 69 150 76 141 84 137 89 134 91 132 93 130 96 104 8 14 99 96 129 90 135 87 138 84 141 80 145 78 147 75 149 73 152 71 153 70 154 69 156 66 158 65 159 64 160 63 161 62 162 61 164 59 165 58 166 57 167 56 168 56 168 55 169 55 169 55 169 54 170 54 170 54 170 53 170 54 170 54 170 53 171 53 171 53 170 53 171 53 171 53 171 53 170 54 170 53 171 53 170 54 170 54 169 55 169 55 168 56 168 57 166 58 166 58 165 59 165 59 164 60 164 60 163 61 163 62 161 63 161 63 161 63 160 64 160 64 159 65 159 65 159 64 159 65 159 65 158 66 158 66 157 66 157 67 157 67 155 68 155 69 154 70 153 70 153 71 152 72 151 72 151 73 149 74 150 74 149 75 149 75 149 75 148 76 148 76 148 76 148 76 148 76 147 77 147 77 147 76 148 75 149 73 151 71 153 70 154 69 155 67 41 3 113 65 41 7 111 64 41 8 111 63 41 9 111 63 40 9 112 62 41 9 112 62 40 9 113 61 41 8 114 61 41 7 115 61 41 7 115 61 40 8 115 61 39 9 115 61 39 8 116 62 37 9 116 62 36 10 116 62 36 9 117 62 35 10 117 63 33 10 118 63 32 10 119 64 30 11 118 65 29 12 118 65 28 12 119 65 27 13 119 66 25 14 119 66 24 14 120 66 24 14 119 67 23 15 119 67 22 15 120 68 20 16 119 69 18 18 48 13 58 70 14 21 45 21 10 2 41 71 9 25 42 38 38 76 3 27 40 41 36 107 38 43 35 107 38 44 35 107 37 45 34 108 36 46 34 108 35 47 34 108 34 47 34 109 33 48 34 109 33 48 33 110 32 48 34 110 32 48 34 110 31 49 34 110 31 48 35 110 30 49 35 109 31 49 34 110 31 49 34 109 32 49 34 108 33 49 34 107 33 50 34 106 34 50 34 105 35 50 34 104 35 51 34 104 34 52 33 104 34 53 33 104 33 54 32 105 32 56 27 109 31 57 24 111 31 59 20 114 31 60 15 118 30 62 12 120 30 63 9 122 30 66 3 125 29 195 29 195 28 195 28 196 28 197 26 198 25 199 24 200 23 201 21 204 18 206 16 209 11 215 6 2868
707 6 216 10 212 13 210 15 209 16 207 17 207 18 205 19 26 5 174 20 23 8 173 20 20 12 172 21 17 14 172 24 4 24 172 52 172 51 173 51 173 51 173 50 174 50 173 51 173 50 174 50 174 49 174 50 174 49 174 50 174 49 174 50 174 50 173 51 173 50 174 50 173 51 173 51 173 51 173 51 172 52 172 51 173 51 173 51 172 52 172 52 172 52 172 52 172 52 172 52 172 53 171 53 172 53 171 54 170 55 169 56 168 59 164 63 161 65 159 67 157 69 155 71 152 74 150 76 148 78 146 80 144 81 143 83 141 85 139 87 137 89 134 92 132 93 131 94 130 96 128 97 127 98 126 99 125 99 125 100 124 101 123 102 122 103 122 102 122 103 121 104 121 104 120 104 120 105 119 106 118 106 119 106 118 106 118 106 119 106 118 106 119 105 119 106 119 105 120 104 120 105 120 104 120 104 121 104 120 104 121 103 122 102 122 103 122 102 122 102 123 102 123 101 123 101 124 100 124 101 124 100 124 100 125 100 124 100 125 99 125 100 124 100 125 99 125 99 125 100 124 100 125 99 125 99 125 99 125 100 124 100 124 100 124 101 123 101 123 101 123 101 123 101 123 102 122 102 123 101 123 101 123 101 123 101 123 102 122 102 122 102 122 102 122 102 122 102 122 102 122 102 122 102 122 102 121 103 121 103 121 103 120 104 120 103 120 104 119 105 118 106 117 107 116 108 115 108 115 109 114 110 114 110 113 111 113 111 112 112 112 112 112 112 112 112 112 113 111 113 111 114 110 115 109 116 108 118 107 28 1 90 105 26 4 90 105 24 6 91 105 20 9 92 105 16 12 94 107 7 17 95 131 95 132 94 136 90 141 85 142 84 143 83 145 81 152 73 174 51 178 47 181 45 181 44 182 43 183 42 185 40 186 39 187 38 188 37 189 36 189 37 189 36 189 36 190 35 190 35 191 35 190 35 191 35 191 36 190 36 189 36 190 36 189 36 190 34 191 34 191 33 192 32 193 31 194 30 194 30 195 29 196 28 19
7052 8 204 23 196 29 194 32 191 34 189 36 187 37 187 38 185 40 184 40 184 40 183 42 182 42 181 43 180 45 177 47 176 48 173 51 172 52 171 54 169 55 168 56 167 58 165 59 164 61 163 61 162 62 162 63 159 65 157 68 155 69 151 74 146 78 144 80 143 82 142 82 141 84 140 84 139 86 138 86 137 88 136 88 136 88 135 90 134 90 134 90 133 92 132 92 132 92 132 92 131 94 130 94 129 95 129 95 128 96 127 97 126 98 126 98 125 99 125 99 124 100 124 100 124 100 124 100 124 100 124 100 124 100 124 100 124 100 124 100 124 100 124 100 124 100 124 100 124 100 125 99 125 98 126 98 127 97 129 95 140 84 142 81 144 80 145 79 145 79 146 77 147 77 147 77 148 75 149 75 149 75 150 74 150 73 151 73 152 72 152 71 153 71 154 70 155 69 155 68 157 67 158 66 159 2 5 58 167 57 168 55 170 54 171 53 171 53 172 52 172 52 173 51 173 51 173 51 174 50 174 22 2 26 174 20 5 25 174 20 6 24 175 19 7 23 175 18 11 20 175 18 12 19 175 18 13 18 175 18 13 18 175 18 14 16 176 18 15 15 176 17 16 15 176 17 16 15 176 17 17 14 176 17 17 14 177 16 17 15 176 16 17 15 176 16 18 14 177 15 18 14 177 15 18 14 177 15 18 15 176 15 18 15 176 15 18 15 176 15 18 15 176 15 18 15 177 14 18 15 177 14 18 16 176 14 19 15 176 14 19 15 176 14 19 15 177 14 18 16 176 14 18 16 176 14 18 16 176 14 19 15 176 14 19 16 175 14 19 16 175 15 18 16 175 15 19 16 174 15 19 16 174 15 19 17 173 16 18 17 173 16 19 16 173 16 19 16 173 16 19 16 173 16 20 15 173 16 20 15 173 16 21 14 173 16 21 13 174 16 23 11 174 16 24 8 176 16 208 16 208 16 208 16 209 15 209 14 211 12 213 10 216 5 4830
15851 4 218 8 214 10 213 12 49 11 117 6 27 15 46 16 112 9 25 16 45 19 108 13 22 17 45 22 104 16 18 19 45 24 100 20 15 20 45 27 96 24 10 22 45 30 92 56 46 32 88 57 47 35 82 60 47 37 78 62 47 39 75 62 48 42 70 63 49 44 65 66 49 46 59 69 50 49 53 72 50 51 48 75 50 53 43 78 50 55 38 81 50 58 30 86 50 61 20 93 50 66 5 103 50 174 50 174 50 174 50 174 50 174 50 174 50 174 50 174 50 174 50 174 50 174 50 174 50 174 50 173 51 173 51 173 51 173 51 173 51 173 51 173 51 173 51 174 50 174 50 174 50 174 50 174 50 174 50 173 51 173 51 173 51 173 51 173 51 172 52 172 52 172 52 171 53 171 53 171 53 170 54 170 54 169 55 169 55 168 56 167 57 167 57 166 58 165 59 164 60 163 61 162 62 162 62 161 63 160 64 159 65 157 67 134 6 16 68 133 10 9 72 132 92 131 93 130 94 130 94 129 96 127 98 126 101 122 104 119 107 117 108 115 111 113 112 111 114 110 115 109 116 107 118 106 119 105 119 105 120 103 121 103 122 102 122 102 123 101 125 99 129 95 132 92 134 89 137 87 139 85 141 83 143 81 145 79 147 77 150 74 152 72 156 68 160 64 163 61 166 58 168 56 169 55 170 54 171 53 172 52 172 52 172 52 172 53 171 53 171 53 171 53 172 53 171 53 171 53 172 52 173 51 176 48 182 24 2 16 186 14 10 14 189 6 16 13 212 12 212 12 212 11 213 11 214 10 214 10 214 10 214 9 215 9 215 9 215 9 216 7 104
3691 14 203 26 194 33 188 39 182 44 178 49 173 53 168 57 165 61 161 65 158 67 156 69 154 71 152 74 149 76 147 78 145 81 143 82 141 84 139 86 137 88 136 89 134 91 133 92 131 94 129 96 127 97 127 98 125 100 123 101 123 101 122 103 120 104 120 105 118 106 117 107 117 108 115 109 115 110 114 110 113 112 112 112 112 113 110 114 110 115 109 115 109 115 110 114 110 114 110 114 110 114 110 114 111 113 111 113 111 113 112 112 112 111 114 110 114 110 115 109 115 109 116 108 117 107 117 107 118 106 118 106 118 106 118 107 117 107 117 107 117 108 116 108 116 108 116 109 115 109 115 110 114 110 114 111 113 111 65 4 44 112 63 6 42 113 62 8 41 114 60 10 40 114 59 11 40 115 58 11 40 115 58 12 38 117 56 13 38 117 56 13 38 118 55 13 38 118 55 14 37 119 53 15 36 121 52 16 35 121 52 16 35 121 52 17 34 122 51 18 33 122 51 19 32 123 49 21 31 123 49 22 30 123 49 23 29 123 49 24 29 122 49 24 29 122 49 25 28 123 48 26 27 123 48 27 26 123 48 29 24 123 48 30 24 122 48 31 23 122 48 33 21 122 48 34 21 121 48 35 20 121 48 36 20 120 48 37 19 121 47 37 20 120 47 38 19 120 47 39 18 121 46 39 18 121 46 40 18 120 45 41 18 121 44 41 18 121 44 41 18 121 44 42 17 121 44 42 17 122 43 42 17 122 43 41 18 122 43 41 18 122 43 41 18 122 43 41 17 123 43 40 18 123 43 40 18 124 42 40 18 124 43 39 18 124 43 39 18 124 43 39 18 124 44 38 17 125 44 39 16 125 45 38 16 125 45 39 14 126 46 38 14 127 45 39 13 127 45 39 13 128 44 39 12 129 45 37 13 129 45 36 14 130 44 35 15 130 45 32 17 131 44 32 16 133 44 30 17 133 44 30 17 134 44 28 18 134 45 27 18 135 44 27 18 135 45 25 19 136 45 24 19 136 47 21 20 136 50 17 21 137 54 10 23 137 87 138 86 138 87 137 87 137 87 138 85 139 85 139 85 139 85 140 83 141 82 142 82 142 83 141 83 141 84 141 84 140 84 140 84 140 84 140 84 140 84 140 84 139 85 139 85 139 85 139 84 140 84 140 83 141 83 141 82 141 82 142 81 143 80 144 79 145 77 147 76 147 75 149 74 150 74 150 73 151 72 152 71 152 71 153 71 153 70 153 70 154 69 155 69 155 68 156 68 156 68 156 68 155 27
12242 22 197 30 187 44 174 54 167 59 162 64 157 69 153 74 148 84 139 90 133 94 129 98 125 101 13 8 101 103 11 12 96 106 10 14 52 13 28 107 10 16 47 18 25 109 9 18 32 32 22 112 8 21 27 36 18 114 8 23 23 39 15 116 8 28 15 43 13 117 8 87 11 119 7 88 9 120 7 89 7 122 6 91 3 124 6 218 6 219 6 218 7 217 8 217 7 217 8 216 8 216 9 216 8 216 9 215 9 216 8 217 8 217 7 217 7 217 8 216 8 216 8 216 8 216 9 215 9 215 9 215 9 215 9 215 9 215 9 215 9 215 9 215 9 215 9 215 9 215 8 216 8 216 8 216 8 216 8 216 8 216 7 217 7 217 7 217 7 217 7 217 7 217 6 218 6 218 6 218 6 218 6 218 7 217 7 217 7 217 7 217 7 217 7 217 8 216 8 216 8 216 8 216 8 216 8 216 9 215 9 215 9 215 10 214 10 214 10 214 11 213 11 213 12 212 12 211 13 211 14 210 14 209 16 207 17 207 17 206 19 205 19 205 20 203 22 202 23 200 24 200 25 198 27 196 28 196 29 194 31 192 33 191 33 190 35 188 37 186 39 183 42 180 45 177 48 173 53 169 56 167 58 163 61 159 65 156 67 156 68 155 69 154 69 154 70 153 71 152 72 151 73 150 74 149 75 149 75 148 77 145 79 144 81 141 84 138 87 135 90 130 97 123 119 101 127 92 135 86 139 83 143 79 146 76 149 73 152 70 155 67 158 63 161 60 165 57 168 54 171 51 175 47 179 13 5 25 205 11 2126
5523 15 205 21 197 29 193 33 189 37 186 40 183 42 181 45 178 47 176 50 173 53 170 56 167 58 165 60 163 62 161 64 158 67 154 71 149 76 140 85 137 88 134 91 131 94 129 96 127 98 125 100 124 101 122 103 121 105 118 107 117 109 114 112 111 117 106 121 103 123 100 126 97 128 95 130 94 131 92 132 91 134 90 135 88 136 87 138 86 139 84 140 83 142 81 143 80 144 80 144 79 145 78 146 78 146 77 147 76 148 76 148 75 149 74 150 74 150 74 150 73 151 73 151 73 151 72 152 72 152 72 152 72 152 72 152 71 153 71 153 71 153 71 153 72 152 72 152 72 152 72 152 72 152 73 151 73 151 74 150 74 150 74 150 75 149 75 149 75 149 76 148 76 148 76 148 77 147 77 147 77 147 78 146 78 146 79 145 79 145 79 145 80 144 80 144 80 144 81 143 81 143 81 143 81 143 82 142 82 142 82 142 82 142 82 142 82 142 81 143 81 143 81 143 80 144 80 144 79 145 78 146 77 147 76 148 75 149 74 150 72 152 70 154 68 156 67 157 65 159 64 160 64 160 63 161 62 162 61 163 59 165 56 168 52 172 49 175 47 177 45 179 43 181 42 182 41 183 40 184 39 185 38 186 38 151 2 33 36 152 3 33 35 154 2 33 34 155 2 33 32 192 29 195 26 198 22 202 19 205 15 209 11 213 7 217 5 219 2 221 2 222 1 223 1 221 3 219 5 218 6 216 8 214 10 213 11 212 12 211 13 210 14 210 14 210 14 210 14 210 14 209 15 209 15 209 15 209 15 209 15 209 15 209 15 209 15 209 15 209 15 208 16 208 16 208 16 208 16 208 16 208 16 208 16 208 16 208 16 208 16 208 16 208 16 207 17 207 17 207 17 207 17 207 17 206 18 206 18
1630 9 208 22 199 32 190 36 185 40 182 44 178 47 174 52 171 54 168 58 165 60 162 63 160 65 156 69 153 72 151 74 148 76 146 79 144 81 142 83 140 85 138 87 136 89 134 91 132 93 130 95 128 96 127 98 125 100 123 101 122 103 120 104 120 105 119 105 118 107 117 107 117 108 117 107 117 108 117 108 116 109 116 109 115 110 115 110 115 109 115 110 114 111 114 111 113 113 111 115 110 116 108 117 108 118 106 120 104 122 103 122 102 123 101 124 100 125 100 125 99 126 98 126 98 127 96 128 96 129 95 130 94 130 93 132 92 133 91 134 90 136 88 138 86 141 83 145 78 159 65 170 54 175 49 179 45 183 41 186 38 188 36 190 34 192 32 193 31 194 30 195 29 196 28 196 28 197 27 197 27 198 26 198 26 199 26 198 26 198 26 198 27 197 28 196 28 196 29 195 29 195 29 195 30 195 29 195 30 194 30 195 29 195 29 196 29 136 13 46 29 133 22 40 29 130 29 37 28 128 34 34 28 127 37 32 28 126 40 29 29 125 43 27 29 124 45 26 29 123 48 23 30 121 53 19 31 119 59 13 33 106 5 4 109 103 121 103 120 103 121 103 121 102 122 102 122 101 123 101 123 100 124 100 124 99 125 99 125 98 126 97 127 96 128 95 130 92 132 90 134 88 136 85 139 83 141 80 145 76 148 73 151 71 153 68 157 65 159 39 12 10 163 37 187 36 188 35 190 34 190 33 191 33 191 33 192 32 192 32 192 33 191 33 191 33 191 33 191 33 191 34 190 34 190 34 190 35 189 35 189 35 189 36 188 36 188 37 187 37 186 38 186 39 184 40 184 40 184 40 183 41 183 42 182 42 182 42 182 42 182 42 181 43 181 43 181 43 182 41 183 41 183 41 183 40 185 39 185 38 187 36 189 35 190 33 192 30 195 28 197 26 200 22 203 20 207 15 212 4 3541
2435 6 216 9 214 11 211 13 210 15 208 16 206 18 205 19 203 21 202 22 200 24 198 26 197 27 39 3 153 29 35 11 148 30 34 14 144 31 34 18 139 33 33 21 134 36 33 22 111 12 4 42 33 24 106 61 33 27 99 65 33 31 71 88 34 35 49 106 34 40 35 115 34 190 34 190 34 189 35 189 35 189 35 188 36 188 36 188 37 186 38 186 38 186 38 186 38 185 39 185 39 185 39 185 39 184 40 184 40 183 41 183 41 183 41 182 42 182 42 182 42 182 42 182 43 181 43 182 42 182 42 182 42 182 42 182 42 182 42 182 43 181 43 181 43 181 43 181 44 181 43 183 42 183 41 185 40 186 39 186 40 186 40 186 39 186 39 186 39 186 38 187 38 186 38 187 37 187 37 188 36 188 36 188 36 189 35 189 35 189 34 190 34 190 34 190 33 191 33 191 32 192 32 192 31 193 31 193 31 193 31 193 30 193 31 193 31 193 30 194 29 195 29 195 28 196 27 196 28 196 27 197 27 197 27 196 28 196 28 196 27 197 27 197 26 198 25 199 25 198 26 198 26 198 26 198 26 198 26 198 27 197 27 197 27 197 27 197 27 197 27 197 26 198 26 197 26 198 26 197 26 197 27 197 27 197 27 197 27 197 27 196 29 195 29 194 31 193 31 192 32 192 33 191 33 191 33 190 34 190 34 190 34 189 35 189 35 189 35 188 40 184 41 183 41 182 42 182 42 182 42 182 42 182 41 183 41 183 40 185 39 185 39 186 37 188 36 188 36 189 35 189 35 189 35 187 37 187 37 187 36 188 36 188 36 188 36 188 36 188 35 189 35 189 35 189 34 190 34 191 33 191 32 193 31 194 29 196 28 197 26 199 24 201 21 204 17 208 14 211 12 213 10 215 9 216 8 217 6 219 5 219 5 220 4 221 3 222 2 223 1 223 1 3360
78 44 178 48 175 50 172 54 168 58 165 61 161 64 159 67 156 70 153 72 151 75 148 77 146 79 144 82 141 84 139 86 138 86 137 88 135 90 134 90 133 91 133 92 131 93 130 94 130 94 130 94 129 95 129 96 127 98 126 99 125 101 122 106 118 109 115 111 112 114 110 116 107 118 106 119 104 121 103 122 102 123 101 123 100 125 99 125 99 125 99 125 98 126 98 126 98 125 99 124 99 123 101 121 103 119 105 118 106 118 106 117 106 118 106 118 106 118 106 118 105 119 105 119 105 120 104 120 104 120 103 121 103 122 102 122 102 123 101 124 99 125 99 126 98 127 97 128 96 128 96 129 95 130 94 131 93 132 92 134 90 136 88 138 86 140 84 141 84 141 83 142 82 143 81 144 80 145 79 145 79 146 78 146 78 146 78 146 78 146 78 146 78 146 78 146 78 146 78 146 78 146 78 146 78 146 79 144 80 144 80 143 82 142 82 141 84 138 86 136 89 134 90 132 92 111 5 13 96 109 115 109 115 109 115 109 115 109 116 109 115 109 115 109 115 109 116 109 115 109 115 109 115 110 115 109 115 109 115 109 115 109 115 109 116 108 116 109 115 109 115 109 115 109 115 109 115 109 115 108 116 108 116 108 116 108 116 108 116 108 116 107 117 107 117 106 117 107 117 106 118 105 118 105 119 105 118 105 119 104 120 103 121 102 122 101 123 99 125 97 127 95 130 93 131 92 132 92 133 90 134 89 136 87 137 87 138 85 139 84 140 83 142 81 143 60 7 13 144 58 12 9 145 57 16 4 148 55 169 55 170 54 171 54 171 54 171 55 171 55 171 55 171 54 171 55 170 55 170 54 171 54 171 54 170 55 170 55 170 55 170 55 170 55 170 54 170 55 170 54 171 53 171 53 172 53 171 53 172 52 172 52 173 51 173 51 174 50 175 49 175 49 176 47 177 47 178 45 180 43 182 42 183 40 185 38 189 33 194 28 201 22 206 17 209 14 211 13 212 11 213 11 214 9 216 7 109
20092 5 185 3 28 10 182 8 21 13 181 14 5 24 181 44 137 16 27 43 134 25 21 44 132 31 17 44 130 35 15 44 128 41 10 44 127 48 3 46 125 99 123 101 121 103 119 105 118 106 116 108 115 109 114 110 113 111 113 111 112 112 111 113 110 114 110 114 109 116 108 116 107 117 107 117 107 117 106 117 107 117 107 117 107 117 106 118 106 118 106 117 107 117 106 118 106 117 107 117 107 117 106 118 106 118 106 118 106 118 105 119 105 119 105 119 105 119 104 120 104 121 103 121 102 122 102 123 100 124 100 125 99 126 98 126 98 127 96 129 95 129 95 23 5 101 95 20 12 97 95 18 30 11 8 62 95 17 58 55 94 16 68 11 2 14 8 11 94 15 106 9 95 12 109 8 95 10 112 7 217 7 218 6 218 6 218 6 218 6 219 4 220 4 220 4 220 4 220 4 220 4 220 4 220 3 222 2 222 2 2688 1 222 3 220 4 220 4 220 4 219 5 219 5 219 5 219 4 220 4 221 2 6331
3463 3 213 29 192 36 186 41 181 46 176 50 173 54 169 57 166 60 163 63 160 66 157 68 155 70 152 74 149 76 147 78 145 80 143 82 141 84 140 85 138 86 137 88 134 91 132 93 130 95 127 98 125 100 123 102 121 105 119 106 117 109 115 110 114 111 112 113 111 114 109 115 109 116 108 116 107 117 107 117 106 118 106 119 105 119 105 119 105 119 105 119 105 120 103 121 103 121 103 121 103 121 102 122 102 122 101 123 101 122 101 123 101 123 100 124 100 124 99 125 99 125 98 126 98 126 97 127 97 127 97 127 96 128 96 128 95 129 95 130 93 131 93 131 92 132 91 134 89 135 88 136 88 137 86 138 86 138 86 138 85 139 85 139 85 139 85 139 85 139 85 138 86 138 86 138 86 138 86 137 88 136 88 136 88 135 89 135 89 135 89 134 90 134 90 134 89 135 89 135 88 136 88 136 87 136 87 137 87 137 86 139 84 140 83 141 83 141 82 143 80 144 80 145 78 147 77 147 76 149 75 149 75 150 73 152 72 152 71 154 69 155 69 156 67 157 67 158 65 159 65 160 64 160 64 161 62 162 62 163 61 163 61 164 60 165 59 165 58 167 57 167 57 168 56 168 56 168 56 169 55 169 55 169 54 170 54 170 54 170 54 170 54 170 54 170 55 169 55 169 55 168 56 168 57 167 57 166 59 165 59 165 59 164 61 163 61 163 61 163 62 161 63 161 63 161 63 160 65 159 65 159 65 158 66 158 66 158 67 157 67 157 67 157 67 157 68 156 68 156 68 156 68 156 69 155 69 155 69 155 69 154 70 154 70 154 70 154 70 154 70 154 70 154 70 154 70 153 72 152 72 152 72 152 72 152 72 152 72 152 72 152 72 152 72 152 72 152 72 152 72 152 72 152 71 153 71 153 71 153 71 153 72 151 73 151 74 149 43
2280 8 215 11 212 14 210 17 207 19 205 20 203 23 201 25 96 5 98 26 92 10 97 26 88 14 96 27 85 16 96 29 80 19 96 30 78 20 96 31 75 22 96 32 72 24 96 33 43 9 17 26 96 34 37 17 12 27 97 35 33 23 4 32 98 35 30 61 98 37 27 61 99 38 25 62 99 48 3 1 8 64 100 124 101 122 102 122 102 121 103 121 103 120 105 119 105 119 105 118 106 118 106 118 107 117 107 117 107 117 107 117 107 118 106 119 105 119 105 120 104 121 103 122 101 123 101 124 98 126 97 128 95 129 93 132 91 134 89 136 87 138 85 141 82 144 79 146 77 149 75 150 73 153 70 156 68 157 66 160 64 161 62 164 60 165 59 166 57 168 56 169 55 169 55 170 54 170 54 171 53 171 53 172 52 172 52 173 50 174 50 175 49 176 48 177 47 178 46 179 45 181 43 182 42 183 41 185 39 186 38 187 37 188 36 189 35 190 34 190 34 191 33 192 32 192 32 193 31 194 30 195 29 196 28 196 28 197 27 198 27 198 26 200 24 200 25 199 25 200 24 200 24 200 24 200 24 200 24 200 24 200 24 200 23 201 23 201 23 201 24 200 27 197 27 197 27 197 27 197 27 197 27 197 28 196 29 195 30 194 31 193 32 192 33 191 33 191 34 190 34 190 35 189 35 189 35 189 36 188 36 188 37 187 38 186 39 185 39 185 40 184 40 184 41 183 42 182 43 181 44 180 45 179 47 177 48 176 50 174 51 173 52 172 53 171 54 170 54 170 55 169 56 168 57 167 57 167 58 166 59 165 59 165 60 164 60 164 61 163 61 163 62 162 62 162 63 161 64 160 65 159 66 158 67 157 68 156 69 155 70 154 70 154 71 153 71 153 72 152 72 152 73 151 73 151 74 150 75 149 76 148 76 148 76 148 76 148 76 148 76 148 76 148 76 148 76 148 76 148 76 148 76 148 75 149 75 149 75 149 75 149 74 150 74 150 74 150 74 150 74 150 74 150 74 150 74 150 74 150 74 150 74 150 75 149
25705 16 10 10 186 39 184 41 182 42 182 42 181 43 181 42 181 42 182 39 185 36 188 34 189 34 190 33 191 32 192 32 191 32 192 32 191 33 191 32 191 33 191 33 190 34 189 35 189 35 188 36 187 37 186 38 186 38 185 39 184 40 183 41 182 42 181 43 181 43 180 44 179 45 179 45 178 46 177 47 176 48 176 48 175 49 175 50 173 51 173 51 172 52 172 52 171 53 171 54 169 55 168 56 168 56 167 57 167 57 166 58 166 58 165 59 164 60 164 60 163 61 162 62 162 62 161 63 161 63 161 63 160 64 160 64 160 64 160 64 160 64 160 65 159 65 159 65 159 66 157 67 157 67 157 68 156 68 156 68 156 68 157 67 157 67 158 66 158 66 160 64 162 61 171 53 174 49 190 34 193 30 197 13 5 7 4288
5059 3 178 1 7 4 29 7 174 5 2 10 7 7 10 10 167 58 165 61 162 66 156 73 147 89 127 99 124 101 121 104 118 107 116 108 115 110 114 110 113 111 113 112 111 113 111 113 111 113 110 114 110 114 110 114 110 114 110 114 110 114 110 113 111 113 112 112 112 112 113 111 113 111 113 110 114 111 114 110 114 110 114 110 114 111 113 111 113 111 113 111 113 111 114 110 114 110 114 110 114 110 114 110 114 110 114 109 115 109 115 109 115 108 116 108 116 107 117 107 118 105 119 105 119 104 120 104 120 103 121 103 121 102 122 102 122 101 123 100 124 99 125 99 125 99 125 98 125 99 125 99 125 99 125 99 125 99 125 99 125 99 125 99 125 99 125 98 126 98 126 97 127 97 127 97 127 97 127 97 127 97 127 97 127 97 127 97 127 97 127 97 127 98 126 98 126 98 127 97 127 97 127 98 126 98 127 97 127 97 127 97 127 97 127 97 127 97 127 97 127 97 127 97 127 98 126 98 126 98 125 100 124 100 124 101 123 101 123 101 122 103 121 103 121 103 121 103 121 103 121 103 121 104 120 104 119 105 119 105 119 105 118 106 118 106 118 106 117 107 117 106 118 106 118 106 119 104 120 104 120 104 120 103 121 103 122 102 122 101 123 101 123 101 123 100 124 100 125 99 125 98 126 98 126 98 127 96 128 96 129 95 129 95 129 95 129 94 130 94 130 94 130 94 130 94 131 93 131 92 132 92 132 92 133 91 133 91 133 91 134 90 134 90 134 90 134 90 134 90 133 91 133 91 133 90 134 90 134 90 134 90 134 90 134 90 134 90 134 90 134 90 134 89 135 89 136 88 136 88 137 87 138 86 139 84 141 83 142 81 144 79 146 77 148 73 152 67 159 39 188 32 199 23 211 11 218 5 792
136 9 214 11 212 13 210 14 209 15 208 16 207 17 206 18 158 9 37 20 157 12 34 21 156 15 30 23 155 18 26 25 155 19 23 27 155 20 19 30 155 22 13 34 155 24 5 40 155 69 155 69 155 70 154 70 154 70 154 70 154 70 154 70 154 70 154 70 154 70 155 69 155 70 154 70 154 71 154 70 154 70 154 70 154 70 155 69 155 69 155 69 156 68 156 68 156 68 156 69 155 69 155 69 155 69 155 69 155 69 154 70 153 71 152 72 149 75 148 76 146 78 145 79 145 78 145 79 144 80 144 80 143 81 143 81 142 82 142 81 142 82 142 82 141 82 142 82 142 81 142 81 143 80 143 80 144 79 144 79 145 78 145 78 146 77 146 78 146 78 145 79 145 79 144 80 143 81 143 81 142 82 142 83 140 84 140 84 140 84 139 85 139 85 139 85 139 86 137 87 137 87 137 87 137 87 137 87 137 87 137 88 135 89 135 89 135 89 135 89 135 89 135 89 135 89 135 89 134 90 134 90 134 90 134 90 134 90 134 91 133 91 133 91 134 90 134 90 134 90 134 90 135 89 135 89 135 89 135 89 135 89 136 88 136 88 136 87 138 86 138 86 138 86 139 85 139 85 139 85 140 84 140 84 141 83 141 83 142 82 142 82 143 80 144 80 32 5 107 80 30 10 105 79 29 12 105 78 28 13 105 78 27 15 105 76 27 16 105 76 27 16 106 75 27 16 106 75 26 17 107 74 26 16 108 74 25 17 108 74 23 19 109 73 21 20 110 73 19 22 110 73 17 23 111 73 16 24 111 73 15 24 112 73 15 24 112 73 14 24 114 73 12 24 115 73 12 24 115 73 11 25 115 73 10 25 116 74 8 26 117 74 6 26 118 74 6 25 119 74 6 25 119 74 6 24 120 73 6 24 122 71 6 24 123 71 17 10 126 70 154 70 154 70 154 69 156 68 156 67 157 67 157 66 158 66 159 64 160 64 160 64 160 64 160 64 160 63 161 63 161 63 162 62 162 61 163 61 163 61 163 61 164 60 164 60 164 60 164 60 164 59 165 59 165 59 165 59 165 59 165 59 164 60 164 60 164 60 164 60 164 60 164 29 3 28 164 27 5 28 164 26 7 26 166 23 9 26 166 21 11 26 166 20 13 25 167 17 15 24 168 15 17 24 169 13 19 23 169 11 21 23 171 4 26 22 202 22 203 21 203 21 203 20 205 19 207 17 95
20223 8 210 19 201 27 195 32 189 36 187 39 183 42 181 44 178 47 176 49 173 52 171 54 169 55 168 57 167 57 166 59 164 60 164 61 162 62 162 63 160 64 160 64 159 66 158 66 158 67 156 68 156 69 155 69 154 70 154 71 152 72 152 72 152 72 152 72 152 73 150 74 150 74 150 74 150 74 150 73 151 73 151 73 151 73 151 72 152 72 152 71 153 70 154 69 156 67 157 62 162 60 165 58 166 57 168 56 168 56 169 55 170 54 171 53 172 52 173 51 175 49 176 48 177 47 177 47 178 46 178 46 178 47 177 47 176 49 175 50 173 52 172 53 170 55 169 56 167 58 166 58 166 59 165 59 164 61 163 61 163 62 162 62 161 63 161 63 161 64 160 64 160 64 160 64 160 64 159 65 159 65 159 65 158 66 158 67 157 67 157 67 156 68 156 68 156 68 155 69 155 69 155 69 154 71 153 71 152 72 152 72 152 72 151 73 151 73 150 75 149 75 148 76 148 76 148 76 147 77 147 77 147 78 145 79 145 79 145 79 145 79 145 79 145 79 144 79 145 79 145 79 145 79 145 79 145 79 145 79 145 79 145 79 146 78 146 77 124
3032 2 219 8 215 11 54 10 148 13 51 14 146 14 48 16 145 16 46 18 144 17 44 19 144 18 41 21 144 18 40 22 144 19 38 23 144 20 36 24 144 20 36 24 144 21 34 25 144 22 32 26 144 23 30 27 144 23 30 27 144 24 28 28 144 25 25 30 144 25 24 31 144 26 20 34 144 28 5 46 145 79 145 79 145 79 145 79 145 78 146 78 146 78 146 78 146 78 146 78 145 79 145 79 145 79 146 78 146 77 147 77 147 77 147 77 147 77 147 77 147 77 145 78 123 101 117 107 111 112 107 117 104 120 102 122 100 124 98 126 96 128 94 130 92 132 90 135 88 136 86 138 84 141 82 142 80 145 78 146 76 149 74 150 72 153 70 154 68 157 65 159 64 160 63 161 63 162 61 163 60 164 59 165 58 166 57 168 56 168 55 169 54 170 54 170 53 171 53 171 52 172 52 172 51 173 51 173 50 174 50 174 49 175 48 176 48 176 47 176 48 176 47 177 46 178 46 178 45 179 45 178 45 179 45 178 46 178 45 178 46 177 46 177 47 177 47 176 47 177 47 176 47 177 47 176 47 177 46 177 47 177 46 177 47 176 48 176 47 176 48 176 48 175 49 175 49 174 50 174 50 174 50 173 51 174 50 174 49 176 48 177 47 191 33 193 31 195 29 197 28 197 27 198 26 199 25 200 25 199 25 200 24 200 25 200 24 200 24 201 24 201 23 201 23 202 22 203 21 203 21 204 21 203 21 203 21 203 21 203 21 203 22 201 23 200 24 199 26 197 27 196 28 195 29 195 29 195 30 193 31 193 31 192 33 191 33 191 33 190 34 189 36 187 37 186 39 182 42 164 60 161 64 158 66 156 69 153 71 152 72 150 75 147 78 144 80 143 82 140 84 139 86 136 88 133 92 130 95 126 99 123 102 119 106 116 109 113 112 110 115 104 122 98 128 92 135 87 139 82 144 78 148 62 9 3 152 57 170 51 180 27 10 3 191 17 214 3 1942
10679 3 220 5 204 5 9 7 203 6 8 7 202 9 5 9 201 10 4 9 200 11 4 10 199 12 3 10 199 25 199 25 199 25 198 27 197 27 127 9 61 27 124 14 59 28 120 17 59 28 118 19 59 29 116 20 58 33 112 21 58 42 102 21 59 46 97 21 60 48 94 19 63 50 92 17 65 51 90 16 67 51 90 14 68 53 88 13 70 54 87 12 71 54 86 13 71 55 85 12 72 56 84 12 72 56 84 11 72 58 83 11 72 58 82 12 71 60 81 12 71 61 80 11 71 62 80 11 70 64 79 11 69 66 78 11 68 68 77 11 68 69 76 12 66 71 75 12 65 72 75 12 64 74 74 12 63 75 74 13 62 75 74 13 61 77 73 14 59 78 73 16 56 79 72 23 49 81 71 31 41 81 71 40 31 82 71 44 26 84 70 48 20 86 69 53 13 89 69 58 3 94 68 156 68 155 68 156 67 157 66 158 66 157 66 156 67 156 67 155 69 153 70 152 72 151 72 122 3 26 73 121 5 24 74 121 7 21 74 121 9 19 75 121 10 17 75 122 12 14 76 122 13 12 77 121 16 8 78 122 102 122 101 123 101 122 101 123 101 123 100 124 100 124 99 124 100 124 100 124 99 125 99 124 99 125 98 126 98 126 97 127 96 127 97 127 96 128 96 127 97 127 96 128 96 128 96 128 96 128 96 129 95 129 95 129 95 129 95 129 95 129 96 128 96 128 96 129 96 127 97 127 97 127 98 126 98 125 100 124 100 124 100 33 4 86 102 30 9 82 104 27 14 79 105 23 21 74 107 20 26 70 109 14 33 67 159 64 161 62 163 59 166 57 168 55 170 53 173 50 175 48 178 46 180 44 182 41 185 22 1 17 190 12 7 15 195 2 14 13 211 14 211 14 211 13 211 14 211 15 210 16 208 17 208 18 206 19 206 21 204 23 202 25 200 29 195 31 194 32 193 32 193 32 193 32 193 32 193 30 195 29 196 28 197 26 200 21 208 4 3658
138 23 200 25 198 26 197 27 197 27 196 28 195 29 193 31 192 32 155 13 22 33 154 20 14 36 153 26 4 41 152 72 151 72 151 73 151 73 150 74 150 74 149 74 150 74 150 74 149 75 149 75 148 75 149 75 148 76 148 76 148 76 147 77 147 77 147 77 147 77 147 77 147 76 147 77 147 77 147 77 147 77 147 77 147 76 148 76 148 76 148 76 148 76 148 76 148 77 147 77 146 78 146 78 146 79 145 79 144 80 144 80 143 81 143 81 143 82 142 82 141 83 141 83 141 83 141 83 141 83 141 83 141 83 140 84 140 84 140 85 139 85 139 85 138 86 138 86 138 86 137 88 136 88 135 90 134 90 134 90 133 92 132 92 132 92 131 93 131 94 130 94 130 95 128 96 128 97 127 97 126 99 125 100 123 102 122 103 121 104 119 106 118 107 117 108 115 110 114 111 113 111 112 113 111 114 110 115 109 115 109 116 108 116 108 116 108 117 107 118 106 118 106 119 105 119 105 119 105 119 105 119 105 120 104 120 104 119 105 119 105 119 105 104 2 12 106 104 5 8 107 103 121 103 121 103 120 104 120 104 120 104 120 104 119 105 119 105 119 105 118 106 118 106 118 106 118 107 116 108 116 108 116 108 116 109 115 109 115 109 115 110 114 111 113 111 113 112 111 113 111 114 110 114 110 115 109 116 108 116 108 117 107 117 107 118 106 119 104 120 104 120 104 121 103 121 103 122 102 122 102 123 100 125 99 125 99 125 99 126 98 126 98 126 98 127 97 127 97 127 96 129 95 129 95 130 94 130 95 130 94 130 94 130 94 131 93 131 93 131 94 131 93 131 93 131 93 132 92 132 93 131 93 131 93 132 92 132 92 132 92 132 92 132 92 132 92 132 93 132 92 132 92 132 92 132 92 132 92 133 91 133 91 133 91 134 90 134 90 135 89 135 89 136 88 137 87 137 87 138 86 138 86 138 86 138 86 138 86 139 85 139 85 139 85 139 85 140 83 141 83 141 83 141 83 141 84 139 25
16492 18 190 39 181 45 175 50 171 54 169 56 166 58 159 66 150 74 145 79 143 81 140 84 138 86 135 89 133 91 130 94 129 95 127 96 127 97 126 98 125 99 124 100 124 100 123 101 123 101 122 102 121 102 122 102 121 103 121 103 121 102 121 103 121 103 121 102 121 103 121 102 122 102 121 103 121 103 121 103 120 103 121 103 121 103 121 103 121 103 121 103 121 103 121 103 121 103 121 103 121 103 121 102 122 102 122 102 122 101 123 101 124 100 124 99 125 99 126 98 126 98 127 97 127 97 128 96 128 96 129 95 129 95 129 94 131 93 131 22 3 68 131 21 5 67 132 20 6 66 132 20 7 65 132 19 8 65 132 19 9 64 132 19 9 64 133 18 9 64 133 18 10 62 134 18 10 62 134 18 10 62 134 17 11 62 134 17 11 62 134 17 11 62 134 17 11 62 134 17 11 62 135 16 11 61 136 16 11 61 136 16 11 61 137 15 11 60 138 15 11 28 8 24 138 14 12 27 13 20 138 14 13 24 16 19 139 13 13 22 19 17 140 13 13 21 20 17 140 13 14 19 21 17 141 12 14 19 21 17 141 12 14 19 21 17 141 12 14 19 21 16 142 11 16 18 21 16 142 11 16 18 21 16 143 10 17 17 21 16 143 10 17 17 21 16 143 10 17 17 21 16 143 10 18 16 21 16 143 10 18 16 21 16 144 9 19 16 20 15 145 10 18 16 20 15 145 10 18 16 20 15 145 10 19 16 19 15 145 10 19 16 19 15 145 10 19 17 18 14 146 10 19 18 17 14 146 11 19 17 17 14 146 11 19 18 16 14 146 11 19 19 15 13 147 11 20 18 15 13 147 12 19 19 14 13 147 12 20 18 14 12 149 11 21 18 13 12 149 11 22 17 13 12 149 11 24 16 12 12 149 12 24 15 12 11 151 11 25 15 12 10 151 11 26 14 12 10 151 12 25 15 11 10 152 11 26 14 11 9 153 11 26 15 9 10 153 11 27 15 8 10 154 11 26 15 8 10 154 11 27 15 7 9 155 11 27 16 5 10 155 12 26 17 3 11 155 12 27 29 157 11 27 29 157 12 27 28 157 12 27 28 157 12 27 28 157 13 27 27 157 13 27 27 157 14 27 26 158 13 27 26 158 13 27 26 158 13 28 25 158 13 29 24 158 13 30 23 159 11 33 21 160 9 36 19 161 7 38 18 163 2 44 15 211 12 213 11 79
2813 7 213 12 211 14 209 15 208 16 207 17 206 19 204 20 203 21 202 22 201 23 200 23 200 23 200 23 200 23 200 23 200 23 200 23 200 23 200 23 201 23 200 23 200 24 199 24 199 25 199 25 198 26 198 26 197 27 196 28 196 28 196 28 195 28 194 30 191 33 188 36 185 39 181 42 168 56 166 58 165 59 164 61 162 63 160 65 159 66 158 68 155 72 152 73 151 75 149 77 146 80 144 81 143 83 140 87 136 93 130 97 124 103 119 107 115 110 111 114 108 117 105 120 102 123 100 125 96 128 95 130 92 133 89 136 84 140 78 147 69 155 67 156 66 158 64 159 63 161 60 165 58 166 58 166 58 166 58 167 57 167 57 168 56 169 55 169 55 170 54 170 54 171 53 172 52 173 51 173 51 174 50 175 49 177 47 178 46 179 45 181 43 182 42 184 40 185 39 187 37 189 35 190 34 192 32 194 30 195 29 197 27 198 26 199 25 201 23 202 22 204 20 205 19 207 17 208 16 209 15 210 14 211 13 212 12 212 12 213 11 213 11 213 11 214 10 214 10 214 10 213 11 213 11 213 11 212 12 212 12 211 13 210 14 209 15 208 16 207 17 206 18 206 18 205 19 204 20 204 20 203 21 203 21 202 22 202 22 201 23 200 24 199 25 198 26 197 27 120 11 64 29 118 19 56 31 117 22 52 33 114 27 48 35 111 32 43 38 102 45 3 24 3 47 98 126 95 129 91 133 88 136 86 138 84 140 83 141 81 143 80 144 79 145 78 146 78 146 77 147 77 147 76 148 76 148 76 148 76 148 76 148 76 148 77 147 77 147 78 146 78 146 78 146 79 145 79 145 79 145 79 145 79 145 79 145 78 146 77 147 76 148 74 150 71 153 67 157 64 160 62 162 61 163 60 164 59 165 58 166 56 168 52 172 48 176 46 178 45 179 45 179 44 180 44 180 43 181 43 181 43 181 42 182 42 182 41 183
2139 9 212 19 202 26 189 39 180 46 172 54 167 58 163 63 158 67 150 76 144 81 141 84 139 86 138 87 136 89 135 89 135 90 133 92 131 93 130 95 127 98 124 100 123 102 122 102 121 104 120 104 120 105 119 105 119 106 118 106 118 106 119 106 118 106 118 106 118 107 117 107 117 107 117 107 117 108 115 109 115 109 115 110 113 111 113 111 112 112 111 113 110 115 109 115 108 116 107 117 105 119 104 121 102 122 101 124 99 126 97 127 96 129 95 130 93 132 91 133 91 134 89 135 88 137 86 138 84 141 82 143 81 143 80 145 79 145 78 146 78 146 78 146 77 147 77 147 77 147 76 148 76 147 76 148 76 147 77 147 76 148 76 147 77 147 76 148 76 147 77 147 76 148 75 148 76 148 75 149 74 150 74 151 72 152 71 153 71 154 69 155 69 156 68 156 67 157 67 158 66 158 66 159 65 159 65 159 65 159 65 159 65 159 66 158 66 158 66 159 66 158 66 158 66 158 67 157 67 157 67 157 68 156 68 156 69 155 70 154 71 154 72 152 73 151 74 151 74 150 75 150 75 149 76 149 76 148 77 148 77 147 79 145 80 145 81 143 82 142 84 139 87 137 90 133 93 130 95 128 98 126 99 125 100 124 101 123 102 122 103 121 103 121 104 119 105 119 105 119 106 118 106 118 107 117 108 116 109 115 109 115 110 114 110 114 111 113 111 113 111 113 112 112 112 112 112 112 112 112 112 111 114 110 114 109 115 109 115 108 117 107 117 106 118 105 120 103 121 102 122 101 124 100 124 99 126 97 128 95 130 94 130 93 132 44 17 30 134 40 22 27 136 37 26 24 137 37 27 22 139 35 29 20 141 33 34 14 143 33 42 3 146 32 193 31 193 30 195 27 198 25 200 19 209 11 216 4 4153
12683 3 214 16 203 28 193 35 183 43 179 47 174 52 170 55 168 57 165 60 163 61 162 63 160 64 158 67 156 68 154 70 152 72 151 74 148 76 147 77 145 79 143 81 141 83 140 84 138 86 137 87 135 89 133 91 131 93 129 94 128 96 125 99 123 101 121 103 119 105 118 106 116 108 115 109 113 111 112 112 111 113 109 115 107 118 105 120 102 124 99 127 95 133 90 137 86 140 83 142 81 143 81 144 80 144 80 144 80 144 80 143 80 144 81 141 83 122 101 121 103 120 104 120 104 119 105 118 106 118 106 117 107 116 108 115 109 114 110 114 110 113 111 111 113 110 114 109 115 106 118 104 120 102 122 100 124 96 127 91 133 84 140 82 142 80 144 79 145 78 146 78 146 77 147 77 147 77 147 76 148 76 149 76 148 76 149 76 149 75 150 75 150 75 150 74 151 74 151 74 151 73 152 73 152 73 153 71 155 70 157 67 159 66 160 64 161 63 163 62 163 61 164 61 164 61 164 61 165 59 167 58 167 58 168 56 169 56 170 55 170 54 172 53 173 51 176 49 178 46 181 44 181 43 183 42 183 41 184 41 185 39 187 37 189 35 192 31 198 17 238 4 218 9 215 10 214 10 214 11 213 12 212 12 211 13 211 14 210 14 210 14 211 12 212 12 212 11 214 9 216 7 218 4 3659
13397 4 218 8 214 11 211 13 210 15 207 17 206 19 205 19 204 20 203 21 203 21 203 22 144 5 52 23 143 8 50 23 143 10 47 24 142 12 46 24 142 13 44 25 143 13 42 26 143 14 41 27 142 15 39 28 143 16 35 30 143 17 32 32 144 17 29 34 144 18 24 38 145 19 17 43 145 22 7 50 146 78 146 78 147 77 147 77 148 76 148 76 148 75 149 75 150 74 150 74 150 73 151 73 152 72 152 71 153 70 154 70 154 69 156 67 157 66 158 65 160 64 160 63 162 62 162 62 163 61 164 59 165 59 166 58 166 58 167 57 167 56 169 55 169 55 170 54 170 53 172 52 172 52 173 51 173 51 174 50 174 50 174 50 174 50 174 50 174 50 174 50 174 50 174 50 174 50 174 50 175 50 174 50 174 50 174 50 174 50 174 50 174 50 174 50 174 50 58 6 111 49 56 11 108 50 54 15 105 50 53 17 104 50 52 20 102 50 51 22 101 50 51 24 99 51 49 26 99 50 49 28 96 51 49 29 95 52 48 31 93 52 48 32 91 53 48 32 90 54 49 32 88 55 49 33 85 58 48 34 83 59 48 35 81 60 48 35 81 61 48 35 79 62 48 36 77 63 49 36 76 64 48 37 74 65 48 39 71 67 48 39 69 68 48 41 67 68 49 42 64 70 49 43 61 71 50 49 54 72 50 56 45 74 50 57 43 74 51 58 41 75 51 58 40 75 52 59 37 77 53 58 36 77 54 58 35 78 55 57 34 78 57 56 33 79 58 55 32 79 60 53 31 80 63 51 30 81 66 48 29 81 69 46 27 82 71 46 25 82 73 45 23 83 75 45 20 84 77 45 18 84 79 46 14 85 81 46 11 86 83 48 6 87 84 140 86 138 87 137 88 136 90 134 91 133 93 131 94 130 96 128 98 126 99 125 101 123 103 121 105 118 107 117 109 115 110 114 112 111 114 110 116 108 117 107 119 104 121 103 122 102 123 101 124 99 126 98 126 98 127 96 128 96 129 95 33
14 15 207 18 206 18 206 19 205 20 204 21 204 21 203 22 202 23 202 23 201 24 200 25 200 25 199 26 198 28 197 28 196 30 108 11 75 32 103 15 74 34 99 18 73 35 95 21 74 36 91 24 73 38 87 26 73 41 82 28 73 44 77 30 73 48 71 32 73 53 64 34 73 60 55 36 73 65 48 37 74 72 39 39 74 76 33 41 75 84 20 44 76 90 7 51 76 147 76 148 76 147 77 147 77 146 77 147 77 146 78 145 78 146 78 145 79 144 80 143 81 142 81 143 81 142 82 141 83 140 85 138 86 137 87 136 88 135 89 134 90 133 90 133 91 133 91 132 92 132 91 132 92 132 92 132 91 132 92 132 92 132 92 132 91 133 91 133 91 133 91 133 91 134 90 134 90 134 90 135 88 136 88 136 88 136 88 136 88 136 88 136 88 136 87 138 86 138 86 138 86 139 85 139 85 140 84 140 85 140 84 140 84 140 84 140 85 139 85 139 86 138 87 137 87 137 88 136 88 135 90 134 90 134 90 134 90 134 90 134 90 134 90 134 90 134 90 134 90 135 89 138 86 143 81 146 78 149 75 152 72 155 69 157 67 159 65 161 63 163 61 165 59 166 58 167 57 169 55 170 54 171 53 172 52 173 52 172 52 173 51 174 51 173 51 174 50 175 50 175 49 175 48 177 47 178 46 179 44 181 43 182 42 183 41 184 39 186 38 186 38 186 38 187 38 186 38 186 38 187 37 187 37 187 37 187 37 187 38 186 38 187 37 187 37 187 37 187 37 187 37 188 36 188 36 188 36 189 35 190 34 190 34 191 34 191 33 191 33 192 33 191 33 192 32 192 32 193 31 193 31 193 31 193 32 192 32 192 32 192 33 192 32 192 33 191 33 191 33 191 34 190 34 190 34 190 35 189 35 190 34 190 34 190 35 189 35 190 34 190 34 190 34 190 34 191 33 191 33 191 33 191 34 190 36 189 37 187 38 186 38 186 39 185 39 185 40 184 40 184 41 184 40 184 41 183 41 183 42 182 42 182 42 182 42 182 43 181 43 181 43 181 43 181 44 180 44 180 45 179 6
52 9 60 10 144 11 57 13 142 13 55 14 142 14 53 15 141 16 51 16 141 17 48 18 141 18 45 20 141 20 41 22 141 21 38 24 141 22 34 27 141 24 29 30 141 26 24 32 142 29 11 42 142 82 142 81 143 81 143 81 144 80 144 79 145 79 145 78 147 77 147 77 147 76 148 76 148 76 149 75 149 75 149 75 149 75 149 75 149 75 149 75 150 74 150 74 150 74 150 75 148 76 148 77 147 77 147 78 146 78 146 79 145 79 145 80 144 82 143 83 141 84 140 85 139 87 137 87 137 88 136 89 135 90 134 91 133 91 133 92 133 91 133 92 132 92 132 93 130 94 130 95 129 95 129 96 128 96 128 96 128 97 127 97 127 98 126 98 126 99 125 100 123 101 123 102 122 102 122 103 121 103 121 104 120 104 119 106 118 106 118 107 117 107 117 107 117 108 115 110 114 110 114 111 113 111 113 112 112 113 112 112 112 113 111 113 111 113 111 114 110 114 110 115 109 115 109 116 108 116 108 117 108 116 108 117 107 117 107 117 108 116 108 117 107 117 108 116 108 117 107 117 108 116 108 117 107 117 108 116 108 117 107 117 108 117 107 117 107 117 108 117 107 117 108 117 107 117 107 118 107 118 106 118 106 119 106 118 106 119 105 119 106 118 106 118 107 117 107 117 108 116 108 116 109 116 109 115 109 115 110 114 111 113 112 113 111 113 112 112 113 111 114 111 114 110 115 110 115 109 115 109 116 109 115 109 116 108 116 109 115 109 116 108 116 108 116 108 117 108 116 108 117 107 117 107 118 106 118 106 119 105 119 105 120 104 120 104 121 102 122 102 122 102 123 100 124 100 124 99 125 99 126 97 127 97 127 96 129 94 130 93 131 93 131 92 133 90 134 89 135 88 136 87 137 86 137 85 139 85 139 84 139 84 140 83 141 82 141 82 142 82 142 81 143 81 143 80 144 80 144 79 145 78 146 77 147 76 148 76 148 75 149 74 150 73 152 72 152 71 154 69 157 65 162 61 176 47 178 44 181 42 183 40 184 39 186 38 187 36 188 36 189 33 80
88 29 192 36 187 38 185 41 181 46 177 51 172 59 164 64 158 73 150 77 146 80 142 84 139 87 135 90 133 92 131 95 127 98 125 101 122 103 120 105 118 108 115 110 113 112 111 114 109 116 108 117 106 119 104 120 103 122 101 123 100 125 97 128 95 129 94 132 92 133 90 135 88 137 86 139 84 141 82 143 80 145 78 147 77 147 76 149 74 151 73 152 71 153 70 155 69 156 67 158 65 160 64 161 62 162 61 164 59 166 57 167 56 168 55 169 54 171 52 172 51 173 50 174 49 175 48 176 47 177 47 177 46 178 45 179 45 179 44 181 42 182 42 182 41 183 40 184 39 185 38 186 38 187 36 188 35 189 34 191 33 191 32 193 30 195 29 196 27 198 26 199 24 200 24 201 22 202 22 202 22 202 21 203 21 204 20 204 20 204 20 204 20 204 20 204 20 204 20 204 20 204 19 206 18 206 18 206 18 206 18 206 19 205 19 205 19 205 20 204 20 204 20 204 21 202 22 202 23 201 23 201 23 201 24 200 24 200 25 198 26 198 27 197 28 196 29 195 30 194 31 193 32 192 33 191 33 191 34 189 35 189 36 188 37 186 38 186 39 185 40 184 40 184 41 182 42 182 42 182 42 182 43 180 44 180 44 180 44 180 44 180 44 180 43 181 43 182 42 182 42 182 42 182 41 183 41 183 41 184 39 185 39 185 39 185 38 187 37 187 37 187 36 188 36 189 35 189 35 189 35 189 35 189 35 190 34 190 34 190 34 190 34 190 34 190 34 190 34 190 33 191 33 191 33 191 33 191 33 191 32 192 32 192 32 192 32 193 31 193 30 194 30 194 30 195 29 195 28 196 28 196 27 198 26 198 25 200 23 201 23 202 21 204 20 204 19 206 18 207 16 208 15 210 14 210 13 212 11 213 10 215 9 215 8 217 6 219 4 221 2 222 1 2912
5435 13 208 25 196 32 191 37 185 48 175 55 167 63 159 68 154 73 149 77 145 81 142 83 140 86 137 88 135 90 133 93 130 95 128 97 125 101 122 103 120 106 117 108 115 111 113 113 110 115 109 116 107 118 106 120 103 122 102 124 99 127 97 130 93 151 73 155 69 158 66 161 62 166 58 170 54 172 52 175 49 177 47 179 45 183 41 185 40 186 38 188 36 190 35 191 33 193 31 194 30 196 29 195 29 196 28 197 28 196 28 197 28 196 29 196 28 197 28 142 6 48 28 139 11 45 30 136 16 41 31 135 19 39 31 133 24 35 32 132 26 34 32 130 30 32 32 129 33 29 33 127 37 27 33 126 41 23 33 125 50 15 34 124 55 9 35 123 100 122 101 121 102 121 103 121 102 121 103 91 4 25 103 90 8 23 103 89 10 22 103 88 11 22 103 88 11 21 104 88 11 21 104 88 11 21 104 88 11 21 103 89 11 21 102 90 10 22 102 90 10 22 101 91 10 22 100 92 10 22 97 95 10 22 94 98 10 22 92 101 9 22 91 102 9 22 89 104 9 21 88 106 10 20 87 107 10 20 86 108 11 18 87 107 12 18 87 107 13 16 88 106 16 13 90 105 19 7 94 104 120 104 121 102 123 101 124 100 126 97 128 96 129 94 131 93 132 91 133 90 134 89 135 88 136 87 137 85 139 84 140 83 140 82 142 80 144 79 145 78 146 77 147 76 148 75 148 75 149 74 150 74 150 73 151 72 152 71 154 68 156 67 158 65 160 62 163 53 172 43 182 42 184 40 185 39 186 38 188 37 188 36 190 35 190 34 191 33 192 33 192 33 192 32 193 32 193 31 194 31 194 31 194 30 196 29 90 3 103 29 87 7 102 29 85 9 102 29 84 10 102 29 83 10 103 30 81 11 103 30 80 11 103 30 81 9 105 30 81 8 106 30 82 5 107 30 194 31 194 30 194 30 194 31 194 30 194 31 193 31 193 31 194 30 194 30 194 29 195 29 196 27 197 27 198 25 200 23 203 19 209 12 3738
203 1 219 8 215 9 214 11 212 12 210 15 208 16 208 16 207 18 205 19 156 10 39 19 155 13 36 20 154 17 33 20 154 18 31 21 153 21 28 22 153 22 26 23 153 24 23 24 153 25 21 25 153 27 16 28 153 29 9 33 153 70 154 70 154 70 154 70 154 70 154 70 154 69 155 69 156 68 156 68 156 67 157 67 158 66 158 66 159 65 159 65 160 64 160 64 161 63 161 63 162 62 162 62 37 11 115 62 34 17 111 62 32 23 107 62 30 38 95 61 27 44 92 61 25 47 91 61 24 50 90 60 23 53 88 59 23 56 86 59 22 58 86 58 21 61 84 58 21 62 83 58 20 28 7 29 82 58 19 25 14 27 28 8 46 57 18 25 17 26 26 10 45 56 19 24 21 25 23 11 45 56 19 23 25 23 20 13 46 55 19 22 27 23 17 15 46 55 19 21 30 23 12 18 46 54 20 21 31 53 45 54 19 21 33 52 45 53 20 21 35 50 45 53 20 21 36 51 43 52 21 21 39 56 34 53 21 21 41 62 26 52 22 21 42 68 18 53 22 21 42 74 9 56 22 21 43 138 22 21 43 138 22 22 42 138 22 22 42 138 22 23 41 138 22 23 40 139 22 24 37 141 22 24 35 143 22 25 32 146 21 26 29 148 22 26 26 150 22 27 23 152 23 27 20 154 23 28 16 157 24 29 12 159 24 31 8 161 25 199 25 200 24 200 25 199 25 199 26 198 26 198 27 197 27 198 27 197 27 197 28 196 29 196 28 196 29 195 30 194 30 194 31 194 31 193 32 192 33 191 34 190 36 188 38 186 39 185 41 183 41 183 42 182 42 182 43 181 43 181 43 181 43 181 43 181 43 181 43 181 43 181 43 180 44 180 44 179 45 179 45 178 46 178 47 176 48 176 48 175 49 175 49 175 49 174 50 173 52 172 52 171 53 170 54 169 56 167 57 165 59 164 61 162 62 161 63 160 65 90 7 1 6 54 66 84 24 50 67 80 30 46 68 77 35 44 69 73 41 40 70 71 44 39 71 69 46 38 71 68 48 36 73 66 50 35 73 66 50 35 73 65 52 34 74 64 52 34 74 63 54 33 74 63 54 33 74 62 55 33 74 62 56 33 72 63 56 33 72 63 56 34 71 62 58 33 70 63 58 34 69 63 59 33 69 63 59 34 67 64 60 33 67 64 61 32 67 64 62 32 65 65 62 32 65 65 63 32 64 65 64 31 63 66 64 31 63 42 4 20 65 31 61 38 10 19 66 30 61 36 13 19 66 29 61 35 14 19 66 29 61 34 16 19 66 28 61 33 17 20 66 27 61 32 18 21 66 27 60 30 20 22 66 26 60 29 21 24 64 26 60 28 22 26 63 25 60 27 23 29 61 24 61 26 23 33 57 24 61 25 24 38 4 13 36 24 61 24 25 56 34 24 61 24 25 57 33 24 62 24 25 57 33 23 62 24 25 57 33 23 63 23 26 56 33 23 63 24 25 57 32 23 64 23 26 56 32 24 64 23 25 56 32 24 64 24 24 56 32 24 65 24 24 54 33 24 66 25 22 54 34 24 65 26 21 54 34 25 65 27 17 56 34 25 66 28 12 58 35 26 66 52 2 43 35 27 65 50 7 39 36 28 65 48 12 34 38 29 64 47 17 28 39 42 52 46 30 12 43 43 51 45 86 9 6 28 51 44 88 4 11 27 52 42 104 27 52 41 105 26 54 39 106 25 55 37 109 23 58 34 110 21 61 31 113 18 64 28 116 14 68 25 120 8 75 19 211 10 1487
2937 5 217 8 214 11 212 13 210 15 208 16 207 18 205 20 203 22 201 25 198 27 196 31 192 35 187 40 18 10 155 45 8 17 153 72 152 72 151 73 150 74 150 74 149 75 149 75 148 76 148 76 146 78 57 17 6 7 59 78 52 38 56 79 49 42 53 80 47 46 51 80 45 58 41 80 44 64 36 81 41 70 32 81 40 74 29 82 38 77 27 82 37 79 26 83 35 81 25 83 34 83 24 83 33 85 23 83 32 87 22 83 31 91 19 83 31 93 17 84 29 94 17 84 28 96 16 85 27 96 16 85 26 98 15 86 24 99 15 86 24 100 14 86 23 102 13 87 21 103 13 87 20 105 12 87 20 105 12 87 19 107 11 87 19 108 10 88 18 109 9 88 17 111 8 88 17 112 7 89 16 113 6 89 15 115 5 89 15 116 4 89 14 117 4 89 14 118 3 89 13 120 2 89 13 121 1 89 12 122 1 89 11 123 1 89 11 123 1 89 10 124 1 88 11 123 2 88 11 123 2 88 10 123 3 87 11 122 4 87 10 122 5 87 10 121 6 86 11 120 7 86 11 119 8 86 10 119 9 85 11 118 11 83 12 117 12 83 11 117 14 81 12 116 16 80 11 116 18 79 11 110 24 78 11 110 26 76 12 109 27 76 12 108 28 76 11 109 28 75 11 110 28 75 11 111 27 75 10 112 27 75 10 114 25 74 10 116 24 74 10 117 23 73 10 118 23 73 10 119 22 73 9 121 21 72 10 121 22 71 9 123 21 71 9 124 20 71 9 125 20 70 8 126 20 70 8 127 19 70 7 128 19 70 7 129 19 69 6 130 19 70 5 130 19 71 2 133 19 205 19 205 20 205 20 204 22 202 22 202 23 201 23 201 24 200 24 200 25 199 25 199 25 199 26 198 26 198 26 197 27 197 28 195 29 191 33 189 36 186 38 185 40 184 41 182 43 180 44 179 46 178 47 176 49 174 51 173 52 171 54 170 55 85 10 73 57 81 19 66 59 71 29 65 60 69 32 62 62 66 36 59 64 64 39 56 65 63 42 53 66 62 44 51 68 60 46 49 69 59 48 48 68 59 49 48 68 58 51 46 69 57 53 45 69 56 55 44 69 53 59 43 68 52 62 42 69 50 63 42 69 49 65 41 69 48 67 40 70 47 67 40 72 44 69 39 74 42 70 38 84 32 70 38 86 29 72 37 87 28 72 38 86 27 74 37 86 27 75 36 86 27 76 36 85 26 78 35 85 25 80 34 85 25 81 33 85 24 83 33 84 23 85 32 83 24 86 31 83 23 88 30 82 24 88 30 82 23 90 29 81 24 90 29 81 23 91 29 80 24 92 28 80 23 93 28 79 23 94 28 79 22 95 28 79 21 97 27 80 19 98 26 82 17 99 26 83 14 101 26 84 10 104 25 200 23 201 23 201 22 202 21 203 20 204 20 204 19 205 19 205 19 205 18 205 19 205 19 205 18 205 19 205 18 206 18 205 18 206 17 207 17 206 17 207 16 208 16 208 15 209 15 209 14 211 13 48
1435 17 203 24 197 30 191 35 186 39 184 42 180 45 177 49 174 51 173 53 170 55 168 57 167 59 164 61 162 64 160 65 158 67 157 67 156 70 154 71 152 72 151 74 150 76 148 77 146 78 146 79 145 80 145 80 144 81 143 82 142 83 141 83 141 84 140 85 139 85 139 86 138 86 137 87 137 88 135 89 135 89 134 90 133 91 133 91 133 91 132 92 132 92 131 93 131 92 132 92 131 93 131 92 132 92 132 91 132 91 133 90 134 89 135 87 137 85 139 83 141 82 142 81 143 81 143 80 145 79 145 79 145 80 145 79 146 79 145 80 145 80 144 81 143 83 142 83 141 84 139 86 138 87 137 88 137 88 137 88 137 88 137 88 137 88 136 89 135 90 135 91 133 92 132 93 130 95 129 96 128 97 127 98 126 99 125 101 123 102 122 103 120 105 119 106 118 107 117 108 116 108 116 109 115 110 113 112 112 113 111 114 110 115 109 115 108 117 107 118 106 118 106 119 105 120 104 120 104 120 104 121 103 121 103 122 102 122 102 123 102 122 102 123 101 123 101 124 100 124 100 125 100 124 100 125 99 125 99 126 98 126 98 127 97 127 98 127 97 128 96 128 96 129 95 129 95 130 94 130 94 131 92 132 92 133 91 133 91 133 90 135 89 135 88 137 87 137 87 137 87 138 85 139 85 140 84 141 82 142 82 143 81 144 80 144 79 146 78 146 78 146 78 147 77 147 76 148 76 148 76 148 76 148 76 148 75 148 76 148 75 149 75 149 75 149 74 150 74 149 75 149 74 149 75 149 75 148 76 147 77 146 78 145 79 99 6 39 80 98 8 36 82 97 10 34 84 94 14 31 86 19 1 70 21 2 2 23 88 12 8 67 27 21 93 1 16 37 8 19 161 31 16 15 163 25 24 9 168 20 205 17 208 13 212 7 218 3 5062
13137 3 219 6 216 9 214 11 211 14 209 16 207 18 204 20 203 22 200 25 194 31 186 38 183 42 179 46 175 50 172 53 169 56 167 58 164 61 162 63 160 66 156 69 154 71 152 73 150 75 148 76 147 78 145 80 143 82 142 82 141 84 140 84 140 84 121 5 14 85 118 7 14 85 116 10 13 85 115 11 13 85 114 12 13 85 112 13 14 85 111 15 13 85 110 16 12 86 109 19 9 87 108 23 3 90 107 117 107 116 107 117 105 118 105 119 102 121 101 123 99 124 98 126 96 127 95 129 94 129 94 130 92 132 91 132 92 132 91 133 90 134 90 134 89 135 88 136 88 136 87 138 85 140 83 143 81 144 79 147 76 149 74 151 72 152 71 154 69 155 68 157 66 158 65 159 64 160 63 161 62 161 62 162 62 161 62 161 62 161 63 160 63 160 63 159 65 157 66 128 14 8 73 127 97 127 97 126 97 127 97 127 97 127 96 128 96 128 96 99 5 24 96 93 14 21 96 92 16 19 97 90 19 18 97 89 21 17 98 87 24 15 98 19 14 52 27 14 99 16 23 12 5 10 5 11 31 11 101 11 29 8 23 7 37 7 105 4 35 3 13159
10247 2 219 8 214 11 173 3 35 14 169 10 28 19 165 17 19 24 163 62 161 64 159 66 156 69 154 71 152 73 150 76 148 77 146 79 144 81 142 84 139 86 137 88 135 90 133 92 130 94 129 96 126 98 125 99 124 100 123 101 123 101 123 101 122 102 122 102 122 102 122 102 122 102 122 102 122 102 122 101 123 101 124 100 124 100 124 100 124 100 124 100 124 100 124 100 124 100 124 100 124 100 124 100 124 101 123 101 122 103 121 103 121 104 120 104 119 105 119 106 118 106 117 108 116 108 115 109 114 110 114 110 113 111 112 111 113 111 112 112 111 113 110 113 110 114 109 115 108 116 106 117 104 120 99 125 95 129 93 131 92 131 91 133 90 134 89 135 89 135 88 135 89 135 88 136 88 136 87 137 86 138 86 137 86 138 86 138 85 139 85 139 84 140 84 140 83 140 83 141 82 142 58 11 12 143 54 21 3 145 51 173 45 179 42 181 39 185 36 188 34 189 35 189 35 188 36 188 36 188 36 188 36 187 37 187 37 187 37 186 38 186 38 186 38 185 39 185 39 185 39 33 6 146 39 23 18 144 39 20 22 142 40 17 25 142 43 8 32 141 83 141 83 141 84 140 84 140 84 140 85 139 86 138 87 137 88 136 89 135 92 132 97 127 122 102 124 101 124 100 125 99 126 98 126 98 127 97 127 96 128 96 129 61 3 31 129 52 14 29 130 49 17 28 130 47 20 27 131 43 24 26 132 40 26 26 133 39 27 25 135 36 28 25 137 34 29 23 140 32 29 23 141 31 29 24 141 31 29 23 142 30 29 23 143 30 28 23 144 29 28 23 145 28 28 23 146 28 27 23 147 28 26 23 147 28 26 23 148 28 25 23 149 27 25 23 149 27 24 24 149 28 23 25 149 27 23 25 149 27 23 25 149 28 22 25 150 27 22 25 150 27 22 25 150 26 23 25 150 26 23 25 150 26 23 25 151 25 23 25 151 24 25 23 40
18899 22 197 30 192 35 187 39 184 43 181 45 178 48 176 49 175 50 174 51 172 53 171 54 169 56 168 57 167 58 165 60 164 61 163 61 162 63 161 64 160 66 157 69 154 72 151 74 149 77 146 79 144 81 142 82 142 83 140 85 139 86 138 88 136 90 133 92 132 94 130 95 129 96 128 97 127 98 126 99 125 100 124 101 123 101 123 102 123 103 121 104 121 105 119 106 119 106 118 107 118 107 117 109 116 110 114 111 113 112 112 113 111 114 111 113 111 114 111 114 111 113 112 113 113 111 115 110 118 107 119 106 120 105 120 104 122 103 123 102 124 102 123 102 123 102 123 103 121 104 120 107 118 108 116 111 113 116 108 120 104 126 98 128 96 130 94 132 93 132 92 132 92 132 92 132 92 132 93 131 93 131 94 130 94 130 95 129 96 128 97 127 98 126 99 125 100 123 102 122 104 111 115 10 27 33 12 7 8542
272 7 216 9 215 10 213 11 212 13 211 13 210 14 210 14 210 14 209 15 209 16 207 17 207 17 207 17 207 17 207 17 207 17 207 18 206 18 206 18 206 18 206 18 206 18 206 18 206 18 206 18 206 18 206 18 206 18 206 19 205 19 204 20 203 21 201 23 199 25 198 27 195 29 194 30 186 38 185 39 184 40 183 41 182 42 180 44 176 48 174 50 173 51 172 52 172 53 171 53 171 53 69 5 97 53 66 10 95 53 64 13 94 54 61 15 94 54 59 18 94 54 57 18 95 55 54 20 96 54 52 21 99 53 50 20 107 48 48 20 114 42 46 20 117 42 44 20 119 42 41 21 121 42 39 21 122 43 37 22 123 43 35 23 123 44 32 24 124 45 14 41 124 47 8 45 125 99 125 99 125 99 125 98 127 97 127 97 127 97 127 97 127 97 127 98 126 98 126 99 126 99 125 101 1 3 119 105 119 105 119 105 119 104 120 104 120 104 121 103 121 103 121 102 122 102 122 102 122 102 123 100 124 100 125 99 125 98 126 98 127 97 128 96 128 95 130 94 130 94 131 93 131 93 132 92 132 92 133 91 133 90 135 89 135 89 136 87 137 82 143 78 147 75 149 72 153 68 156 51 173 50 175 48 176 48 176 48 177 47 177 46 179 46 179 45 179 45 180 44 181 44 180 45 179 46 179 46 178 47 177 48 176 49 176 50 174 51 173 52 173 52 172 54 170 55 170 55 169 56 168 57 167 58 167 58 166 59 165 61 164 62 162 63 162 64 160 66 159 66 158 68 157 68 156 69 156 70 155 70 154 72 153 75 150 77 148 80 144 88 137 95 130 99 126 111 28 6 80 119 10 17 78 146 79 146 79 145 79 144 81 143 82 142 82 141 84 140 85 138 87 136 89 135 91 55 8 69 93 53 14 63 96 50 33 43 101 46 42 34 106 41 53 21 113 37 189 34 192 32 195 28 197 27 199 24 201 23 203 21 204 19 206 18 207 17 208 16 209 15 209 15 210 13 211 13 211 13 211 13 210 14 210 14 209 14 209 15 208 15 208 15 208 16 207 16 208 16 207 16 208 16 207 17 207 16 208 16 208 15 209 15 209 14 210 13 211 13 212 10 108
9277 6 215 15 208 18 204 22 201 25 197 28 195 30 193 33 190 35 188 38 185 41 182 44 179 46 177 49 174 52 170 56 166 60 163 62 161 64 159 66 157 68 156 68 155 69 154 71 152 72 151 73 150 75 148 76 147 78 145 79 145 80 143 81 142 83 141 83 140 84 140 84 140 85 138 86 138 86 138 86 137 88 136 88 136 89 135 89 135 90 133 92 132 92 132 93 130 94 130 94 130 95 129 95 129 95 129 96 127 97 127 98 126 100 124 103 121 106 118 110 114 114 110 117 107 119 104 122 102 123 101 125 99 126 97 128 96 130 94 132 92 135 89 137 87 138 86 139 85 140 84 141 83 142 83 142 82 143 81 143 81 144 81 143 81 143 82 143 82 142 82 142 83 141 84 140 86 138 87 138 88 136 92 132 95 129 97 127 99 124 101 123 102 122 103 120 104 120 105 119 105 119 105 119 105 118 106 118 106 117 107 117 107 116 108 115 109 113 111 14 1 96 113 12 5 92 114 13 6 88 117 12 7 86 119 12 7 84 121 12 8 82 122 12 8 81 122 13 8 79 124 13 8 78 125 14 7 77 126 14 7 76 127 14 7 75 127 16 6 74 128 16 6 72 130 16 6 71 131 17 4 71 131 18 4 70 132 19 3 69 133 19 3 68 133 20 3 67 134 19 5 64 135 19 6 62 136 20 6 61 136 21 6 60 136 21 6 60 135 23 6 59 135 24 6 58 134 26 5 59 133 27 4 59 133 90 132 91 132 91 132 91 131 92 131 92 131 91 133 90 133 90 133 90 133 90 133 89 134 89 133 90 131 92 130 91 132 90 132 89 134 88 135 87 135 88 135 87 136 87 136 86 138 85 139 83 141 82 142 26 9 46 144 23 14 41 146 21 18 38 148 18 20 36 150 15 23 35 154 3 32 34 191 32 192 32 192 31 194 30 194 29 196 27 198 25 200 15 1 3 207 9 218 5 588
6144 3 215 15 207 20 203 23 200 26 197 28 196 30 193 32 191 35 188 38 186 39 184 42 182 43 180 45 179 46 177 48 175 50 173 52 170 54 17 9 143 56 13 13 141 58 11 14 140 60 8 17 139 61 5 19 138 86 138 86 138 86 137 87 137 87 137 87 136 88 136 88 136 88 135 89 135 89 134 90 134 90 133 91 133 91 132 92 132 92 132 92 131 93 131 93 130 95 129 95 129 96 127 97 127 98 126 98 125 100 124 100 124 101 123 101 123 101 123 102 122 102 122 102 122 102 122 102 122 102 123 101 123 101 123 101 123 102 122 102 122 102 122 102 122 102 122 102 122 103 121 103 122 102 122 102 122 102 122 102 123 101 123 101 123 101 123 101 123 101 123 101 124 100 124 100 124 100 124 100 125 98 127 97 127 97 128 95 129 95 131 93 132 92 134 89 140 84 144 80 146 78 147 77 147 76 149 75 149 75 149 75 149 75 150 74 150 74 150 74 149 76 148 76 148 76 148 76 148 76 148 76 148 76 148 76 148 76 147 77 147 78 146 78 146 78 146 78 146 77 147 77 147 77 147 77 147 77 147 77 147 76 148 76 148 76 148 76 148 76 149 74 150 74 150 74 150 74 151 73 151 73 151 72 152 72 153 71 153 71 154 69 155 69 156 68 157 67 158 66 158 65 160 64 161 63 161 63 162 62 162 62 163 61 163 26 8 28 162 25 12 25 162 24 14 24 162 23 16 23 162 23 16 23 162 23 17 22 162 23 17 22 162 22 18 22 162 22 19 21 163 21 19 21 163 20 21 19 164 20 22 18 165 18 23 18 165 18 24 16 167 16 27 13 169 14 30 10 171 11 35 6 174 7 6162
8188 7 215 10 213 11 211 14 209 15 208 16 207 17 205 19 165 6 29 24 164 10 20 30 163 61 163 61 163 61 163 60 164 60 164 60 165 59 165 59 166 58 166 58 167 57 168 56 168 57 168 56 168 56 168 57 167 57 168 56 167 57 167 58 166 58 166 58 166 58 166 59 164 60 164 60 164 60 164 60 164 60 164 60 164 60 164 60 163 61 163 62 162 62 162 62 162 62 162 62 163 61 163 62 162 62 162 62 162 62 162 62 162 63 161 63 161 63 161 64 160 64 159 66 158 66 158 67 157 67 157 68 156 68 156 69 155 69 155 70 154 70 154 70 154 71 153 71 154 70 154 71 153 71 152 72 152 73 151 73 151 73 151 74 150 74 150 74 150 75 149 74 150 74 150 74 150 74 150 74 150 74 150 74 150 74 150 73 151 73 151 73 151 72 152 72 152 72 152 71 153 71 153 70 154 70 154 70 154 70 155 68 156 68 156 68 156 68 156 68 156 67 157 67 158 65 159 65 159 65 159 64 160 64 160 64 160 64 161 63 161 62 162 62 162 62 162 62 162 62 162 62 163 61 163 61 163 60 164 60 164 59 166 58 166 57 167 57 168 56 168 56 168 55 170 55 169 55 169 55 169 55 169 55 170 55 169 55 169 55 169 55 170 55 169 55 169 55 169 55 169 55 169 55 169 55 169 54 170 53 171 53 171 51 173 49 175 45 179 43 181 42 181 43 181 43 181 42 181 43 181 43 181 43 181 42 181 43 181 42 182 42 182 41 184 40 184 16 8 15 186 13 14 9 189 9 3267
757 6 216 9 214 11 211 14 209 15 208 16 207 18 205 19 205 19 204 20 203 21 202 23 200 24 200 24 199 26 198 27 196 29 195 31 193 33 190 35 189 37 186 43 181 49 175 51 172 53 171 53 170 54 170 54 170 53 171 53 171 52 171 52 172 52 172 51 173 50 174 50 174 49 175 48 176 48 176 48 177 46 178 46 178 46 178 46 178 46 178 46 178 46 178 46 178 46 178 47 177 47 177 47 177 48 176 49 174 51 173 52 171 55 169 56 167 58 166 60 164 61 163 62 161 63 161 64 160 64 160 65 159 65 158 67 157 67 156 68 156 69 155 69 155 69 155 70 154 70 154 70 154 71 153 72 152 72 152 73 151 73 151 74 150 74 150 75 149 75 149 76 148 76 148 77 148 77 147 77 147 77 147 78 146 78 146 79 145 79 145 80 144 80 144 80 144 81 143 81 143 81 143 81 142 83 141 82 142 82 142 82 142 82 142 81 143 81 142 81 143 81 143 81 143 81 143 80 144 80 144 80 145 78 146 78 146 78 146 77 148 76 148 76 149 74 150 74 151 73 151 72 153 71 153 71 153 70 155 69 155 68 156 67 157 67 157 67 157 66 158 66 158 66 158 66 158 66 158 67 157 67 156 68 156 68 156 69 155 69 155 69 155 70 154 70 154 70 154 70 154 71 154 70 154 70 154 70 154 71 153 71 154 70 154 70 154 70 154 70 155 69 155 70 155 69 155 69 155 69 156 67 157 67 158 66 158 66 158 66 159 65 159 66 158 66 158 65 160 64 160 64 160 64 160 64 160 64 160 64 160 65 159 65 160 64 161 1 2 60 164 60 164 61 163 61 164 60 164 61 163 61 163 61 164 60 164 61 147 2 14 61 147 2 14 61 146 3 14 62 145 3 14 62 145 3 15 61 145 2 16 62 144 2 16 62 144 2 16 62 162 63 161 63 161 63 161 64 160 64 160 64 160 64 160 64 160 65 159 65 159 65 159 65 159 65 158 67 157 67 157 67 156 68 156 68 157 66 159 65 79
1006 11 210 20 202 27 195 33 190 42 181 48 175 52 171 54 169 57 166 59 164 61 162 64 159 68 156 70 153 74 150 77 146 81 143 85 138 88 136 90 133 93 130 95 128 98 125 101 122 103 118 107 115 110 112 113 109 116 107 118 104 120 103 122 101 124 99 125 98 127 96 129 95 130 93 133 91 135 89 137 86 139 85 140 84 140 83 142 82 142 82 142 82 142 81 144 80 144 80 145 79 146 77 147 76 149 75 150 73 152 72 152 71 154 69 156 68 157 66 159 65 159 65 160 64 161 63 161 64 160 64 161 63 161 64 160 64 160 65 158 66 158 66 158 67 157 67 157 68 155 69 154 70 153 72 151 73 150 74 149 75 149 75 148 76 148 76 148 77 147 77 147 77 147 77 147 78 146 78 147 78 146 78 147 77 148 76 148 76 149 75 150 75 150 74 151 73 151 73 152 72 154 70 154 70 154 70 155 69 155 69 155 69 155 69 155 69 155 69 155 69 155 69 155 69 155 69 155 68 156 68 156 68 156 67 157 67 157 66 158 66 158 65 159 64 160 63 161 62 162 62 162 61 163 60 164 60 164 59 165 58 166 58 166 57 167 56 168 56 168 55 169 55 169 54 170 54 170 53 171 53 171 53 171 53 171 52 172 52 172 52 172 52 172 52 172 52 172 52 172 52 172 52 172 52 172 52 172 52 172 52 172 52 172 53 171 53 171 53 171 53 171 53 171 53 171 53 171 53 171 53 171 53 171 52 172 52 172 52 172 51 173 51 173 51 173 51 173 52 172 53 171 54 170 55 169 55 169 56 168 56 168 56 168 56 168 56 168 56 168 55 169 55 169 54 170 54 170 53 171 52 172 51 173 50 174 49 175 48 176 47 177 45 179 44 180 43 181 42 182 41 183 40 184 39 185 38 186 37 187 35 189 34 190 33 191 31 193 30 194 29 195 28 196 26 198 25 199 23 201 23 201 22 202 22 202 22 202 22 202
95 56 164 61 162 62 161 64 159 65 158 67 156 68 155 70 153 72 151 73 151 74 149 76 147 78 145 80 144 81 142 83 141 84 139 86 138 87 136 89 135 89 135 90 134 91 133 91 133 92 132 92 132 92 132 92 132 92 132 92 132 92 132 92 132 92 132 92 132 92 132 91 133 91 133 91 133 91 133 90 134 90 134 90 134 89 135 89 135 89 135 89 135 88 136 89 135 89 135 89 135 89 135 89 135 89 136 87 137 87 137 87 137 87 138 86 138 86 138 87 137 87 137 88 136 88 136 89 134 90 134 90 134 90 134 90 134 91 133 91 133 91 133 92 132 92 131 94 131 93 130 95 129 96 128 96 128 97 127 97 126 99 125 99 124 101 123 101 123 101 122 102 123 101 123 102 123 101 125 99 125 99 125 99 125 99 125 100 124 100 125 99 125 99 125 99 124 100 124 99 125 99 124 100 124 100 123 101 123 101 123 101 123 101 122 101 123 101 122 102 122 102 122 102 122 102 122 101 123 101 123 101 123 101 122 102 122 102 122 102 122 102 122 101 123 101 123 101 123 101 123 100 124 100 124 100 124 99 124 100 124 99 125 99 125 98 126 98 125 99 125 99 125 99 125 98 125 99 125 99 125 99 125 99 125 99 125 98 126 98 126 98 126 98 126 98 126 98 127 97 127 97 127 97 127 97 127 97 128 96 128 96 128 96 128 96 128 95 129 95 129 95 129 95 129 95 130 94 130 94 130 95 129 95 129 95 129 95 130 94 130 94 130 94 130 94 130 95 129 95 129 95 129 95 129 95 129 95 129 95 129 95 129 95 129 95 129 95 130 93 131 93 131 93 131 92 133 91 133 90 134 89 135 88 137 86 138 85 139 84 140 83 142 82 142 81 143 81 143 80 144 80 145 78 146 78 146 78 146 77 147 77 147 77 147 77 146 78 146 78 146 77 147 40 3 34 147 39 5 33 147 39 5 32 148 38 7 31 148 37 9 29 149 37 9 28 150 36 11 27 150 35 13 25 151 35 13 24 152 34 15 22 153 33 16 21 154 33 17 19 156 31 19 16 79
6434 4 218 8 215 11 212 13 211 14 33 7 169 15 31 10 168 16 28 13 167 17 26 14 166 19 24 15 166 19 22 17 166 21 19 18 166 22 16 20 166 25 11 22 166 58 166 58 166 57 167 57 166 58 166 57 167 57 19 3 145 57 17 6 144 56 17 8 143 56 16 10 142 55 16 11 142 55 15 12 142 55 15 12 142 55 14 14 141 54 15 14 140 55 15 14 140 55 15 14 140 55 15 14 140 55 15 14 140 55 15 14 140 55 15 14 140 55 15 14 140 55 15 14 140 55 15 13 141 55 15 13 141 55 15 13 140 57 14 13 140 57 14 13 140 57 14 13 140 57 14 12 140 58 14 12 140 58 14 12 140 59 13 12 140 60 12 12 139 62 11 12 138 65 9 12 138 68 6 12 136 72 4 12 133 76 3 12 129 82 1 12 125 86 1 13 120 90 1 13 117 93 1 13 107 103 1 14 91 118 1 14 86 123 1 14 83 126 1 15 78 128 3 15 75 130 4 16 71 132 5 16 68 135 5 17 63 138 6 18 59 139 8 19 56 126 3 10 10 20 52 128 24 21 49 129 25 22 46 130 26 23 43 132 26 24 39 134 27 26 36 135 27 27 33 137 27 28 30 139 28 29 26 141 29 29 24 141 31 30 20 143 32 30 18 144 32 32 14 146 33 33 11 147 34 34 8 148 35 189 36 188 37 186 39 185 41 183 42 182 43 180 45 179 46 178 47 176 49 175 49 174 51 173 52 172 53 171 54 169 56 168 58 166 59 164 61 163 61 163 62 162 63 160 64 160 65 159 66 157 67 157 67 157 68 156 68 155 69 155 70 154 70 153 71 153 72 152 72 151 73 151 74 150 74 149 75 149 76 148 76 148 76 148 76 147 78 146 78 146 79 145 80 143 82 142 82 142 83 141 84 140 84 140 85 87 4 48 86 83 10 45 87 80 14 43 87 78 17 42 88 76 20 40 89 74 22 39 89 73 24 38 90 71 26 37 90 70 28 36 90 69 29 36 91 67 31 35 91 66 33 34 91 66 34 33 91 65 35 33 91 65 36 31 93 64 37 30 93 64 37 30 93 64 38 29 94 62 39 30 93 60 41 30 93 57 44 30 94 49 52 29 94 31 9 4 57 29 94 30 71 29 94 30 72 27 96 28 73 27 96 28 73 27 96 28 73 27 96 28 74 26 96 28 75 25 96 28 75 26 96 28 75 25 96 38 66 24 96 39 67 22 96 40 67 22 96 39 68 22 95 40 68 21 96 40 68 21 95 40 69 21 95 40 69 21 95 38 71 21 96 34 74 21 97 18 89 21 98 14 92 20 102 8 95 19 206 17 208 15 210 11 216 4 2731
2292 20 200 29 191 37 185 41 181 45 177 49 174 52 170 55 168 57 166 59 164 61 162 63 160 65 158 67 157 67 156 69 155 70 153 72 152 73 150 74 150 75 148 76 148 77 146 78 146 79 145 79 145 79 144 81 143 81 143 81 142 82 142 83 141 83 141 83 140 85 139 85 139 85 138 86 138 86 138 87 136 88 136 88 135 90 133 91 132 92 131 93 130 95 127 97 126 99 124 101 122 103 120 105 119 106 117 107 116 109 115 110 113 111 113 112 112 112 112 113 110 114 110 114 110 115 109 115 109 115 108 116 108 117 106 118 106 118 105 120 104 120 104 121 102 123 101 123 101 124 100 125 99 126 98 126 98 127 97 127 97 128 96 128 96 129 95 129 95 130 94 130 94 130 94 130 94 130 94 130 94 131 93 131 93 131 93 131 93 131 93 131 93 131 93 131 93 131 93 131 93 131 93 131 93 131 93 130 94 130 94 130 94 130 94 130 94 130 94 130 94 130 94 130 94 130 94 130 94 130 94 129 95 128 96 127 97 127 97 126 98 126 98 126 98 125 99 125 99 124 100 124 100 124 100 124 100 124 100 124 100 124 100 124 100 124 100 124 100 124 100 124 100 124 100 124 100 124 100 124 100 124 100 125 99 125 99 125 99 125 99 126 98 126 98 126 98 126 98 126 98 127 97 127 97 127 97 127 97 128 96 128 96 128 97 127 97 127 99 15 6 104 121 103 122 102 123 101 123 101 124 100 124 100 124 100 125 98 126 97 127 96 128 95 130 93 131 92 132 90 134 88 136 85 139 76 148 73 151 71 152 70 154 70 154 69 154 69 155 69 154 69 155 69 154 70 154 69 154 70 153 71 153 71 152 72 151 73 151 73 151 73 150 74 149 75 149 75 148 76 148 76 147 76 148 76 147 77 147 77 146 78 146 78 146 78 145 79 145 79 145 79 145 78 146 78 146 78 146 77 132
1473 13 207 20 193 33 178 47 170 56 163 62 159 66 156 70 152 74 148 79 143 83 139 86 136 90 133 93 130 96 127 99 123 102 121 104 119 106 116 109 114 111 112 113 109 115 108 117 106 119 103 122 101 124 98 127 96 129 94 131 92 133 90 135 88 137 86 138 85 140 83 141 82 143 79 146 76 148 74 151 72 152 71 153 69 156 67 157 66 158 64 161 62 162 60 164 59 166 56 168 55 169 53 172 51 173 50 174 49 175 48 176 48 176 47 177 46 178 45 179 44 180 44 180 43 182 42 182 41 183 41 183 41 183 41 184 40 184 40 184 40 184 40 184 40 185 39 185 39 185 39 185 39 186 38 186 39 185 39 185 39 185 39 185 39 184 40 184 40 184 40 183 41 183 41 183 41 182 42 182 42 182 42 181 43 181 43 180 45 179 45 179 45 179 46 177 47 177 48 176 49 174 50 174 51 173 52 171 53 171 54 170 55 168 56 168 57 167 57 167 58 166 58 166 58 166 59 165 59 165 60 164 60 165 59 165 59 165 59 166 58 166 58 166 58 167 57 167 57 167 57 168 56 168 56 168 56 168 55 170 54 170 54 170 53 171 53 171 52 172 52 172 51 173 50 175 48 176 47 177 47 178 45 179 44 180 44 181 42 182 42 183 40 185 39 185 39 186 38 187 37 187 37 188 35 190 34 191 33 192 31 194 30 194 29 196 28 197 27 197 27 197 27 198 26 198 25 200 24 200 24 200 24 201 23 202 22 202 22 203 20 204 20 204 20 205 19 206 18 206 17 208 16 209 15 209 15 210 14 210 14 211 13 211 13 211 13 211 13 212 12 212 12 212 12 212 12 213 12 212 12 212 12 212 12 212 12 212 13 210 14 210 14 210 15 208 16 208 16 207 18 206 18 205 19 205 20 203 21 203 21 203 22 202 22 202 22 202 23 201 23 200 25 199 25 199 25 199 25 199 26 198 26 198 27 196 10
435 6 199 26 184 41 181 44 178 46 178 46 177 47 106 9 62 47 102 32 42 48 98 41 35 50 95 48 30 50 93 55 25 51 90 60 21 53 87 65 18 53 86 69 14 50 87 75 10 42 95 81 3 42 95 128 81 142 79 145 77 147 72 152 67 158 63 161 62 163 60 165 57 168 54 171 51 174 48 176 47 178 45 180 42 183 38 187 34 191 30 194 28 197 26 199 25 199 24 201 23 201 22 203 21 203 20 205 19 205 18 207 16 209 15 209 14 210 13 212 11 213 10 215 7 218 6 218 5 220 4 221 3 221 3 222 2 223 1 223 1 4480 1 223 1 223 1 223 1 223 1 223 1 223 1 11008 4 219 6 217 8 215 9 214 10 214 11 212 12 212 13 211 13 210 14 210 14 210 15 209 15 208 16 208 16 208 16 208 16 208 16 207 17 207 17 206 18 206 18 206 18 205 19 204 20 203 21 202 22 201 23 201 23 182 1 17 24 182 1 17 25 181 1 16 26 181 1 16 26 181 1 16 26 181 1 16 26 181 1 16 27 180 1 16 27 197 27 197 27 198 26 198 26 198 26 199 24 200 24 200 24 200 23 202 22 202 21 204 20 205 17 210 11 216 3 8033 1 223
12417 4 218 7 217 8 215 10 214 11 212 13 211 13 211 14 210 14 210 15 209 15 181 6 22 16 179 9 20 16 178 11 19 17 176 13 18 17 176 14 16 18 176 15 15 19 174 17 13 20 174 19 10 22 173 20 5 26 173 51 173 52 172 52 173 52 172 52 172 52 172 52 172 52 172 53 172 52 172 52 172 52 173 51 173 51 173 51 174 50 174 50 133 7 35 49 130 12 33 49 128 15 33 48 127 17 32 48 126 19 32 47 126 20 31 47 125 23 29 47 125 24 28 47 124 25 28 48 123 25 28 48 123 25 28 48 123 25 27 49 123 26 26 49 123 28 23 50 123 31 19 51 123 36 13 52 123 39 8 54 123 101 123 101 123 102 122 102 122 102 123 101 123 101 123 101 124 100 124 100 125 99 125 99 125 99 126 98 126 98 127 97 127 97 127 97 127 96 128 95 129 94 130 92 132 91 133 90 134 90 134 89 135 89 135 89 135 88 136 88 136 88 136 88 136 88 136 87 137 87 137 86 139 85 139 84 140 84 140 83 142 81 143 81 144 79 145 79 146 78 147 77 147 77 148 21 9 46 149 18 13 44 149 18 14 43 149 18 15 42 150 17 15 42 150 17 15 42 150 17 15 43 150 16 16 42 150 16 16 42 150 16 16 43 150 15 16 43 150 15 16 43 151 14 16 43 151 13 17 25 4 14 152 12 17 23 7 13 153 11 18 21 9 12 154 9 19 20 11 11 155 6 21 19 13 8 184 19 16 3 186 18 206 18 206 17 207 17 207 16 208 16 208 16 208 15 209 15 209 16 208 16 208 16 209 15 209 15 209 15 209 14 210 14 210 14 211 13 211 13 211 12 213 11 214 9 216 7 5750
13979 18 204 23 199 27 196 30 193 33 190 36 187 40 183 57 166 64 159 67 156 70 153 73 149 76 147 78 145 80 144 81 142 83 140 85 138 87 136 89 135 90 133 92 131 93 130 95 129 95 128 97 127 98 125 99 125 99 125 100 123 101 123 102 121 103 121 103 120 105 119 105 118 106 117 107 116 109 114 110 114 110 113 112 112 112 111 113 110 115 109 115 108 117 107 117 106 119 104 120 104 120 103 122 101 123 100 124 100 124 99 125 99 125 98 126 98 127 96 128 96 128 96 128 95 129 95 129 95 130 93 131 93 131 93 132 92 132 91 133 91 134 90 134 90 135 89 135 89 136 88 138 85 140 84 142 82 144 80 145 78 148 76 150 73 152 72 153 70 155 68 158 65 160 64 161 62 163 60 165 59 166 57 168 56 169 54 171 52 173 51 174 49 175 49 176 47 178 46 178 45 180 44 180 43 182 42 182 41 184 40 185 38 186 38 187 36 188 36 189 34 190 34 191 33 191 33 192 31 193 31 194 30 194 29 196 28 197 27 197 26 199 25 199 25 200 24 200 23 202 22 202 22 203 21 203 21 203 21 203 21 204 20 204 19 205 19 205 19 205 19 205 19 205 18 206 18 206 18 206 18 206 18 206 17 207 17 207 17 207 17 207 16 208 16 208 16 208 16 208 16 208 16 208 16 208 16 208 16 208 16 208 15 209 15 209 16 208 16 208 16 208 16 207 1
10579 4 219 6 33 6 178 7 32 8 176 9 30 10 175 10 28 11 174 11 27 12 174 12 26 13 173 12 25 14 173 13 23 15 173 14 22 15 173 14 21 16 173 15 19 17 173 16 18 17 173 17 16 18 174 17 14 19 174 18 12 20 174 20 7 23 174 50 174 50 175 49 175 49 175 49 176 48 176 48 176 48 176 48 177 46 178 46 179 45 179 45 180 45 179 45 179 45 43 6 131 45 40 10 129 46 38 12 128 47 34 16 127 48 30 21 125 50 25 26 123 51 22 30 121 53 17 34 120 54 14 38 117 57 11 40 116 59 7 43 115 62 2 46 114 111 113 112 112 112 112 113 111 113 111 114 111 113 111 114 111 113 111 114 111 113 113 112 113 111 115 109 117 108 117 107 117 107 118 107 117 107 118 106 118 107 118 106 118 106 118 106 118 107 117 107 117 107 118 106 118 106 118 106 118 106 118 106 118 106 118 106 118 107 117 107 117 107 117 107 117 108 116 108 116 108 116 109 115 109 115 109 115 87 4 19 114 86 6 18 114 85 8 18 113 84 9 18 113 83 11 17 113 82 12 18 112 81 13 18 112 81 14 17 112 80 15 17 112 79 17 16 113 77 18 16 113 76 19 16 113 76 20 15 113 75 21 15 113 74 22 15 113 73 24 14 113 71 26 14 113 69 28 14 113 68 30 13 113 67 31 13 113 66 32 13 114 64 34 12 114 64 34 12 114 64 34 12 114 64 34 12 114 64 35 11 114 18 4 42 35 11 114 17 9 38 35 11 114 17 12 35 35 11 115 15 16 32 35 11 115 15 22 26 36 10 115 15 24 24 36 11 114 15 25 23 36 11 114 15 26 22 36 11 114 15 26 22 36 11 114 15 26 21 37 11 114 15 27 20 37 12 113 15 27 20 37 12 113 15 27 20 37 12 113 15 28 18 38 12 113 15 28 18 38 12 114 14 28 18 38 12 114 14 29 17 38 12 114 14 29 16 39 12 114 14 29 16 40 11 114 14 30 15 40 11 114 14 30 15 40 11 114 14 30 15 40 11 114 14 30 15 41 10 114 14 31 13 42 10 114 14 31 13 42 10 114 14 31 14 42 8 115 14 32 13 42 8 115 14 32 13 43 5 117 14 32 13 165 13 33 13 165 13 33 13 165 13 34 12 165 13 34 12 166 12 34 12 166 12 34 13 165 12 34 13 165 12 34 13 166 11 34 13 166 11 35 12 166 10 36 13 165 10 36 13 165 10 36 13 166 8 37 14 165 8 38 13 166 6 39 13 211 13 211 13 212 12 212 12 212 12 212 12 212 12 213 11 213 11 213 11 213 11 213 11 214 10 214 10 214 9 215 8 217 7 218 5 93
91 3 57 12 150 8 52 15 148 9 51 16 148 10 50 17 146 12 48 18 146 13 46 19 146 14 44 21 145 15 42 22 145 17 39 23 145 18 37 25 144 18 36 26 144 19 33 28 144 20 31 30 144 20 28 32 144 21 25 34 144 23 22 36 143 27 16 38 144 29 11 40 144 31 7 42 144 80 145 79 145 80 145 79 145 79 146 78 146 78 147 77 147 77 147 78 146 78 146 78 146 79 145 79 144 80 143 82 141 83 140 85 139 85 138 86 137 87 137 87 136 89 135 89 134 90 134 90 134 90 133 91 133 91 133 91 133 91 133 91 133 91 134 90 134 89 135 89 135 89 135 90 135 89 135 89 135 89 136 88 136 88 136 88 136 88 136 88 136 89 135 89 135 89 135 89 135 89 135 89 135 88 136 88 136 88 135 88 136 88 136 88 136 88 136 87 136 88 136 88 136 87 137 87 137 87 138 86 138 86 138 86 138 86 138 85 140 84 140 85 140 84 140 84 140 85 140 84 140 85 140 84 140 85 140 84 141 84 141 83 142 82 143 82 143 81 144 80 144 81 144 80 144 80 145 80 144 81 144 80 144 81 144 81 144 81 143 81 144 81 143 81 143 81 143 81 143 82 142 82 142 83 141 83 141 84 140 84 141 83 141 84 140 84 140 85 139 85 139 86 138 86 138 87 136 88 135 90 134 91 132 92 132 93 130 95 128 97 127 98 125 100 123 102 122 102 122 103 120 104 120 104 120 104 119 105 119 105 118 106 118 106 118 106 118 107 117 107 116 109 115 110 114 112 111 114 110 115 109 116 107 119 105 119 105 120 104 120 104 120 104 120 104 120 104 120 104 120 104 120 103 122 102 122 102 122 102 122 102 122 102 122 102 122 102 123 101 123 101 123 101 123 101 124 100 124 100 124 100 124 101 123 101 124 100 124 100 124 100 124 100 124 99 126 98 126 98 126 98 126 97 127 97 127 97 126 98 126 97 127 97 127 97 126 97 126 98 125 98 125 99 124 100 122 102 121 103 119 104 116 108 111 113 94 130 87 137 86 137 25 4 57 138 23 6 55 139 23 7 54 140 22 8 54 140 22 9 52 140 22 10 51 141 21 11 51 141 21 11 50 143 18 14 49 60
71 10 212 13 210 14 210 15 208 16 208 16 208 16 207 18 206 18 206 18 206 18 205 20 204 20 204 20 68 6 130 20 64 12 127 22 61 15 126 22 60 17 125 22 59 18 124 23 59 19 123 24 57 20 123 24 56 21 123 25 55 21 122 26 54 22 122 26 54 22 122 27 52 23 122 27 52 23 122 27 51 24 122 28 50 24 122 28 49 25 121 30 48 25 121 30 47 26 121 31 46 26 121 33 43 27 121 35 41 27 121 36 39 28 120 38 37 29 120 40 33 31 120 41 31 32 120 42 29 33 120 43 26 35 120 44 24 36 120 45 21 38 120 47 17 40 119 51 13 41 119 57 2 46 120 104 120 104 120 104 120 104 120 104 120 104 120 104 121 103 121 103 121 103 121 103 121 103 121 103 121 103 121 102 122 102 121 103 121 103 121 103 121 103 121 102 121 103 121 103 121 103 120 104 120 103 120 104 119 105 119 106 117 107 116 108 116 108 115 109 114 110 113 111 112 112 110 114 109 115 107 116 107 117 105 119 104 119 103 121 101 123 99 124 98 125 97 126 97 126 97 127 95 129 94 129 94 130 93 131 92 132 91 133 89 135 88 136 86 138 84 140 82 142 79 145 75 149 73 152 70 154 69 155 68 156 68 156 68 156 68 156 68 156 68 156 68 156 68 156 68 155 69 155 69 155 69 155 69 155 69 155 69 154 70 154 70 154 70 153 71 153 71 152 72 152 72 152 72 152 72 151 73 151 73 151 73 150 74 149 75 149 75 148 76 147 77 147 77 146 78 146 78 145 79 145 79 144 80 144 80 143 81 143 81 143 81 142 82 142 82 142 82 142 82 142 82 142 82 141 83 141 83 141 83 141 83 140 84 140 84 140 84 139 85 138 86 138 86 137 87 136 88 136 88 135 89 135 89 134 90 134 90 133 91 133 91 132 92 132 92 132 92 131 93 131 93 132 92 132 92 132 92 132 92 132 92 132 92 132 92 132 92 132 92 132 92 133 91 133 91 132 92 132 92 132 92 132 92 132 92 132 92 131 93 131 93 130 95 129 96 127 100 123 103 120 105 116 109 114 111 112 112 111 114 110 115 109 115 109 116 108 116 108 116 107 118 106 118 105 120 103 122 99 125 40 8 49 128 37 11 46 131 34 14 45 131 32 17 42 115
2362 17 204 23 197 30 192 34 188 38 184 41 182 43 180 45 177 48 175 50 173 52 171 54 169 57 167 58 165 61 162 64 159 66 157 68 156 68 155 70 154 70 154 71 153 71 153 71 153 71 153 71 153 71 153 70 155 69 155 69 156 67 157 66 159 64 160 61 164 57 168 54 170 53 172 51 174 49 175 48 177 46 179 44 181 42 183 40 185 39 186 38 187 36 188 36 188 36 189 35 189 35 189 35 190 34 190 34 191 21 1 10 192 16 209 12 213 8 2709 2 220 6 217 8 187 8 20 10 181 18 13 12 177 29 2 17 174 51 171 53 170 55 168 56 168 57 166 58 166 59 165 59 165 59 165 59 165 59 165 60 163 61 163 61 163 61 163 61 163 61 163 61 163 62 161 63 161 63 161 63 162 62 162 62 162 62 162 62 162 62 162 62 162 62 162 62 162 62 162 62 162 62 162 62 162 62 161 63 161 63 160 64 160 64 160 64 159 65 159 65 159 64 159 65 159 65 159 65 158 66 158 66 158 66 158 66 158 66 158 66 158 67 158 66 158 66 158 66 158 66 158 66 158 66 158 65 159 65 159 65 159 65 159 65 159 65 159 65 159 65 159 65 159 65 159 65 160 64 160 64 160 64 161 63 162 62 162 62 162 34 3 25 163 28 11 22 163 26 14 21 163 24 17 20 163 23 19 19 163 22 20 19 163 22 21 18 162 22 23 17 161 23 24 16 158 26 24 16 157 26 26 15 157 26 26 15 157 26 27 14 157 26 27 14 156 26 28 14 156 26 28 15 156 25 28 15 156 25 29 14 156 25 29 14 158 23 29 14 159 22 29 14 160 21 30 13 161 19 31 13 162 18 31 13 162 18 31 13 162 18 31 13 162 18 31 13 161 19 31 13 160 20 31 13 160 20 31 13 160 20 31 13 161 19 31 14 161 18 31 14 161 17 32 14 161 17 32 14 161 17 32 15 159 18 32 15 158 18 33 15 157 19 33 16 155 20 33 16 154 21 32 17 154 20 33 17 156 18 33 17 160 14 34 16 161 12 35 17 165 5 37 17 207 17 208 16 208 15 210 14 210 14 211 12 213 10 216 7 219 3 1861
83 47 174 52 171 54 168 57 166 59 164 61 161 64 159 66 157 68 155 69 154 71 152 74 148 77 146 80 141 85 135 90 131 94 128 96 126 99 123 101 122 102 121 104 119 105 117 107 116 109 113 111 112 113 110 114 108 117 106 119 104 120 103 122 101 124 99 126 98 127 96 128 95 130 93 132 91 133 90 135 88 137 87 138 85 140 83 142 82 142 81 144 80 145 78 146 77 148 76 148 75 149 75 150 74 150 74 150 73 151 73 151 74 150 74 150 74 149 76 148 76 148 77 147 77 147 77 147 78 146 78 145 79 145 79 145 80 144 80 143 81 143 81 143 81 142 82 142 82 142 82 141 84 140 84 139 85 138 87 137 87 136 89 134 90 133 91 133 92 131 93 131 94 130 95 128 98 126 99 125 100 123 101 123 102 121 103 120 104 119 105 115 108 113 111 112 112 111 113 111 112 112 112 112 112 113 110 114 110 114 110 114 109 115 109 115 109 115 108 117 107 117 107 117 106 119 105 119 105 120 104 120 103 122 102 122 102 123 100 124 100 125 99 126 97 127 97 128 96 128 96 129 95 130 93 132 92 133 91 134 90 135 89 136 88 137 87 138 86 139 85 139 85 140 84 141 83 141 83 142 82 143 81 143 81 144 80 145 79 146 78 146 78 147 77 148 76 148 76 148 77 147 77 147 77 147 77 147 77 146 79 144 80 142 82 140 85 138 86 137 87 136 88 135 89 134 91 132 92 131 93 130 94 129 95 129 95 128 95 129 95 129 95 128 96 128 95 128 96 128 96 128 96 127 96 128 96 128 96 128 97 127 97 127 97 127 98 126 98 126 99 125 100 124 101 122 103 121 104 120 106 118 107 117 109 114 111 113 112 112 113 110 116 108 119 29 3 73 121 22 11 69 123 19 15 67 125 7 2 4 22 64 170 53 173 51 174 49 175 48 177 45 179 32 192 29 196 28 196 27 197 27 198 25 199 25 199 24 200 24 201 22 202 22 203 20 205 19 206 18 207 16 209 15 210 14 211 12 102
13315 5 213 18 205 21 201 26 197 29 194 32 191 35 189 36 187 38 185 40 184 41 26 8 148 44 15 21 144 83 141 85 138 88 136 89 135 90 133 91 133 92 131 93 129 96 126 98 124 101 122 102 122 103 121 103 121 103 122 103 122 102 124 100 127 97 130 95 131 93 131 93 132 93 131 93 132 92 132 93 132 92 133 91 134 90 136 88 138 86 141 83 144 80 147 77 149 75 150 74 151 73 151 73 151 73 152 72 152 72 152 72 152 72 153 71 153 71 153 71 154 70 154 69 156 68 156 68 157 67 157 66 159 65 159 65 159 65 159 65 159 65 159 65 159 65 160 64 160 64 160 65 159 65 159 65 159 65 159 65 159 64 160 64 160 63 161 63 161 61 163 60 163 52 172 50 174 49 175 48 176 48 176 48 176 47 177 47 178 45 179 45 179 44 181 42 182 42 183 40 185 38 187 36 190 34 193 30 198 26 207 17 208 15 211 12 213 11 215 8 12841
5924 11 211 14 197 3 6 20 191 36 185 42 180 48 174 76 147 79 144 82 141 84 140 85 139 85 138 87 137 88 136 89 135 90 134 91 133 92 132 93 131 94 130 95 129 96 128 97 127 98 127 98 126 99 125 99 125 100 124 100 124 100 124 100 123 101 123 101 123 101 123 101 122 102 122 102 122 102 122 103 121 103 121 103 120 104 120 104 120 103 121 103 121 103 121 102 122 101 123 101 123 100 124 100 124 100 124 100 124 100 124 100 123 101 123 101 123 101 122 102 122 102 122 103 120 104 120 104 119 105 118 105 118 106 115 109 99 125 94 130 92 132 91 133 89 135 87 138 84 140 82 142 80 144 78 147 75 149 74 150 72 152 70 155 68 156 67 157 65 159 64 160 63 161 62 163 60 164 59 165 57 167 56 168 55 169 53 171 52 172 52 172 52 171 53 171 53 170 54 170 54 169 55 157 9 1 57 156 68 155 69 155 69 154 70 154 70 154 70 153 71 152 72 152 72 151 73 150 74 149 75 148 76 146 78 145 79 145 79 144 80 144 80 144 80 145 79 145 79 145 79 146 78 146 78 147 77 147 77 148 76 149 75 149 75 150 74 150 74 151 73 151 73 151 73 152 72 152 72 152 72 153 71 153 71 153 71 154 70 154 70 154 70 154 70 154 70 154 70 155 69 155 69 156 68 157 67 158 66 159 65 160 64 162 62 163 62 163 62 163 64 161 66 159 70 154 74 151 80 145 85 141 84 142 83 144 81 146 79 148 76 151 73 155 70 158 66 161 63 163 62 163 61 165 59 167 58 168 56 169 55 171 54 171 53 172 52 173 52 173 51 174 50 175 50 176 48 177 47 178 46 179 45 180 44 180 44 182 42 183 41 183 41 183 41 183 42 182 42 180 3
4622 16 201 29 151 13 25 42 137 24 16 51 127 34 7 60 119 108 112 115 106 120 102 124 98 128 93 132 89 137 82 143 77 148 74 151 71 154 69 156 67 157 67 158 65 160 64 161 62 162 61 164 59 166 57 168 55 170 53 172 51 174 49 175 48 177 46 179 45 180 43 182 42 182 41 184 40 185 39 185 38 187 36 188 36 189 34 190 34 190 33 192 32 192 33 191 33 191 33 191 33 191 33 190 34 190 34 189 35 189 35 188 36 188 36 187 37 186 38 186 39 184 40 184 40 183 42 182 42 181 43 181 44 179 45 179 46 177 47 176 49 174 50 173 52 171 53 169 55 168 56 165 59 163 61 160 64 158 66 155 69 153 70 149 75 145 78 140 84 137 86 135 87 136 86 137 86 137 85 139 84 139 84 140 83 140 83 141 83 141 82 141 83 141 82 142 82 120 2 20 81 113 12 17 82 98 28 16 82 97 30 15 82 97 31 13 82 98 32 12 82 98 33 10 83 98 35 7 84 99 124 100 124 101 123 101 123 102 123 102 122 103 122 103 122 103 122 102 123 102 124 101 124 101 124 100 126 98 127 98 128 96 129 95 132 92 134 10 2 78 137 4 7 76 149 75 150 73 152 72 153 71 154 69 156 67 159 65 161 62 164 59 169 19 8 27 175 9 18 20 207 14 15344
4162 16 200 51 166 65 154 72 149 76 146 79 143 82 141 83 140 85 137 88 135 90 133 92 131 94 129 96 127 98 126 99 124 101 123 103 120 105 119 106 118 107 117 108 116 108 116 108 116 108 117 107 117 107 117 107 117 107 117 107 117 107 117 106 117 107 117 106 118 106 117 106 118 105 118 100 124 97 126 97 127 96 128 96 128 96 128 96 127 97 126 98 124 100 123 101 121 103 120 104 119 105 118 105 119 105 118 106 117 107 116 108 115 108 115 109 115 108 115 109 114 110 113 110 113 111 112 112 111 112 111 113 110 114 109 115 108 116 107 117 107 117 106 119 104 120 104 120 103 121 103 121 102 122 102 122 102 122 101 123 101 123 100 124 100 124 99 125 99 124 100 124 99 125 99 124 99 125 99 124 100 124 99 124 100 124 100 124 100 123 100 124 100 124 100 124 100 124 100 125 99 125 99 127 97 128 96 130 94 131 93 132 92 133 91 134 90 134 90 135 89 135 89 135 89 136 88 136 88 136 89 135 89 135 89 135 89 135 89 135 89 135 89 134 91 28 2 103 91 26 7 99 92 25 10 97 92 25 10 96 93 25 11 95 94 23 12 94 95 22 14 92 96 22 14 35 11 46 97 19 16 31 21 39 98 18 17 30 27 33 99 18 17 28 30 31 100 17 18 27 32 29 101 16 19 26 34 27 102 16 19 26 35 26 103 14 20 25 36 25 104 14 11 4 5 25 37 24 104 13 11 6 4 25 37 24 104 13 11 8 2 25 38 24 103 13 11 8 2 25 38 24 104 12 10 36 39 24 103 12 9 37 39 25 103 12 7 39 39 25 103 57 40 24 103 57 41 24 102 57 41 25 101 57 42 24 101 58 41 25 99 59 42 24 99 59 42 24 99 59 42 24 98 60 43 23 98 61 43 22 97 62 46 18 98 37 3 22 48 15 98 37 5 22 50 10 100 37 6 21 159 37 7 22 158 37 8 21 157 38 9 20 157 38 9 21 155 39 10 20 155 39 10 20 155 38 11 20 155 38 12 20 154 38 12 20 154 38 12 20 154 38 13 20 154 37 13 20 154 37 13 20 155 36 13 21 154 36 14 20 155 35 14 20 155 21 2 12 14 20 156 19 4 10 15 20 156 19 7 7 15 20 157 18 29 20 157 17 30 20 158 16 30 20 158 15 31 20 158 14 32 20 158 14 32 20 159 12 33 20 159 12 33 20 159 11 34 20 159 10 36 19 159 9 37 19 160 6 39 19 205 19 205 19 206 18 206 18 206 18 207 16 209 14 211 13 212 11 214 9 218 5 1448
6121 9 214 12 211 14 209 17 207 18 206 20 53 5 146 21 49 13 141 23 45 17 139 25 41 20 138 27 36 24 137 31 30 26 137 37 19 32 137 47 4 36 137 87 137 87 138 86 138 86 138 86 139 85 139 85 139 85 139 85 139 85 140 84 140 84 140 84 139 85 139 84 139 85 139 85 138 86 138 85 138 86 138 86 138 86 139 85 139 85 140 85 139 85 139 86 139 86 138 86 138 87 137 87 137 87 137 87 137 88 136 88 136 88 136 88 135 90 134 90 134 90 134 90 134 90 133 91 133 91 133 91 133 91 132 92 132 92 132 92 131 92 131 93 130 94 127 97 124 100 122 101 121 103 120 104 118 106 117 106 116 108 115 108 115 109 114 109 114 110 113 110 113 111 113 110 113 111 112 111 113 111 113 110 114 110 114 110 114 110 115 109 115 109 115 109 116 108 117 107 117 107 118 106 118 106 118 106 118 106 118 106 117 107 117 107 117 107 116 107 117 107 117 107 117 107 117 107 117 107 117 107 117 107 117 107 118 105 119 105 119 105 119 105 119 105 119 105 119 105 119 105 119 105 119 106 118 107 117 108 116 109 114 111 113 112 112 112 112 113 111 113 111 114 110 114 110 115 109 116 108 117 107 117 108 117 107 117 106 119 105 119 105 119 105 119 104 119 105 119 104 120 104 120 103 121 102 122 102 122 102 122 101 123 101 123 101 123 100 124 100 124 100 124 100 124 101 123 101 123 101 123 101 123 102 122 102 122 103 120 104 120 105 119 106 118 107 117 108 116 109 115 110 113 112 112 112 111 114 110 116 107 119 105 123 100 126 96 131 90 135 85 140 83 142 81 143 80 145 78 147 76 150 74 154 69 157 67 171 53 174 49 176 48 178 45 179 45 180 43 181 41 184 38 187 36 189 33 193 28 94
10617 4 214 27 194 38 184 42 181 45 178 47 176 49 174 51 172 53 170 55 168 57 166 58 165 60 163 62 161 64 160 65 158 67 157 68 155 70 154 70 153 72 152 73 150 75 149 75 148 77 147 77 147 77 147 78 146 78 146 78 146 78 146 78 146 78 146 78 146 78 146 78 147 77 147 77 148 76 149 74 150 74 151 73 151 72 152 72 152 71 152 72 151 73 151 72 151 73 150 74 150 74 149 75 149 75 148 76 148 77 146 78 146 78 146 79 144 80 144 81 143 82 141 83 141 84 139 86 138 86 138 87 136 88 136 88 135 90 134 90 134 90 134 90 133 91 133 91 133 91 132 92 132 92 131 93 131 93 131 93 131 93 131 93 130 94 131 93 131 93 131 94 130 94 130 94 130 94 130 94 130 94 130 94 130 94 130 94 130 94 130 94 130 94 130 94 130 94 130 94 130 94 130 94 130 94 130 94 130 94 130 94 131 92 132 92 132 92 132 92 132 92 132 92 132 92 132 92 132 92 133 91 133 91 133 91 133 90 135 89 135 89 135 89 135 88 137 87 137 87 137 87 137 86 139 85 139 85 139 85 139 85 139 85 140 84 140 84 140 84 140 84 140 84 140 84 141 83 141 82 142 82 142 82 142 82 142 82 143 81 143 81 143 81 143 81 144 79 145 79 145 79 145 79 146 78 146 77 147 77 148 76 148 76 148 76 149 74 150 74 150 74 150 74 151 73 151 73 151 73 151 73 152 72 152 72 152 72 152 73 151 72 153 71 153 71 153 71 154 70 154 70 155 69 87
3700 6 216 10 213 12 210 15 208 16 207 17 205 20 203 21 202 22 201 23 200 24 127 9 63 25 126 13 60 25 125 15 58 26 124 18 56 26 124 19 54 27 123 21 52 28 123 22 50 29 123 24 47 30 123 25 24 6 14 32 123 27 16 58 123 29 11 61 123 32 5 64 123 101 123 101 123 100 125 99 125 99 125 99 125 100 124 100 124 100 125 99 125 99 125 99 125 99 125 99 126 98 126 98 126 98 126 99 126 98 126 99 125 99 125 100 124 100 124 101 123 102 122 103 121 103 121 104 119 106 118 107 117 108 116 109 114 111 113 112 112 113 111 114 109 116 108 117 106 118 106 119 104 121 103 121 103 122 102 123 101 124 99 126 98 127 97 128 96 129 95 130 93 132 92 133 91 134 90 135 88 137 87 138 86 138 85 140 84 141 82 143 81 145 78 147 77 148 75 150 74 151 72 154 70 157 66 175 49 179 44 184 40 193 1 10 20 205 18 206 18 207 17 209 14 210 14 211 13 211 12 212 12 212 11 213 11 213 10 214 10 214 9 215 8 216 8 216 7 217 7 217 6 218 6 218 5 219 4 220 4 220 3 221 2 222 1 295 5 217 9 214 11 212 12 212 13 99 10 33 1 68 13 97 18 27 1 68 13 96 36 7 4 68 13 96 47 68 12 96 48 68 12 95 49 69 10 96 49 70 8 96 50 72 1 101 50 174 50 173 51 173 52 171 55 169 57 166 59 165 62 161 66 158 68 155 71 153 73 150 76 148 78 145 82 142 84 140 87 136 91 133 94 130 98 126 102 122 106 118 109 115 112 112 115 109 119 105 122 102 126 98 131 93 139 84 147 77 153 70 157 67 158 66 159 64 159 65 159 64 159 65 158 65 158 65 158 66 156 67 156 67 156 67 156 68 155 68 155 68 155 68 156 67 157 66 157 66 158 66 158 65 159 64 160 64 160 63 161 62 163 61 163 60 164 59 166 57 167 57 168 55 169 54 171 52 174 49 178 45 189 34 194 29 197 25 200 21 204 15 211 11 214 8 219 2 104
8151 8 215 10 214 12 212 13 211 14 210 15 210 15 210 14 212 12 213 12 214 10 216 7 219 5 222 1 1124 4 220 6 218 7 217 9 214 11 212 14 208 18 204 23 196 35 186 42 165 65 155 72 150 78 144 82 141 86 136 89 134 92 131 94 129 96 127 98 125 100 123 102 121 104 119 106 118 107 116 110 113 112 112 113 110 114 110 115 109 116 107 117 107 118 106 118 105 120 104 120 104 120 104 121 102 122 102 122 102 122 102 122 102 123 101 123 101 10 4 109 102 7 8 107 103 4 11 106 118 106 118 106 119 105 119 105 119 105 119 105 119 105 119 105 119 104 120 104 120 104 121 103 121 103 121 103 121 103 121 103 122 102 122 102 122 102 122 102 122 102 123 101 123 101 123 101 123 101 123 101 124 100 124 100 124 100 124 100 124 100 124 99 126 98 126 98 126 98 126 98 126 98 126 98 126 98 126 98 126 99 125 99 125 99 125 100 124 100 124 100 124 101 123 101 123 101 123 102 122 102 122 102 122 102 122 103 121 103 121 103 120 104 120 104 120 104 120 104 119 105 119 105 119 106 118 106 118 106 118 106 118 106 118 106 118 106 118 107 117 107 117 80 6 21 117 78 9 20 117 76 11 20 117 75 13 20 116 73 15 20 116 72 16 20 116 71 18 20 115 69 20 20 115 29 7 32 21 20 115 27 14 24 24 21 114 26 63 21 115 25 63 22 114 24 64 23 113 24 64 23 113 24 63 25 112 23 64 25 112 23 64 26 111 23 64 26 111 23 64 26 111 23 64 27 110 24 63 27 110 24 63 27 110 24 62 28 110 24 62 28 109 25 62 29 108 26 61 29 108 26 61 29 108 26 61 29 108 26 61 29 108 26 61 28 109 26 61 28 109 26 61 28 109 26 61 28 109 26 61 27 109 27 61 27 109 28 61 26 109 28 61 26 108 29 61 25 109 29 62 24 109 29 63 22 109 30 64 19 111 30 67 15 112 30 70 10 114 30 72 5 116 31 193 31 193 31 193 31 193 31 193 31 193 31 194 29 128
10247 4 218 8 214 11 211 13 209 16 204 20 196 29 162 3 23 36 158 14 12 40 157 67 157 67 157 67 157 67 157 67 157 67 157 67 158 66 158 66 159 65 159 65 160 65 160 64 161 63 162 62 163 61 163 61 164 60 165 60 165 59 165 59 165 59 166 58 166 58 166 58 167 57 167 57 167 57 167 57 167 57 168 56 168 56 168 56 168 56 168 57 167 57 167 57 167 58 166 59 165 59 165 60 165 59 165 60 164 61 163 61 163 62 162 62 162 62 161 64 160 64 160 64 160 64 159 65 159 65 159 65 159 65 159 65 159 65 159 65 159 65 159 65 159 65 159 65 159 65 159 65 159 65 159 65 159 65 158 66 157 66 157 67 154 70 152 72 150 75 148 76 147 77 146 79 144 80 143 81 143 82 141 83 140 84 140 85 138 86 137 87 137 87 136 88 135 89 134 91 132 92 131 93 130 95 128 96 127 97 126 98 125 100 124 100 123 101 122 102 122 102 121 104 119 105 119 105 118 106 117 107 116 109 114 110 114 110 113 111 112 112 111 113 110 114 109 115 107 117 106 118 104 121 102 122 101 123 99 126 96 128 91 134 84 141 78 146 75 150 68 156 63 162 58 166 56 168 54 170 51 173 47 177 42 181 35 188 35 187 35 188 34 190 33 190 31 193 30 194 30 195 29 195 29 195 29 196 28 197 27 197 27 198 26 199 25 201 23 202 22 203 21 204 20 37 18 151 18 32 24 151 17 29 28 150 17 26 31 151 16 22 35 151 16 19 38 112 7 33 15 15 42 108 12 32 15 13 43 106 16 32 14 12 44 101 22 31 15 10 45 83 41 30 18 6 46 80 45 28 21 2 48 78 48 27 71 77 50 26 71 76 52 24 72 75 55 21 73 73 59 18 74 71 63 15 75 70 66 12 76 67 75 4 22
78 13 210 15 208 17 207 17 206 19 204 21 202 23 200 24 199 26 197 27 196 28 196 29 194 30 194 30 193 31 193 32 191 33 191 33 190 34 190 35 189 35 188 36 188 36 188 36 188 37 187 37 186 38 186 38 186 38 186 38 186 38 186 38 186 37 187 37 186 38 186 38 186 38 66 7 113 38 62 16 107 39 58 22 105 39 56 26 103 39 53 30 102 39 52 32 101 40 49 35 100 41 47 36 100 42 44 38 100 44 40 41 99 46 36 43 99 52 28 45 99 59 17 49 99 63 10 52 99 125 99 124 101 123 101 123 101 122 102 122 102 122 102 121 104 120 104 119 105 119 105 118 107 117 107 116 109 114 111 113 111 112 113 110 115 109 115 108 117 106 118 105 119 105 119 104 120 104 120 103 121 103 121 102 122 102 122 102 121 103 121 103 121 103 121 103 121 103 121 103 121 103 121 103 121 103 121 103 122 102 122 102 122 102 122 102 123 101 123 101 123 102 122 102 122 102 122 102 122 101 123 101 123 101 123 101 123 101 122 101 123 101 123 101 122 102 122 102 121 102 122 102 121 102 122 101 123 101 122 101 122 101 123 101 123 100 123 99 125 98 125 96 127 95 129 93 130 93 131 91 133 90 133 90 134 89 135 88 135 89 135 88 136 88 135 88 136 88 136 87 136 88 136 87 137 87 137 87 137 87 136 87 137 87 137 87 137 87 137 87 137 87 137 87 137 87 137 87 138 86 138 86 138 86 138 86 138 86 138 86 138 86 139 85 139 85 139 84 140 84 141 83 141 83 142 81 144 80 145 79 148 75 151 73 152 71 154 70 155 68 156 67 158 66 158 65 159 64 160 64 160 63 161 62 162 61 163 59 164 59 165 58 166 27 4 26 166 25 9 23 167 24 11 22 166 25 12 20 167 24 13 20 166 25 13 20 165 25 14 20 165 25 14 20 164 26 14 21 163 26 14 21 163 26 14 21 162 26 15 21 162 26 15 21 162 26 15 22 162 25 15 22 162 25 15 22 162 25 15 23 162 23 16 23 162 23 16 23 163 21 17 23 163 21 17 23 164 19 18 23 165 17 19 23 166 14 21 23 167 11 23 23 168 8 26 22 169 6 27 22 170 4 28 22 203 20 205 19 206 17 207 17 208 15 211 11 214 9 218 4 1449
49 8 73 12 130 10 70 15 128 12 68 17 126 15 64 19 125 17 62 20 125 19 59 22 124 20 58 22 124 21 56 24 122 23 55 24 122 24 53 25 122 25 51 26 122 26 48 28 122 27 45 30 122 28 42 32 122 29 38 35 122 30 35 37 122 31 33 38 122 33 30 39 122 35 27 40 122 38 24 40 122 48 13 40 123 50 11 40 123 52 8 41 123 53 7 41 123 54 5 42 123 55 3 43 123 101 123 101 123 100 124 100 124 100 123 101 123 101 123 100 124 100 124 100 123 101 123 101 123 101 123 101 123 101 123 101 122 102 122 102 122 102 122 102 122 103 121 103 121 103 120 104 120 104 120 104 120 104 120 104 120 104 120 104 120 104 120 104 120 103 121 103 121 103 122 101 123 101 123 101 123 101 124 100 124 100 124 100 124 100 123 102 122 102 122 103 120 107 116 111 113 117 106 123 100 128 96 132 91 137 86 140 83 147 76 150 73 152 71 154 70 156 67 158 65 161 62 163 60 165 59 166 57 169 54 171 53 172 52 174 49 176 48 177 46 179 45 180 44 181 43 182 41 184 40 184 40 185 38 187 37 187 37 188 35 189 35 189 35 190 34 191 33 191 33 192 32 192 31 194 30 194 30 195 30 194 30 195 29 195 28 197 27 197 27 197 27 198 26 198 25 199 25 200 24 200 24 201 22 202 21 204 20 204 20 204 20 204 19 206 18 207 17 208 16 208 17 208 16 208 16 208 17 207 18 206 19 205 19 205 20 204 21 203 21 203 21 203 22 202 22 202 23 201 23 201 24 200 24 200 24 200 24 200 25 199 25 199 25 199 25 199 25 199 24 200 24 200 24 200 24 200 24 200 24 200 24 200 24 200 24 200 24 200 24 200 23 201 23 201 23 201 22 202 22 202 22 202 22 202 21 203 21 203 21 203 21 56 7 140 22 54 10 138 22 52 13 137 22 50 17 75 9 51 23 48 20 70 17 46 25 44 23 67 21 44 26 41 26 65 23 43 29 35 30 63 25 42 32 25 37 62 26 42 36 15 43 61 27 42 95 59 28 42 95 58 29 42 95 57 30 42 95 57 30 42 95 56 31 42 95 56 31 41 96 56 31 41 96 56 31 41 95 57 31 40 96 57 31 38 98 57 31 37 99 57 31 37 98 57 33 35 99 57 34 22 111 56 37 4 6 7 114 56 168 55 169 55 169 53 171 52 172 48 176 45 180 42 183 40 185 38 187 36 190 33 193 30 195 29 196 27 198 25 200 24 95
7232 12 209 19 203 24 198 27 196 30 193 32 191 34 188 37 187 38 185 40 183 42 181 44 179 46 178 47 176 48 175 50 173 51 172 53 171 53 170 54 170 55 168 56 168 56 168 57 166 58 166 58 166 58 165 60 164 60 164 60 163 62 162 62 162 62 161 63 161 64 160 64 159 65 159 65 159 65 159 65 159 65 159 65 159 65 159 65 159 65 159 65 159 10 6 49 159 8 9 48 160 6 10 48 176 48 177 48 176 49 175 50 174 53 172 56 168 60 164 70 154 87 137 91 133 96 128 108 116 112 112 114 110 117 107 119 105 120 104 121 103 123 101 124 100 125 99 126 97 128 96 129 95 129 95 130 93 132 92 133 91 134 90 135 88 137 87 137 87 138 86 138 85 140 84 140 84 140 84 140 84 140 84 140 84 141 82 142 82 142 82 142 82 142 82 142 82 143 81 143 81 143 81 143 81 144 79 145 79 145 79 145 79 146 78 146 78 146 78 147 77 147 77 148 75 149 75 149 75 150 74 151 73 151 73 152 72 153 71 153 71 154 70 155 69 155 69 156 68 156 68 94 3 60 67 93 6 58 67 92 8 58 66 91 9 58 66 91 10 57 67 89 11 57 67 89 12 57 66 88 13 57 66 88 13 57 66 87 14 57 67 86 15 56 67 85 16 56 68 83 17 56 68 82 18 56 69 81 18 56 69 80 20 55 70 78 21 55 71 76 22 54 72 75 24 52 74 73 25 51 76 71 27 35 92 69 28 33 95 67 30 32 96 65 32 30 98 63 33 30 99 61 35 29 100 58 38 28 101 56 39 28 102 53 42 26 104 51 44 25 105 49 46 24 106 47 48 23 107 46 48 23 107 45 50 22 107 45 50 22 108 44 51 21 108 44 51 21 108 44 52 19 109 44 53 18 109 44 54 17 109 44 54 17 109 44 55 16 109 43 56 16 109 43 56 16 108 44 56 16 108 44 56 16 107 45 55 17 107 20 1 24 55 17 106 19 5 22 54 18 105 19 6 22 53 19 103 20 8 21 53 19 103 20 8 21 52 20 102 20 9 21 52 20 101 21 9 21 52 20 101 21 9 21 52 19 101 22 8 22 52 19 101 22 8 22 53 18 101 22 7 23 54 16 102 22 7 23 55 14 103 22 6 24 58 9 105 22 5 24 174 21 5 24 175 20 4 25 177 15 5 26 197 26 199 5 4 14 201 5 5 12 203 3 6 11 205 1 8 10 215 8 119
